462150
589959
530212
436752
600851
170379
269631
385438
332852
25475
300233
102875
447052
507972
383862
153160
128034
538268
279576
116285
113130
638502
269008
161040
220619
578396
191561
375621
608499
195499
139945
174653
16630
115536
3562
364094
404246
204851
665505
516771
405316
492475
355971
149070
488179
144782
228145
594413
401118
451452
62701
445470
224765
327709
444896
268514
102621
262558
13069
331501
651230
49370
17499
212734
179683
33290
338967
367080
304719
406717
450558
222750
506529
83743
486487
118790
9965
493734
676840
667717
616673
316909
616312
114618
59055
652184
438258
98649
604361
150545
369541
498359
305972
647978
342292
476346
585111
652210
371769
81010
608537
134622
398080
612779
531419
52263
452950
47365
574541
479604
617001
351968
382345
664007
543752
347906
530160
1876
11804
400474
439374
94651
625019
576823
353535
448585
569807
236477
499878
638589
357551
171411
378603
614063
652215
567399
668835
561925
74222
120721
522199
476815
368241
525588
534108
279859
14785
428602
682259
511843
152518
397481
233672
174135
460893
510081
114811
94856
419321
521005
123492
174871
527368
543139
211426
549701
322588
325844
85376
405442
480246
566684
109022
107888
381170
240656
668753
225957
241047
119772
440993
337968
150824
605784
593643
145897
71940
516582
46150
41192
451729
304312
51495
263002
321568
565397
44291
28183
600722
681837
146174
323768
189
331246
263329
509308
180811
414076
212206
280843
465984
600359
531597
132711
44015
4302
295304
236726
604393
128369
332523
514136
47390
411781
137267
341188
610460
407194
139765
258326
627074
583197
416651
261787
680495
319369
476111
443292
202348
581124
21044
139897
14715
594929
545097
199104
128416
362494
6369
506381
200888
251193
455708
115450
562823
570292
542488
285356
358157
567776
186900
388817
91588
104849
300809
521940
225560
440270
521644
670718
57685
212768
573754
502303
159517
312617
124239
493592
291895
570525
129127
361481
29649
581581
198201
439459
260098
337300
157761
601109
218867
580863
329173
658091
529453
169782
343877
89513
166528
112051
94419
622940
606684
402294
571404
61484
372981
508439
591318
357207
519146
450411
526032
536654
485979
664025
587139
450133
672666
8618
428346
480783
520737
99811
482854
429032
50003
376785
68335
45192
27270
62628
423226
623140
444399
7343
260236
139856
461380
509342
646555
199087
610561
22511
97872
574474
378098
220466
206837
157898
488651
84248
273059
325911
249664
252206
638324
368546
323877
243951
503380
319357
438696
15908
10034
13881
551128
137965
18043
9722
405605
106287
618285
223250
457143
410137
210385
266145
598
302634
2983
204693
210085
184205
591420
607486
366810
486643
186745
375961
443899
575885
641136
108416
35018
582572
324674
264513
64408
260676
502116
357319
376230
580415
204817
606407
129723
408302
253246
561270
258363
615990
635655
307054
554377
170293
374251
115592
116104
138419
257391
78710
434040
593118
215778
469978
532754
574812
281006
63336
283109
45925
70110
646790
133776
491924
500314
88664
270613
571225
544657
291027
86655
256258
323645
137111
529215
276466
672037
592033
445372
545246
498492
350117
435789
295009
172198
193241
98148
21012
117804
75721
523792
268018
113130
513004
431604
368348
447093
674424
452816
143825
312159
680505
324691
579075
57599
88243
77866
1825
275156
3908
630615
465454
634837
64611
615624
216201
433472
188644
616305
157004
623338
595589
100724
319299
248469
558327
593330
514723
661749
46224
272560
349764
579039
633897
75939
438329
200639
340603
8166
568747
477013
343686
86203
596201
218933
346376
341685
577463
143551
531015
442589
580839
386782
629171
18567
656321
187057
249272
319582
262233
256451
78561
206224
145070
106720
363585
115057
436482
624304
183680
129380
642678
212057
393144
29525
472202
225440
338525
137233
441818
347746
240148
92189
452705
415253
179465
524980
232553
535307
211001
521067
119258
436473
26461
252439
275514
592459
186069
238730
264548
293196
540230
550894
652304
673494
110243
382896
680669
351073
413577
250368
81371
355717
663046
626040
54775
537650
641717
528493
120988
535961
427267
603616
50872
469678
366545
612262
369289
489027
98519
494496
119609
200133
375558
330680
396841
424976
14020
521751
640484
603142
655409
211666
538533
382789
120880
444898
490264
258557
385857
589892
525949
357947
391454
361130
392446
669396
380353
321523
44537
338748
590296
347733
82414
342356
177462
525445
302038
460373
219087
444978
665799
229891
141065
508545
351979
620973
448903
509564
574302
548961
649600
629132
654706
515383
388927
259252
256921
348906
552533
187891
296864
229721
458666
352141
283311
485865
171266
358173
587906
72691
266082
95251
318974
586176
289775
400480
192059
670673
286147
108909
622647
659129
509062
576458
503802
125549
589169
222262
474800
632791
294594
543955
635445
195376
57670
176942
649755
416323
48246
444803
626013
263819
60055
475161
274685
410999
97101
391971
139966
358842
678570
497923
514705
431379
388512
146365
172552
475989
71700
563047
553387
92822
205177
632998
236819
212566
25669
296033
411769
337458
419125
362235
599756
398363
484969
448332
264448
545883
311014
491251
666400
390734
452865
514443
553719
293518
523391
536429
21830
534988
260113
122323
97091
614152
259137
316771
644958
479279
32989
425188
5576
325031
66217
304623
226602
493085
64500
592507
199143
314079
50503
526931
18275
541254
397519
474872
147288
638081
573074
499828
160508
247537
583159
246299
676627
530586
183203
574401
324956
556345
151533
578128
354410
178427
315070
201012
428038
608781
488644
52407
305822
337127
443732
651620
406174
512562
163028
61529
141773
425643
249657
342202
141514
282560
7593
512829
646659
309572
225263
119827
682120
679527
654792
521410
617843
54834
437416
493526
300634
488786
266893
601879
16627
599366
537621
55464
181833
381689
561771
318159
622523
230382
599912
23039
502041
471476
175857
472409
440526
108347
351080
464334
213569
414813
629288
285288
395330
663714
256922
127568
317831
241969
16624
567268
663171
205599
217732
200782
93079
590735
150230
185270
432218
559191
8875
637286
74733
678992
276498
266991
365913
24672
117906
413195
670770
575826
133851
71298
128672
659116
221923
375772
337524
324057
335650
276078
171644
380843
214280
380705
363105
144697
510185
543560
501745
74158
673241
672938
645104
16866
397336
18817
265041
268112
192879
583503
451128
227839
80538
616826
354166
90389
568493
666514
632340
37015
17986
442434
423100
249767
364830
107855
493038
84858
544584
505964
283301
362808
674579
213869
433827
144169
517594
275050
617652
610211
328600
33543
468031
611035
573770
563975
147074
70893
477842
235507
510771
527477
394291
422663
333648
157676
236043
374244
308126
81473
155966
5696
554516
540207
507724
320211
447985
118106
287619
168524
174984
70574
424548
584078
399938
587507
330200
665825
127130
244301
154504
90001
677717
573121
671735
292802
475836
10903
9996
551199
312245
110365
378507
36363
311638
339209
282024
686
463291
444923
275548
461848
320526
436568
614529
411053
490980
321633
283915
252215
30181
396254
351904
127704
198303
166716
336416
628959
418638
544273
528788
189936
280017
394531
591579
58833
427110
618468
471286
361935
168963
337991
134113
619387
472835
158948
421773
379497
626368
491043
56424
191078
588452
231435
253651
658987
554411
109045
599801
276199
559689
341445
70543
344100
9629
497964
308236
13156
101066
54738
102493
91734
32625
580220
38155
86806
442086
444110
367210
518821
354314
71825
68945
386871
403289
91720
215745
177809
593611
20179
143550
16290
461812
427826
524003
356154
148608
405997
572899
517412
506159
421834
236270
481834
467930
429172
432573
535627
128111
569643
116601
549860
207289
340835
144945
107332
677982
337653
225881
624689
24706
672637
640358
269925
496250
339924
136706
320380
122172
323950
170915
465331
431913
202494
398823
212599
191028
10180
379285
515066
168383
524938
640289
359328
188722
427734
526095
555646
180908
358190
393987
551339
558951
40691
595570
280474
81190
523816
356415
111931
272210
472344
366576
603110
324948
302525
387933
40930
334115
97148
387984
679757
538497
574195
116253
300287
111817
569432
447174
498001
16296
662489
519702
277882
139735
314668
64985
514225
503121
406329
117684
365547
622079
189087
116454
308238
235424
503797
120330
215161
442428
280252
274447
435791
518306
485062
379448
621364
434409
146575
138836
290967
415822
259486
156176
555895
226937
77456
372119
282167
24825
421835
442659
181148
444251
444944
380259
108275
563962
295269
391616
258772
550633
564898
234993
258707
322018
419503
538454
467484
610332
78699
76920
501411
17102
96204
209129
316393
358930
364912
641262
148422
511713
316224
69400
282652
350881
431224
546245
263590
547628
180554
222702
508124
562103
563769
142953
531975
513291
203280
542305
210279
265111
77019
97081
335723
424435
342901
279719
253794
121905
78520
272372
322193
563674
251677
671410
473491
118776
254858
8125
548921
271569
543300
341985
75160
132787
117506
267311
359841
479599
473311
203223
40740
409635
300487
12786
148587
430177
38392
422051
618704
362685
525702
87545
555681
642968
314717
476405
547743
106738
20263
5325
66804
567717
346051
180732
511355
164728
502640
230310
484281
492918
311937
554360
549677
358473
160725
570445
608599
374009
464742
160180
222131
219371
344719
603053
330340
486368
188471
662116
259153
128218
470513
386886
435571
278326
324462
248275
391152
546424
228311
537367
538180
165560
42370
582720
31979
519511
105807
369370
53870
161457
86665
527348
678821
41982
75599
18065
486062
518436
393649
272171
50202
381072
290638
378893
681410
16273
400222
668983
651551
193000
243902
608605
347081
39151
135018
264005
302784
595413
481339
629930
279000
399280
604508
207946
354831
547746
368554
64042
277132
333387
509594
270286
62706
651689
111181
90912
185355
530156
209035
425904
271933
366161
12947
415241
445408
345491
323726
291368
174137
581416
98609
564135
263285
179946
162294
89315
568378
634365
444871
87182
334909
147568
95384
498288
656979
285626
164238
598638
465236
100979
147796
40533
148697
31994
647840
393583
561201
481054
255000
402405
160160
221046
57040
274079
234496
514587
543824
287056
514600
219414
450429
297056
22123
28987
228636
491439
487083
394225
66258
321846
636943
288053
450795
192598
643291
438201
247414
27772
168669
558717
491930
103445
489787
596901
623317
354857
141818
672869
658153
540528
485328
244537
439999
189109
301905
104116
467091
192262
448318
566478
539543
631003
161793
56374
174754
500142
350176
10180
489456
530424
424328
474031
486471
276783
122136
306216
402680
402345
554776
533712
310245
681238
337683
452103
202440
94018
513986
197785
516552
615182
203922
71510
241855
151841
69009
198371
171669
242945
306110
346142
477504
460854
330372
496771
413701
393282
78488
436156
588929
248126
538721
154246
441367
349657
315333
26733
105107
98352
655745
490171
320991
633748
120100
430109
217223
193087
292979
552948
12744
397032
558671
200599
490239
408055
64393
176631
80022
437950
233720
530808
228775
163029
106266
477687
311560
243926
337899
466813
314771
169964
529464
365792
85451
212950
430355
482821
400739
389290
214590
161226
398614
526194
271187
524393
376448
599734
184694
581401
77531
640010
256138
662629
42591
628503
50680
34625
578729
220416
228571
348340
208669
612505
356850
213927
273322
438909
305927
162517
53086
120583
580820
33970
411375
332299
140444
645415
353226
209588
194264
216986
180299
212973
108271
498337
248710
614207
402487
493665
62966
353110
135151
583958
310972
315436
577611
148509
237437
422298
526347
519498
372079
476892
168060
203513
598602
176647
352790
412607
367685
54694
449633
268196
550399
614619
413581
491264
421168
664264
673111
382277
285559
153786
99884
390940
161235
676872
671153
406910
470075
589026
140074
620535
410823
594579
465170
444167
551115
294435
118092
7475
189164
245686
200280
507520
612218
42068
99828
19342
523874
154060
433660
641233
519147
561090
376431
226975
255559
81701
377870
55997
332053
58973
544450
86264
522038
192652
352609
638353
393748
354238
217788
1724
87317
390341
555056
463461
337800
651567
635093
422110
355987
585628
400286
482920
347325
352252
482575
353851
256595
204419
140763
562295
521122
20688
466011
351068
536825
92433
648182
563995
634871
36514
105945
344552
440365
68222
237444
299875
151668
367125
528084
269874
471582
484870
407373
495248
371567
347904
243198
229074
672356
535245
84852
501410
139435
544226
149302
446514
572421
670415
282883
479569
141038
522095
659672
229637
62715
594114
472644
431450
582662
663897
45591
495120
337491
446410
490351
502252
356054
468040
629028
584519
84085
586265
78065
76524
645993
406773
488185
190917
639534
3254
253201
328558
36145
352520
183646
64760
38273
494650
66615
76553
312749
537346
275369
20582
232857
155564
185403
58231
479027
258746
598072
88129
319017
331477
42492
64184
37913
276406
233147
202089
169893
293804
44349
269903
55886
559933
495960
628247
535412
18451
147410
80414
425289
464382
454683
498405
165644
52282
566608
408543
558259
654960
470635
300106
388925
418743
429347
467721
600056
275910
236829
621299
503281
49443
665276
64955
19979
154842
54152
78006
473606
302876
471155
678856
285570
211165
576028
411194
74628
482912
399854
236548
373283
657270
432907
435706
6225
542018
54553
595206
329756
455543
242204
396128
149139
297558
24302
44157
642377
629866
41858
545205
140568
235647
175023
17576
82017
232931
67580
396041
375363
209731
199333
21528
421255
236827
150310
178917
266522
35664
76310
132198
297096
377906
424658
529260
280002
53227
324317
132029
663955
464627
120553
298455
36447
219371
464153
645427
43476
90147
586128
333516
676354
598593
71440
368170
393901
434630
447944
76486
482701
4800
493769
253472
484241
629116
129298
377457
628292
491465
29673
171128
170008
364888
340811
373851
455371
665905
499789
140497
668460
445904
133402
323840
395051
176466
390073
451172
360905
360196
232521
585248
230971
285037
145073
259713
374589
586078
92004
494475
435963
28786
277985
143274
258739
671703
578872
511887
88242
90683
645716
143332
544553
3502
281793
433491
412021
569341
588828
292611
475484
531295
219681
287434
599668
458876
595424
355046
121191
40911
206941
384051
561421
476068
600868
610131
19456
98761
399902
601868
570106
208830
221653
172980
366218
512800
451771
169235
649935
238771
415257
22314
205046
279257
392473
456259
285820
55961
575832
682771
476588
197240
433892
146481
254976
592286
154515
381625
144210
269688
32403
424601
409718
91673
541889
665146
532214
640858
149440
247948
2338
433819
672425
252246
189102
658912
664479
42014
461612
143494
303143
252766
448785
399774
670199
174029
360256
73773
547264
331874
670798
560166
485778
413692
97732
161907
37724
416558
111030
679719
293807
132954
265159
151316
535018
481351
467071
161528
562347
78068
77221
8763
67694
462406
61054
592810
566946
188097
539798
258914
393269
613838
265998
251046
598668
486561
309219
120728
37634
347179
329718
310787
288735
65126
617869
172840
104332
500753
588210
300322
652435
444830
340100
229509
474861
325341
459741
238482
442796
620102
271554
62114
116173
473435
258878
171838
405233
240276
303142
566164
401356
508716
485168
49222
272204
674862
663937
411367
387277
579077
152040
435417
574283
273365
602421
347234
98652
563450
237753
104507
410456
142177
571640
404548
642013
245276
207523
667250
234228
100315
514741
323117
299794
28831
540089
393014
512482
111116
665417
396687
529873
260059
407320
543170
6521
75276
31509
490460
445342
406696
468076
118949
521431
642177
185296
140230
225538
681327
537866
582653
578026
672119
113405
381030
181063
179479
399808
342826
323505
223465
151650
548204
603956
229204
450592
266844
351138
82039
538961
531581
346327
563848
454081
565915
535405
275192
47634
122392
60493
645318
68
498730
449997
237528
172416
523488
369705
497023
421378
347484
57917
319952
292555
100653
576040
430683
608407
238408
442699
506338
475096
519071
638106
17876
73148
164887
315379
519672
458836
510068
105739
21642
139150
500725
173456
20170
187781
561988
553989
527398
334834
65292
127373
183246
366251
145697
65110
139870
486696
432089
635909
642058
95185
135070
244093
517845
374540
343561
109897
433079
157294
203617
407599
664602
279278
160235
619016
224115
356939
11914
661376
228095
450480
637602
592718
447243
128113
35177
635712
653539
307472
245855
223381
458744
454965
511406
573352
637521
365212
176782
401618
370773
180523
367301
131842
481635
620029
254197
224645
543226
432042
493359
559277
179121
509441
639540
286551
372489
579337
673193
523058
405915
272134
647058
97332
292844
637803
242715
460804
384397
619438
591868
512958
291917
133281
340785
543582
179952
114687
572250
251630
320171
117089
393472
546219
647534
543911
168611
403471
107321
27736
393261
57633
370115
537108
249833
346995
91339
650159
444015
631993
544759
109480
257984
217854
509893
639967
606871
122571
467620
417953
341231
426286
15732
576033
57088
381005
316087
121974
90445
149736
191875
316153
366403
450644
496453
31303
444688
394533
249716
658496
477292
595412
121588
680576
526536
657952
360037
632481
301196
350433
273374
196155
261698
646373
424749
603045
356509
174978
614295
123006
499608
163620
52235
201491
64736
442609
488468
527510
164779
339549
299806
36194
138640
418662
324569
613852
454253
611835
554119
139043
430454
434482
238573
290500
101530
127184
426543
402577
244203
216815
289850
487555
334750
584698
381957
590197
473473
319451
666438
453131
209962
66442
403680
169771
227166
597082
103331
26537
456294
64554
356573
314764
265743
559939
262690
605964
18046
120849
301859
443121
128690
103908
446778
9527
391917
523838
223134
577900
18922
543358
391102
448614
510743
121313
74505
566687
105068
5172
534061
63919
167716
416089
363100
476455
393936
260546
163775
477911
610112
268310
429840
681252
649544
155775
427734
190040
486766
417024
354629
265733
353689
661915
364747
278660
457759
66898
444958
429686
109251
124806
376963
532815
380267
6716
468598
196994
495478
408847
503532
543402
185576
97138
580488
395642
448101
268245
677616
549022
359479
404122
30987
59393
473334
541697
302403
32687
531056
307105
26796
206653
413586
336527
447111
208500
550373
23272
416196
539324
203359
83678
520019
139800
266036
508498
149255
463600
257888
484805
663363
420130
56703
210469
318132
394809
543754
239936
121612
402344
642978
184267
483962
44192
429133
396262
507637
200865
450321
376479
495865
525225
162141
481813
537835
447476
519656
371281
281127
379015
117525
135710
639617
316332
28987
381790
313704
62027
212733
172288
271453
124005
537282
421285
37350
440318
363923
462606
512952
323556
106285
657979
629670
533654
535787
488219
413361
516339
420405
237120
201986
613488
129769
300193
677498
179811
659322
578893
548775
404050
409607
78048
188962
45406
51882
591701
507478
258137
89413
124937
546635
27074
104785
260039
532824
382918
204427
201850
356927
258721
5541
475616
292476
769
165834
220619
418741
369644
270715
184993
406566
140495
678285
554289
228698
81245
399612
316203
472623
288172
52165
583056
364773
441112
265520
325050
673079
356688
354887
118981
409499
565385
423584
656496
74661
269418
57656
70975
412428
557479
326580
519208
72485
279177
233248
350908
425735
68326
226744
76323
56657
364445
263253
112139
641171
309022
283573
415684
178591
7451
644958
155744
576778
575034
524905
248703
409062
175717
373833
399927
374084
80551
491064
288572
25682
441069
230928
71042
260760
38257
422917
507370
284062
641235
581372
471981
318778
176929
411746
113054
579615
575413
163631
319341
475161
476962
543303
109973
423444
396660
466217
197164
452219
256754
74616
105272
50476
78122
336661
17567
491914
640468
630595
207380
322292
458401
538662
372861
296304
573186
403811
611309
250536
9096
163673
50383
63208
352457
286170
556374
433446
14530
584889
617638
571369
5922
345103
190309
447830
508342
339427
338419
582670
98740
158928
206355
340089
201323
389897
503712
76934
566185
436414
423748
58173
77079
52206
276398
89408
30020
75502
63860
242262
426071
8077
78217
337176
524456
298713
355427
512623
18308
97735
656669
152754
292560
156522
635822
514328
199847
254811
642378
273953
109774
182446
358136
314467
198359
351940
461835
503869
487181
285815
499675
72487
610493
289195
131778
372174
62415
344472
330184
423566
645124
623283
500668
247184
232928
402180
105650
453040
456056
501774
138483
581275
121709
267988
544205
403906
305918
649224
454948
546327
646908
678921
467865
126666
51828
535690
47966
21396
182253
310547
42248
612602
166929
44871
337525
31302
586905
60027
623214
177345
313186
657704
559636
263169
332109
211656
378515
42646
479910
346979
76868
61910
300281
257508
35797
573546
573187
612724
230737
392605
204103
311994
311600
7093
450894
443006
309269
146897
171593
502786
21957
216697
426565
488173
519386
173543
517484
393791
342625
49915
97017
70627
262771
478486
288701
465385
140085
282565
21235
130339
138795
234742
235590
576867
307512
369322
382644
274217
291109
635718
219152
652870
187936
184716
454061
531604
502279
15123
299769
385193
643572
165614
402199
604461
533238
554839
38138
489683
156462
23588
286168
154646
68660
30574
630586
513753
343421
648662
634242
413596
228237
291694
679594
150399
157589
577806
76155
573666
587762
404646
573340
74313
477272
22879
6099
336251
133787
421754
516408
183202
82313
439067
548026
209953
502418
571626
659855
108139
341295
664940
453617
626333
304319
410546
452707
306577
337609
370166
289032
306531
37454
187368
101832
277691
388069
217049
526428
464847
36854
673486
300025
535750
13626
43433
143273
198701
444417
153864
104233
525260
162377
385185
220225
16521
655039
635174
337728
82182
64051
154185
293696
504014
177376
79761
582866
554627
370701
234225
450671
510924
470306
160542
249733
654245
419843
373894
563779
668003
280427
418770
554989
36972
342677
132962
375661
629518
604298
486100
664786
55563
531984
213542
545493
95171
131213
556275
428237
516477
619716
355103
73802
192295
608906
305304
177413
137450
20336
630251
638557
663462
515578
112860
659773
397772
561721
645949
68489
62301
492907
613696
205141
513395
462079
3789
467522
637034
608863
526659
107168
259636
416865
642745
10099
626240
383388
669983
246616
662651
297619
285616
162865
619185
346916
628824
76735
107688
390574
479194
498210
287372
86494
63122
116742
72782
405618
493319
7755
492836
89943
594369
140789
495180
329314
443867
249959
568443
83491
469037
191627
122478
368162
542852
147112
54677
105008
413972
392152
545810
588352
147096
607132
431626
313010
100026
74355
298187
32898
558816
393727
519849
120291
284375
199923
141066
131084
383297
423046
322288
406828
157856
16039
488404
612340
187993
241076
486979
502466
643074
48546
549564
83490
646847
568996
270980
373797
57240
356477
347225
553849
81697
622464
338036
104365
71512
357322
427029
615523
587956
373759
228176
145659
26387
292014
379771
495040
153359
616659
257985
527917
532106
115761
62549
17992
623816
303753
165223
553077
648220
76476
579198
29930
670528
50502
541476
26713
672385
364058
303632
361354
510718
288424
223528
177251
491010
606675
300748
104075
514183
63313
334294
507521
256055
372286
281215
428340
61579
212646
231245
466521
271908
331645
29916
419997
682701
438732
182922
532590
435051
435971
84427
160441
456154
236658
107323
205618
359617
383112
30496
11684
536887
481770
42636
405283
628690
550096
21684
678332
50257
215814
181715
482390
195588
445334
102003
354788
33185
293701
555980
576832
74003
72682
144568
460226
198150
573564
347471
149895
103216
243800
473138
632059
358244
50146
126503
196435
649656
673851
170874
527494
225582
430436
619586
415551
257386
86011
52496
50946
452550
583006
556272
27290
346178
254199
179396
43744
134268
666011
233387
139244
287395
135119
618937
51177
551611
599421
670617
5517
656077
475909
530934
401115
259445
201608
86097
63510
345956
26970
259313
3059
406786
207334
16959
386295
253763
78655
427995
93702
24502
283491
396128
127274
273920
184216
283177
357588
228807
242828
318514
425764
640336
292564
24617
11749
137510
348907
94441
167537
133678
421811
36688
228158
47983
531128
397401
12504
470300
52430
394204
502763
647118
314126
443058
608849
310358
7145
202469
9044
46688
242150
296766
538519
395695
672362
591909
116451
92000
379521
458061
550870
515433
225115
327270
558839
16802
40057
109212
308474
246340
387969
1388
578578
519600
196261
448304
86935
205581
336621
602303
284000
274335
459139
239702
29498
237375
422869
101858
37184
281534
356627
441261
545134
499047
185125
657585
473454
139015
104812
562771
378699
139779
315602
134267
341907
515992
100615
304450
411838
174131
10155
593412
14463
656489
177257
136865
595954
605206
311527
390572
526085
641341
196866
626785
173920
300574
47004
654765
195332
534957
212668
363821
280213
250029
373687
57421
562105
44862
505352
161071
174165
12454
378639
458258
373495
391179
629043
613403
108773
445664
439723
216030
74151
329743
597598
368122
557726
425375
318844
582167
532639
236958
377645
605213
667280
535826
104267
232426
545992
516630
544426
4269
269606
429216
9794
496307
2140
535410
465565
250676
164669
83345
562222
434425
310868
522690
466143
498356
257302
194979
35934
405273
174133
210426
624421
486001
567343
47090
325808
374736
126241
643790
245071
18470
526946
356382
600100
203530
323295
412249
265084
1684
553013
54685
456226
227979
606029
267242
320109
289871
198095
69536
442480
73252
552010
381580
338412
636860
46148
196093
628340
658932
314225
575533
682738
228270
11193
242731
334192
469911
520313
380111
111655
300810
20198
316961
24739
315876
5082
502798
619731
59499
25175
410773
481601
362093
652781
481941
180563
514408
514700
343271
208033
144825
270394
359737
534645
213510
109456
162322
667583
198373
279126
516952
667858
136586
456594
392775
632930
447716
374690
57959
47719
570795
332810
670742
353789
200879
8609
675310
224247
315013
264219
507757
219713
74116
50708
398945
226413
427224
400291
291542
313161
645496
20524
241071
575255
581950
340922
489564
649946
300412
414012
249682
335505
314303
146977
250077
174472
372569
147215
515902
552685
265278
114798
130150
80148
186599
330346
665492
187538
157053
33583
653736
182847
39617
480984
425352
66228
335224
408866
291018
631753
60101
351054
66977
272781
233123
557184
123464
95038
549199
362035
324884
220017
564242
81093
263293
271313
366606
265503
639594
255869
26251
588193
154579
333579
587923
594370
549487
392154
177977
516034
195522
17949
527124
233744
509036
301268
455994
120009
409026
34581
678798
677690
580139
587568
321942
562190
576963
346686
515159
33258
549919
652018
113416
243270
645420
41461
664173
592974
166681
378565
448433
210339
406052
491960
62686
531963
111790
137006
579385
530569
122329
321868
603801
523177
417800
252044
593245
399585
47677
377721
458984
561599
73678
577200
101641
224729
2573
176301
521541
423922
380774
194074
670754
241350
496765
293139
641541
135351
323002
394228
481977
349134
215304
229439
586011
64438
65371
381258
380187
533196
388134
58433
504092
242711
633934
589380
419240
285357
183165
447602
380849
428692
342175
542228
266121
52156
609804
203492
221635
288923
551943
289195
508563
138692
275408
232689
41038
429017
55408
455374
677939
321429
289530
414748
175231
341460
125312
124784
499547
253254
266281
523402
461967
285562
162352
215984
152364
466361
188320
270181
140907
73065
56867
179290
549275
99072
567327
643761
46867
378887
81870
548245
353529
542367
572086
124842
586646
71259
650752
390775
301304
107095
644552
475511
669388
55353
185656
72588
359846
588837
203830
475721
165349
62768
123040
128231
579149
383747
459252
135130
36791
660519
600746
347821
31842
341087
430225
284994
559100
318738
52891
266031
681605
267669
7408
509030
32871
561941
462762
468054
322209
559364
547998
646266
144654
142348
676833
440820
597267
490674
402792
663034
325783
368078
607552
340540
336353
185768
323778
144409
555371
203173
51613
474548
622731
285243
123910
608456
108384
433000
460307
337334
585029
318908
118752
107419
229750
401535
231570
520322
213832
126020
308000
48350
107007
340764
313351
493511
638800
508860
367024
456290
204539
629959
378770
3583
290635
415535
93426
656260
669821
654250
310153
433364
442355
581621
483973
373385
253047
4450
343825
156967
625202
84541
539778
446329
621522
543036
620480
491420
641163
394885
87276
202688
46166
483185
497332
631800
570645
467580
329014
433552
448988
15798
494119
311002
609046
269561
610972
120887
388446
378954
502160
391815
202603
341782
294258
353458
470283
392163
317556
115446
214790
57191
371896
330462
232573
567281
337591
675993
192146
283615
91194
241089
306382
287226
161292
163583
204581
665321
80821
267458
6525
157173
383052
404002
282388
150005
32212
462444
140876
404124
128593
255198
320493
411939
465763
593531
364933
13398
240791
147283
149336
19355
511734
615577
402570
7781
633210
358704
362825
86652
660559
449119
448964
565986
270587
347059
455707
278343
27440
41255
146131
404234
22966
224519
101817
251642
36067
149262
615864
166694
164307
372342
657674
63887
338195
120974
51431
184729
71853
570184
19622
656998
309274
522428
253776
406824
367929
310793
299030
232854
585747
575617
95146
369889
519347
470550
29920
252904
3999
286773
94890
111002
178103
421922
276371
540828
280047
7618
529609
106934
333670
623942
565345
656132
93458
109162
551013
268311
125017
286301
102996
174846
612146
399738
256269
531123
291350
85430
413484
202424
552062
481198
492186
311935
58853
582213
659840
107401
243676
653813
260087
343643
339257
467742
329000
616386
166578
192618
263906
83072
268759
632708
31756
167987
125273
250958
420728
200017
276830
111914
551005
578061
390309
377732
663762
434552
162689
198588
363643
514167
89619
258758
577348
39594
503308
461448
352044
150878
37399
184064
185084
430840
43576
325486
70269
67488
253249
403419
654752
254304
189387
110723
59259
55610
54793
238167
645417
417347
516369
201804
475304
309847
385211
352531
36636
292731
439475
75914
282248
558907
345674
11237
542676
439369
611280
191306
445037
596858
410102
608279
187900
55095
412197
451510
389885
242205
499387
369319
266356
149143
309430
431284
444431
635950
302557
23653
243070
570907
396025
66212
679062
247276
137071
471422
593856
35363
71160
256132
604661
620065
46518
275803
650333
413173
374902
4283
367940
337538
166926
269662
557295
236838
312181
372164
584843
620256
490485
677215
449764
303768
261522
575787
502212
406048
321953
403207
598981
486376
306693
362163
610630
156709
485513
626034
342692
498183
302482
416854
158410
380025
646883
531997
343963
284690
416174
582469
204566
573537
52372
441468
12206
86616
219780
407760
381992
466464
657147
532055
253513
489389
436693
379930
364199
154842
108032
134618
188400
365708
585919
37029
178740
666901
212902
460985
289323
424591
446238
49639
244487
416796
417919
163476
127705
505044
191595
200483
180947
614385
425628
200561
176637
129101
455249
665618
361661
118106
264147
422837
371389
295848
533686
70852
251647
83663
244100
215450
16867
105936
674731
85186
532803
5006
307438
396290
266654
24018
315893
503354
100850
411695
439342
590136
203200
410014
612474
179663
391317
499697
675645
298768
516883
400368
11238
112647
86940
52703
380283
435447
559290
501288
395877
339143
568290
512372
150653
538612
665573
523490
68666
467752
632111
212328
439654
445938
168941
186783
6767
535344
563942
213516
618380
604130
141541
327758
31998
655971
295033
500203
433196
383667
345044
654437
279269
491760
116742
320978
450634
544251
268913
166292
347334
492573
224889
666551
493524
111234
475753
627301
183577
56645
73364
446098
495264
678691
629842
621261
394063
505771
605392
28048
441654
538220
426205
78358
264044
259792
59930
189881
590612
1265
648470
611668
587709
369792
596745
531314
255588
226467
301393
155096
19836
335034
394804
559179
63517
255391
282690
84823
445820
560619
574439
122535
160175
464421
665514
337849
56765
64918
103736
44202
164693
581194
552970
42719
62560
227657
207765
622427
614718
456314
396014
175461
99254
69929
107463
373050
361100
416852
332507
321774
421261
362584
600528
585911
656473
93271
568299
600337
563240
383701
564476
251808
506154
610650
522178
611300
548339
333663
662939
466030
229912
225688
112579
354531
83394
166231
420321
114387
391355
491498
464614
71235
91610
92080
359746
598312
226073
423293
458410
525402
336821
109955
220912
285358
652854
269007
629526
160855
144589
529036
261899
435945
249041
62615
547390
184585
24487
342395
532251
263928
9994
211894
440268
418567
374621
104570
391406
464807
43196
309843
588530
17549
602911
662444
408083
677928
297927
461967
264284
637104
253283
637636
637550
314292
51908
547627
186291
338407
208017
159467
125153
267965
668610
34502
98248
655930
610567
162393
88611
38462
381463
645425
289735
588068
353083
289705
53193
216156
631745
161124
132834
153429
517941
519368
609100
404177
670766
556395
62079
372563
516757
57081
488633
593460
54681
133936
396199
94368
459374
675113
640465
597350
602703
25927
88894
76936
196701
4945
424251
219860
384073
422387
271341
189015
433137
473430
412235
491172
662948
519426
192343
85778
323661
551321
67137
179552
395369
242717
107473
646382
407486
117278
110243
340101
347947
159005
415476
326803
409398
446583
563175
375322
578977
593386
48229
285888
375095
524113
602021
180053
312397
190815
33455
469045
143330
227199
504962
489724
470645
465324
225189
353082
671821
664311
573083
72687
619090
9493
39604
82547
305822
211592
639382
433162
466385
49498
244946
186959
2547
603965
462696
504404
235568
434694
682101
323221
507483
360284
124469
186737
188247
516580
606691
320522
30761
413792
30415
173597
40003
420900
278834
169036
598337
402442
7643
358534
298336
155227
614132
20674
393436
273089
545768
275860
671523
329524
488153
262071
505081
261682
93445
551964
481229
498451
326564
331049
2775
440051
675444
516713
371428
352538
192080
154982
15581
297589
212190
265879
480134
560033
267658
219237
192821
116527
178217
401178
75172
114383
128183
358456
218426
516828
488103
395043
121175
200513
418300
411279
71964
512334
521848
299703
50793
452131
339998
486382
404474
88220
637917
602121
350410
339407
606691
157919
211068
578858
261431
235199
614445
94195
630339
541130
198588
657406
463423
104130
71910
614092
548658
556551
467786
480689
415640
137980
455166
454041
278238
472189
304731
241217
626681
433780
429830
498376
659429
374680
314877
627128
574597
99924
157769
529860
381307
658339
456647
232775
171090
307250
660656
401010
133076
539493
585524
530251
358472
199164
397779
345972
218764
535346
665201
635068
47343
66269
395014
443217
287446
613702
385256
590552
426051
217200
563736
244283
254436
565874
78388
560296
548303
364194
277452
89127
86582
34887
36289
183452
560568
249040
556835
640966
308895
680803
87917
156997
432913
446586
2186
630820
324791
478131
484678
181573
210549
292622
171890
631949
470319
545731
261857
278367
208001
629900
526662
677351
525895
302819
259363
144094
561593
480216
582688
2055
24701
116844
312620
476470
89880
589678
447907
129294
541682
129053
289708
283895
33653
70614
335736
133081
628832
408551
161677
236066
404706
200020
435845
627174
222321
533768
148322
593786
376616
263318
497579
184621
573445
276396
406588
578493
475593
450859
672326
625494
653664
342120
12583
581792
187525
569665
385136
386010
52077
456668
37593
612013
517950
354976
386758
529866
211262
374964
490743
520836
259371
295176
473613
108291
59958
496862
19530
426508
470312
393439
67203
285015
3834
137307
407332
373531
142287
561391
331373
621335
106603
576537
99931
411878
76741
441613
595446
155817
552564
60869
426839
424319
631526
407921
403996
597540
558319
502731
382435
126589
6909
151995
468333
128438
280644
306098
642573
71629
216373
233661
380026
547017
264588
629278
128033
153233
55029
183352
215221
448499
205816
170765
289670
291761
569215
43643
486764
404056
601050
488638
421218
349719
437858
408550
356084
46939
307839
433364
653173
263739
411905
672917
337077
637928
415379
386133
278562
195166
165427
374720
280259
467934
557391
652929
107976
22585
234010
504377
619646
635674
61768
8148
162443
147196
635055
563772
251671
681530
652788
222391
584616
543027
179238
412416
154142
660598
291344
34075
356603
18631
56248
324900
308031
348989
171187
182913
324213
246807
455042
485070
235777
509870
510600
514163
249373
39997
411098
230363
595630
66168
208779
616073
19146
231211
499894
215902
140551
388066
36434
314809
269660
600460
675055
479919
282579
68732
628814
45455
102709
334255
232491
203006
170946
537745
79657
402116
475560
162424
160063
419680
195963
530773
560505
164159
674317
284581
548343
227860
455666
211421
4036
525905
622
318165
256494
333463
11375
662016
96614
290542
424278
374636
36995
94857
618629
481287
510723
64411
3520
626054
594870
376551
249628
575667
325102
236364
91819
653046
70138
617762
474055
470759
477586
663026
228540
411833
323653
551010
197229
329680
46019
576492
286103
531014
5112
546066
638274
151909
646266
383671
464245
216908
128831
236941
492228
450731
53927
433547
669346
123140
125587
546941
156781
28044
574681
191451
454358
232880
554933
632741
271467
629489
67773
268758
489154
22930
633643
69396
200021
533919
652503
351681
611797
211683
580466
60544
201490
561267
41394
446228
31849
548920
657726
132907
488371
553647
118409
541284
193058
490732
224917
393239
58519
502513
564970
479535
43484
103884
387664
258382
243207
326804
374857
439596
536527
377791
342472
83127
430418
90124
321578
290237
439080
92295
50028
423292
336277
82590
86320
502806
5221
568115
177307
182252
335416
666815
319763
160699
13841
195877
649756
99865
630619
88179
173854
397301
214829
140839
422121
660398
632830
658134
64995
260906
23956
659769
71985
660024
666919
252923
418189
566894
587644
677286
584537
550163
635975
411819
534455
504291
587327
66090
319214
620979
334922
486712
300346
543581
372304
54968
129788
586334
2461
49010
468889
602568
266933
404957
499072
545850
609219
549835
443901
596222
23158
477105
32439
549658
532688
516085
456348
305708
606883
579576
267476
540587
488283
257940
625028
510707
468094
323489
593767
38536
148590
292613
36689
548075
519664
25977
343532
421876
552153
403472
612866
126739
99784
179359
87393
239696
637370
505420
203656
245156
109120
114499
568487
598390
300907
65598
658336
412650
571700
439818
463151
107916
148080
165501
87254
47748
289902
161543
400541
168561
289380
156487
320077
133369
370284
195690
625897
673772
438779
309827
676755
167709
276828
261873
233044
183465
198714
385974
132206
277991
75015
358311
674940
290800
222042
468319
114643
189089
419312
552523
534825
179931
448142
134969
506431
486518
514113
163613
464214
185736
389894
639291
193741
132629
455401
330159
187635
69239
543547
527571
98614
45885
127897
435497
243259
287808
654614
260294
662347
120059
239443
238912
461148
452140
162506
289134
616924
66844
606970
340187
666939
177781
341992
252047
586268
368409
437983
280277
4100
227723
14840
364508
595505
308683
505332
337750
241021
529476
486858
197608
364538
389198
494061
669799
459301
587192
649012
389520
312723
645143
106312
515555
271504
61696
338772
201963
633587
680746
191620
375373
349016
369118
554808
378877
200796
518628
289973
257713
37126
661804
590286
141677
518341
668041
189195
137402
447539
297890
533684
521549
218030
566411
67084
91534
592247
549613
422846
575934
19675
306870
274709
205576
239113
380442
160848
229789
365845
478037
399229
555090
6304
204488
563740
465538
41894
378084
105376
184245
477051
589247
216760
575911
347073
640777
21399
580536
549889
217310
189544
197798
378402
50900
592245
47065
379538
233579
107151
68549
414698
195192
550197
667088
334133
166132
654606
37468
335581
249584
461268
667426
20339
379276
231052
9861
310274
276409
314369
436892
512280
148907
185668
564385
543754
259477
455281
496186
335885
490195
131675
47190
573672
524062
535809
289296
616065
4988
617288
453516
224331
159840
245928
183323
334995
602376
121388
674605
498739
255084
299202
25918
345674
482577
414828
291317
8731
345155
262487
227366
303905
680852
565286
634866
548281
629146
225319
24264
393065
183052
397146
623871
642986
116377
466441
478323
458715
425737
376375
305819
81295
318845
64140
513034
172426
172988
363233
259292
619045
629918
400674
262095
546591
36051
242051
293598
656246
438006
201048
434426
291379
431658
102496
340624
360113
399602
20161
291956
654642
340131
265481
501105
624086
10756
413012
286622
263189
224998
588934
179702
14588
188842
144654
611655
382020
399057
428069
601590
516105
267510
521438
542292
391255
406272
20874
565194
200746
241193
53580
114146
451069
128369
468332
602498
152647
386183
391169
329846
494546
525213
553587
25385
3943
455950
497365
663697
5269
638668
124901
166192
119247
438966
470861
65398
481637
668135
545096
289801
143610
179956
619615
658762
337152
152396
426473
120289
5947
273224
451664
649650
457564
241799
503884
9363
567271
23152
651835
627827
227643
573254
504274
194196
18251
502030
398197
193392
237689
310941
164142
493546
370242
159841
516140
267445
390745
377293
241297
537874
171320
68772
514474
229822
422543
243304
33923
229699
525220
359010
354030
308510
556334
674741
380788
595016
612478
99409
412735
87647
361935
62468
206974
164114
505332
111101
78595
109567
344047
68753
62196
216322
674996
680014
383212
179353
272682
183371
599608
495570
537031
482506
320538
261987
427194
96945
116783
55585
80586
370930
260325
618640
250843
9352
355868
317192
430912
285018
138024
126665
634476
51070
534245
105321
53912
101227
390562
91298
503530
92425
133984
610159
539698
159382
502530
319761
264066
574374
485173
198610
670958
307032
152643
96937
200175
69817
362560
667002
424854
512142
404953
327367
356331
293644
137541
156058
86746
31798
311199
447248
207581
503099
532575
29910
29158
382505
57911
634434
218130
57532
327955
400822
224716
305041
91774
30458
85794
287378
622168
162898
638563
354439
186211
673638
615883
126538
101603
192997
455434
607725
546954
590832
222810
228319
523597
147824
484910
473963
29696
56886
98501
621887
501068
248424
121380
591147
27832
164375
598146
673510
669368
432589
425963
43112
549323
521010
79105
430178
149108
107231
653097
1155
92912
221548
608241
665604
575354
428360
341186
152266
344279
673193
96172
56728
220826
285168
204964
450037
205995
146275
37306
165494
458903
173658
569345
492527
547981
81492
438076
639209
217063
366910
454992
56636
9489
332062
11514
121676
525039
119204
349129
488433
522532
645225
242876
358990
576595
340933
42133
81720
549103
308393
323264
321426
620866
588155
275628
302011
313646
151049
560182
75830
9081
603781
593495
412817
463174
431398
522907
102369
9896
535613
591546
220605
186361
218859
180163
238956
368596
597386
667871
543063
381781
499265
189772
514096
104932
449997
27246
597142
531652
340924
405200
446098
130940
464504
567030
463517
558201
530539
132017
87833
667921
484910
111902
324382
456999
106627
268683
553631
277849
268456
115348
626179
469768
263893
285392
652074
460439
392461
674116
322373
440695
659039
335834
484925
83462
649797
649446
25966
535256
19769
653896
364284
135334
482397
383617
407638
15689
591157
93708
286024
132017
37075
443959
584079
398174
605130
667726
80256
496823
30765
458229
80826
250433
392597
47472
281567
8263
629468
329631
294150
212337
369876
597242
18820
610479
476749
268402
75730
73946
49696
655096
632094
205837
233418
293230
628945
518594
8464
7635
613862
592614
632591
132829
260933
92823
281801
339464
189307
563089
174860
492796
565267
158346
467990
614473
486907
293498
133034
449539
532637
277311
388019
113264
183050
292920
594503
505082
434510
106078
77769
258601
155248
186964
643429
190835
672586
237018
430728
601382
462285
106528
105430
296112
247713
121366
19412
530734
559027
353516
505750
156347
259018
572270
336168
200454
131550
73251
33740
141570
232759
58148
153249
410489
471370
138867
60737
299900
505873
151621
20311
208079
152259
341330
61516
114352
583565
123184
442135
419590
308203
56258
265048
620643
321148
605160
108715
317162
252874
470591
584759
53612
56924
337004
408693
176272
621617
104502
225100
167736
29629
576089
114281
670402
444080
397406
628673
560339
308370
540132
557220
610921
574858
348784
530130
565811
538888
656174
205623
356465
83777
39382
125229
103574
675701
597279
114836
388207
16283
566573
549273
618545
523308
373200
518210
565270
376970
638742
137263
261315
381191
537697
285818
374180
429339
524420
605578
153144
527332
27188
262019
578124
331748
147978
48341
96206
29193
506689
418035
570543
681972
176657
398129
559982
25651
655074
278937
198294
615907
406347
438619
95811
334080
672773
59930
671857
288484
320669
354060
591075
422488
207328
65397
61971
227490
355960
167251
249112
83849
18589
481466
624113
415891
515431
126794
179760
300302
20235
158912
48295
403826
646247
456860
286465
74096
121144
11261
366300
1311
228109
312765
431615
368993
30521
502690
149066
284381
546880
83335
148537
524754
677662
51504
651948
583635
495550
20499
642387
230055
135193
553155
610538
299768
549291
266074
564953
234267
304667
475639
471970
283118
114760
375003
306759
428570
3508
426500
439721
27617
497234
584937
328526
588420
367149
636403
503493
238281
170939
317925
80282
12805
152482
334620
423391
409369
227891
480819
169882
329876
34302
572853
309738
438297
221487
446628
324432
125353
430289
670135
463713
191301
652449
443906
362399
675298
295822
429305
553445
581863
347090
510506
534342
88821
252947
369895
574942
660789
464151
95886
384848
173528
40535
463439
231231
121508
102945
358275
111639
479635
131448
14532
449369
540328
401758
123751
649505
446893
333680
176332
676778
657235
419149
427284
593313
478106
293848
415848
533773
142418
452083
451333
590153
151360
464979
182789
182
89548
631117
311593
422300
165594
441481
165981
72510
631476
482530
7696
604292
359805
23120
526838
379795
226581
72747
619953
282857
533891
668548
46725
589437
409180
486088
182791
211126
507064
4172
258925
286394
176515
269449
456424
441870
540478
413368
318882
74311
528899
104184
309583
307235
461339
372009
550396
287340
389368
12322
133121
411172
420016
204700
528989
10743
471885
588655
333063
200812
538062
594764
45386
235651
459654
597460
116001
362276
57582
190292
282137
653357
659586
38593
171763
118505
392005
467483
240338
164546
99061
27409
371625
7811
628689
86550
567136
83827
494111
999
424091
520941
157003
133308
248755
171528
138922
526209
617554
295567
214429
535218
268181
448733
605492
275726
93605
356693
216962
563223
94563
466467
491199
626560
508174
78262
490173
43843
437481
359651
55314
189147
272165
60385
443460
151174
136923
353517
63324
580754
302073
365284
139142
181208
227985
451504
478362
451351
96880
517960
380491
144474
166486
267138
370909
129727
17535
537845
82649
426786
156380
98279
202110
638678
394210
270062
637802
591367
441203
258149
61600
544382
680006
240019
366528
306601
585952
362492
241143
189127
569255
265166
169868
595466
97095
570488
526393
169142
515386
88581
20126
361285
281043
631901
561039
356337
361378
188141
5935
298068
45951
318719
234672
198666
128630
98468
10394
56375
533714
225782
94730
599723
376089
98597
155241
584277
276552
382711
252725
551150
512444
263486
500526
177424
457048
596130
425120
402472
335163
607498
565766
461326
54882
68337
488554
551753
385024
37006
620717
225070
550242
40012
205222
1348
46119
178026
498979
154146
579038
273222
92165
654442
112283
241289
482340
168218
3440
79004
429078
436130
613600
442898
491606
162008
597155
427559
239400
444444
544080
493642
518500
165412
340149
663723
512826
310876
402069
250192
77730
298442
200079
199614
389483
600759
235243
493642
346925
473526
158249
538116
495135
8101
230983
228913
371132
131557
293264
554751
263271
38436
114350
46544
386498
514709
497434
247919
83628
448634
509306
222549
149432
370699
276798
74009
275435
485041
256463
620918
670759
381627
396209
638977
264817
478951
219355
350536
28795
620131
677515
300928
192797
380816
254074
596333
342591
162303
79685
603651
241484
125700
148986
203809
367653
165593
553083
246837
677643
22933
475030
622029
94512
485910
292129
60679
524621
562941
155064
315576
31727
374829
664811
141793
214156
271244
339444
164303
345642
330204
398154
163359
352772
15586
680113
187030
283070
318851
639520
501840
516789
359521
281473
113287
53253
302887
80747
224285
453655
183093
294513
192192
621881
488660
425848
4798
446554
76760
563844
157090
522456
30616
510220
508283
149015
461627
517590
366851
242261
196659
677572
631667
38518
446867
545503
438513
637596
646361
567859
324628
178921
423215
246604
541142
655526
621444
365713
560772
371980
85417
557190
497731
331684
360447
359682
369045
578811
556789
341398
631401
29960
583116
114748
19099
653711
169567
429273
566933
98600
628380
604555
209476
164535
335013
67107
288693
598549
155372
282656
83381
118608
623098
590269
375138
31135
66495
120350
405672
519025
680971
3624
216399
647201
502205
534622
37092
316768
367351
21219
631727
639913
523185
420750
416299
588309
87598
329625
235405
119165
312096
626641
424966
590350
379355
246705
380408
478870
367803
421036
57723
191846
231708
201676
173992
94710
620357
663005
525846
328534
133217
100497
85274
201482
242127
520960
557162
612656
264454
429658
290807
382365
511159
642400
425570
381209
429279
180976
100212
621518
34126
200559
498227
537443
128673
651887
83298
576664
331706
476842
403539
422215
624290
112299
524007
384196
635604
118092
130212
570569
492443
315561
640841
627973
350469
6192
609413
115938
32911
221238
27035
130484
245245
357144
525342
361183
681530
249116
535261
411766
34478
649930
488804
331920
502325
533640
267019
8049
627122
475928
680410
495307
30301
22393
365235
193202
634182
275141
394810
366964
293719
446391
514981
307830
588291
180557
125681
22799
39562
504754
384823
96594
363332
535366
559750
636335
6888
143594
342034
199675
80709
662980
316696
36408
378341
461150
321496
118937
27780
419608
235200
380211
264660
552942
126584
474181
612730
347980
372427
170145
260964
172997
232895
486890
161580
144760
111281
444141
279122
19613
176456
668775
164200
31385
179179
40813
222294
68731
254961
319190
501681
478965
105807
617219
627973
160662
357762
210559
11365
351516
343908
517
29967
626626
212632
361745
543929
2452
518631
54093
681271
646809
309707
502760
353589
681198
345654
336753
205148
318263
105200
420320
160545
131323
378703
516660
682548
106852
457071
105479
271556
254637
47679
360308
494675
601459
144637
51830
507957
125197
243491
656122
288707
351952
58050
673868
190790
41373
150130
532133
39559
17546
510195
365764
195269
345996
489306
98392
657569
531198
582628
197390
336993
265136
165309
530639
339207
79088
368092
361738
276608
265890
350802
171413
345061
504442
668678
551159
51363
466305
287009
534690
672143
438044
165241
340760
682066
328876
552057
325092
555226
212778
238225
556677
339430
319061
41324
210036
258773
609772
245141
395444
138603
105260
89793
336012
7799
64823
357160
222830
328039
210158
16318
66072
24912
83961
89190
205523
117236
428267
386139
320109
486111
387455
107830
432466
215145
289943
678765
579187
105411
110950
631994
93281
608609
182619
156782
418153
651302
146315
41453
537581
106186
537873
298960
441522
147255
207655
2762
20911
567707
91205
225243
331683
145655
618676
527847
326201
297527
180736
256288
424637
649187
2287
23745
674272
382119
48203
409203
517518
437036
376566
131821
5615
411954
565904
546287
412350
241308
58359
478812
407417
524871
509319
415604
572233
37107
626397
216930
57860
273181
62274
546659
304380
612419
524925
235137
599189
94122
545
248366
532014
48986
148807
20057
484835
627227
239165
563986
225627
581784
224686
313656
285004
652165
104
549181
139026
442725
387475
212921
9162
566280
437033
433687
129105
316671
601162
233575
646182
557087
210532
330198
513508
417036
122725
309095
605535
528251
155640
330496
425385
572283
655908
386396
572035
648564
230354
175453
59914
660424
353789
421189
571457
113074
665122
478816
543009
526612
485864
550459
556907
623495
256154
112579
76380
279599
462319
277868
271363
79944
425493
210328
327357
374854
565735
609257
591867
453326
160676
643423
262067
429561
34922
499973
144754
516580
651558
112772
215880
492578
208984
608810
220891
315870
84795
548023
142007
139597
91192
215028
674322
325639
39777
374369
448491
5418
22332
108105
267815
681195
645173
635564
51537
580427
534614
22646
593617
566120
379689
309447
383350
513579
238585
581140
583548
120368
68012
362992
386374
290322
618268
73715
146912
651920
299264
457754
535402
213125
76252
345088
503995
244004
434928
675159
530232
403532
103058
625217
296347
637827
574167
500854
510657
24537
299633
259457
276881
432180
540740
409792
491124
282417
444374
93473
200053
481444
486501
679410
584686
543970
406841
649951
609178
575929
293313
319145
647135
604740
487504
226535
298165
360749
315996
321896
571070
460778
540851
116839
250419
498823
70753
517659
106350
98275
112674
380903
445852
37452
287101
287683
211893
337606
184569
680004
627824
488037
491294
335037
633471
549362
191977
446689
322972
655322
572399
323806
50033
449880
294793
677956
321075
462430
108149
539297
317066
297265
5832
13427
624510
442640
563638
249378
77124
107172
651188
522290
377173
456576
565058
290708
134798
517297
214887
574978
40921
310913
461434
503028
548283
235596
155111
554699
253622
664184
499548
215657
3818
124214
533112
531022
662105
246875
547395
243724
400652
188464
282798
558795
368001
89061
226281
137164
125106
146530
328350
47886
225494
25881
138874
237505
97109
221809
595754
563196
63299
218376
500502
326748
464387
38760
380953
645852
506258
13174
398224
246988
243054
338140
511347
627708
642379
186620
386061
646358
582870
606625
679633
581958
623901
539913
161386
300740
449588
393038
180091
667194
391416
576144
325107
62146
447164
107761
515039
161907
624006
475293
208631
36894
11671
469079
447185
636096
345589
609628
200475
158544
492455
488535
399485
668211
556618
347389
608756
523168
501458
668357
625267
120011
239437
432003
509720
501431
150017
405054
607419
13574
143696
545031
287432
544020
320453
270741
211540
607569
469810
3347
94542
678048
261044
324386
614583
64738
497361
46369
199298
488230
509442
118146
451743
184709
541794
294893
569712
60082
636778
318774
484193
579773
358860
406349
73832
534121
217404
419240
613624
446299
138509
372129
435228
653644
158601
612181
318677
509113
257678
140392
585661
294809
21557
606140
33715
677275
292106
241547
358008
264214
245361
299092
69551
71121
33404
21202
88808
612268
95711
422111
167482
536812
508188
213962
512163
332212
580875
584618
229588
442669
135054
142635
102360
128339
353446
653634
111444
251974
204994
269433
470345
275503
291577
500667
241196
35453
203689
132102
521060
578609
444476
356187
512299
596589
524330
533715
287213
55461
139796
363643
47261
654712
93523
520090
431590
674685
539992
60397
49889
333829
319273
510361
566086
434500
343053
588332
376528
301494
8387
327534
547706
671660
648138
633157
608964
43927
183139
110063
583132
303118
111426
138343
628560
323202
305157
310826
565719
456949
496449
196533
237113
226603
423240
607716
455277
444782
68978
127258
464280
657234
437217
660264
63182
19215
24364
409049
289649
18006
584183
665452
191529
436340
526730
192462
135252
409536
177447
388945
217891
272003
409370
665710
219752
163252
98948
409726
392501
281782
398986
46837
351085
233055
262449
284918
156390
462054
523653
329066
289064
416623
571999
604042
400807
211022
155128
347951
417592
671709
379661
19612
375727
315699
567183
367234
524944
29937
489666
154196
131231
160781
167640
547995
177083
5612
3836
170325
169508
113233
165608
584403
584675
488831
249709
403570
227015
537454
381363
67821
440835
435251
247886
521732
391371
425855
231034
84366
628288
530651
261841
486118
299742
244761
574967
528163
573844
406147
109804
428945
241984
28346
121868
233032
51289
229880
257062
119588
364538
471234
353745
85515
474354
448743
291249
518999
353958
289171
586649
395698
383784
511985
270582
66240
276975
228220
550856
649705
593038
434363
139932
621229
341994
242037
425973
424767
238586
462896
251962
490158
283011
433953
128141
93089
490594
228430
630040
537977
427569
450276
427349
657629
597119
353805
621008
198989
631681
641834
453899
288485
58126
17349
211666
85496
25824
481370
635110
281215
33527
144797
495999
475592
211329
269721
669106
172003
387184
324983
120839
139430
96894
235543
263830
138540
6993
376965
239843
266935
608566
551455
109078
311994
133914
606739
23147
371100
120909
77026
254781
561861
638310
470360
139435
145860
230321
681415
179710
258022
198100
60980
207556
362367
647932
343193
246961
342846
205114
463209
23303
624776
159584
339398
510489
293089
519717
316823
584643
490153
317628
565973
137356
83154
248643
318058
579246
131893
566010
305095
102401
349308
347310
65923
98202
279797
608993
535000
455344
487057
251686
485931
436318
167343
450297
462992
1446
581944
225567
481509
450168
36140
324077
571873
519314
464848
507517
436999
371397
149146
94477
566204
308395
611222
440209
123872
365713
386313
295419
114926
632358
653459
125442
50045
570464
22821
124442
373202
356189
656094
451761
117801
493541
666577
371701
324151
3128
521424
628365
294127
432265
301680
239250
37620
301517
497635
613820
414278
549508
134297
414016
304684
560691
442209
315220
283482
389315
434713
466195
537773
670838
575729
25589
169334
653762
450448
633191
224327
312346
24930
541490
432271
297092
417298
322304
673577
601604
597638
659197
595027
119175
511764
371745
127182
371253
349898
562616
550073
673348
527549
153753
334020
287724
163202
641050
368758
117859
300292
314046
304202
82963
298848
79733
485970
201203
330918
90148
671254
407740
143225
410895
280538
219888
523886
200183
163329
105647
253938
437010
638907
649586
272344
201047
449086
359996
295342
653986
47332
139337
504364
57440
656032
187587
194831
173165
664754
545623
86078
589471
408013
250626
386271
25997
394899
399364
133676
144290
335185
491150
36782
376474
320860
29440
245370
372246
621140
580234
93548
265228
317030
407268
594661
282705
493016
432729
310299
455127
626863
30633
411000
642076
157425
470641
657813
124834
579294
464699
556199
569479
341091
7305
556076
101487
61865
177649
542708
661299
400034
652521
126999
353374
507125
135012
278107
26642
578790
545564
134010
429043
268015
253327
472018
122940
453612
590622
524425
82758
554088
469325
43293
455351
65498
41031
207359
506838
212988
101433
647069
252469
421919
375604
353228
241750
598199
599625
543266
341169
441381
575935
407851
291126
658571
421572
449530
393180
254152
6955
637171
25239
335135
51542
594184
582894
526036
273305
182259
648711
44029
25333
269937
20344
332338
227737
245668
191997
377509
623959
401562
544666
353634
33069
427483
565742
10776
163848
57514
539963
504091
468818
655637
344554
556409
521448
421584
122
556020
34080
451181
289228
117103
637758
606172
312385
16595
656513
102257
283226
565978
630350
269802
219511
190644
212405
268810
338058
582199
567685
356751
567265
261991
339469
462288
356434
261080
286627
329559
409361
295648
566978
247219
49294
504764
256971
548180
494532
14779
25296
242958
629140
284033
474990
57297
580748
48558
384961
527626
138400
333308
27958
653456
458045
516309
405396
513981
134266
220820
142660
366628
562505
440933
358747
317189
578661
22322
344527
75923
278180
349657
560598
475004
341036
119765
277945
561995
2320
677288
271545
77411
197910
432584
314106
151789
516117
28938
552313
264984
188256
534127
277238
295296
38228
445665
244913
35706
604933
360698
682756
281239
635774
307081
589863
292053
13482
277866
418064
409543
385454
558752
242374
250495
450406
155068
385891
135204
467723
443337
405545
326303
593080
422711
55977
371008
582979
507872
433306
326128
322244
237986
309740
123432
350794
90572
341012
471839
306424
468596
151130
264255
458340
205457
79875
59424
524810
329942
186738
336461
45395
372764
576760
588420
488748
616812
607421
476402
481106
9767
103169
604411
547618
266928
173989
133774
641196
6620
107600
263707
267973
279584
169904
384793
225631
371762
464963
530354
490547
433010
71946
438828
266
239674
225052
489398
625324
43049
568044
410884
659306
89083
131994
366052
330163
47077
25326
316598
242337
420997
85068
311275
573221
534784
116154
286928
534581
506807
354177
554336
617522
101336
363996
41938
570451
177120
51820
52242
658361
481879
356111
5140
13076
586798
234562
272400
198152
397990
526697
435209
413418
43571
96116
585205
557117
549022
33597
231665
46827
329585
211153
674553
60092
615976
643122
27898
535183
408426
391332
132345
88528
25292
97845
285332
411362
16631
117570
393279
46952
550427
682308
382043
615859
418576
253830
413004
49890
71193
82437
399659
14347
566351
51330
58064
302450
144420
68512
225907
203710
565444
83213
387124
572383
1197
123115
57011
371405
35257
627202
632206
68629
647202
231703
640881
445231
425682
605001
355491
605598
372836
76084
206604
660206
249364
476529
667911
360109
320510
230557
240735
672117
96377
102864
369026
386133
48763
313817
421899
231533
444769
311384
542973
165515
246391
285696
161985
213741
29103
214338
517553
667434
46346
605680
83159
387409
421537
244147
454197
388974
79493
673191
41673
609176
103335
337629
74294
224293
91400
170893
138553
143107
623103
210405
645335
617211
118907
58809
479268
269946
17889
75887
470695
400249
98704
634305
430229
634926
568062
227651
655447
8601
624464
659711
142009
282149
173338
528275
189668
259170
79293
62493
531244
503780
201453
20128
371799
674440
613975
372157
120831
310247
485818
48734
394292
84082
129215
631626
396391
663148
315782
321055
349285
83322
482288
679396
16302
3881
364335
635785
311097
640522
9723
40263
251540
583302
41830
323390
518438
102911
4208
641756
641930
248794
581539
253596
434454
130646
200887
516315
304324
140964
446592
146241
407595
230172
305745
102270
533381
202187
230229
522438
32172
427311
530899
142756
255738
409861
536844
396579
638489
372412
575944
376419
389700
228973
352105
592599
626017
107479
418933
650859
1570
478481
112507
250027
347869
142822
493696
346802
368276
336282
552339
41632
662574
539488
441703
530563
589487
551453
485378
581966
189224
633630
292617
386452
667460
142629
351545
42431
503047
619156
495642
83300
229243
201616
532062
301200
371375
77450
532487
365913
25198
242410
244810
125218
530583
120660
119955
183916
556578
531229
22615
409055
351362
658871
463153
577354
238479
677277
512799
180850
532127
34375
613490
313810
67297
383596
328849
656466
425172
393037
568582
72611
298701
272837
79621
333885
594974
442825
412719
311384
312883
26345
499888
641788
635899
514438
662975
637012
605918
542086
353969
266792
313618
488397
534755
411431
10915
94729
667602
94253
535634
608495
220998
282783
278692
258782
337
566540
632212
630771
137629
110226
486514
490937
331640
593604
150706
148873
426539
396423
269221
640183
417096
271346
496823
90382
372547
552483
386637
383817
128845
332819
161028
290453
233124
599467
14492
251945
593722
363918
95553
329988
277763
494146
74724
291348
534479
432234
244910
273215
612776
127164
525153
508818
132857
164282
346148
26483
516354
364857
681283
577945
347573
182810
450843
298623
445247
455488
571525
461220
285284
445141
358726
563279
429859
634663
436492
549947
148720
386760
661377
159309
485323
3663
436587
445140
593308
658746
336484
95947
126256
319078
468654
204211
530067
240170
662829
414974
73750
415751
163228
501115
440636
168209
497096
562881
525159
130840
54150
202288
503469
124325
288634
118587
103672
155144
590697
450400
228222
402816
185708
550254
584969
327514
231837
228923
258802
32653
122370
352938
331443
155771
104351
74637
643563
94757
135528
470636
519336
508506
366123
56118
241406
38353
651725
545144
556352
36263
153691
496649
563631
193662
657781
319233
410656
99045
30263
392231
305522
236126
77483
80462
404852
30629
405144
609954
608463
94643
484242
350439
74287
105539
35236
264301
112280
227646
183575
369544
427785
155873
149668
237501
237822
236223
23991
382291
132676
534005
457873
47327
138432
93987
509198
20571
387911
253436
501349
231161
580914
263977
656393
235066
314591
107668
584504
657239
526721
534393
444273
629067
25053
67179
45247
672659
669357
95763
441479
459447
242284
50447
542179
411972
170198
679454
225532
66914
551073
104362
663805
492855
680261
88816
154941
273744
133325
113968
242624
364831
103460
477424
31232
546543
116316
674269
304401
477281
302878
606717
434733
136107
368962
350509
526438
158320
80100
267231
102925
510992
660220
106868
595212
461726
541254
335960
544343
377986
419939
641095
545202
143073
392214
362033
61243
642868
145153
560681
413317
578933
4876
307632
83625
484241
42760
424927
22488
479034
217831
661626
198042
214202
71055
314527
574375
479794
248062
196209
44762
559631
50469
515825
566468
150431
434986
17010
259710
507384
657990
165414
80744
77115
101755
481991
636619
624559
485947
304998
412145
212820
380238
85643
174088
2400
145143
647682
157581
119957
128284
584213
646349
211290
661363
341887
593946
409237
540315
354256
517532
298375
168572
371513
193887
404715
6453
2169
70102
83807
312936
431345
297810
579704
252138
636439
29451
124121
553111
415690
210748
51441
86258
490592
225775
569304
608888
116872
11750
28402
147031
484797
263664
551575
293713
37892
384687
158502
184404
226903
671980
280356
174605
203099
574886
510744
424275
254395
388445
428472
669455
158998
388236
388903
677239
263800
626497
338277
567928
32724
249222
288520
84991
472818
493741
115094
611921
152282
526949
665183
19319
127006
571526
674590
439358
641925
30443
640161
588411
672225
348626
235867
424269
351465
617309
267044
507348
244213
566761
274230
299902
298722
560525
654487
347838
595585
396652
107998
469522
284745
557903
515298
500765
637370
201567
263014
101505
516125
188991
398700
247000
256282
37378
545492
318098
143285
433276
662510
63293
627382
248957
540295
480747
74011
237108
478976
602467
625678
22491
248196
200666
410887
624400
290881
567432
12205
622140
61482
41794
676039
618388
629932
375846
380475
236389
557482
472012
285728
299832
504802
666643
332349
655665
578785
269095
150166
600060
271366
172712
203128
535317
306729
325752
401338
572619
27633
80450
581154
584556
143571
274450
352864
458163
416592
396652
205154
377915
572504
46895
615771
117138
242953
569658
504540
482746
141956
402293
528361
559095
363456
174156
103357
158738
502326
269604
305902
679301
67516
35906
680996
105936
492318
305141
679340
380371
283387
62813
563111
272743
639705
618848
651884
439920
15777
89964
91205
329666
40657
378058
417010
512542
308262
308094
431561
375297
105960
674299
583623
184452
438093
134842
497265
481479
229822
560033
637727
216133
519176
559238
337827
232613
296627
297774
584245
446648
368913
223320
521281
210479
555283
289786
281712
213131
219213
43334
667411
163465
630997
118008
30270
510399
175840
331547
591506
613945
208967
270154
636480
253247
114874
652984
387849
2872
360429
149192
661109
87444
30758
258935
681562
565743
381648
648101
77126
205083
654551
586721
113922
445417
526495
6640
456794
220357
221746
584769
7051
355296
101917
680519
440122
416346
606868
535134
613988
121597
604905
279901
585503
559406
459743
426946
187961
388047
491848
604388
232233
303493
149468
56963
548806
574266
329950
343113
526150
306857
571718
188175
272467
39646
594346
311128
676446
492568
371141
362104
434826
479805
585314
99082
174854
520661
607457
682036
163204
248240
141389
270129
182650
475453
569882
130763
289661
212011
15873
21927
359796
28046
166785
354051
592283
655775
549965
271333
649068
338045
308114
660536
650237
536952
387331
117234
135636
556866
477091
16816
117442
624891
143803
138189
75485
328797
14171
290591
412240
226271
147270
72898
220344
445973
270316
603041
424460
332575
549302
108119
250193
207027
385246
428149
553644
665262
609277
343547
307026
338760
256217
91447
531801
52793
451566
389098
54857
539758
515580
56977
117635
383213
122408
391116
412918
411010
619877
618112
402114
500703
537933
496064
23634
357083
424554
681657
511546
680846
174951
68168
580102
172277
482157
339739
108394
632267
373211
160107
181934
16792
508892
577175
209645
217064
290401
282496
149658
399344
262779
182809
21653
304622
300395
354015
369164
117878
666562
629724
89210
180611
524351
176409
596868
236469
579951
82639
126258
461640
444764
366159
656219
166768
149767
57783
611054
25480
73623
667648
11544
604828
476052
278126
234688
675505
429659
272229
172025
478993
625241
531847
558434
66315
16048
679971
321872
523198
29277
194923
414923
615187
188029
77677
427233
435290
71453
162137
629171
472411
42932
584821
135624
525827
101285
447116
555899
177683
55176
558941
439322
242971
234924
216768
251703
537323
349793
137966
211764
618217
673437
364265
324822
307903
437771
596869
570627
171297
554776
231132
40232
563455
154448
568125
376311
160750
121272
57967
36320
660892
260811
353385
233808
317704
387098
591857
257359
540338
20215
658549
464069
671781
217278
292667
632066
256383
464885
25814
67680
127854
253853
677811
583637
273425
494724
342657
366895
541917
641825
614492
174589
646591
355286
240962
596355
372366
505425
563177
266727
460322
72732
540999
210221
642198
253321
198758
284199
419545
660811
327193
29842
198257
237889
365731
229952
599922
380390
670113
247481
405722
458820
335799
204549
274301
390230
337560
515247
96496
554833
154521
396348
195776
42435
307614
64701
396237
5535
168593
482467
526440
389153
15077
182595
292246
18010
433524
208267
272067
323588
399498
327740
680080
502055
328696
553088
636612
562745
412855
411170
227184
226347
418679
35052
634217
254486
395035
328261
653158
485209
561514
435888
615079
65429
322764
574060
239893
267137
556491
514556
56189
292938
125725
75481
298838
282700
339748
271080
552407
202687
421946
292600
401057
502871
254286
432051
167916
592234
198027
583882
94728
488481
13726
536852
477630
345276
559287
2197
226223
610992
510791
439938
578334
261605
512154
475950
341111
321791
10950
410646
171123
565918
17899
372821
599453
310228
460199
392991
412011
581404
254854
494530
91870
99884
232079
96136
68316
303286
222703
503141
276944
169483
528990
210455
43417
201739
196010
677694
475137
242869
240824
373051
657340
59739
600393
123306
409539
88888
602281
459362
275983
17531
52277
375049
614572
473814
605537
516932
512846
682495
471432
327401
468272
603988
75961
121492
670803
297903
469683
218134
205844
202571
657052
551869
194070
357308
673482
627715
656728
100740
111790
94989
434085
672005
156431
631587
30997
188704
399088
641337
385113
31666
273886
430708
35642
174143
659548
437519
385223
263271
170703
341305
160666
281141
97404
581153
268328
136678
166991
45362
479581
7650
116342
283359
50709
66056
22717
349841
68941
665237
180148
266112
336840
368811
120721
544241
673362
590292
161128
127465
520970
311079
67139
464612
354065
625909
371866
408429
227671
489200
261214
168551
191955
134014
370672
389720
133680
186276
394213
678010
270810
516896
180712
488345
631159
403817
574569
504202
357399
405883
466434
360564
7463
191085
658470
605809
1042
270883
458544
167291
76698
221501
416014
376741
644313
447107
648169
81388
307345
177497
260687
639181
297737
89200
418810
587152
581884
266373
565495
421743
31649
334115
552024
598298
37043
508310
534049
432375
115016
390376
663489
3219
375430
248719
206158
92944
391176
463069
435444
553146
392360
272659
261337
166132
409996
456632
1698
393237
105607
256968
378332
90253
10586
71690
478956
207108
15174
289736
676020
240993
551396
251819
466138
391440
244729
15834
637969
670758
125931
236732
527308
277881
536547
96743
448672
68733
362517
334425
49886
432655
200058
293745
37652
15124
203296
531455
387124
188758
240364
286184
609614
648358
476789
53121
82814
461325
609696
389431
376316
629329
533083
116579
198339
665947
144212
397941
380172
266808
617730
565628
365173
155699
35900
117589
155610
40384
655747
652296
288168
259800
563705
591471
528321
64705
247332
656415
245214
591223
145541
434611
419829
583346
140459
163914
131781
497040
251794
138862
569612
394754
264113
304053
573819
226891
612738
556702
623750
479492
402607
133021
408874
203798
643014
62928
50600
215236
35440
119142
253843
546263
441311
138025
431621
668619
329667
219351
607003
130207
234845
264548
92797
335076
540331
337082
10703
309922
511172
251583
416788
325815
182826
570034
131204
339867
150936
241989
78295
169455
310957
439393
108186
546043
615923
492372
147970
386487
636222
548371
187479
197021
434831
30329
211512
511224
90291
362064
678871
283
503516
98049
80620
79164
383026
268244
312049
674720
382424
25115
261608
640918
270265
44820
20754
306554
23105
193719
315617
462561
43457
393897
312099
620154
654315
123344
150167
119974
387852
251087
219585
55692
262675
111885
624145
419477
47375
376080
124020
376991
30025
437222
657083
139006
178383
275241
538060
526521
194239
205933
308448
371013
484992
368880
86050
584854
604941
439141
163237
538406
539842
440593
416822
484235
415773
259748
60885
537214
164393
104689
165014
119327
28896
535628
524235
568427
542662
246948
228451
71709
665898
210439
286076
19119
252855
586028
254862
33103
245199
537753
213984
477489
507058
193052
140832
32848
29903
566538
444597
25663
138049
617285
363254
405283
527107
381930
223268
158476
332715
392472
667109
236960
359094
369205
331829
57225
669728
571550
505139
392002
214347
281849
464631
193186
499929
185209
517325
170670
496579
326800
221587
216945
399292
80135
543161
257841
324670
461507
48123
145518
114453
407368
428269
335511
442138
367608
59680
254526
83067
350710
295152
328097
153490
38290
199523
325532
15921
200336
483207
477261
337768
122410
224188
173019
172013
29934
337958
680591
442954
3042
647370
148760
250504
341472
608172
135352
312101
326816
544002
140400
611127
394000
535672
321996
411010
107714
127711
11562
407148
96322
172404
56315
257561
597581
9683
653349
625558
643870
583904
59400
597492
472502
493864
2773
610314
258261
203848
598214
674792
451734
653573
342632
253988
187615
57623
250785
436476
65205
490104
62207
682180
205446
634859
158883
572661
158727
94802
30006
281650
321497
60429
197209
122404
229617
111900
105216
489280
370666
242336
441524
212818
68813
539960
621876
147443
280033
599892
228540
89722
370364
457285
596243
257176
549352
647664
573931
393256
379211
359950
180722
245953
35641
261491
549439
224382
150143
50327
439492
374737
392003
268069
368623
631649
678741
173559
319013
496823
629097
361757
286554
589739
451728
484849
104755
554675
549808
86199
260186
350854
135469
487706
18293
450518
294617
478903
97097
294662
223487
161921
256693
98176
473517
150886
155061
147174
115971
313623
362933
108056
84182
511345
356438
203288
356514
70002
633719
242573
118985
382724
139215
504285
251512
623081
92705
292654
318877
231917
90294
1258
30273
588031
639586
518647
589297
173197
258220
171318
235363
531991
369923
179410
585956
288924
39366
426469
652710
283390
396510
113594
14894
597415
11311
333015
515221
172086
138878
253384
343562
381095
383655
284535
176324
232056
123881
84914
216790
656475
128237
552346
445446
266182
300745
542138
621497
339431
464871
140182
59780
215119
203961
73755
259187
75326
484699
603979
368566
650735
332869
209982
217796
101559
654542
221176
471140
9735
324449
480075
228373
460744
662009
125695
479673
187728
134496
478648
676770
555300
116842
300109
492508
36829
676461
105184
681242
545823
81679
223225
118774
126142
21453
7325
380104
204820
349668
581660
266813
319366
595121
680333
15366
422050
172645
336781
166734
462534
522546
4732
120946
561655
620101
236071
239551
140119
167448
38413
110480
33997
77760
480165
15028
306215
225612
323446
576882
5131
135755
646876
401343
433508
446019
516403
374576
253998
275806
637034
339314
487859
145870
558589
609196
493299
425729
124548
65700
506134
392177
293369
305744
166601
527547
106087
123978
518384
22352
559302
367531
195522
153307
494980
338484
231411
21498
551337
609794
107203
469237
373278
503248
501816
604644
69047
416225
77838
97978
261972
320466
492397
116225
617661
390131
629835
579388
118350
203520
242777
615153
354095
19990
435421
402652
410515
107010
638267
478347
168783
320357
667528
10252
455252
438526
382085
305132
460616
528522
412637
548277
137997
466939
298873
641784
120406
149888
672842
201112
530395
455494
254003
238059
506221
149921
286962
456085
62522
227146
43280
522695
326466
18019
420802
85647
580788
35623
89907
422828
405203
418662
360260
86967
14480
31563
93400
334200
470508
532795
222931
412451
256461
209551
110622
91346
608677
422293
261455
419029
307132
443446
93975
344904
512452
71189
304585
187648
456139
406245
283357
20127
420826
309589
421762
362819
618735
637498
376982
201311
351723
651259
394384
306708
134106
563087
212560
559354
375049
642749
351699
68037
608715
396912
347238
473338
324856
131869
261304
64684
36919
75175
163931
647563
598778
104758
590195
307251
377907
682501
671394
638865
399788
376796
419996
590100
467090
136009
571391
124343
199972
333637
6994
389652
245992
460099
326528
232827
573966
379787
614111
344725
104330
111747
256312
99794
448285
123527
513224
519936
583347
395705
327609
402416
399208
308012
508631
638024
672120
28744
571961
488143
460947
162276
44268
222162
363515
530372
215014
677690
250023
22381
73689
191865
535148
362801
613540
540296
82581
54926
262306
411306
203599
273843
140501
645871
69504
35653
670490
523084
11455
436843
173986
396124
581661
260442
328409
310086
581245
297541
352170
672302
648894
20151
188124
230411
287450
211795
119620
405373
401437
207298
655646
655598
147719
45165
379646
517435
260970
334573
547576
614711
384881
636867
121081
576219
345802
60727
452976
209717
596663
395120
168779
403079
102476
621976
463574
23122
470759
187512
511364
636239
483691
479706
493830
389551
379320
195269
337231
668584
119319
628066
493395
57648
140010
293993
266139
56850
552519
175925
312880
640431
124466
356532
567070
398196
78795
265961
426943
605823
556178
526401
673106
204322
407334
153277
656908
189363
236298
650576
652581
228588
382317
642075
454519
87633
540826
102997
586366
561657
613556
74456
625228
74113
190078
371373
540753
498443
362874
299927
262939
217136
233089
630260
517599
329635
656949
3030
580801
181997
471959
355825
328387
408904
172125
129906
23981
517759
487261
498676
579988
638547
97045
26748
225316
201497
69420
465508
263263
492529
306701
90283
332228
163548
330718
63117
372199
406968
565994
368576
145444
83203
201071
395815
50548
195126
371810
674283
407724
308667
301048
678171
485126
198178
480511
527824
121033
115493
679753
178110
669054
60167
186636
569598
348293
109736
486068
653981
145786
128746
451944
545896
543599
8189
281377
421721
319048
605430
407409
92613
512487
265336
88181
625565
614676
606356
502848
590999
291804
159075
336045
499279
653798
638548
530936
18849
274541
28500
219464
636242
648132
536233
134019
426939
24248
350613
666169
148726
483204
173508
646941
130141
267605
120980
243800
170860
394004
251767
376034
213254
452307
414550
448876
460134
250889
568677
252136
19006
122909
25679
502150
217091
178455
288730
519883
203626
437254
438585
425994
277848
141801
672565
501497
569262
438199
485032
114684
218001
421996
630059
476367
230329
597917
476280
44470
673779
470007
400376
295170
376816
153588
135402
38143
372571
341803
592106
266469
395267
265984
502760
84693
550216
679149
266579
655364
382523
551401
205738
458577
677841
447976
446964
419669
377316
492764
353857
605833
493290
73248
424961
493263
486126
310918
626630
466713
444218
617184
239062
87173
525563
431761
187561
653406
271976
499780
673438
299281
40433
624817
225262
170384
586549
423993
584069
88733
156484
452975
262945
49891
299743
435891
615190
633590
341967
464223
631658
646139
128763
539606
260608
135778
610527
404340
270649
487600
614453
23584
195458
547547
391077
674535
364187
398653
280664
146081
219540
653204
124712
138227
612805
231977
516611
24761
395439
34973
79046
384810
499705
79316
236916
91666
538318
325337
455351
487571
633118
470291
496921
247460
528552
410245
665441
514411
277871
22334
15486
240738
319833
450399
260297
557715
294951
476618
166814
641856
240150
260118
227752
43545
575514
193386
383821
39546
283974
224697
256338
279256
433964
375015
552100
491711
675892
244464
481623
246158
186912
565411
614229
522829
452617
596597
297222
320202
674271
224020
545325
452736
107102
430192
502111
112440
20577
14470
566109
522227
79304
43224
257471
74231
462182
273092
126707
60927
477019
661447
371030
200636
334760
650678
19362
282651
528006
278421
108857
404225
241136
317295
424754
470425
44206
338897
531336
601854
343409
576759
595130
99340
146565
212454
622163
338902
98468
288781
157688
618626
451662
292904
69479
217255
71092
290656
612177
190626
462407
619139
467799
372844
456425
510978
629500
115767
335752
435254
9182
56946
250839
455652
117294
523267
236119
509611
291002
504016
312876
211812
530969
504172
323377
476513
109385
134080
508228
574010
391312
273610
247751
479667
471482
255729
212883
664886
593563
169867
10830
657089
190048
519305
581893
444170
490338
10098
575001
582892
571978
132285
236547
541404
99112
14955
621295
557986
97368
378067
479142
488048
656875
6878
390401
357274
131980
412097
576216
301770
482105
635588
150161
399111
591107
516207
245761
219559
273675
572506
296977
348369
395302
202439
444454
169434
80750
222247
423273
558693
229896
5142
565031
298696
569074
348704
381750
315133
282539
154602
332031
631734
304205
188179
510637
339145
98299
35
231221
554511
388240
315814
547810
262324
245479
474098
85677
214802
632020
225440
503307
633878
222403
582155
18070
608933
556455
458860
284855
661761
113707
38239
498994
622158
562066
325338
35584
378574
581928
244593
541036
629388
288065
429078
210285
635411
594946
610306
364872
410913
334811
77067
644009
167578
343409
173486
144932
10356
353402
662034
453210
506324
665025
143508
237563
527736
174598
506194
429240
552209
108395
565988
76603
136221
348320
214817
64281
391439
417540
89598
397710
230183
16635
482667
217146
378839
453984
451739
77685
646178
67942
640205
399954
441368
346529
500123
527367
139193
425633
190321
217214
361629
466659
275759
655461
565891
605113
673768
133790
309331
559733
389530
76747
20969
154801
328195
175703
153529
547003
193758
95837
623509
242830
193835
349753
99357
206676
406459
674075
240813
113892
477653
532920
101679
165001
68386
541856
668577
228891
615418
34577
40280
416002
207656
42178
51376
471296
119738
265529
279475
125550
550837
35578
298581
587607
269743
134372
666866
639834
576738
213472
259840
180863
345606
603270
422667
41690
457980
330553
565602
171382
198554
329922
280839
213398
359671
386058
268916
269946
592935
449496
363593
146679
459130
628725
535747
281963
340342
655577
97291
116746
177931
165038
259086
665582
402545
361682
99719
680430
314593
451078
444959
262791
255784
393959
176500
151221
68459
11465
271544
21471
394497
668973
319296
46173
516838
176073
130255
136300
547725
406666
20560
207637
258477
502556
298752
523172
166103
306511
310548
461283
332933
212033
189834
323141
151818
286072
420941
69082
609741
195356
368814
152463
82777
612642
140996
333356
482410
461245
204179
303800
496489
461054
423578
235138
547057
600616
193182
294517
425114
135067
176227
622057
476548
636028
414832
381762
61039
156989
595445
5254
532386
481451
416411
191887
72706
267834
257319
338253
606863
481042
675445
417588
167566
188003
136042
70848
228302
91129
280767
339676
599939
509382
647859
528412
266258
367700
17805
663674
334878
676128
494270
402553
570632
527341
530956
139926
570411
275594
492910
210343
608603
410361
666176
362001
41094
351023
106254
576683
468798
135947
488118
40769
41088
521487
396903
345031
448492
197585
475116
467856
554061
621940
412234
52712
403981
349605
83099
609655
247282
538923
458260
513278
220377
545528
323282
13142
498840
119762
114032
346807
471951
284581
359890
561247
494087
196193
649052
191813
200731
538630
59099
369585
309513
88706
502063
680220
309273
360386
17010
544789
533208
288679
199501
173937
641850
347653
47756
496000
201266
198895
457376
87241
113563
271640
95688
10840
338583
333532
346504
11266
403537
159822
157060
601717
637615
46128
420884
652532
48488
496392
317837
393440
539619
478692
222060
467271
77517
19842
653732
625118
452619
311702
252102
264245
28225
11579
249378
543217
421984
624854
493789
506843
593690
480087
316027
615824
673016
511595
54825
594149
599516
28405
223406
268511
137218
309435
586866
218622
401395
50350
471374
542039
217373
679200
41932
53847
474191
126382
281551
111649
193902
29192
412624
172365
611749
113625
466315
590603
546593
617592
317220
191722
309103
42988
188838
29675
295354
497888
350626
607865
413535
58604
349938
298992
625488
136675
471913
64914
133972
331288
587894
3745
264158
628645
96741
209665
67041
662534
527413
611001
479000
459097
306266
624867
492817
238080
139951
514553
315004
14320
419209
640834
535099
280060
19193
647153
302901
662248
15439
429961
599444
544534
404564
16591
312420
537792
408505
664622
660012
414483
502985
579854
233296
337065
33801
232676
7602
585074
25562
573981
516484
19319
42594
107630
117198
207549
338834
10290
61799
439073
233061
439422
206370
175417
234282
566377
593825
20365
665262
613035
29743
227501
532886
14585
157354
278788
494025
232134
483266
602736
463363
237280
126434
569678
3172
305292
260232
327746
576511
21418
567687
52214
417574
341606
561028
474951
382485
226812
136359
563541
673057
243737
221939
427477
78230
308093
258918
548669
31686
186143
181829
199539
312619
453343
402256
642295
433939
12316
570071
74877
192341
206276
331573
525285
455095
356133
253607
418467
680715
510637
489974
543843
594734
30581
498394
139977
615998
170205
264152
406836
117123
500369
91520
489690
555476
480372
571833
573750
499895
542652
231764
316774
255209
278203
240081
76450
352432
261014
558812
207746
422062
590012
646109
607476
359363
503590
631233
38275
91139
412701
530797
174137
49708
539035
164194
284219
115127
379952
556787
252014
444848
120296
676978
236585
464055
592197
422358
555375
600099
59341
224146
602914
374644
432271
566505
568875
430297
607074
587296
269433
655282
129226
276152
247432
267107
237709
673208
33618
234258
374178
171918
14685
400997
406621
661714
361237
145326
105313
575031
315804
295674
626496
578498
23967
636017
70050
3659
193630
573843
170170
558111
42216
681693
602476
195678
554771
48657
539696
141969
122991
260839
411846
532804
138129
550779
96311
304702
384701
156858
219195
190620
525036
227596
513332
199583
639476
200516
76676
38514
271459
668791
80635
3293
677450
507678
257534
192441
136005
443529
179432
120981
638592
554520
315336
90183
123219
610131
240028
341576
415031
186654
617615
615683
46572
150545
672366
143282
669509
322717
632144
496501
316684
104634
300811
652321
84839
658542
217737
208698
464045
66202
529322
444045
17329
627632
664100
661504
370618
393014
574607
576960
87579
555245
596697
433684
395866
572953
141177
83072
480358
76122
637249
570819
217908
359979
676478
629120
631762
424509
44271
168795
135253
334663
248540
390880
621227
584157
340287
356453
378869
383975
482468
290346
506825
516840
33273
407397
203591
267663
577791
324987
186531
25193
436253
459465
404543
666300
184823
326675
575213
396808
102655
493089
246248
538297
109196
303767
596812
513514
414001
175594
84412
250050
424553
679979
271087
188349
312084
396497
373656
226124
644317
392991
251531
588526
173606
561495
75229
456688
568486
488519
69790
353916
511448
11980
670689
203637
518550
647716
30248
524569
304199
600000
236188
241759
590464
662053
447357
222412
675092
36002
329608
157063
341592
490908
200470
76986
442024
140365
679856
234280
626946
163034
187965
128143
344072
674558
2637
259402
314749
405344
517264
452272
333650
300086
216963
620749
626980
603052
440870
94497
447489
417006
230214
481303
430326
127551
361356
307745
218234
22313
220292
2363
419015
59927
424232
252104
353005
102468
7147
223896
615365
371093
363026
478209
657438
92354
129002
599704
338117
601723
546596
382801
546169
288935
49937
270452
227476
439447
416264
224542
307285
85058
398270
548562
217004
89232
302267
227356
146487
135938
62946
139094
317460
92363
498889
476730
197927
551949
296112
38517
278732
116027
307086
315578
254989
30342
246747
63017
546038
175952
486772
651771
428352
542198
373172
184310
268796
36471
55177
343293
361999
54166
414884
385263
424837
323883
209623
651170
362344
454960
487287
553657
200776
526908
639560
479020
410576
163371
628824
435728
375470
538720
210702
155276
263977
119766
373245
627978
283624
670757
260438
67719
549474
278988
501835
492817
67256
88781
63940
123191
296507
116511
73647
345753
154735
331749
259736
611352
279526
647552
524945
49369
676581
568933
633481
361820
392259
282049
337930
472068
578919
33083
152731
325793
609068
140148
10891
367229
165518
582762
586441
657246
26647
674253
537597
325917
602540
372212
525846
324542
189239
268986
364747
114343
210266
140239
52459
289180
487969
134744
72377
272598
63964
200005
189122
528146
594949
548651
264794
314262
648347
287068
495810
6939
385507
468043
654148
236289
651879
4772
305157
636870
666379
104161
236591
103682
98666
41524
75824
189405
649779
452312
601862
349908
288857
48394
129261
537300
453817
215275
144453
60488
572987
215851
106476
218880
304845
649634
206616
469921
190873
310345
113813
144219
97256
405910
62952
489445
334737
18881
289875
344311
222668
564803
445601
501017
567759
382373
403524
453919
334760
548259
214642
70231
168498
349169
478123
352935
407257
407953
604830
9994
662873
112569
168585
379944
464314
616609
625123
496658
38683
147157
395044
621262
467017
351000
385637
243473
401284
203717
471414
59749
272312
361810
204292
56949
174588
227078
571773
125463
279948
373091
229071
203379
401063
423567
661580
569086
262717
547475
642565
195568
507914
84391
114609
296686
598387
59915
663802
75001
358182
215284
151832
138146
429470
228405
563599
60796
637024
141384
24291
549454
575910
579713
11500
471048
594475
353198
604335
635965
343318
679042
250953
266066
198130
611124
624874
268247
54407
386807
557508
308882
555575
269604
375650
507754
617399
504609
201698
76274
53361
423992
408483
387972
541663
473397
372083
539683
280712
366469
73075
88719
487776
608815
559283
547598
415491
34170
67730
152895
489673
11845
228443
668210
116705
546881
558383
432900
543604
673194
236395
134144
212112
288793
57914
388274
270700
597939
231144
484203
77747
546414
332165
445341
41477
577171
119829
597276
437166
207640
117126
639859
249944
363450
490915
114780
469509
599447
342257
180386
332726
287317
100067
150792
136791
135871
666851
295510
609621
196866
224663
211198
104511
82167
84595
307543
16751
14105
147859
665941
680697
660424
346983
483957
34483
672326
565017
538418
262643
51241
134673
148753
30363
79074
256657
617297
464492
608534
337745
410598
378508
232985
278690
58714
627728
84256
24608
197157
660618
345741
81246
10026
197429
154772
85796
106317
663280
634434
307211
139581
74575
159391
293760
164364
603022
607642
620975
658488
273021
318286
640400
669504
220032
128685
407127
551657
37127
146490
207445
602370
473050
405248
557772
350714
4564
290276
658557
300440
644954
529811
79670
65414
362962
286555
45894
313354
417440
17609
41427
46993
640987
637222
517409
170272
288118
189485
453788
154199
532472
40213
350188
666212
314285
591138
283623
497246
127650
401928
492416
65045
557929
336604
260695
459115
477908
375100
395928
539858
96884
504020
617140
594399
427673
555778
547841
268479
467348
43286
125180
117587
113504
152054
270306
41740
39860
104538
610027
389723
259004
588726
2184
208438
570263
347119
464477
197157
441921
18401
550456
169391
558329
84681
111499
608084
377597
571527
258871
239866
317839
472066
645980
378518
250600
167020
674471
114146
454079
219628
640571
184487
357973
326149
73527
135280
31580
654259
266440
622534
507364
459037
463901
329885
419259
540368
406190
345832
282934
39444
384549
452147
261558
265924
501732
514628
248730
215639
196559
336101
166510
409493
273096
266701
493052
271253
479033
311861
628491
469145
30858
443934
396577
397062
181155
269679
15265
81246
499988
580831
20618
289300
102844
53014
581063
51395
100933
98195
150325
169009
103736
637171
251180
471482
542960
253538
528823
618157
335757
164767
288877
500985
663246
237526
372030
620971
415706
665193
433122
676474
470315
178540
485785
161471
444597
378810
179738
243721
179019
384595
611939
669350
543775
45928
296954
388046
579143
519065
484091
266929
93901
348283
62517
250642
272884
192905
35169
405441
205975
290015
166537
665083
249079
583039
14539
652369
163733
193600
349045
190080
215755
397836
632439
294430
311956
212964
266554
297179
415238
507188
322088
290384
31830
627300
375741
264178
200368
320505
4946
122010
422930
462029
352455
623599
238206
418213
326777
441131
469736
445911
470571
1061
249765
642762
534760
97844
120422
57552
132931
643105
572544
247036
255583
374555
246047
202075
399250
102134
675310
470993
285344
415691
619354
362182
38915
658788
231173
25892
620871
241806
269197
604315
47802
299931
62342
306086
46697
167359
30741
439004
120263
456026
676273
375710
245852
313554
579778
387432
546213
326355
200478
502625
175742
104658
472212
16364
244614
346836
454942
347398
160974
622538
384134
343094
357696
539042
385343
89387
216374
286145
441756
663047
672149
644982
567068
365461
23433
227118
533104
446981
387292
352114
366173
468696
59284
189617
69146
546172
388424
486461
184013
150040
103566
144893
309738
428760
383259
150953
381109
486970
655261
182283
59117
167885
353279
184979
120853
681036
363575
314280
162926
5436
530721
377175
276007
235957
214462
468331
210348
534412
153721
174955
160499
298724
46695
523147
539494
372962
81216
500468
303220
392062
423726
637783
219356
115994
18023
328566
428631
659448
125959
131338
593886
485891
159724
534144
586543
573840
330652
192344
469390
228614
218225
533416
152412
413044
205231
488965
356458
527099
545068
168959
426769
590376
268069
601648
103712
221227
374984
100524
490946
12414
372658
344136
80877
508031
37679
550493
55541
443655
508925
355028
124881
437052
218766
429738
230989
267312
484365
10276
515664
118969
98057
271708
323776
90900
137579
75841
47654
591768
495194
136979
1689
18072
175042
169721
496502
382077
654218
275656
309903
33253
484507
669028
268659
112971
74602
121445
591551
87857
640960
272737
246224
174182
125424
610240
303387
346727
467505
383884
110031
326145
526446
660514
206445
63486
102643
245311
48565
331801
578032
558679
266385
273337
121118
164216
516453
85527
303409
198754
259626
304552
478236
434210
469500
466031
676139
556484
570074
517899
448345
333155
321771
234150
348510
577953
569701
334618
264804
176585
67999
281699
119611
427504
24568
36383
124069
300610
49575
632152
235578
27623
539528
141697
570667
436697
403746
411981
550033
239596
155358
101324
439200
147871
654482
335066
416708
327240
594304
607705
79456
444521
560558
336864
96682
577789
23366
121500
474234
550649
217854
296563
93986
379613
252711
243465
189360
441337
16067
94663
234363
607350
172282
149639
608296
659956
458757
536577
515957
211693
165309
296688
504350
162716
200045
5315
194814
427059
254280
48118
667676
52399
598512
155327
89542
492810
38234
25208
626612
453689
515941
361979
140296
172682
166191
303047
171678
119911
392365
320474
557993
481675
202045
339105
157949
514281
240258
652927
243393
424558
233984
387287
550897
515571
609017
427493
160226
463100
677710
63886
82008
247618
444507
603028
557031
277034
382581
631750
578014
474292
257012
502612
665007
348036
656864
152231
235876
325943
68283
316968
320246
342216
673541
565361
347894
157577
476141
614695
332145
189894
462761
276956
140381
548464
452514
247310
274836
440220
35887
2846
84231
271858
10298
153465
106382
611130
447879
101334
132263
582977
252901
6147
483848
538292
356038
448402
241628
131585
52060
281560
149215
41029
599562
97658
546169
102190
476609
623246
374444
231201
314382
111248
117504
435637
93046
439689
290347
41222
589667
199749
137805
233331
465152
646438
127228
57129
682258
658953
316149
407310
570380
173208
99450
15448
206291
98085
414066
271464
304576
262995
162452
336509
626006
303632
317784
595016
281662
25757
282688
318707
138565
277251
510869
99909
340649
220063
590348
213585
589943
252428
573939
630250
149985
41053
495687
45967
323370
481470
625777
97856
339179
153669
541484
230385
272099
375675
674505
429481
580106
375460
359796
189858
477096
454139
99565
72896
655200
155953
189550
151731
336890
36551
610677
383434
220295
334070
537723
415229
642965
288310
199670
324299
647258
587661
257183
212897
285525
533432
61785
274269
110572
360442
100226
335523
265293
100969
106355
499031
305221
411110
589765
575227
177570
666439
265188
344699
163147
300705
381003
580376
21277
316272
254670
514115
336501
139971
391124
165075
373550
437651
363944
669408
682749
523500
257038
235776
262760
368306
272960
92265
384020
395389
8319
226440
423673
674659
154208
114194
218167
159468
278426
117461
606678
27318
622516
533771
306080
394644
73661
108336
502313
213890
23878
443148
629279
447151
241543
453300
323080
123764
68522
362662
423986
387527
74177
78472
618274
287835
634202
225642
610356
92519
647262
543781
199597
126612
364410
252429
597179
337691
434545
222295
471799
200559
404654
582546
476616
663791
79859
533797
176905
161518
62335
661914
150790
353696
102757
408392
78453
161248
438473
642770
680923
192768
394982
379596
114771
136656
404786
183722
144752
169728
95066
289314
51047
435411
497935
310002
548271
252894
140443
304900
274244
205314
116476
124920
16517
341978
489845
509418
416968
138632
643715
120991
145611
178925
228636
538320
653147
428484
132457
269096
168092
422642
323959
577112
439721
457317
159702
115709
510176
512210
675244
43633
291706
529781
593225
170499
382167
249457
451915
579012
523617
346882
669849
113929
13674
366804
441394
150015
559900
54920
286469
620635
426105
131820
311092
250641
236623
60007
294010
398318
293129
521835
492726
81659
585135
300263
645487
415409
298334
43312
244071
458177
663442
247735
94692
601275
575844
421060
621369
248818
521010
517397
97203
86622
208300
243465
258618
274386
123428
95127
476106
106492
563307
330013
100705
608440
473776
325076
220562
369709
375807
609948
345747
378853
490701
409264
263702
443015
611419
406444
401282
563228
29705
417465
289944
63116
11407
189726
69008
49377
303697
232906
39351
372067
227279
631933
389070
500492
204457
635848
295065
384331
576200
322775
485068
588508
508491
416396
158665
613779
495682
476201
483306
674120
98552
8508
309850
76943
469034
253143
139288
455191
520476
447371
593306
101130
369279
459550
87905
302476
561392
222866
154791
376535
568568
161922
153369
130639
431216
571829
111537
79408
14917
423139
264757
140388
95211
71209
651372
105332
659915
172495
402466
138
417430
287239
327213
134028
440239
52090
545381
502497
466316
65290
278629
492513
677534
116757
365909
553581
295275
89511
293711
187994
650640
616947
316944
258672
292383
431525
265272
145947
192424
567614
5905
97586
198887
408344
79023
411557
429537
595597
364300
626073
325362
408086
639239
295686
438843
307398
396506
658019
613875
155155
655049
145157
394055
681344
151554
129432
457450
397459
419076
69981
415170
276515
237181
393395
266914
435275
44847
570854
403721
626445
545930
512868
43296
384198
147801
378319
664301
332921
415527
412314
520139
495999
24726
44331
209696
475911
620637
288048
607390
168901
268889
88503
311157
677469
299738
571020
632779
540992
576048
498084
579873
3956
103958
300261
84806
133487
322003
155294
517412
384694
217514
398681
656406
645907
109919
163775
325516
94574
11672
604472
573532
344016
201769
396392
295461
591041
10941
268495
296924
108523
408832
254721
431866
344955
631738
272257
125087
33269
589077
673089
681156
554274
320971
398427
324834
141230
624620
623796
357189
393296
232599
154357
638181
61579
370966
449035
67787
152679
179597
464151
10987
337161
272302
46364
117756
286127
524651
496347
499926
192110
191997
203855
482982
166301
520005
258143
65484
379598
506365
196842
167514
160238
330052
425238
308456
450852
237648
509628
310571
513473
513753
464069
659435
550394
62093
538932
587877
578861
380986
36018
404840
312420
472301
672381
586435
125261
440688
194148
663159
212855
621697
588195
487840
229321
285341
472370
621155
399063
545697
106273
644356
522167
501665
110363
570846
577169
672451
217307
122019
268035
229938
358155
222116
428714
488368
653138
465345
115825
379485
122730
212744
64130
626957
638657
276054
295758
477281
499550
131298
465825
208867
396551
658532
23458
645504
369579
276668
220882
300545
124806
167550
524918
456279
253306
426139
383413
300663
631412
538669
399307
470410
209021
349698
223407
426005
444548
633858
200824
433435
326487
79238
654509
637298
495254
166750
668825
27541
158191
225324
478288
603640
151676
449913
624154
43272
489708
226301
283781
30391
435020
613888
75239
72980
421820
157844
40052
582403
432566
424426
471244
234307
115548
326688
452102
640119
521136
294204
153195
602652
106293
1939
256754
392300
186698
496010
60298
526229
169673
244431
144326
381908
314710
197796
11559
581713
653845
15413
614067
467
463327
649570
246170
583013
617767
579345
483046
596232
406878
35350
224905
72159
507489
136311
469130
555201
532064
17999
403470
470049
37620
331786
91249
151736
524831
445473
246704
372164
238994
233079
43056
84678
334610
485180
640841
79586
224784
303655
173720
292862
277380
666086
209884
571486
143419
198017
270278
438838
299345
118180
55997
230970
62044
47852
222462
357661
333602
301248
137036
480545
413942
48622
532450
50480
346569
204780
62161
120941
381735
537640
579852
396645
214841
247291
648936
484978
132808
617215
236071
376328
470875
378750
283123
125113
398641
407715
286009
12725
616775
664039
674670
173980
351019
543362
141679
426296
332620
223877
635273
393606
529823
530956
167182
512702
227733
86997
587106
505924
57774
284393
237560
86655
210112
114388
595278
380282
219223
215281
128125
572777
558569
465787
513255
406512
61410
225948
135415
328019
523731
439077
288776
275788
670408
162800
166498
28612
550660
95672
594650
145790
302994
328742
608285
350270
219851
141934
348109
659073
108651
222171
261649
478933
467296
89317
61820
178126
499510
134243
66027
29535
473881
81045
305965
579553
310565
388162
140802
119103
382617
455402
278392
600428
559693
467309
399860
590292
601658
258961
437041
467092
111910
79120
547716
112821
300539
611895
478875
533244
144419
620961
649336
121402
611028
566284
641989
538379
110336
449250
316060
666371
49646
69174
392900
431449
503424
219102
34711
561755
13046
173047
567718
20615
141888
424428
335988
255297
230903
558260
199598
414847
633800
374144
288128
51011
28722
97504
79724
603759
356441
656835
383889
315291
217681
641823
198760
74542
96765
623003
229047
294716
285040
102919
353572
591903
463871
459690
518890
636834
516141
273353
406836
655516
46191
254780
147125
343183
640248
521437
39003
189694
468498
527669
103235
506866
627037
50575
191525
206063
195312
285962
159545
283407
166772
16406
562642
135455
185646
197974
79306
33268
268454
361019
9007
141806
511563
438568
661516
577323
120054
459902
572147
638941
675778
201284
185276
472347
632632
20891
279334
332334
92188
168142
176583
505662
343760
443041
101044
223350
307183
457467
33271
681956
338599
394333
424671
448265
550356
443479
485427
521415
365200
679183
523180
329982
237972
558011
20703
255418
529900
114887
81669
393089
435849
472562
234002
223273
61910
402449
512895
515318
255543
39043
672988
85628
331067
227736
670291
304332
328043
15860
70453
561751
592096
254231
329506
43810
147057
554982
124383
552867
224492
288280
443370
420426
596731
167939
38686
74282
42744
589101
570476
588715
213978
564066
181234
474319
346786
601062
402762
408007
570051
493349
655091
371730
116724
221045
76092
465448
131763
671786
678900
406527
488870
598994
221599
287424
391088
546328
561794
155188
121855
77591
340749
343610
39604
227839
671682
545015
29914
260550
512069
48703
646208
135109
35152
202417
651505
415576
652507
381858
86656
241893
529863
582331
676580
256720
318679
411711
570175
577203
193255
517464
140826
101164
174816
419776
588536
14519
507759
500399
173887
639790
453597
316132
390099
443958
57864
682508
41272
542479
283157
659646
174843
385344
513726
605007
548921
530591
79668
466925
549308
506959
284185
13670
618241
665175
317492
569225
505829
63970
516581
262849
523430
14650
512169
79379
403364
424906
41614
292438
666057
466185
672274
67083
170639
515910
617070
632684
188350
539668
253626
309902
565862
115899
258802
451617
574116
399601
319028
366785
230918
24291
672588
388106
558212
310582
384439
495137
352165
148111
450603
521069
131712
667801
153596
302160
582684
269358
212534
535018
556504
602766
138140
63455
308923
485596
209812
489807
257846
303739
227811
286525
315248
193604
21884
174731
507782
301169
146193
489960
233892
661995
83940
91085
623844
536543
236238
609280
485241
147924
78942
36169
621597
449809
102892
590547
379980
482495
268317
342622
84719
556921
232623
659753
124779
528076
627270
367098
113248
193967
22443
315559
261290
26801
491309
115518
379156
345800
294528
569409
294193
334481
32022
633096
314937
98750
263238
551224
56494
107898
21576
512830
415545
227985
144151
673345
309011
584924
140228
319758
212443
267730
516807
247174
157800
631284
260471
394127
508909
182369
156311
644708
409457
355464
111748
341932
63968
22871
524208
574442
314125
260311
91126
166976
332943
25896
666036
189549
301576
431106
464764
584026
397880
216653
97444
74695
635291
408142
224532
45050
351352
362178
392980
287679
301495
632221
584014
559669
125449
500103
171972
291667
591137
228082
89791
371033
671171
642382
152172
627073
527982
617760
324934
207252
605429
249430
423115
258375
81585
32444
574041
83177
443820
38132
431323
109268
32899
279883
101111
287622
348592
489106
651644
51389
90637
49338
313907
52647
641885
603493
103246
145529
440239
136792
292404
295417
263596
564000
488333
654572
291458
52261
162380
626107
620947
198704
180179
236471
477212
400252
93205
97886
330874
514464
36556
505902
6349
76048
438811
185875
182028
383267
459675
183245
59955
526140
353249
148466
343641
103701
11730
423963
457679
314467
302736
680858
275636
302991
546142
266
391078
645813
63779
524927
534457
483865
278588
356594
608939
602698
257856
595560
458679
584215
488311
2831
57777
336694
649641
472500
53668
268025
201717
34299
623452
261058
53094
586256
429188
408090
490007
19476
242024
328693
529972
490543
569024
335474
139422
516088
130099
583857
127870
5122
57049
273325
647587
80588
338480
629517
327165
178713
242431
325488
26081
164715
86585
74967
518998
506674
621028
348072
260357
653813
238303
641663
527763
441286
81975
508733
508705
534350
615318
281915
587710
68042
581565
619774
636641
495294
582818
181649
510126
529833
457297
121555
567170
196960
493401
41861
646803
629655
534282
155688
161994
119260
185459
624465
10630
81365
376694
83958
172800
645920
669837
611996
447236
628412
457823
2676
327276
521965
169563
499238
53623
57244
366136
196701
42879
576353
120155
58850
242091
268203
356588
561555
413510
672968
427274
13972
573637
408720
200044
87783
259202
450492
473377
230753
551021
154001
177988
296558
632390
515665
308863
260777
498579
172914
204382
661095
586323
265686
1235
414922
552708
84783
349627
301866
586349
664736
286132
133208
69184
583039
128322
341881
640118
248013
131150
316768
618670
434204
196867
673903
204379
595037
268688
269322
620601
85209
246197
412469
419902
399179
460258
527158
233116
447695
292921
43230
57171
622962
570880
8632
433823
220532
82069
284655
603594
436669
220691
520208
635778
521431
232278
269776
141446
660964
204185
158796
513157
638589
88936
184316
410550
479099
150021
311515
351920
262830
433942
97617
472029
8693
140170
135296
314864
466390
228217
509570
308200
99814
204449
494561
368009
495346
612596
138099
69537
305941
199833
216541
547001
61633
643489
1921
249866
289426
603895
363652
10602
619036
165574
422836
505200
511911
680722
314347
205718
312228
538725
182132
539330
155892
679338
417115
567474
131721
182030
305313
402962
515139
643312
117977
512411
458634
376136
121911
465754
29503
598913
599284
52027
269783
441449
364403
567078
482655
283639
87646
72433
145973
80894
660467
138649
251093
176323
312721
490959
347872
614241
499710
672558
128141
576081
23323
407682
350598
387983
176539
8250
233003
161277
261492
71844
8757
135319
63520
439802
654236
178565
44309
340148
275707
618124
251955
416472
558037
463168
357015
534047
325257
285663
546564
241364
300159
533365
207971
674252
494098
341219
87277
60467
150380
632032
649349
63783
554092
62243
348016
211008
641610
521495
645864
538282
277166
866
637976
240635
394863
129718
423115
611702
343124
141153
539651
230430
591159
562535
448739
107817
447451
387679
268581
431571
290228
635860
348112
384302
316820
678743
524861
324700
242371
256149
534383
401352
342237
550832
292934
8204
530251
644480
78259
507278
21519
22288
256550
394902
601673
546964
438060
329472
518437
502821
145117
119566
275755
256027
49090
42566
374225
558120
490916
344433
60887
149531
346466
62333
326889
147634
536058
646123
646112
218884
34399
240801
680845
619760
30999
306113
624455
314015
260491
570634
288568
240058
399143
21141
231093
323560
322722
599765
97628
119390
121023
410091
133295
496717
202141
17999
427282
101275
60873
425238
141143
18538
607236
470322
47731
262681
508596
158345
641446
75860
131280
175329
555516
401778
529450
146117
188743
179821
630061
446561
358567
286105
397263
391467
524257
271896
524843
629443
394829
344932
231294
104778
156235
386490
330031
257080
61380
468170
668699
507262
189556
287764
77416
511424
206080
663339
225027
564498
468666
452911
219665
95062
131158
479468
417848
516110
61911
580876
350274
532104
655203
658041
140725
241260
86180
234235
382353
564057
456118
452825
451813
524428
198711
20244
224809
656733
179459
462758
305154
567237
422531
260961
225757
106052
30779
217099
290748
634390
267802
235506
218780
185540
553974
64154
258644
267186
282502
348448
264532
5625
144900
341904
140181
135463
679649
584234
63041
172955
474714
230071
319404
277490
512515
373323
47233
42279
274324
54361
555031
249501
419397
70789
485644
645476
497028
600334
507011
538342
555785
128948
510963
35281
410718
461764
94554
173951
314245
15323
469222
314320
255329
94515
26708
353748
611713
247568
559464
547696
35416
575568
87103
516662
392543
341651
453922
224065
668986
253317
592138
189515
608297
183244
277058
558938
554227
326438
203715
403289
371645
384689
29758
422018
611
443679
639131
234940
232780
229033
265087
456526
598488
535562
377875
586930
13201
81459
504018
471357
88872
500842
557867
608459
308891
367520
580877
297936
272212
676739
122200
63873
517952
317973
606940
4713
668479
410506
335996
140592
501288
321404
161592
256733
651655
368037
280872
121530
295901
562599
489484
40100
527211
493236
373884
48104
332390
513636
2073
206635
663577
158281
598447
628987
388582
445630
304237
359462
345845
239570
447229
627915
220710
119160
408511
581966
566063
211016
316162
95264
289387
117202
522466
121686
590136
222074
673969
671066
500382
620526
314089
591351
107779
441118
28927
436051
339484
105704
397755
536742
41352
307010
252195
471371
567327
562675
435064
312366
461631
442250
480708
366084
185925
527940
83228
192821
68776
164023
666363
275529
582542
119279
319186
586370
654237
220069
149771
383565
568771
501732
467576
400488
61960
492753
645749
562301
78582
173076
363047
677058
525187
607918
395139
20615
356669
577827
325756
150429
474076
638026
652924
621542
331441
335212
241744
36520
164433
424939
189626
158162
5450
414161
27734
455106
205611
459088
438390
566170
125598
196063
465550
448951
371440
340180
681491
60140
643397
503095
666987
301094
29139
124963
368006
30876
154866
573543
546142
645628
563569
500131
227584
365192
552288
320430
246537
604267
82226
536833
122539
243433
153146
599275
624609
619924
312626
23827
649324
639438
387658
107072
33432
222857
643881
590399
636020
657281
155830
176716
440797
511628
66066
96041
416162
348981
155086
379740
680948
500015
672099
101928
103860
7208
492926
414668
111211
255817
564326
265783
478528
198952
585794
35523
385481
134486
27091
125128
71977
56955
590823
70013
645516
87692
682785
522466
351035
2528
560207
589276
566169
642762
329285
391369
134030
108180
135288
270856
386413
13246
31662
494899
155060
581347
414913
180481
412976
291403
376829
215259
668655
628558
372257
442211
4840
120507
415121
33856
303337
10272
181657
502983
295777
653873
12685
314859
78771
636081
513363
607128
134539
666816
389324
536913
276397
448893
65142
281998
24157
505343
200299
399146
196479
305946
546955
532360
247326
408392
214181
549893
191391
432549
232498
307364
492674
280476
609632
118646
141878
145238
291399
35450
1841
3209
178241
580048
669662
43890
270465
659014
640449
543420
555907
263262
498694
276512
247248
386038
118116
504871
367673
667781
572128
670230
170959
414751
35648
276977
164841
626053
259463
213725
22781
305827
320860
59710
368867
498195
163789
389783
517415
385291
192572
140140
94412
623496
353303
459049
383619
210154
494655
330470
410970
435321
639380
343180
649612
258389
8123
433858
179400
390995
669126
218669
415339
367617
132503
136865
422851
13284
566179
380024
74418
438381
394103
448302
79928
667509
304210
477266
402067
224840
75466
115620
477810
502833
140486
430681
406719
130975
346837
481087
216916
475518
677861
201855
582281
406738
311776
179594
659883
421852
458008
173959
677080
485933
124677
602966
653110
72310
152385
107247
167032
141997
665239
298235
172074
498877
680815
660827
446909
234729
265959
624192
50490
536076
6005
313572
431022
484247
450772
570030
341261
228624
406580
266197
316336
445069
194586
223447
605107
541922
681506
465563
211608
621825
45924
553388
481843
544535
79769
425556
281940
206434
9409
596752
478870
372985
213865
129416
454364
642497
564299
450162
234075
160994
224809
230535
646063
99849
349640
63922
259487
430868
134470
96631
603561
628914
282312
9296
223697
43306
42360
606115
283838
602232
194216
48576
623824
529763
410102
76598
441148
674217
179343
531350
105076
546864
676911
559059
95951
394572
68848
195887
401262
336096
413590
484979
628530
281197
92713
261685
662579
238576
471610
654690
200340
26793
651711
249067
330187
93280
299101
150129
496460
566866
496225
336818
634001
203395
393357
161781
594824
2842
382749
510010
266030
307882
57486
526117
405005
303859
574599
394238
466091
64625
584189
332883
535788
266294
197927
622468
258166
644779
439489
307799
607671
97301
327508
404098
45668
541884
102544
90768
328142
228882
25580
319135
161730
146064
71204
423689
106426
73246
447492
72096
103984
377863
235459
178095
398835
334986
617899
263653
337846
146300
186573
468174
381809
562690
188179
11722
440075
294583
76984
659344
603215
223047
181884
343789
180174
266407
457251
474930
539234
10526
441806
669795
365912
558414
282500
186102
136487
304490
498351
647665
328181
602079
256605
48238
318914
515835
40266
58117
195836
576218
485718
541813
30417
254568
245111
39408
598518
4986
38457
171810
499754
380008
585403
484004
99253
397010
34518
519215
506880
392713
214424
476854
246230
46651
141384
533510
216347
45376
423034
234261
6071
287029
676312
273067
555166
588620
599790
635642
99947
549204
236934
597790
551768
298944
529691
254602
446150
476937
171464
207568
487882
70809
662190
656281
114111
281941
654194
176647
441691
322422
518265
31282
145054
68492
96370
419426
174422
419273
247052
660479
634401
456161
134225
618268
578797
389847
184413
480917
455030
108147
420388
69422
381013
680547
542708
217085
351022
446348
272672
555187
393463
322368
608476
169438
214351
585128
28902
544815
253509
91908
323594
132201
241526
55009
334377
637555
546118
324942
75279
391197
249985
427701
415276
300120
470964
237344
205805
232130
357550
392393
413212
450438
514620
588110
261267
443207
548656
26568
322341
650662
162280
219601
573151
596189
340007
589941
477021
47466
488383
593519
580683
543288
472478
8818
169580
672626
382630
336815
185894
283720
233350
374330
445198
403341
607904
15623
160182
650316
551676
323498
148432
78370
412004
55487
451623
423772
503741
494275
24181
192090
28756
129218
119486
388322
44127
571028
518679
40110
451315
68686
633674
37820
140041
202549
335309
662359
669831
12193
552380
623521
336330
96450
186962
77880
88392
554063
294165
359149
611283
24363
300834
12097
390381
188864
179701
79305
632668
492275
664449
17774
432797
296284
332776
218921
253758
4020
486022
636878
537480
474493
346327
396445
665442
168516
106797
616814
96220
657510
126473
82127
234286
412505
369247
621491
563579
603925
288458
187534
23359
630086
32569
248653
517976
478014
315058
270033
565791
626161
84692
54541
221717
26968
554685
655842
484150
97470
411024
270509
150073
582257
154297
117917
648763
321064
287664
74073
217403
508768
11334
358476
66357
485317
325037
564888
19977
329610
502047
606554
27069
648549
296287
167565
330022
102267
423306
160388
641357
25490
112044
50827
401071
652165
329220
134800
87843
531223
147731
226261
130969
219045
214768
23125
360687
477388
681149
636785
21185
411646
212542
52762
280028
140010
398324
61824
53165
338252
109545
19189
73450
243039
487957
136699
101907
199428
345004
495783
20022
207045
247919
493540
389279
31278
575685
150693
668600
661564
667675
141347
339056
336343
100752
130263
255185
424381
265346
286160
514641
132516
593876
646081
454688
243610
362185
418080
397931
599650
279312
87199
232854
507472
178254
116177
518861
529127
98650
325573
251563
679897
160286
125308
168899
371913
546475
521284
342557
426214
242456
282218
574889
186974
119104
93114
564664
109509
101148
674093
582091
259456
567545
357996
264627
485783
135533
565848
650069
673476
95625
337293
14300
530458
49800
658186
230238
429175
320101
441386
674415
547966
88118
153426
301446
108946
252017
597529
12723
477700
681288
227939
550218
243630
39336
604827
384753
109341
105266
496936
66020
433050
54738
92010
134925
234511
639331
124941
450767
404093
406126
216826
621039
335395
583707
227041
293940
423156
138413
374875
161440
530843
386270
449040
346864
637304
601638
535689
463189
122326
100116
68223
323178
536807
233544
50111
651962
81602
147194
615713
337291
174364
603152
66231
440127
470168
165878
68588
64509
255275
520143
240802
69811
542383
453248
438298
513727
385891
365294
92689
134002
61026
63812
54706
625200
42421
330084
374442
492137
13135
60036
399469
597447
40406
105348
352995
447520
287549
579344
172282
334815
144816
600003
177608
213379
372738
366713
494268
254747
451335
351250
550339
461241
105618
520718
585277
543827
12355
295534
188093
535305
377896
184121
12372
288143
281457
163669
569764
665363
42706
353248
158124
359842
273458
260372
53860
164113
247641
362348
439611
173242
29489
208645
348126
383112
243330
128482
162245
648266
346571
230865
271457
414877
607844
33030
374273
124167
296598
601911
318707
285280
559634
135788
47924
553849
129219
145317
418586
455453
91509
189863
240808
551361
404509
544241
332531
173876
659590
14301
92536
448229
325411
161271
308206
657082
573375
393707
151384
579239
459919
505065
117698
123942
5671
468288
287200
129663
225234
520520
394287
21733
267779
456930
83960
265315
282393
9032
266586
530312
277125
393025
574661
76932
111434
568217
429056
309294
514779
532482
44422
474703
626964
268587
42465
465477
612068
502599
93380
496429
356857
2190
207039
479352
98806
571784
208217
560240
94768
424331
103397
50065
262675
93364
232354
301271
118396
70028
279164
640620
331470
585189
95072
341114
252178
81044
93792
264406
533133
73155
177531
107568
550598
78708
596742
576332
530376
285068
25830
10697
217166
373841
451140
445386
88623
538689
474579
536882
51822
48649
479270
358548
274484
177200
494227
492612
166938
397797
234066
623956
223346
417820
319221
213182
465286
321984
506359
657858
666591
588349
455700
437377
78556
246719
58936
285902
234769
30046
666473
254457
456992
591243
298466
59955
601388
372509
653769
379636
360456
39239
642186
318466
631987
619486
213696
244321
636717
189265
613373
52165
330258
651424
429849
146418
20553
88679
43681
666916
622227
584756
380313
21784
524471
16985
373900
115942
318201
328954
558048
121130
471840
35310
392136
91412
618497
178644
61625
369378
54542
331515
187673
497206
671142
300732
53142
460147
96968
591788
541524
144603
100138
493879
65792
488861
32661
274454
343944
384565
643191
480087
318166
278303
425577
332631
668422
247102
458260
631178
569732
404262
147064
461020
503712
427240
255132
112072
679980
636462
570741
100232
361823
403398
571611
75510
419386
148479
203164
383834
391489
4565
55404
228649
194804
333676
599895
308613
119540
665830
41510
33536
80172
603136
614704
160413
367579
114513
461666
413125
14857
538656
204781
601499
409708
346566
557835
157573
175116
243296
499946
305202
236443
432789
19638
575453
97376
398252
625542
650723
626927
154072
438638
231729
343760
111929
46180
615924
152024
183773
311511
185125
419654
606131
208653
26447
653261
258899
385053
546016
154814
49619
280368
600874
50111
188487
597835
247440
540114
616923
140922
167844
98333
598683
278113
501747
547540
540110
91468
585969
270377
585272
198979
231691
478148
98414
101684
267550
271783
61426
144828
520617
319287
100023
632135
322606
151016
512973
557480
231764
580974
600429
668132
437201
347112
532196
439644
299965
255813
652661
340542
62573
339380
568153
117012
33596
118052
673883
65406
680908
326662
220800
659345
382964
399557
94435
14602
569371
254187
432050
388403
443411
95723
662348
163065
338871
189974
161443
288420
541406
137400
302522
33062
290907
3491
413165
651921
73694
234524
423483
301002
79954
353513
376577
321893
135160
410886
522327
113937
417400
140953
448067
463387
267948
150625
632317
658618
141897
92982
671448
535684
183648
387598
655513
618306
391094
492286
129641
482616
389252
156941
566809
203984
383496
229903
386140
34755
280567
215416
425085
499331
28903
299399
281736
131710
199704
404170
384433
603904
436372
18602
558760
9938
394683
350218
137979
264549
308222
442701
298047
279265
320554
12244
173760
505978
225361
637684
224740
282473
165018
78789
292206
253212
462380
13467
539423
27468
523164
105248
632648
194920
425236
512137
382221
362204
209328
500224
322145
287589
550012
375191
111098
195784
121101
507975
98554
287572
16973
199991
105304
305553
450206
394380
288587
362963
229678
455610
432532
290964
28672
356240
669524
500186
629396
385253
328354
163634
274220
279746
11693
630707
106723
422587
378915
537003
507937
296051
557542
668159
438668
248188
191672
269171
53828
473952
192120
416231
561861
669209
473860
43970
403136
147785
373767
81112
170762
360863
214446
124503
483834
349982
132290
222627
390901
182443
674652
668342
68172
137871
122808
384468
260088
353136
166263
434263
222193
384172
148537
80080
256787
327339
629151
51880
631574
658611
142299
112088
109329
373801
678250
250994
235154
657530
10468
180649
107095
274003
152407
342621
609605
405360
618065
188206
200868
80591
606159
476440
210130
477837
177307
623050
543235
308231
630726
122000
287971
31733
243236
642713
604853
439449
628974
176939
544471
600084
3634
300403
275663
216880
572379
512850
643599
279674
188589
388546
165217
350539
217991
528549
441670
137181
188292
161134
71313
341783
447761
118438
615325
50281
69550
383879
598988
76724
344726
423556
661406
401234
247649
455095
279362
544326
488963
587454
249679
285570
16869
436794
304735
112958
80812
125384
81656
69647
428295
311446
560301
373889
348506
300485
399262
202084
350454
256761
459860
407720
581217
666032
46865
600892
534894
667193
130769
288016
77203
527918
367
495139
482821
566928
212524
497811
401161
491022
401350
240273
259042
630988
448369
463106
269528
81114
601966
337103
120739
65430
137004
432430
448038
593552
465381
555683
521233
671129
320309
565436
72457
638943
585167
442716
462631
512035
162340
131229
327701
255713
231834
425035
145546
402830
332846
594189
670559
268144
444154
364801
466752
481756
480643
335149
355427
405587
274198
227840
191845
429984
252768
527870
79929
559028
600664
251282
621623
651827
438791
337102
352944
529513
353027
517946
318472
501856
452772
93893
91330
591654
138141
108616
505817
660669
665628
88257
503700
527537
551930
105146
184408
89125
429597
314145
422082
31722
99149
61032
146817
548301
471743
45177
264007
522074
133044
581076
433395
163188
174289
219931
303295
343654
144805
395500
20267
80801
680811
126463
24687
74242
166264
182469
592194
334985
525717
297986
364406
664296
8393
118211
391744
66378
53786
135147
87702
517086
282754
212447
340426
224278
265470
419015
364013
20246
10587
76894
428378
240952
653043
450772
74779
451409
625668
547419
522030
351738
522797
336593
655862
288448
172930
655887
104458
233905
204403
567637
405984
182917
509110
176503
270072
538983
336457
679342
107962
363248
117037
5470
153634
148319
87156
661737
285148
510514
26869
180335
345046
469003
515248
629255
665317
155063
518362
581970
30355
479192
336905
270007
297060
374273
624991
71392
101018
455199
11162
529584
154767
101277
594737
478466
184372
263973
29157
361684
325811
30650
448632
274601
476477
469783
334039
263944
440697
335887
342181
640089
87898
308793
399476
592724
245969
540329
582924
394050
103186
66916
151846
280666
158835
503192
303729
117043
263211
494794
407394
176734
313811
397605
344534
181191
332916
441321
289538
519029
304797
427715
442251
658427
547382
611668
298055
317172
587042
422425
118287
494116
161950
92024
245791
418275
574618
64928
456503
438855
239904
118047
244437
301048
587604
35282
17059
550853
452316
633673
681862
512320
504054
305108
73166
293630
620489
4893
52632
646747
604958
297330
82358
298730
260715
603907
457556
21745
403286
647562
274634
42455
343091
260122
639172
535389
431213
107250
95504
513479
407215
137934
78243
597941
201919
532124
134792
649132
124500
612125
621213
385943
429437
344068
604175
109902
235779
119975
156209
264518
623552
62753
37193
227728
57476
181314
528871
263860
198177
578152
442716
97970
256775
474231
536635
592524
619723
618286
218606
286288
624514
669616
99702
299085
108349
661787
103958
167203
355113
64490
368975
451587
656904
291858
52165
10949
465266
380729
20230
459270
55536
579115
437445
402167
423655
332471
242830
68129
464087
594680
45961
177724
36265
150789
470280
373087
284135
591830
668006
383465
652558
637012
151631
544592
209627
612705
365460
323976
173486
435309
658717
289457
598790
374018
340829
463753
427896
4408
204653
471725
233061
460622
346972
680829
55612
66507
19662
148379
92255
334499
126048
14164
639831
203416
681223
570095
401318
535377
447249
325862
316360
230023
25084
631258
394689
452316
162405
184670
1926
324098
353427
368767
257561
335442
178523
4
85780
631673
11353
313700
53062
26784
88361
415997
681234
533190
534384
465376
676841
516466
9156
53688
180556
74023
200577
33517
352298
300613
29783
252292
195605
142526
592211
233370
476470
337266
449823
390398
363147
265704
396064
457101
49625
653943
309691
64135
347099
451315
649875
599199
131295
469616
276894
434251
241058
160708
346386
314405
101977
45721
605214
681796
665348
204914
601620
128037
676159
435858
308297
93370
31026
46287
583900
104342
478216
253141
253681
501718
507064
617403
161329
281660
362816
370334
247382
571948
403339
1411
629775
448505
72112
391985
266073
392460
193325
674054
677541
585886
25429
338008
44418
8643
623069
293118
100662
37449
185486
263409
375632
441535
310329
473841
657178
108908
111507
273587
455267
291111
312422
383359
608642
550351
428727
85161
170846
407029
443387
640324
55606
292248
37254
578455
647195
531267
562187
506170
170622
485151
671601
346886
14708
396516
67520
670492
667918
59792
340568
137568
252292
41045
295170
244016
494776
228744
408778
335982
464496
458780
153718
301133
54830
297667
681843
117386
562499
199504
469811
548971
378597
577874
214224
556468
529473
487808
149643
195381
255224
182306
487741
415804
106742
406175
371116
628549
361501
141605
194579
469373
383137
192043
584116
91824
311597
476844
53064
595125
547741
17089
138130
353810
260578
602197
63958
109843
253982
173276
355732
681118
347163
12270
577001
142097
322353
43854
646914
25317
133362
325060
212239
674868
557129
172899
333790
258512
95522
250875
100415
70526
490381
326361
48788
223232
395063
546756
577535
53860
618202
201053
85139
48481
139216
79638
672391
477961
90781
393109
331979
55485
367415
192982
373667
593505
579969
572713
429554
7819
478597
148738
59607
599379
82001
248666
326606
178016
212051
587710
128384
104073
389041
98848
153751
26815
34488
354235
475575
251797
506745
585508
457959
635585
214024
245037
348369
55544
681947
294415
158657
485847
528782
246561
335920
27835
604328
484174
542350
359591
213146
623666
148081
125691
522752
302650
423942
665467
536835
7859
188762
110570
101567
675818
208740
631
338011
553284
527078
651627
491673
635165
629722
648483
613084
568250
591378
245577
230905
285043
74303
556686
424385
210699
649377
188076
160855
640234
453591
20163
515166
394535
8876
528842
311413
319279
31925
38543
177290
117392
390039
374790
416031
468008
60731
285686
297845
64448
11601
47921
602887
275766
288704
132912
246972
576012
577774
591695
499072
72563
207647
140720
648114
408909
96722
654986
158254
89710
45831
42368
530716
334974
64068
225603
291080
355667
659465
386177
457501
186402
307805
472394
76125
413559
530692
524773
419305
326852
226436
634483
483042
295894
312918
88708
85282
400254
165009
244172
477354
14454
231791
198689
541744
71169
567965
331046
114979
482694
397803
350815
489073
164473
258606
355689
608594
149677
58325
173226
469256
679216
527308
304834
580525
156926
353735
502469
18986
446885
140937
450738
615676
333588
318443
184262
640626
545903
513992
333691
679161
509660
523147
429057
264232
149303
179910
245243
85544
651449
408149
151499
246579
351366
173272
561459
375414
356226
144525
400809
460331
337877
553076
26647
598992
248940
503236
117549
484847
29923
318518
446687
46745
79980
199918
439035
437048
34359
130517
630630
92229
357004
430688
489110
463883
631801
655482
629413
313629
126212
624045
246807
208571
168771
574742
223190
398128
407619
516513
648584
606972
352466
461440
324146
606993
483010
276602
167008
577154
535890
192969
452004
500332
124237
382753
167464
227999
394073
204770
325130
623318
664187
467885
659508
496166
174881
292082
3226
276206
304451
182581
98740
32647
396082
442835
388973
476943
132746
679213
551321
19440
592552
293633
226605
99497
664162
327948
73394
607429
207821
45375
89287
90470
20375
266935
512278
148455
274776
11874
577935
198084
353959
604815
554542
239560
531227
319257
389963
36301
384328
389528
599115
279952
179867
359290
143772
56033
468000
122724
617428
380801
426027
172837
413833
310387
332589
432233
386449
548273
314541
476677
61115
123091
399706
457136
382606
217743
478285
454276
209151
190777
365283
141510
53857
389394
138057
380054
410021
464918
569040
224927
337441
136497
64758
151208
245811
351094
580627
338021
616131
389461
50081
422819
610759
539882
661592
66221
484515
225457
680600
308651
562233
48928
195317
124252
441035
425042
673323
555718
428287
1190
168848
165998
353089
113758
387081
21682
205805
679043
517712
605438
46327
567936
82848
505644
43495
10080
460448
186447
208605
68941
85090
561893
482007
564471
102549
75071
641954
265762
463453
641477
447686
382701
130779
3682
375073
366976
482793
115906
378236
334358
364492
457767
76547
447010
362052
173332
224574
534791
113238
13101
609903
452832
605212
2573
287917
594414
224067
569836
376125
198585
469474
338340
402051
474895
425811
120087
245897
588510
139594
612951
323376
424846
332194
209254
263621
605865
435240
628476
224198
367604
658984
310315
348133
111976
579674
163804
277389
117419
306645
359216
388151
388994
11328
538665
140724
494405
611718
474307
276751
146033
289020
444130
259182
402883
230062
141364
307727
551212
601638
146689
405538
477620
314903
244794
224389
519043
136082
148909
625657
83845
589434
269706
96062
152307
491534
373768
211089
228210
105890
79471
307057
248680
659306
400349
533478
272649
90053
253190
363413
604222
15364
452177
507260
438274
314032
312988
197132
435969
533582
7694
577144
298195
288476
128546
80976
33471
619552
281997
672890
488723
644928
252776
549885
234086
201226
344511
207508
659563
5612
53129
455898
662740
40216
673638
625892
534061
661003
402099
265302
164693
188088
371111
208633
171575
116167
578582
348370
41163
103841
533152
592550
249379
2448
355874
561615
212022
140970
288982
363464
50255
48155
333671
289489
134040
135912
325148
317577
260879
385185
67492
543659
466610
169365
339763
436169
243372
668906
432055
609608
3181
567773
60140
270922
167287
412247
562249
206544
163898
373624
193095
367062
414608
104500
183317
584657
529195
527369
618806
9929
615234
262077
113941
617428
579918
34562
530286
100801
61933
38941
438789
183329
548472
122486
171149
260613
322858
314415
666214
407076
512052
396290
332901
622489
109197
521015
486875
260506
361734
442686
557099
657525
395479
240455
148790
354851
553615
158325
178851
669452
653150
402646
408865
455579
593926
619612
285578
351033
442072
152093
303768
88073
170634
275298
98545
119253
140524
313754
319926
73126
168561
493544
486022
268440
155370
351227
208879
453880
33412
574713
138495
350308
434323
119410
522347
224938
342875
370321
674409
21176
286250
114197
26256
416092
563148
492991
515884
612307
603378
441113
270728
114263
494659
460406
319713
166533
289572
403666
406334
499096
95445
24556
387841
20664
189690
267685
179399
495486
365538
427360
583106
343824
283195
671548
64159
260564
40614
502806
225171
610029
484551
481630
118989
421233
294548
665525
218506
656241
523478
101976
170827
353393
181797
23948
617332
51113
216341
195185
26724
458583
307038
585627
109645
450893
125762
111570
315450
100355
98390
237570
280937
23239
560398
67905
476404
97636
163087
343363
608979
348230
427725
54043
287272
97981
63652
109564
63402
622911
488504
188289
431912
270053
71109
424724
193110
387084
497182
609732
600453
256354
246078
403703
594659
102891
175358
97665
231504
433984
326785
183479
362949
476765
153974
511605
92375
543887
372173
397854
311528
409362
129740
154135
595767
121219
227469
280068
149989
59959
469104
411704
487972
169983
69036
264744
42439
624250
71524
446663
544338
542310
395618
441838
484232
265791
107529
427659
671100
14304
31272
112216
385090
540516
454382
330829
495063
371230
328770
293550
576722
120271
420541
357920
444837
535284
434168
439246
642422
358333
29998
90713
671873
465130
514637
176494
312468
558448
70886
163477
316416
527049
674700
159580
41386
118744
168802
132598
74902
502541
481118
165478
107989
501396
276884
459943
214613
196832
501681
570100
582024
605868
274843
523877
17720
631550
246839
74736
118523
145145
11591
101920
319734
298842
346681
83820
603340
220452
369334
190601
119325
382821
222224
10640
309589
365629
20162
476897
614987
603187
535904
4798
178969
445893
37151
156896
260170
149377
381008
444620
102277
431866
277169
514339
56041
557025
480435
680132
558414
96718
509352
457824
303122
677395
592477
541085
226601
645636
524702
488120
132166
635120
414888
434614
174863
178180
592881
225124
359177
293010
372146
433149
309852
71673
496118
88947
128764
585106
261165
58717
333394
87000
370548
374874
454085
70317
291330
582893
162095
675064
122744
77014
19118
48469
144162
322565
659424
125456
71549
206790
663810
187054
498806
57284
148700
377034
179216
309596
552591
420108
181625
141095
524452
349020
49753
619359
577963
654239
356957
89085
456739
13492
407027
462006
300358
99022
345065
480933
421260
83626
99479
628493
271583
63489
350482
616956
124884
153932
292970
584473
258201
623493
479110
364936
503045
62556
668611
157268
616787
291711
232167
3822
177905
138561
583909
628582
671033
437381
109575
24406
449859
347711
432596
163148
647575
358185
205993
239911
39940
618391
40346
543437
84185
380274
391591
349038
190289
601764
453166
265680
555288
268215
572092
44287
367559
493342
158360
294663
15448
127427
224896
520068
29425
102168
670362
281969
156666
474856
637450
475619
24474
396117
516621
83362
583550
611559
263801
143644
232376
348867
403121
483368
669134
161344
6186
346789
574716
361497
14783
522157
369116
560820
298343
620517
633222
479894
385687
286836
331813
532319
53184
477011
449731
371509
104737
594284
431144
505698
264727
311087
91949
423909
258014
395746
114562
537726
548843
386833
57070
288456
36342
640865
184187
527724
84414
511322
279123
538372
165896
403902
562209
374424
480468
54489
602265
286961
269244
201512
143549
461827
660097
606694
311141
669765
438703
413650
264402
665155
543957
362319
9538
115190
235705
674197
397408
339581
311586
46735
585205
336582
240765
92943
569596
600175
613820
609552
97131
511290
663908
156428
64489
79372
300835
59322
207008
213939
183360
243217
353442
61649
676948
512932
256460
266451
106103
551983
346778
575988
183031
342028
110907
197968
12249
528998
128950
632328
130340
426273
335930
454615
356972
162478
83421
56673
447110
254260
548872
461115
181286
55322
92561
644060
205428
318064
296279
315459
17622
210310
69028
654576
576060
680917
243277
335458
63154
553632
352700
549302
464919
116460
179291
40882
150816
422698
302468
549862
180123
79713
646661
239049
56769
591116
129384
12858
222766
11578
526630
637493
559678
581998
155117
656935
374545
267347
116358
15729
483861
81911
348215
504962
561786
291113
677038
519108
420534
147347
555330
24707
426003
521909
675076
394562
243212
167738
355113
201917
540513
451277
596828
274988
259045
216954
676869
515440
51290
121885
304047
368902
161869
412776
360933
89744
345495
382148
503647
281009
331110
566466
23407
309510
112588
504200
444588
644455
360126
448295
661750
70934
500366
25264
428789
431285
280985
353423
224585
394789
604447
366133
53985
515437
241246
561453
238814
420984
374910
409654
207625
537577
327953
30496
679309
409340
205811
452092
362933
97712
37376
349301
322045
392087
316906
497215
489443
349456
456300
523186
602543
200130
47703
526957
409524
430903
80536
156445
457622
376576
190591
192845
663119
496618
274952
357640
574001
225206
167890
669342
532587
601762
540342
484396
72650
442814
645871
553546
658647
14282
162175
506160
82615
480052
356958
276163
261780
525532
527295
530145
646864
651184
391885
441031
478224
200329
268347
229967
93599
570540
467654
503101
510533
262421
665892
496754
354401
603101
182522
219349
460720
7820
391397
447429
45645
14206
170374
51746
550613
379193
284984
462635
628093
446145
379928
284113
280161
144232
276764
453891
499511
245292
433677
294722
666856
263504
41811
26460
419061
404895
666338
288524
681088
569333
585185
289027
236009
322751
96676
638291
215788
21570
191760
367801
652801
199521
326506
391942
215266
498466
404964
272283
293159
591096
545621
371458
126214
437171
45214
217431
60736
515549
640093
620875
320936
195626
615508
572077
48359
248799
89711
256270
95192
290429
547962
380468
403862
372164
606395
301795
494095
505272
385126
48803
570512
434863
309432
92443
159049
509554
615115
18700
575857
146496
291841
353420
305880
21422
207556
121932
80004
530086
97616
287487
334053
618156
571689
79623
553534
415904
486204
81824
479584
137086
177893
145644
512024
364159
168106
178904
44986
146380
555848
228397
623280
587725
327572
116759
351806
596991
657833
237020
518011
41899
115105
170290
291922
365771
297545
678427
231473
620551
420711
240110
187095
515359
580797
410298
598036
165275
205072
411129
11680
483611
105400
379827
122928
258992
674585
588490
464261
224726
498497
158734
575500
64545
120833
240559
247225
72978
255245
305952
498760
472443
42228
277775
620085
578716
440115
391113
444150
87427
106312
548381
380614
114949
148734
137519
327985
337428
140455
273432
318435
555371
34732
490279
322713
15434
276959
47855
246632
520650
663115
88806
466958
357353
301952
594356
218220
356314
55122
103086
74701
23176
273026
511841
148579
152664
157623
325530
386877
197186
64634
337912
358963
416213
257557
271105
191551
378064
77081
579322
15369
638418
628656
452753
128498
4314
567208
434965
255641
337673
562895
494962
21574
302553
129123
679993
138875
447201
62855
348843
224536
616816
680139
489713
492208
515998
228575
205419
401326
419921
420754
667005
425256
496612
40798
588755
457058
126087
508725
619951
231023
7922
25590
451681
204624
397454
156737
516735
304147
132493
270640
171744
379337
200353
239850
672201
652234
353813
344660
562301
361603
72009
23919
341220
431426
348538
118957
488037
239461
362125
652919
72688
508592
323826
97090
117841
538178
242053
576811
334669
477838
24463
194741
569674
512137
353680
420622
516801
306226
223409
50593
271840
430626
453333
609153
283342
269955
503668
643813
252870
288181
38166
93428
298795
369692
443134
258083
111900
114574
67915
653229
530730
271860
354081
31018
332976
529895
662313
624739
13717
233498
346931
541199
64960
447351
611681
30837
578237
483421
159845
578798
484928
481080
101459
441776
409945
46383
296645
235766
10215
424524
161115
582735
63821
27994
458106
404596
546228
442552
119452
248026
6028
480522
492460
34651
429992
81430
10088
154754
381928
43691
32855
658543
276299
434949
634085
75266
145991
146871
253586
306093
567850
568240
101152
174083
572413
305124
579889
172975
279957
353333
241771
164701
496853
341101
31374
605924
27525
83933
525441
192377
439907
168813
154848
210783
178647
625544
84560
1842
584669
389949
168768
317480
7604
334339
343632
395405
273254
281995
262850
646297
626999
209179
288336
466081
587845
517494
608218
329114
355269
650242
170098
128050
603600
185222
297624
473227
314191
399231
115115
383230
123355
659648
340267
573910
573098
280504
386117
538257
430414
421719
449402
177904
655842
339301
122612
305118
364117
118804
23485
450626
492998
402995
178250
538334
577813
76881
290928
98542
554899
504041
115299
637633
296601
432961
430938
283511
11134
496941
237732
479358
332444
337863
229562
624187
312217
241057
464661
490813
525243
309488
196317
425360
443965
355238
587240
158746
392995
551019
494071
638071
635490
96755
612686
116169
505803
383520
436710
530703
6871
668910
114756
436591
303143
384809
546449
589621
101626
381700
581568
629108
182189
109795
244411
369856
566888
176855
674758
231548
481904
628627
317557
71835
120988
672399
462898
33681
80471
43905
39949
508329
599419
513503
536580
235651
478954
68080
229568
573599
81188
543109
45579
312048
130187
406120
197396
577146
425413
237360
510347
22515
28618
422592
423368
110366
396379
377509
593685
320493
73084
500007
376314
112693
617577
175786
437361
578925
509291
353214
555433
451856
439430
600430
561474
317884
202653
46524
275882
626214
252063
347169
506531
244686
597954
357098
395899
95225
280250
212767
499369
681576
340768
122588
312421
102849
550006
463209
345402
661062
583829
610736
506158
625859
419740
493287
58476
125318
117677
458725
149338
99872
446571
271274
415847
517992
512964
403080
567334
184448
563959
578310
405126
326855
387333
277031
120564
216626
60483
595087
321027
182197
648007
565714
524555
291258
203320
475670
148671
446164
470691
220035
502425
327334
431692
3895
349268
648164
191346
571279
448148
78547
496191
661907
595675
445245
448029
180854
155277
114270
229756
132058
384813
350426
517251
634897
599249
259075
557128
454452
483907
541570
584440
572397
384671
417465
82277
367467
584107
388506
595777
305398
29930
10955
254045
256635
508843
121023
367107
68517
110408
133956
220743
392739
441633
499880
204829
282403
134003
394747
71126
432298
550415
299096
77461
171270
435365
120634
249896
610152
301835
121135
297215
168414
116934
51981
563890
161653
64001
660321
25435
175092
529838
426997
373840
640532
644310
465337
233659
484446
609781
536341
577187
620667
486566
350746
289774
157657
624800
128456
629918
262958
506861
197614
503475
66381
522433
577047
559688
125381
226425
405929
46347
37604
339144
19346
599474
512046
132976
658447
444130
607742
651406
676275
288196
80975
508492
332484
16929
270573
112952
319753
19226
306298
312750
28927
150296
204914
222029
71542
493401
281190
78057
319607
333461
192906
583100
253535
643025
505294
360439
408972
468713
10829
382876
421999
51542
456723
122733
36441
205595
108652
504448
178539
591988
235007
460763
163882
292288
298161
25224
611746
648540
553892
195035
441780
84095
394533
315545
102123
92128
469789
443477
664213
151808
388576
210771
517037
215470
561863
314184
327141
302666
97302
286619
4417
500197
247058
135028
565301
1064
365382
303424
185442
667245
74938
534369
286573
238774
278609
291116
541667
575758
670831
468807
69865
433313
675074
128047
332804
588588
78746
83388
335532
629207
229670
260361
517121
449226
561940
91499
232284
324113
177460
679014
460414
467678
433734
445694
658082
110519
82063
296846
232114
603444
16277
469479
547714
151198
492672
675559
520856
652394
664489
550137
681766
563636
492753
220308
606057
623315
74910
414120
409152
557403
496466
619856
288639
493335
502842
157629
599637
414826
23296
316571
627410
524874
451687
198733
190041
141882
350916
347341
447922
682714
96721
412497
378480
567064
186531
231008
41915
203776
342982
304529
635611
122771
417499
674117
543762
68490
599542
270573
12879
668255
287104
326604
228601
672632
8432
627606
452892
183370
341251
537885
408646
431901
576449
174978
348702
111622
321029
652120
139474
323496
636314
54322
78066
224441
165588
550303
627563
134618
681013
138747
45243
94176
610212
481904
479414
633249
329015
52522
392577
152163
511945
139746
564411
194773
200029
513812
657030
518280
330577
255277
426750
475089
496887
289890
297040
273474
678958
43000
107240
442398
110459
18169
587344
64716
43986
38622
40831
611236
88559
611170
131945
671841
291170
218305
657563
544664
652479
557166
564296
274885
308204
490552
513775
462423
200996
321948
352581
129025
596385
310803
60539
501842
295827
359013
549286
268144
163834
497396
333884
423614
449249
463297
77682
127724
442346
551313
437473
547842
438031
669787
551300
555135
163344
161668
407445
218945
72095
316502
187133
345913
318986
146781
361338
11067
674658
434660
408026
246826
565563
420185
213766
679498
27253
23562
6837
349410
584298
413266
512838
67812
610324
553212
228473
349894
222830
113879
359394
381981
237821
108906
89889
216482
315084
335431
51944
56952
372664
21001
550172
65018
260445
200522
428469
477550
140171
571856
544718
425261
545567
219318
471318
314846
191451
338316
593207
113383
553060
615705
93899
653152
404337
443551
604622
605754
404809
76236
87435
18198
657167
334419
408581
229776
193473
18467
367286
183603
280164
471008
645170
367032
22623
587357
396398
486624
268165
443648
92728
14380
193539
454684
607729
223888
213408
476470
379524
204851
148863
392775
322649
344819
213176
483025
324871
242168
139984
180843
225444
188080
332865
451919
103718
303512
214603
293558
82944
188382
519086
376368
317601
262192
23582
108668
328720
292685
72519
107705
666763
194825
251690
211625
620638
347739
497530
410140
47824
171427
126280
339482
541247
102887
181990
455922
77230
587265
32512
389703
198537
166815
83149
507461
237216
547445
346789
506716
551727
597373
407336
39791
270814
178642
611734
482737
313038
57410
519773
181551
391645
291293
596293
537681
271040
527907
285565
340048
1596
456400
407129
616162
488031
520911
428390
160991
167614
656508
131324
33742
533236
259336
450949
66630
426303
458814
174747
439522
373083
422629
242066
83171
372341
673302
297634
117234
275681
328539
336976
524781
132219
587237
255787
93439
125295
60957
513877
207846
7995
614858
94466
204427
322847
421044
469040
203013
212722
98180
258567
449982
519194
528223
429057
406678
67158
250768
500208
534419
443584
587768
674233
143268
584797
404591
589793
627934
189753
497262
190904
212597
56263
140434
651063
30166
87749
573380
160943
552511
260521
285392
437862
581228
488905
101348
61099
212390
429787
532068
52127
335832
241777
642971
202646
409838
595617
577732
113542
602633
459612
49148
627512
223852
320106
87203
275455
287115
566817
374734
654646
51155
474194
376360
125936
227937
522110
497848
222292
584276
395805
604672
235601
5240
626594
511532
153194
519262
204132
89906
46763
305479
140872
246711
563451
637275
172128
402600
540964
568842
467103
151954
211366
391490
92257
28591
621863
113086
490073
338314
474171
34825
547642
376701
515012
156914
12063
378803
441368
39440
466322
491031
303566
243953
388542
681226
545529
402852
417391
516815
29702
595834
252919
503567
180581
382430
651231
269516
2470
195009
296732
645872
27660
257480
64801
605917
248764
155035
92288
492831
648861
238930
237833
435195
251780
586998
652144
374998
56912
512992
36772
432018
132837
402717
321922
407247
481879
263415
516133
674794
549780
456602
37846
120140
610423
260534
216572
647194
58177
35020
518230
255751
365826
453728
452211
423472
667154
113315
277939
335913
412355
498361
611858
293814
337279
595664
24632
22270
577011
655237
114290
19954
630262
75701
333267
4202
229678
245066
648564
335266
456080
657551
648372
454213
161113
509268
582689
658287
271274
164023
539257
188760
237268
82054
602253
663562
158429
208351
392072
621469
454530
381313
345574
343421
647662
12744
630630
231514
531962
382867
397284
421922
40865
153191
356035
513026
50761
545707
648455
125581
262986
449565
574374
7579
272864
192537
635032
129884
283247
161360
493062
12506
120549
158918
108323
225606
58650
438260
264492
315053
258942
409074
162045
351995
7100
232534
41361
76315
565196
488730
530442
392641
492734
428275
622217
309899
276186
512427
209934
387963
572232
294458
209575
36424
578115
320696
444180
4711
388048
10576
356073
441287
340118
276193
173578
631598
377269
274418
666405
533858
69211
178885
43211
233636
242807
326286
589174
173101
518448
207288
373813
309888
273935
523415
508805
671088
389845
50690
205445
279876
519794
45738
16295
157144
102637
209
561640
541524
57326
334378
284065
185107
55697
19566
312320
179867
128113
269225
386205
294504
635971
342992
397662
466308
89588
381033
16624
664138
366275
373921
624322
604757
311363
98238
422862
421723
504949
408892
423913
431692
472463
640441
386953
404971
161212
628212
666786
108831
419154
224744
431191
167428
537754
441938
459776
413085
27457
355478
386262
378527
29928
152580
591894
608394
449493
289655
536393
661849
367170
447837
39303
41272
144813
646792
603769
247939
469530
134462
215371
89083
98688
154599
255418
666777
450357
581794
301072
504672
337630
170189
405085
589464
131869
286605
612622
252718
201930
631979
47925
177426
316146
466983
272911
604782
514139
509627
136092
482564
209140
180447
641463
126763
106431
536957
3241
665354
170187
297425
27915
319367
375116
260735
142570
669826
369284
195283
642656
620556
443009
350364
514860
178019
254280
257854
279832
21891
522648
652255
173987
242698
78198
225396
318353
613643
105965
300729
609799
348419
356698
510644
348467
528775
82930
146271
276959
7853
79627
521104
239563
163644
335418
561985
99988
576260
294026
418829
567859
77718
543019
191656
380579
443172
403340
43608
551969
541791
477944
309205
481634
677483
528822
42705
226363
173601
267418
385779
150777
100888
571761
293132
460656
236918
132860
202386
464605
664711
626321
178981
79600
327642
168441
394024
613346
86563
294178
675522
359567
513162
223573
120716
235430
323638
364094
280022
125086
174822
394874
257652
100976
420599
484940
569695
76764
203570
27300
18877
149973
579795
623455
525373
521366
582302
293863
476227
653165
247249
662817
186904
241107
642899
548591
626661
224453
561217
377512
15778
372807
628348
474260
244788
410848
265642
361278
583797
415219
65267
681131
486509
373869
134469
111322
639719
86575
175859
363027
238988
410339
429846
632111
296512
546573
426191
119803
170486
234421
22757
251192
551019
411187
306110
233448
169702
572932
288216
394461
160361
381173
99214
197225
484136
268605
201744
24511
33667
401192
189803
287300
162653
667841
354537
288589
262467
670361
598842
52709
192464
245381
340849
252807
256940
287454
541296
288093
7683
530285
651153
284677
427736
368031
673583
204836
567375
117727
660161
214270
4880
115314
446162
127628
456457
142689
605225
21020
78980
97448
123059
283302
479311
13866
226523
544349
101690
663151
374790
635823
492952
661468
76698
420121
502663
597865
57836
275448
599260
400589
455801
392393
411298
331021
437317
430644
121561
631626
593244
207792
640779
517660
380441
134473
567642
441584
554610
283745
343237
670822
399283
371353
243112
39625
72990
173541
76136
34507
448691
668206
259607
677120
474504
233799
528368
156154
261092
622943
264915
372317
377038
611248
94277
174064
9116
31479
283410
307953
63171
434425
265903
535184
539511
601625
172084
438733
156522
398761
622870
281903
515134
75166
621319
389938
79470
614514
20804
676313
305911
373993
347504
661088
475354
287858
272059
133081
491032
42088
94489
484962
463489
71015
633247
332392
60118
155720
453229
64882
40103
339354
162735
138644
77963
332856
457927
635687
192955
30529
187817
411661
58653
34029
116365
350975
155225
656633
130142
638248
548009
626006
187630
485202
380421
541664
637230
372967
292002
319565
124011
193704
271249
253885
7141
487421
577126
435556
146490
370694
478691
391531
195004
594023
536807
644171
104246
415038
474731
245030
232480
496593
606442
221721
623699
495538
154802
312244
286920
79684
6725
559681
583581
517492
384323
420084
5095
642830
670448
678288
681137
940
169527
110205
651490
664779
677998
297221
38719
452317
226266
111026
376945
547596
586220
586895
72895
436017
420608
289222
106473
74426
155202
304191
301027
255251
429614
341749
333182
259144
446879
149842
88493
37217
395598
604189
591933
162013
381496
498389
46732
542785
237987
440121
20501
188481
418058
93352
61657
233540
22180
88235
65658
441404
372109
265789
587822
477546
649408
394461
342147
628993
253909
459218
636560
282094
111141
413995
462276
108157
293819
37462
464874
675397
115812
273276
131990
246657
316678
451053
658935
155522
312567
236823
320301
43424
646708
608714
262599
307552
524551
271899
551031
444826
190988
151017
451396
560041
495181
163983
241351
199364
21317
503168
589246
355707
547957
308811
466173
332441
323487
355792
50014
458852
53082
380325
284530
252089
102730
197665
170313
6121
462410
238641
415389
652553
381509
535932
274248
448807
667346
500800
75256
137067
568117
43458
364280
449717
343902
297825
623654
508300
49619
553548
451875
248761
102642
657448
108620
635910
416360
56946
127760
562398
315719
68223
413933
453357
461091
547090
290463
275504
137495
77837
365358
374722
422418
408400
63483
104575
560668
456517
171254
99734
421558
191335
536085
415312
431365
548547
124915
333619
413453
497774
332282
322767
367172
3552
367416
656142
413558
381294
586481
356298
579394
260892
362862
474518
9489
47214
482187
136868
362115
311009
345655
91220
635353
454046
285407
160056
78679
635151
385138
626782
161669
84069
330928
282845
397593
629221
340080
17652
119549
164610
6933
521004
658699
621290
434587
670869
53015
250966
46359
178043
493747
11805
200043
59364
95043
526219
164379
27114
458603
167946
86812
542066
106417
135265
503452
356065
2163
158356
88789
586280
31691
546540
602451
464831
337040
209895
423771
100246
130629
298508
238112
130451
229032
401259
343149
188524
124258
67553
406506
447948
676020
567264
354515
445565
143538
305013
109766
430910
287982
245576
31902
560770
75431
336978
355421
388785
246716
503564
115599
498760
248802
263718
643353
172491
472182
537565
68814
307197
180548
457963
454083
455949
194793
229728
528032
101430
80416
61952
408680
440938
95243
69060
159446
501339
465008
424805
553318
606541
589776
190902
92272
461974
152146
252872
191898
170732
385194
658364
545738
630937
66170
520195
122246
154194
594053
675083
316190
50113
558254
142952
136254
292303
218839
290815
276667
64939
643232
214986
260378
104613
642640
355675
179647
21806
280604
124647
632764
330247
323240
269187
484643
149761
326375
469703
338407
591795
586453
378160
68794
532411
224121
223097
579799
413465
21012
68286
100411
554165
256796
86136
301833
490946
366742
409353
438333
392258
380694
270952
633034
647987
419000
625530
92588
287530
614528
109382
431441
173374
75046
372954
673420
626778
541278
247892
380669
213638
291553
305047
194136
258665
333373
586713
457032
154346
49115
190519
595917
358857
485602
175244
219616
649681
430544
89096
140058
510677
353750
216433
594757
249708
114034
555509
195443
98369
342694
195062
168076
348196
435226
470406
218956
455121
450897
317721
56895
406539
77685
523649
436010
184524
321464
553096
207159
488635
594175
555322
477827
553572
353622
312699
240739
464029
639528
73274
339072
80913
336866
299727
378137
470618
605498
341887
306954
661324
354209
463843
441072
165121
655624
178090
327500
607647
529668
677778
311960
227713
169424
614678
63565
473631
282580
668685
52396
620761
512599
359723
80132
227171
399684
395426
169142
263415
234530
232317
236229
53614
496616
196101
234405
667270
552254
43738
438679
294238
375411
266529
501811
598659
572970
402735
620193
225168
451249
75765
362491
443414
423853
392163
194061
388078
551027
504264
152410
9336
68191
162383
162773
540588
204701
252756
276157
654185
494832
324713
605549
500678
624069
520379
15885
129814
422856
653217
628774
98656
400424
171204
389937
71399
644448
406581
268367
365193
530889
257983
595386
611277
592122
162860
391410
349530
246109
200291
587100
332903
261025
665684
560214
261225
37305
237205
373698
61120
18044
53161
215447
523187
650919
495342
545854
518914
334374
574895
8037
258539
214473
527490
562045
622533
96796
595850
282016
501503
224384
644576
547457
252493
526653
383214
678750
73818
221090
485757
8411
448754
33026
259571
3251
385047
498641
484994
527205
408031
581195
663930
286101
45456
237091
359837
368904
135545
552191
65683
375680
483449
520952
139093
236723
138903
417196
566419
473289
355223
673864
453034
205954
518447
349415
293011
288729
452238
273209
133197
388942
553200
682751
399109
312808
447929
425742
373009
144206
448570
388232
6886
21964
31619
41386
10496
26598
214727
172338
314505
460850
465482
291698
192628
172098
159983
139807
266578
199983
383865
217732
120616
163960
644522
355909
49082
663923
591225
244271
419878
519995
618838
74358
496162
248046
253814
528791
572375
161102
361320
229814
25545
156332
581440
603581
173238
369725
285066
277521
269326
238062
389350
445335
539948
538328
237308
31403
45118
376686
576268
482926
163655
545435
381933
96473
429443
410617
479984
181557
464456
573142
506607
277767
671873
594584
588020
56992
617938
262549
122271
635747
499288
648374
513391
644629
40247
620251
360937
255077
341203
317714
396590
115366
348623
276085
251800
232294
556294
592419
32442
383961
254978
497816
245035
257523
32466
112773
471183
46651
410568
120240
458872
24199
136932
367789
155926
519545
609469
356475
278461
385809
147389
670718
98486
387048
123016
51975
552022
421478
115163
340787
656101
574326
529694
319326
641067
53966
412979
298312
127964
401177
39800
598922
264253
283432
347062
442646
669610
257574
466651
627751
261965
447027
524081
643247
525210
563120
313176
561701
322982
288584
655534
184142
560669
168395
329927
211285
434254
267471
259348
493974
166883
492311
551387
53603
627523
78070
4468
227928
613238
644948
9600
432144
27997
27402
409717
585110
180260
368049
394218
625536
483715
575178
361273
375769
127834
156361
288688
150461
4133
434074
98431
161247
546704
649652
400735
86461
109679
60964
514686
390654
253247
499247
657283
559761
229069
580057
527016
234920
90469
116841
613574
335075
513647
587442
631673
470739
20121
496379
417380
179796
628456
77482
112660
73429
950
570248
68237
3252
350732
131877
310401
89907
219067
197058
665294
464746
510801
643464
558635
558139
139996
141496
362839
21513
373488
99598
175353
347253
140667
608272
73005
559362
442204
430896
614365
387451
110603
67234
288872
480755
332387
116760
373986
463899
83228
191746
269509
126012
373300
17181
234728
385337
589210
116522
117689
429076
612003
313056
545743
597331
460241
81935
581435
307870
395133
341033
335031
41486
328318
172000
204519
32014
341329
15196
572422
642558
478216
587277
244414
457525
472265
423014
553364
392568
292376
321169
277998
416295
298091
97309
355302
672415
137134
669312
145736
88384
586893
500007
392581
655285
325862
614921
676655
446503
21542
233362
264541
320988
437931
650762
633025
104567
636002
549841
656518
229984
453970
382814
553773
22035
316665
574380
377534
105092
239285
349199
436449
222047
50839
674275
329781
649976
467680
407620
307710
375379
77279
92717
483529
344079
637575
412680
443196
544276
121441
253209
672465
580052
200299
372199
628595
222548
446485
126738
460253
192309
94558
636932
488489
481231
562056
67521
434564
109328
31387
588252
528128
600699
411529
118423
623055
201874
618919
5436
418736
86758
10939
11148
600020
70684
370675
490280
550766
408188
117366
592204
408778
513845
43882
55002
281233
122581
216862
390368
378753
260555
501372
630766
534128
45793
581263
435359
147639
467716
314193
342688
315445
45858
468656
658393
102888
69295
75770
626012
77712
324815
635859
118892
220348
226167
115135
538220
611936
506188
327381
230593
625442
585241
507154
566671
342207
193063
633026
89136
444364
55215
400561
176044
142507
1780
71424
614442
489040
443632
252778
319426
225324
635653
624251
283740
206289
343046
310997
544754
130233
10068
273560
318716
16133
200086
154291
167205
556637
583686
112250
136971
234199
291523
103392
647853
128512
306697
217897
640038
653741
549909
405667
405244
222615
441220
275675
478708
36826
130977
407646
580039
137963
36064
551931
140386
124668
272367
509558
576268
610625
361409
579548
618864
63639
3442
333963
258292
251714
353849
396340
79613
346320
312283
599469
338140
680073
573364
245837
351715
639564
327783
524595
45921
431805
298237
437179
152616
422798
636196
579025
40464
9096
313695
482286
141955
398127
136682
75164
228517
313959
510417
315970
136385
633015
132652
445014
39822
53411
434556
424739
96993
217634
579865
539815
461175
222108
563346
83986
58040
68530
37844
377996
632194
379562
209232
119777
669864
281672
328970
10267
668619
203270
589248
376758
474993
1985
132481
314712
566489
509721
268678
499699
488938
38230
436959
491742
546143
608273
547585
476727
305101
577452
127498
62233
317738
274748
335301
471727
652279
613072
322177
115755
147251
194816
319612
572121
626082
60286
162712
310044
299248
96880
519703
274820
418041
208610
431747
448637
57056
20407
456321
366626
478368
304383
292411
474729
450039
367525
476422
410056
79335
597693
58484
391284
237313
459048
425364
190213
477963
90934
409233
122570
395303
365140
482537
584993
635945
113603
292194
282521
107288
88591
67052
156183
104867
236652
365096
671622
252664
377895
353008
78008
328280
189632
144992
94675
542569
543904
99464
609855
401771
645597
5444
365360
550173
515821
128756
297111
572194
355867
550099
655553
576074
582916
216636
550945
344349
313468
310244
25530
509510
603577
194909
630727
271054
308949
480981
679278
306123
441016
72105
284410
265110
625111
371635
655548
431307
232824
203484
388720
366650
371360
495074
511956
330842
79628
161984
212018
328739
225459
112496
218313
166519
472194
274935
87292
576000
604129
430336
240804
280854
520230
12050
396780
64382
84022
682273
680930
568637
437971
571530
251667
252658
237086
89386
442177
432031
99287
195678
19319
165845
131569
316927
143835
189364
639744
568350
442511
511719
356696
461772
589898
405737
652507
104513
595025
126460
590069
157867
674380
583775
138010
499749
354718
599741
200297
420278
354798
80076
157864
315205
513511
350218
573606
534146
332069
413137
357272
75861
183679
277782
66376
537639
368584
374035
295746
187345
412447
158006
186445
411152
30529
25035
166078
657397
417361
578785
646691
391567
13370
541345
632833
224611
215752
672667
662831
318666
97363
648117
206429
250780
392516
494065
178504
621560
606874
402664
309181
548663
444817
214342
157472
257956
377151
427679
362698
372402
97169
543174
345933
110623
395207
677786
402261
573406
599478
393021
337677
518699
462152
411534
673491
84508
94474
264256
194175
143570
515465
173739
477764
552233
52025
448323
259910
457143
556017
373640
375350
574786
506205
321730
481469
649761
172387
52710
295508
649618
285470
407110
484153
53780
654496
457284
154007
364844
31303
646959
142869
211335
434014
367529
348431
116959
88444
555493
543322
475962
652393
249012
627583
1143
357140
226394
106374
181688
609574
27197
204166
614539
375579
492577
292573
46229
627990
562500
392949
642759
286891
546855
269131
307069
511009
26966
119509
411471
400354
213824
80859
632691
331406
372590
304753
43141
68446
343140
184951
271171
575127
668658
447632
540410
388546
366398
358371
81183
181201
242445
21029
251177
286348
668346
34863
519769
499659
13127
664541
46200
264371
406935
255691
379951
352124
385817
525999
483488
578848
174048
528648
222258
570318
199750
301081
7886
24344
231530
38544
239885
206989
276752
277250
156744
400129
413857
584845
307232
292038
391587
318550
558793
420325
115714
634158
441803
565373
327050
486403
139360
639721
289112
187146
324793
304612
396263
659979
376081
37780
216644
673454
204326
505041
663861
132031
259047
678820
413687
131479
383177
166824
338489
367827
605362
147184
380768
60172
10863
157208
35970
168074
590423
20249
660858
87654
510219
329949
68834
374220
528390
286937
316115
529997
414356
378706
524543
676767
311534
287280
443776
342523
480203
299425
5779
458152
627471
542956
625203
676538
84556
235721
277820
367798
66273
490289
159930
604220
512203
215933
590828
600229
96199
415257
374056
35564
201827
504186
206390
78689
57684
232280
568325
123264
443220
430728
15296
522384
66715
7617
475312
355797
529547
312048
122229
648069
391084
274933
3768
406824
93413
562906
601671
605403
195976
375500
194782
162267
135369
335737
116269
456656
103595
582646
469911
32436
324465
290035
397412
85463
76944
121487
624814
503481
133020
378815
418374
292646
107712
256687
587796
329144
129956
268391
576563
610972
669933
372188
415675
192166
409053
610768
525301
153114
498756
583746
615116
354854
269160
370954
283518
341369
344616
320327
330699
667190
346304
438329
561287
608149
337938
594756
64078
405599
97004
144226
421468
554733
455888
259363
540764
286491
245741
435349
504220
388564
276579
11840
305865
482546
586410
89462
303189
643083
623202
94700
533121
210740
190875
341554
481032
449113
65598
631266
77577
56789
355891
58003
654534
506697
416188
592680
658002
309000
565445
128987
191581
538188
70801
138103
378076
497211
540786
504800
12448
533461
647309
153714
153165
49760
503732
46839
86222
536345
475166
262275
431837
424691
448185
476353
137418
278630
410919
189075
93182
74767
183272
131469
603587
74240
571498
578032
648116
494201
271658
109435
443423
186401
137012
640521
398299
16728
658402
540822
553238
619786
2596
128104
31132
569529
437609
104059
608652
99118
332278
557136
185409
124361
558807
518316
584530
261538
94646
621441
119005
420942
211285
6175
109868
487365
549472
104623
432962
638682
226744
162415
57525
292503
82885
386399
464970
250523
323502
191735
490650
28630
31924
416529
480009
378234
637749
172319
264105
456929
185242
577168
164413
310110
620657
198334
367023
682026
87069
350372
150571
309834
404762
423255
457967
106068
3494
95547
609726
90122
416334
158380
237420
72885
49625
145737
280180
177557
549980
466690
216259
448626
158356
277853
357250
427567
417997
247425
642397
607664
162674
470705
569045
127961
509712
246558
392620
17774
82234
109769
654342
678785
220925
618134
217198
440485
285262
140885
504671
390292
61518
198346
130740
545433
620981
395225
240323
22393
383782
18805
370966
548867
80337
387854
194430
49295
512048
531591
416939
236396
421097
309363
409396
428502
642186
299556
18451
550598
302040
515568
129489
88058
310731
460590
469267
448056
434116
435384
439373
571431
398751
68938
550107
81727
280855
539437
466989
71613
626039
482030
379137
482605
347257
147978
164748
662917
313177
71437
229599
175061
101218
668999
228944
2511
295657
117279
667137
60860
2630
146128
560474
364915
406281
337531
396176
463480
639917
48431
226475
470105
540665
241054
101740
250391
108701
514889
616414
629332
99088
586731
322966
403161
647409
467716
611028
508521
91353
442278
204285
168627
268288
577706
606104
647278
203740
555640
461630
304566
79309
135028
76151
383992
467032
216449
325173
373875
668778
634420
631339
515989
16124
151689
86445
614648
416637
262230
283448
529631
496833
645367
186687
674204
582703
435857
159206
218753
4339
76575
139310
487908
444478
163551
374901
330190
661888
57084
501594
296808
501233
249912
423115
371064
272201
447626
321313
300212
97717
47223
415694
96399
67497
681434
568321
384547
476550
673306
435361
458614
73078
73975
176634
655021
463044
169774
97990
308835
437615
527953
486595
345487
647565
27783
221120
470983
446590
36694
24817
90335
287721
297159
294993
195833
569050
401440
117283
235722
80864
113314
663596
256583
71256
647639
423944
168063
303768
354310
379104
410757
424764
141550
663837
271343
349223
578178
118138
503433
533615
210799
9897
521204
481640
537341
548706
297615
473068
580854
198354
58631
647302
522841
192272
25773
577851
371353
666956
264546
317253
221653
1795
213959
304027
550516
507028
507390
298314
278151
178836
59661
114254
678483
462867
538165
11704
629772
72378
280361
550653
314348
418074
479868
307133
310076
230274
249263
509088
476276
532199
227073
175939
25086
167126
363998
425156
138612
504548
102419
339126
353914
447140
440048
506188
9015
607759
1804
264689
532292
251082
397721
358089
149804
214244
644494
36173
205290
62231
622865
598251
280852
538853
396552
541042
428790
209002
230754
542000
610365
659607
338257
337980
537730
679692
577252
366819
353479
257396
14314
673681
231854
310616
338306
523765
310464
177409
162473
84818
543094
77195
308454
100764
144094
587480
593294
131633
280306
440654
475465
628288
359727
295694
81355
468510
575876
46797
272454
107272
551234
235803
378411
50080
558210
516022
230217
422771
665608
159841
167785
132531
261046
343632
560580
119871
375439
577001
661347
348949
632580
197613
43333
415326
447393
564732
172256
404284
226182
151027
555664
501711
406435
666986
484822
65227
481738
290439
521712
205340
501707
480561
645247
63731
36578
497956
459724
551621
598237
178406
71579
326085
384210
465924
181630
656927
183652
45783
356209
132079
320683
74953
390188
495602
676251
62216
507013
499903
653574
215728
399518
245009
286295
663854
538719
163015
32070
430021
3721
195080
553396
505502
10045
180083
378485
453950
167345
535381
221985
560840
441728
170733
158041
74823
1417
596272
613407
522761
64590
441886
152310
374929
476808
403115
666637
667608
2672
524247
372405
92615
572391
332692
619201
320470
679690
76928
449285
628866
179645
269447
512072
241247
432534
143674
591339
364519
264033
356040
400872
194505
453980
213676
502893
249730
306824
443837
671465
304665
269984
660732
161051
344194
484517
215139
138913
526809
554097
319948
276355
253515
348549
471377
43555
421165
568385
351520
530527
506298
561005
371650
415125
629145
672708
367679
352632
519024
125616
591007
299679
679898
402183
184845
202702
543399
621696
513796
557564
141326
502510
496694
111586
55627
591130
211863
121792
314603
97858
212561
167342
173941
327435
421625
614538
233247
188944
560118
470304
309786
71619
653526
498063
232531
561034
30057
310622
62733
105574
165551
472533
676904
213068
339375
475496
501777
223404
510550
86477
415420
106548
154014
185265
593285
243046
127103
279103
66877
605243
608072
287555
349413
3935
597654
55273
29762
681501
168272
678075
350875
586715
599998
415884
461504
287315
627481
120874
553050
236444
358656
459300
290321
599478
293619
349178
140512
231184
313925
400138
286513
214194
235367
537474
680557
18885
75166
346069
38985
17369
450002
637543
191575
165134
373026
214220
111283
342208
522475
365826
510576
484608
38010
248708
281221
201100
132434
536821
168233
364932
443754
164614
427674
625359
513252
314398
207418
244585
267396
670160
321805
593452
160623
99139
646614
349223
226127
461235
672229
526453
267236
88720
538770
415116
63153
236054
541742
90980
679247
286387
449704
90956
16913
407776
466042
366305
210568
18388
138668
680857
321197
585396
437839
224438
87988
585939
590600
93804
444296
38116
104709
378898
146413
525619
475767
21195
454064
30556
441016
329266
133098
682477
464855
479079
147902
298746
461309
672990
536516
465504
400661
336286
178811
168720
128279
115128
524401
518770
652404
67461
334899
276113
239467
434327
679243
444457
134174
653260
419966
532490
61612
434823
50226
390747
95296
489108
174999
532924
670658
128583
103533
154296
539799
627140
532123
311657
394881
482792
77174
355498
37363
25211
143619
367194
222185
506885
33724
665969
612293
489473
279882
650412
291576
609237
530990
615959
212615
296086
332939
538880
269669
267096
550023
48792
533827
533256
551020
677076
101229
598753
58651
531748
301417
155963
267426
515601
519859
214566
413752
516205
236282
637024
562177
566968
214956
529486
218219
184299
593601
591585
333981
425261
156405
66793
414336
310443
511961
401906
4578
346471
285901
396586
154319
203878
476698
357232
548811
27101
455839
494487
553858
165726
341249
457534
563917
311833
595202
88558
167862
365781
570575
357925
353108
315672
216523
478721
629795
573438
138619
311005
416528
69116
590644
550516
440936
376825
132814
243982
588451
263226
234246
11015
335610
571142
116966
315168
100559
570815
434468
570012
414187
94995
677615
572621
351359
326230
177508
310382
182985
525013
85387
110033
460758
480321
146660
439463
477284
630199
411014
184886
121318
156539
295362
469897
52082
225671
611676
316124
39970
247611
489456
298121
657012
626549
189598
486873
434381
282248
505041
600685
555376
655277
659116
393855
556023
488404
240760
98670
425992
587518
518066
98227
109831
431494
545117
182210
128569
448306
281664
90105
57903
508873
382604
305018
166734
576675
81384
225568
57148
522512
352716
294308
90645
410705
93107
212776
425377
782
152359
218835
280075
630419
189159
5739
589575
477798
129838
555817
256184
114837
165895
52162
144079
493419
405288
188147
531702
231470
538003
394601
465194
372278
584418
219367
211629
128065
270318
382299
59854
467298
637808
394517
299650
452112
90631
154445
602979
497043
376577
290946
260795
191009
574040
58077
251840
125130
555341
543157
30158
84106
566382
76553
16289
666380
370295
651710
121742
370760
353422
172107
72796
592628
323599
581376
403573
639951
48434
5906
523494
133621
337592
86011
545738
660935
176061
467521
365920
380398
666270
35041
653493
473575
182519
565244
648154
489043
557400
280679
262906
554490
441884
382837
11209
650544
632757
289333
156513
277217
183868
593113
249281
71726
648886
439841
222078
347560
613135
581606
318076
257768
656091
18426
330076
374904
278102
276428
43190
214961
37609
286366
227349
448963
265537
498690
393593
482249
539790
219598
112866
230977
598605
226284
637268
340968
123513
442247
575385
87561
439135
117439
214077
58528
224305
489705
13219
477925
337756
556601
573201
638937
312002
496611
125917
127902
645415
395824
555373
680741
431098
70202
207924
236162
153174
643109
106656
190717
60617
247141
61764
638982
251597
423656
167475
436197
570993
617666
534047
373899
372649
315105
315118
638967
152074
564434
374454
70362
469910
135501
470016
74582
192764
390789
259223
60749
395949
576337
407804
675292
467371
181600
6206
382452
47591
530590
390264
255242
135601
23838
270701
324896
68269
265612
209447
661806
627963
555604
545804
352367
528065
57945
215624
624715
530412
579974
398600
508501
490215
349010
301318
315360
135372
238248
72092
270709
404965
123189
116672
600437
616645
51485
81648
127384
163543
459544
492048
483343
76902
163169
138071
367942
662946
398390
433097
516000
407508
622899
3830
490938
620453
426820
63620
600725
387902
422711
443894
458400
64911
136523
540735
605063
314887
240383
291939
187603
133679
350270
383006
172088
174585
365843
437796
431725
354186
171907
212936
32388
308637
392182
603928
537976
277787
535290
5735
304410
150940
260901
414517
528482
10214
1227
526245
49298
266973
348062
283996
490121
33044
205724
261688
345578
586087
652773
479249
486955
28168
629133
79944
28274
547995
72035
163531
484134
665842
96527
354520
567482
129095
394849
401802
104050
230843
186799
431561
501578
87027
596905
624761
370410
368150
386658
188814
526092
129132
521852
613489
522199
167276
355042
346641
400591
299527
256160
618588
451374
140382
495362
442403
465166
333524
536277
127730
106308
122220
622329
511026
388523
524687
31601
609365
179258
303581
350524
194914
54438
397365
36355
424509
543862
560642
621374
7122
532637
349537
674956
562154
214143
479374
439370
135481
632510
273880
516480
533648
319916
673117
254620
185222
606657
609514
197240
20496
59956
337388
153622
245519
679829
13413
424634
114142
360046
640822
451287
321656
679741
10229
41636
267715
407378
454321
125109
264433
54596
535970
131572
545547
503253
265306
453805
293915
667214
342508
632531
258497
434557
211994
627490
400468
329067
568890
207009
197587
390808
446566
104352
171566
22897
435028
107503
664868
278220
234109
171401
394498
516131
630585
228551
652338
625303
7453
335891
376734
233169
53515
545015
415955
148187
59568
568670
661326
384098
278580
181608
127154
480564
321248
587251
613784
527566
587269
328460
448027
118792
423517
391880
115087
179260
126533
506351
403939
492775
82067
489645
67546
415055
90720
243328
382117
509227
294627
149617
485415
242469
133294
408047
306774
613747
93863
401512
173100
214800
616157
28858
194189
580689
41945
492923
481497
450150
138678
414613
194540
2621
186068
96456
79274
180095
662967
171225
346428
96293
97553
281559
568955
550125
57965
37273
252243
526202
289311
534869
354147
427570
326661
583159
205075
338720
129535
390284
216329
598258
471757
74613
31742
319116
557070
659612
663616
580597
85449
568472
351469
634645
650436
209924
187089
640267
319464
390478
425692
426202
199758
152048
435069
588095
534407
577514
642309
223793
113212
264316
546516
604282
421887
484320
118547
67654
677936
142446
289518
518134
614544
258497
192716
628006
643836
243287
527577
398667
163198
340883
154224
66609
551753
417672
91050
49297
310053
124569
391414
324259
554589
488242
281775
270590
520556
234998
232712
562611
96227
573343
508990
521656
510994
183072
525896
60654
600871
316974
348783
361151
216757
144161
354029
595852
54003
396249
510532
228484
433326
682754
483370
295338
43288
663590
281067
513759
352058
224662
81139
61419
451547
394161
549108
320135
611658
79736
192156
368366
487230
467920
629958
220024
399242
220109
231696
543277
646408
672117
126621
233812
241523
36414
305242
102318
631444
55366
77384
680153
2197
622269
6624
20302
340045
439574
53804
49861
234990
116616
641717
136311
91525
569495
495463
485033
575642
58929
549949
191974
40666
522160
375250
73775
534337
337113
289150
54258
85578
328668
252261
643899
364302
282899
540091
279518
227877
379133
572656
568696
372919
259168
239474
670020
158526
225287
204219
502061
355193
572631
35620
374788
5689
31600
663618
124862
659982
365130
23554
631696
413174
627833
119699
444947
244592
484053
47885
513879
84084
607841
399697
542325
395031
282316
150065
296022
438364
291337
163719
530622
171392
438959
136378
476830
582823
239347
181914
305152
257686
534393
500341
236883
52477
336830
192069
390288
236289
430180
95705
191592
388688
159167
89801
142628
390178
301797
666657
614127
280342
53553
457325
65487
601271
644513
192202
382483
264152
357607
512703
182923
358472
2719
482884
415119
50242
624213
77192
307340
327161
437336
109248
80024
170479
428432
126384
175905
102968
33116
432702
200801
554109
215388
72267
627175
102003
96565
186060
595681
352784
367181
434436
659555
128989
470067
509275
635141
117240
268045
269707
498170
600221
243340
398445
570691
35631
555334
555476
205429
478961
49219
641632
248560
174652
463607
627363
571484
106258
64275
193484
462427
259411
58442
343005
190542
569484
361532
52018
274467
23796
481526
632178
492538
527787
538093
416674
644225
681164
591728
615507
488024
288215
236077
633423
451269
364383
490947
591662
353118
342860
93808
146068
242290
216474
203480
652865
394743
625944
218476
151807
212135
471884
337461
357037
186962
227773
61623
544459
535287
318287
287132
424778
3341
393516
219707
387162
181598
445451
554316
178179
28627
110030
159934
224279
580869
67046
439232
292301
542044
410201
85540
318512
225150
162573
155060
547420
41666
296980
562117
303236
253174
625395
597554
356877
215130
559641
527287
206291
624470
354034
572833
169582
397364
220570
557326
203510
675311
405334
437114
193914
530785
416831
660290
55087
143681
474330
26151
175762
408562
98550
521177
513293
627830
373305
37438
677149
207626
270256
678506
374976
267839
402217
378739
144879
472261
435066
215672
236220
260229
99489
429544
349747
545912
111315
73558
284310
348634
664849
445796
390418
513271
279442
103285
592655
470033
358330
513489
435901
339957
379739
423819
69522
488908
639731
542573
609420
286896
332346
289536
46196
546452
56801
460155
483642
631657
604635
205176
198998
132202
111339
537619
88230
447729
201556
327815
283803
322935
554851
18768
270443
242157
623768
378991
381298
642264
33241
398616
142077
562231
294095
406534
126849
402808
399600
433790
478125
75044
236258
330323
422588
595064
446408
394872
421653
78779
680145
413313
20173
175337
300595
274633
572532
410633
513955
338787
219665
284111
44205
28900
522436
419879
2565
613632
316916
196754
450804
676201
486780
598554
22463
14516
72294
424204
518487
616959
661729
464843
244725
362448
661355
217792
557840
597669
175482
483803
387848
28542
543025
392851
550556
310812
564547
329469
389586
268737
228882
386739
70705
337494
59926
67888
249719
525152
248133
681272
539356
98260
586056
287644
286495
246884
21509
621298
378240
480038
62311
128353
525529
336320
241755
637101
153428
632459
486290
370381
548548
144101
606340
623330
513342
41159
295019
343167
615337
383526
523278
500108
57393
341492
585193
154944
232740
290075
605302
95490
531057
488913
507549
4070
346414
297843
423761
72863
430528
638281
441184
453559
667179
258845
168589
66456
67162
84762
38100
396211
435220
485815
520547
149561
307182
154785
85185
552120
466247
659047
603868
650754
402909
568651
100647
596523
273066
594671
380203
459351
510119
227022
635825
232006
93619
242267
486876
601500
298721
239960
13918
114609
43110
561620
473611
267804
63177
568128
110936
551728
652604
287694
365543
333686
396869
489851
157867
8670
312946
203029
472862
489226
484048
563927
266755
181806
110766
46975
329791
560267
390108
225010
239107
14710
452088
298645
423700
653266
515782
91575
561445
409895
162205
54533
682532
222907
35774
452321
278408
325742
62869
51831
22497
313686
228742
549120
368556
472608
657944
141943
187555
347527
662760
528907
649068
55284
285641
363937
317342
488076
677416
368312
342596
328228
595847
381754
331262
504338
144775
522479
175196
129328
514876
258058
175652
388440
135556
32996
540016
409348
172131
463049
671736
128259
53522
587610
653816
184484
384961
242000
259520
352107
365745
124365
586219
444783
367778
492093
585209
304423
386490
368935
322990
138364
200109
295814
677336
475151
122937
80811
301598
140628
677696
396246
16677
106413
600690
188512
502122
346462
473969
267371
214117
599898
276979
637305
477702
293007
480456
644596
450395
548188
53951
626314
514472
569244
253121
216597
586005
646305
479045
455263
111947
322818
670345
283627
172708
626606
280653
22690
402507
332587
306789
282424
469825
420287
44654
630453
356801
581801
555569
236395
101186
418313
60776
94726
248187
181901
150613
223481
114639
266533
403466
591030
516904
361543
218370
575916
320555
214255
342970
354249
497307
183984
368516
437336
138782
370198
88462
657543
466862
670977
15217
568442
612435
606228
5331
263504
476541
577175
141929
149359
448643
276918
346335
223568
591370
671855
329470
279274
103379
92142
599269
616136
195759
479362
423560
585194
138161
2787
596140
349196
584095
295836
229225
676219
660411
167851
462419
524623
558969
392451
508927
446236
563493
472084
399432
474915
467380
358173
457550
6273
210282
556036
248673
86842
158959
663848
498236
41782
307732
482648
468520
194892
94698
465806
403945
270927
526283
466932
138589
204572
101339
230355
290392
566759
215565
438026
364622
645448
185083
681266
603385
366520
342320
613121
247227
13400
593313
76536
535747
14916
334267
106976
145630
597911
365447
234830
10265
312828
209448
369206
613223
513553
148
616647
326529
278684
299275
589610
314920
351671
432953
579220
133859
651990
385378
582467
472910
8818
18587
601787
651921
309321
309250
340496
484220
600784
312229
35995
24752
253588
549370
92037
596808
310821
69642
151470
2875
158589
96276
321152
258301
207506
456236
653582
73065
301872
594452
206945
62728
221002
301968
429813
538006
200720
329120
596976
263290
147780
297984
582006
408132
467708
58874
673192
605864
182988
134418
280968
223218
270379
642670
378966
325448
392432
576606
420018
371055
461087
618292
546609
115378
403606
122942
218914
6363
516504
337562
676652
21764
350626
440158
627239
185443
259688
3356
492128
158325
424815
286973
337152
235200
276010
65510
162013
148980
373120
109791
344553
253641
60093
291911
327167
555122
12983
291172
410876
433183
72538
163566
406937
251566
504244
120133
325972
158261
66662
189381
29378
76533
369142
251419
608401
151738
434492
185918
428589
658110
73439
436009
127027
281380
314977
120485
5715
511758
223678
316201
443805
116264
586271
209486
582613
627203
456235
458674
567926
654929
493245
318647
111584
611987
199413
621366
173315
112254
298319
213188
583943
321872
396291
542087
90559
39344
547972
28081
529622
148023
449025
428859
639850
494605
16444
588307
71928
437107
15284
467296
111328
670116
277428
259410
304219
251808
84497
499664
230224
333359
84066
174290
347831
372943
486085
140159
550436
230677
348640
653195
221116
638449
401417
639923
252504
16905
256794
157101
107495
418234
128156
394874
460537
196553
303460
107767
292105
364563
54976
210484
678450
301622
417959
522894
673513
57389
654792
339802
18730
398343
573395
162313
192948
513764
639211
237907
557840
546259
19311
388159
107010
469446
228159
256754
444315
144489
75991
420485
100163
618704
319249
183719
17106
646961
178467
19874
405836
3302
79713
163596
462253
590541
265919
395516
11283
305130
456648
321816
171428
106117
366844
63214
289267
636318
505884
213745
676536
476227
231773
83281
267901
544710
257961
555165
6244
625098
71191
193507
493208
555404
164661
495229
499173
473314
563002
432850
669814
644528
574976
304789
324960
527759
145719
257844
167272
541158
377761
337949
613683
254548
276154
186382
9089
357809
328023
546402
218733
508490
464763
539176
660936
360980
142186
160063
152993
424933
49006
557671
575804
43744
324160
438366
156230
112615
675200
677732
209802
573848
286794
311039
226040
311546
490394
135092
261374
359916
261736
165619
599690
596716
499206
454651
328312
325182
659067
331487
528489
3805
461346
1347
370882
386329
250560
264892
259782
439330
143554
575249
263246
197771
600080
612651
162651
253370
91047
326313
618751
291133
629017
227974
508672
314095
526082
500892
450356
50813
424570
7384
534076
368165
17871
215314
679042
145433
307690
598701
562376
90722
547251
526235
620184
666590
616332
113984
391941
411134
488724
318419
572115
255013
504899
428366
485672
98408
170307
645573
305573
482819
636132
540729
579488
438386
191510
564406
488638
25742
546034
467550
338193
679301
301108
16680
139367
557954
237788
136699
497174
503648
571660
164021
511222
548777
513326
438325
379735
313955
187152
160843
91465
383751
297533
572930
345651
366585
191061
112349
539940
240821
421497
191200
442720
466468
599366
334893
626718
194424
660524
651251
21125
668916
679141
607574
402382
456950
385190
381159
483844
223219
377401
463540
496979
465439
45285
205648
156355
486242
612869
208861
105243
657912
299768
635969
522380
68371
583784
375696
679864
418023
530813
5994
283694
74947
509588
649982
5795
170788
420302
648413
272268
422229
314602
615737
89579
51695
74119
376690
608941
18783
296836
6921
457258
185697
499254
436197
168338
592507
495455
285241
579979
167254
390731
516219
91965
271066
642353
362610
28981
10516
554926
471040
135463
269165
645121
46976
209126
456841
69711
392713
643733
250667
585483
61596
17819
21334
52223
605283
499058
157255
79704
42210
367559
22169
682226
91808
75726
385226
78648
666669
403068
505573
41181
103392
115416
516488
442053
252880
487405
541056
595168
578336
331824
174682
426349
471306
591194
280408
240404
345865
364431
369499
378479
10549
587261
274800
34994
518716
141975
237479
493191
134345
329421
489097
266651
279812
413634
679199
74774
14926
224768
302462
298912
493608
596135
164859
503642
438356
631048
646291
253228
144891
290555
377326
350869
8048
220545
167938
221103
94459
331103
635733
548397
320301
568939
427867
290653
56813
581304
272153
5769
130526
549078
426181
372684
338309
528783
1397
253585
236641
49717
215922
667719
375950
587238
648017
99353
479988
84633
257193
334338
523316
437671
88703
504496
252859
539285
646582
169722
645005
212581
86333
144392
107119
231222
540770
663134
213087
577514
286122
619078
523793
275793
148486
40220
184051
18006
148001
440507
561147
169081
339569
609796
185163
87152
278226
560632
540527
526470
320113
412395
401013
412908
282457
578669
490620
342335
153463
660215
584425
230964
378910
675853
277869
406207
162864
43052
406315
275255
319158
595762
650477
76690
568443
455501
160982
217516
224220
410263
119659
111727
244534
517689
221768
49959
120126
466649
590037
642218
383041
107214
189876
616551
374634
536190
276603
226228
36189
431452
640148
377926
4944
409689
493535
2938
175435
247098
15192
412511
99347
624168
339529
567960
326664
91463
56547
246866
215111
177906
532054
398131
193597
6223
209496
424556
634823
209916
202199
518202
592095
597096
75803
313029
104520
32372
485684
173296
124519
550428
98163
547147
58275
635319
89253
370429
67481
166041
334762
70422
617469
76757
99232
102188
483609
67631
667188
196805
543748
409420
49423
318221
339414
386447
655586
444609
243950
204832
162324
482256
279702
365246
203546
389498
444648
284227
447893
147252
430211
22793
681247
676775
96547
20505
26348
497654
386564
432260
166111
156451
546641
631301
343248
642244
553124
114292
595785
111795
345658
352767
465644
465443
636013
236118
213831
614121
224706
477252
141316
170437
556518
125419
429196
555377
303980
2170
208346
311219
401308
291628
213468
615601
601999
51600
574854
537110
347069
654672
395706
337001
31103
46733
216178
462124
554693
489099
409216
263580
579628
82040
293490
91337
151126
164746
418660
507233
162592
676549
8193
562052
425847
59128
627785
121127
33444
296690
40038
612500
215389
63965
29909
86898
159492
84278
589040
483926
467323
671874
35224
74713
466562
422250
460287
428760
515515
667809
579335
369399
350473
333629
431165
478007
267862
517465
262138
192707
432856
610238
311896
443914
176916
387611
654790
167699
602395
496115
486612
159461
317907
395369
574834
93932
260429
549783
593085
316564
260459
330746
342972
133167
77837
221654
608080
495261
326007
421212
541317
329290
196703
571858
384945
678166
385192
606090
347427
434920
309081
452805
582331
18181
354218
363863
284142
507647
189341
531323
191421
491745
678771
673186
195831
373086
257790
189801
666056
99730
13902
590862
674802
419818
48350
84468
243612
448321
229998
345105
517466
80962
95700
388116
19540
188856
96308
567418
342858
155222
547736
443235
291234
195348
448664
497599
259689
411675
459381
652949
626545
563914
631414
103029
576886
143765
408561
641527
567321
41542
294916
264921
651248
468166
494784
261566
173302
26500
526190
652967
362852
269398
116864
208259
39532
44423
502499
510448
640942
243445
23334
446577
504810
474020
140968
202068
530978
51470
652296
162728
113321
247483
100330
309651
142051
219355
507020
655348
641077
239608
246411
351573
514550
648287
18505
660473
65070
409147
676060
533987
672833
632596
455151
269425
528069
193140
338964
579739
461787
283000
374055
16034
286293
296982
516729
2281
656345
165011
94490
519967
411887
351290
109812
545870
524667
56465
27513
128035
308555
121012
90868
622956
269214
1372
312457
498872
119922
22544
450039
266316
34307
679387
580078
63134
137549
24896
58816
534379
317615
78510
445979
134038
638063
259592
354539
365816
24700
506920
624249
46191
374711
266319
380424
392399
165379
324915
577990
509836
428061
175759
447110
201233
198074
557585
638678
303507
357295
250205
288435
479988
521113
405408
21699
433552
388929
609195
628829
568943
169687
590610
11847
458020
314567
417632
15824
52787
502833
549227
390160
308418
147156
375051
653708
68625
272068
560544
48493
50084
422163
639613
86688
575759
649602
559734
466607
533603
197262
229482
253581
289094
156148
628382
478735
494019
108736
100838
81305
281560
649948
184367
501130
150340
233693
266588
503212
639519
215547
301134
609098
593458
171479
587622
276558
340016
674286
293320
144735
294310
661433
176653
578643
58093
416075
459484
239616
437953
495249
21734
491959
425217
46677
423444
89710
402568
379425
76245
414105
644820
211238
368897
327456
146760
133995
117622
526677
566402
203066
522126
596499
398266
582838
224826
539845
127933
611257
677345
298607
372190
587196
589081
606153
49085
95547
360265
129510
569431
564690
370463
542870
221929
52298
589416
136444
136676
218537
594631
156763
32632
605403
151011
81879
608056
143965
600778
646660
186164
11831
157715
196806
537184
161237
250999
193355
168755
631893
8678
150733
259962
521416
208896
239713
645090
149625
583827
141278
582178
459905
49068
214080
443368
477076
411106
401902
582116
434678
134407
57947
52237
497560
109808
623465
298055
361990
592205
67699
113562
594999
1180
441775
338959
474670
474704
153719
230552
682336
212413
133422
458422
132567
94552
213876
605159
104722
446577
180974
340781
183986
290866
107005
391212
311124
351875
216766
398781
564825
145458
155743
86990
213777
514899
531366
150160
661253
441948
291815
632420
239835
389142
258892
637402
501836
321165
234282
128184
263700
282852
66502
176565
663117
160525
288094
186839
599695
229053
543590
35895
437050
451599
222368
345625
6310
155479
513761
468973
219861
137664
87513
152629
580166
376233
445781
31223
292471
90380
70525
333430
562225
374462
329906
176931
499774
505572
473949
296915
642111
634684
171635
224471
209790
210434
52482
389456
476691
226866
345825
391033
244727
133465
524584
481266
527738
171729
171405
62046
298657
421239
450997
611136
675146
319206
18447
330529
666851
423848
482235
540672
66602
230284
529310
543412
49179
127098
337888
671409
76952
477803
236109
252520
489980
234583
364846
429299
551289
42965
180722
423556
510707
535041
25969
343200
680116
522188
99896
591206
319608
673378
616151
57316
53697
24155
197861
337090
307447
212329
156412
514246
310751
176436
323903
116313
566061
365119
88303
405745
200854
2841
138822
320196
335008
236156
544344
27980
141371
439512
539968
14207
182532
168960
484917
233809
217521
219718
530878
327728
394857
47863
674418
583260
461733
287149
220971
15228
236943
600300
258105
107144
58247
42910
329732
295821
344016
467732
347470
376411
62713
83741
156263
233245
604212
275115
550817
551070
324093
95791
658590
160093
391476
415581
431996
361096
517302
501220
422005
353797
583250
457649
413633
444776
574865
374913
26839
127739
12327
10560
673150
228062
507372
442082
303509
79445
522304
163028
144747
272604
423208
583733
583912
588561
373844
462029
608210
596838
335979
440273
315618
629362
609881
204850
177633
595228
287939
287511
566163
35436
34603
301862
656707
645757
551701
425524
95534
96491
4044
262475
172903
496271
600350
387433
89734
567423
449327
492506
41821
182908
388347
92693
447695
75757
12618
361642
136997
505323
282219
499941
458792
235004
161388
400673
398599
549103
39117
445420
409988
235027
297086
506393
86798
32484
497460
568840
81247
505946
208686
321269
154523
365458
316980
411275
203716
654363
405806
426561
783
99194
109237
485820
314569
269162
500554
117214
369661
521470
42932
616738
216586
252633
668511
502308
258918
224723
469277
626709
640666
400692
306188
12783
489054
280170
447553
625074
110487
332407
328177
164549
159334
391493
256649
144533
48001
581879
480971
461470
615830
323074
57230
676103
621828
566468
121028
589722
93131
666856
360093
359034
445287
375586
645017
644363
393663
578816
427438
215353
303713
129999
342285
163603
152554
220753
72201
322317
496950
72179
157450
119691
148755
62557
264365
79155
533088
79877
254021
432722
369303
667952
228685
9945
426409
32837
103527
548872
45258
484544
68208
506618
320770
267487
576155
343684
145125
278602
471801
44491
79195
158435
634297
355221
89403
402605
677353
324076
336353
92176
85350
234314
106899
276753
110604
108865
425038
45219
24663
15111
228616
130193
535522
98717
528382
27783
47570
409949
558272
524637
8393
510387
437293
576329
165539
668482
381851
455798
115725
30818
627072
400091
502964
177912
635659
579114
189578
148700
7891
637831
322654
16415
313956
426788
645709
31189
668136
587324
322774
51090
262909
276522
607304
657339
368045
301019
237822
164016
314056
414994
474178
216556
184089
67298
93240
9874
100156
253661
172720
240253
563234
134842
483166
513021
460466
163544
270358
224580
678696
570602
552373
183081
455172
310606
225431
52938
647143
15524
611907
379435
67905
48937
374712
182927
589048
5691
375600
366159
101647
233224
303584
483036
431762
627333
629202
544645
273574
418413
248961
559695
214229
509052
494118
674259
297336
179854
391894
155695
628282
561264
360878
344556
183194
400211
669032
384106
468314
6162
149965
280590
167871
183109
331720
285411
195330
366754
15306
420378
432731
662639
533983
86661
404058
26741
35488
652667
559564
426897
599934
128278
328172
176370
132700
135169
586702
224312
526140
541674
370878
38945
518770
438467
421656
304390
454340
311801
614254
634147
252607
524926
106783
446876
79906
410267
206152
4784
641431
109680
589328
428929
156500
669611
419224
160505
471406
584615
133304
552850
545223
460273
82308
111544
554416
416824
113740
369364
328933
384577
356099
539602
384502
361157
80582
167930
654969
502798
181774
512181
561635
181161
59829
22604
175262
419754
143153
122870
552374
490678
643101
616069
601983
378073
539242
467119
576712
243070
233459
421589
402963
410056
562974
115679
524310
461009
166475
175674
267660
612310
580018
157
30753
341419
525058
534515
110052
266529
90255
303764
629624
76964
486012
11448
432931
661039
619066
488417
454576
106831
540895
525313
439323
528431
490799
284891
553779
667027
168225
422795
675326
454226
187417
20090
79123
403488
674521
85235
366974
173399
402435
160917
634432
290976
322851
670695
602237
448927
454532
90368
264104
430403
107774
232008
339679
392853
654554
310405
133612
171432
615399
332240
423642
631873
642780
624251
615375
549958
248645
64288
617140
301587
382526
377402
451775
43516
181337
560276
494217
94473
299734
321459
441268
268871
100693
252649
196220
672679
503310
145638
370323
13460
479688
546776
341616
379328
314023
396014
469712
367687
515579
450652
316785
55143
295944
100776
570446
430177
616142
141913
363784
400517
329254
488300
529024
279260
561307
622935
366974
363309
669515
346533
110944
360931
543884
593356
463516
331315
280751
65575
163287
506005
74383
29434
603578
117026
431644
336472
353358
614344
467580
397642
531569
74168
285800
524941
513054
310575
426364
584348
361620
90168
640139
680997
565047
111639
669681
25670
570496
329046
513963
160786
289815
587960
523856
530784
590679
168893
323612
77813
534244
360715
581635
187346
104098
195166
84617
458797
403184
57155
533871
62728
433149
234846
544937
513003
255790
511996
129413
357983
119035
448530
590914
56524
599821
670798
158983
217163
122667
50908
572514
254040
514306
147984
628634
456533
388047
234690
34001
182405
185283
485641
667781
338801
95807
381794
589451
450919
143672
533608
665904
556371
527826
167618
350974
144225
156271
315504
334340
264414
147455
136984
281201
124669
267634
513236
238329
376372
179983
497789
195680
532164
525021
323271
382362
120541
510230
311837
681716
508812
194327
83791
65415
568636
11118
95418
426403
60415
550286
39436
168761
178434
14423
436583
585702
180159
374704
393279
384302
2795
225643
386277
571747
665930
195767
542810
673701
579288
668888
145744
215272
295515
195887
190170
648924
462264
45316
137655
193612
315282
214830
68277
313917
658026
303905
603700
148994
214668
409623
115541
342823
134575
47427
180569
540069
199384
5519
278896
473585
271227
217016
301239
311374
564866
283867
436941
282215
256267
471365
89876
76250
398880
576898
181493
610472
80142
579483
266866
433809
224675
156727
461097
122256
232801
235979
556885
496610
584618
265735
426784
605750
231944
16408
261884
171859
198341
126830
100292
35950
15957
33831
573337
634841
660831
394915
106797
553120
636377
350192
517279
601191
275857
515300
172618
265780
630160
682262
589326
237405
161459
103239
492224
459063
374485
285078
119700
157192
157641
309485
182034
254773
584970
392712
172483
494401
337668
121487
436032
518437
355610
469072
88666
201603
479369
675677
401569
444140
505924
452353
143957
358922
524288
573505
614423
458665
211463
61016
302470
638196
165589
157296
334734
310420
264036
29161
566737
638519
419776
503678
227730
121858
643934
221020
343807
450120
97894
566391
644414
506496
126949
179455
444207
56703
309141
354036
33107
161260
211896
187980
175002
24901
117094
218180
118344
388812
441833
92661
443919
340519
482058
206369
274097
512767
534101
567211
622281
363009
194907
374605
102841
666708
455595
503385
301736
483657
151521
262756
293453
671126
668858
107758
675573
359926
452246
301459
273959
3071
365198
42976
637537
519349
281011
70323
634095
528187
452708
531895
616404
658688
382288
376978
242886
674743
410209
80622
386889
479742
246708
633352
644935
397977
302239
580402
434571
680586
620467
129942
87634
661563
664009
46472
649183
666257
283234
161578
321978
128767
357772
222492
297796
148538
470634
11200
500770
111844
67776
271244
677124
38267
567576
391503
382574
531234
71895
249270
655579
74460
667857
172420
464652
614123
654522
629925
563134
122949
331777
436496
476343
592319
477405
670995
221517
600707
469724
206686
100430
198329
436824
420349
15919
578607
139185
644817
676786
47462
194945
630833
99067
657984
178359
582412
312609
483633
351480
550661
386889
405233
662701
306546
255570
68643
60619
50896
666097
590971
408772
446164
638806
364590
426420
185302
567512
87184
158249
577110
36421
149107
289119
160465
649856
377045
564458
225598
450390
647167
419741
202850
388725
559282
77965
253488
111363
677045
392268
662227
588124
193972
512638
187669
137564
161799
568769
35993
257270
227284
516809
61648
273960
369448
82585
592315
10605
106490
156474
643291
390560
153132
604874
87080
67831
184702
190261
157432
234004
194603
651973
505518
608761
605865
417530
103191
568991
551771
353113
632195
378917
369936
359452
625044
640816
72306
203647
402204
412816
40045
634238
130971
663020
154280
280263
407907
294401
370819
285659
192932
589289
449505
501436
304061
251135
84339
394261
215506
241723
644310
277864
172103
205756
39552
644328
621863
253174
522998
427648
384681
98781
199343
463107
387563
73233
310315
294143
301163
19111
400195
4619
184009
6399
192629
545673
518899
72816
50493
372957
182197
679241
16462
539436
15508
549740
173764
108078
161970
403729
673685
475584
411249
159205
408076
551832
212108
121294
295366
657823
58738
629249
352919
423520
445872
314548
272419
432244
570508
285541
128154
660189
258426
349085
542585
484651
470299
643818
182703
613330
352527
480936
82275
269248
551876
279732
293728
214551
462447
456674
388924
569621
253031
343970
110239
522369
364372
107649
208675
659632
542558
423566
659926
215896
635153
63639
664477
439443
232649
37122
460802
69828
265697
519291
559914
317576
264423
134900
307744
67983
348611
530690
33607
426718
382853
5460
588046
169678
21518
329042
597439
378993
231031
296344
48794
599937
457561
626453
135001
493421
256070
54084
195088
187576
681771
72594
516720
648551
165853
424550
373922
538525
203869
348278
571946
442595
617914
480446
168374
5769
552929
516823
117323
299452
511309
137688
166165
521581
227975
22556
150995
676631
541121
609007
295078
228587
186963
290374
431288
372853
440728
553195
350953
583030
172939
232664
413068
656100
443339
654080
677254
237036
468220
539040
278412
615603
573715
500420
50231
231574
348495
501336
106471
137017
91974
398488
295527
314958
24619
324088
640176
481305
144896
253177
529902
46292
96166
61709
378207
110981
520871
43292
271783
643732
543397
534949
370551
27934
188805
583194
331349
331622
679367
507997
267751
28366
574737
367703
283100
318073
412136
470170
428939
139726
129741
135635
503867
22917
252001
525841
55
313275
508961
406196
591623
136178
426379
451070
464283
225489
431791
619579
667540
529082
166133
325958
366310
329522
52772
614016
300283
37837
229987
210865
612008
489367
129029
331533
168153
553980
512777
392293
608730
390463
323928
296184
29988
503973
205120
331643
176582
663575
627286
261207
660982
51754
30536
167556
133607
311569
269694
486419
327105
227866
106178
568515
603021
653513
524517
127863
571649
349763
644401
536387
518986
120686
425350
657172
556108
68925
118687
173074
473855
282714
71320
341624
544596
632194
238853
517970
20395
671932
601511
149351
650455
52885
585394
595682
346759
528510
118931
274619
598202
256301
610885
526878
212066
650572
474813
635014
102257
289353
127314
161740
265615
344897
496941
253502
421680
287289
378893
87454
266906
373624
225224
661299
478474
374942
675225
591499
476010
352190
305940
90329
261800
215775
192361
270722
467242
566105
124013
569374
14425
192497
168979
388054
26521
678343
476267
305000
568698
476740
192645
560165
464967
256
434139
667970
72950
470561
304304
143470
177388
30044
240567
425779
654387
128783
435267
178742
278858
103334
4130
622196
294412
481613
34695
475209
461673
193252
607309
514890
217610
251206
661765
227977
67697
493800
545511
386195
495586
224590
411368
67321
200768
166178
531957
429088
393186
164886
26904
349868
267109
682358
123755
80550
676467
562281
230566
159074
163737
369847
245108
419638
73056
626342
368991
452035
289950
582710
319724
109573
662009
149174
455265
235294
74692
638090
348977
417953
471135
568500
280478
240011
415009
353820
654310
550105
17232
443930
4255
221616
343365
319183
364735
338764
669278
373240
495847
470247
326347
93213
551957
560589
428908
171644
560461
390922
78182
334332
510351
230808
147294
382849
341707
74734
109329
129142
659660
144436
463502
52600
193665
478
58874
128294
657526
327941
561455
453340
471682
148266
167951
375968
184923
124863
220123
144473
405112
500738
545795
367292
364653
503386
575550
238966
486737
86132
114118
277698
577475
121257
273168
566436
504615
39205
104477
678950
616279
432626
148649
464796
223887
502174
115594
564882
38310
555044
33860
608527
395499
47028
260714
201007
282012
432696
35127
203486
556625
573127
349124
17252
474772
75626
284030
249331
3803
176771
443616
670579
4351
386035
319784
178110
561135
587770
595596
165794
16469
199144
468817
603455
172433
337574
172709
571598
633136
629778
316113
489680
478032
650974
481873
673243
476363
614498
69051
603693
321608
210817
313377
661933
586490
157775
78443
12524
260144
241548
285941
90770
190885
236507
432133
103447
234182
474639
468680
418076
667868
48574
642379
622241
301762
619634
31858
117828
339978
451088
269755
322350
387268
263774
191260
479051
4551
418814
229828
193381
440003
274992
609512
515940
446283
267086
498794
159454
343166
1814
69969
142309
156154
7166
396056
443635
638284
512237
577719
140523
102447
491288
15160
549223
193211
243690
5360
387936
28328
112242
175685
500576
254365
377045
468194
55631
483265
527985
198114
240716
484614
540450
239936
201240
305544
283740
610515
449597
241499
367451
506772
456674
519676
68327
340467
478657
436038
467644
492931
668219
146812
457505
322755
492661
75000
214885
212311
466846
98939
334873
368501
366005
401742
624662
17421
427999
167514
383208
136088
110926
503647
171311
33190
187987
51038
591816
306132
412756
572330
589727
261402
661697
661987
341045
673719
643240
339795
164008
527582
542631
351501
531463
627024
275110
390706
191341
196384
356586
343858
75697
213644
198488
542327
219195
92849
347970
228267
381559
396247
643414
402446
54054
213066
293035
436129
626536
586217
390208
15365
415285
666572
597568
179263
325428
59940
458657
645468
444649
140220
618703
378837
511155
390224
439750
259704
283360
145863
399259
616643
102926
642984
217590
157869
407924
347458
252725
122316
414047
577507
259144
66451
439474
576708
20540
494673
264134
429
506556
179341
642033
45457
288188
102536
440287
485140
171910
523574
277782
369702
161871
156183
672100
625507
310948
224545
652054
11397
517687
338666
484787
290411
572378
168382
391750
172880
11109
219989
678229
489507
134896
429222
114775
475576
479707
511719
529064
338525
162910
187652
577251
218252
663740
254466
230606
492201
196435
443010
552327
168630
336942
244447
45332
664260
103542
297130
612065
428289
254394
482695
217349
417875
134849
141416
203521
626845
208695
308369
551156
485746
312592
334057
265621
360544
267309
533244
82975
224732
377451
652669
569902
177065
238538
619353
290385
409875
571176
188144
511185
679526
451052
546028
374521
513727
646923
526707
282727
322559
82620
228421
200713
381089
122123
463593
10807
22228
517645
603323
85432
278399
282288
337092
475575
65562
197409
417056
204844
10706
373382
350035
671305
313269
461487
402398
254786
150464
227046
68600
112609
321369
375077
1202
600794
69690
256751
549001
374467
636700
486561
461336
451018
27744
531673
391143
656216
569017
223006
40998
181058
200292
191166
86596
108836
659217
433127
515225
528963
141210
349732
530168
601871
521490
25187
123414
72248
431748
478872
209166
124934
388024
334889
102456
94317
346958
117252
274753
73634
191221
611386
285658
72466
292060
113718
380926
437687
621584
562254
105570
483258
71460
10292
382186
161661
605971
607959
453658
379804
148597
193174
371868
144865
657552
414758
673349
102329
206041
495281
491301
459479
387436
531615
368779
300989
586529
653745
441770
351196
163705
36975
105096
234110
446284
21466
350823
498503
523499
45420
538814
221554
154627
279530
247542
61301
73326
175485
674445
450470
318347
254766
58157
483970
76269
376618
132566
627704
195769
212680
624182
638629
488925
442229
124921
30345
269898
264199
606613
274999
272800
555814
85203
514538
621107
447351
203821
80012
49446
431799
226252
434056
663913
406165
207084
532417
86905
472502
391575
555246
399210
381706
148115
486036
404580
165059
311854
646687
473969
442249
527827
560798
578785
656995
264366
609721
314069
16604
90675
146397
302895
281135
508441
440610
377930
588016
192209
292538
119589
62663
218227
347746
405607
348959
287655
609605
12738
262044
526129
528440
43908
472101
104122
302187
398503
645981
586067
606566
57110
608038
278659
286532
158682
329262
540329
292878
281712
221448
635720
378288
75908
361623
199129
117936
131622
563579
62334
3648
441201
654264
110827
315420
75181
88450
264603
225245
163310
345933
262797
597369
353043
441149
102198
582882
88208
75054
648566
300536
275416
428327
604708
535074
327123
623411
612013
527519
191
302716
235665
608806
265872
54969
555715
678137
411972
402776
511131
559559
539437
454369
648454
461909
151575
389931
610817
444953
123703
69761
530120
551285
503543
317101
438214
297221
534861
91263
642469
652514
561012
526123
140996
187050
20055
142845
322448
170987
615735
671615
488259
192860
360077
314075
530757
137763
260093
599893
424016
347843
302454
65634
97326
56344
307890
30179
243667
536684
38165
134231
423184
489011
514253
90043
620612
134511
468267
178552
638276
288774
496510
22144
658220
310071
292070
420652
548779
374081
122900
460367
406598
59483
63279
511155
432031
483319
508646
422748
411464
547480
74793
9933
395022
605135
628739
278084
146027
641015
498367
184009
270789
154289
551
66432
481017
454998
217562
121353
507495
350314
42852
389924
432740
146035
556564
603734
630156
346781
287116
470087
138714
146665
471673
372698
424344
78059
504948
407311
140116
541115
597421
135481
481000
466527
478551
473327
652695
391280
287729
148691
102951
510271
560841
596395
186162
596913
312117
156607
561270
652355
365328
360966
329224
346643
418244
40439
529766
628202
563605
561766
506046
42459
205829
97630
677159
503578
74346
560046
97363
392328
518048
602897
481235
626293
562487
511878
348590
71977
665954
496271
641599
398000
115341
610854
30204
8837
143410
300064
284167
114562
493497
21255
45203
268369
627453
354511
260875
286958
331257
245089
648417
660528
450611
262291
67479
479967
405852
67427
541205
102030
351503
661712
24112
614914
632041
665611
598229
370489
103088
201944
270574
120512
193020
312435
544688
578049
352976
38745
543681
597752
341821
408394
162914
175995
124110
550489
305042
667950
336736
617774
540582
554423
441398
37522
445995
54572
642031
494673
549658
63228
302617
206683
340170
127968
466521
105876
331903
376089
576178
493727
588030
103683
447787
373742
51525
536598
222911
85837
283562
260180
296434
77439
678924
338317
483903
461021
663840
393509
380090
284753
1639
543234
122156
50999
119397
422016
609679
470384
293257
8817
545395
110971
470040
378952
392602
458118
603928
565999
517788
200433
222684
203368
615736
344185
362822
188647
614223
615138
126891
44906
615900
350652
427491
248675
317331
628991
336679
102227
196276
264822
676977
179583
83067
14224
541108
125342
6763
365289
92676
404024
278205
178135
270478
431925
410948
351249
172436
493182
615703
95482
223140
498842
18476
187774
74020
425585
169460
276449
312744
549036
681782
194470
347642
353837
548516
367864
355406
339874
467958
175560
122806
208710
377630
668041
670598
605790
253324
296098
391671
292919
403395
192640
316327
364825
147375
44487
245216
483857
191203
422595
546420
241753
163698
28867
311479
351107
289604
578573
146014
92629
606661
308536
214410
522045
482122
516033
217935
318629
119775
392759
491319
130865
174392
70482
416958
477344
673430
680472
8178
210030
43271
24928
456833
132821
647042
572214
529217
120982
620194
9351
477857
526729
619646
21423
678198
192086
548378
433925
467041
76222
232060
41816
308055
110652
646120
269597
100339
495007
245655
180792
214873
324245
630676
589860
12106
506574
379553
623393
559987
141262
230225
253032
163868
245615
150971
385293
65143
83362
370719
129087
129230
561413
436735
341504
249518
63319
464692
681607
604145
454024
350021
68683
558715
383417
566220
139008
158615
78250
649102
650522
230482
343956
643421
677711
216774
642372
209688
110537
240944
60942
56560
132611
359197
403028
85790
605643
9793
410072
640020
277647
108596
548414
598143
147935
81808
621972
531812
677845
681936
210353
349141
575251
545438
139350
225184
354475
295518
493640
174179
46322
657347
599690
532084
164021
489161
524145
393668
494511
202490
412887
297604
324164
640571
575903
427271
413467
535519
654789
646320
389714
357012
419578
617071
29831
49105
504343
50545
436968
360379
492255
444399
202150
144969
543751
69372
384035
386267
340277
27367
566293
396445
385936
193700
84401
192649
444296
267742
251155
433905
462129
389704
479095
455654
457188
440180
397059
676160
322609
509073
631627
159131
111226
290825
448893
233629
160314
518435
533638
351808
603175
376620
179799
629998
469085
174294
205893
176907
546511
611438
3859
185512
548429
344411
153226
184891
183578
54004
296953
430567
12365
51880
131483
645983
327389
545342
463258
665094
108092
230888
111921
397516
458676
487419
85301
590538
636526
175330
657717
140938
243230
331690
152421
666126
608269
177006
86512
234789
366818
267330
482306
373006
49126
434123
636162
617717
354743
40118
388095
89326
113569
585879
445970
49343
583233
681582
559675
219608
384602
152379
267949
56467
85499
479659
505466
678128
278757
434460
532373
364575
42616
320942
563710
540473
129176
214672
581821
242707
150852
120339
270803
21431
64147
363427
422780
121706
286912
369531
296077
259449
603659
160001
113750
416338
614999
524467
265419
44083
366786
422474
179343
342884
360795
41042
600184
173226
141450
339085
515699
573792
560390
76687
278430
356884
631347
27398
543232
474929
379451
512177
574065
65127
682214
21895
578575
52995
571697
631216
150802
451438
490483
186381
646717
414980
224554
193475
69127
48729
645839
602489
664710
423004
476523
348039
224778
285978
535373
682467
49756
28036
299872
508674
134831
441767
487751
660868
501488
676294
87776
236237
341870
174848
39284
260327
372537
336544
323971
605629
536233
275971
628231
621884
510621
59994
214584
341512
190988
362789
322808
92315
368806
222777
450583
553833
22006
151378
436238
397478
587570
18021
108248
486936
320220
537827
236408
75036
272041
236591
499194
420058
102454
300671
130885
652408
251342
589139
650048
529813
69641
348667
235052
529917
401265
126681
113642
301088
119157
2959
149068
666682
448184
559729
536475
642384
347349
860
611338
198646
436844
123353
286633
72937
391896
391595
612698
293434
547249
287474
67371
609161
430861
627937
470656
500525
295453
265185
665525
500691
105801
421060
615714
43736
5709
88679
90153
371148
272075
310319
157485
142850
621087
188885
378671
465409
257278
654071
261813
176836
565311
298415
644013
480937
397288
603719
643661
319543
84776
91866
172139
267041
143863
62948
682260
166343
359670
449979
315720
44
205747
591929
532097
124528
363810
358575
380970
531374
316721
673310
624873
345656
528366
676159
330792
494185
356858
140916
621745
148630
325458
645412
654534
642132
187775
238734
388986
521352
147252
594067
104351
647352
138268
26460
554513
230996
102422
145446
616500
390360
272922
678609
597278
305684
516620
598135
251216
234639
261864
138466
579580
455858
587612
619137
437047
653481
630667
281215
657289
523899
217388
454941
93313
69970
63912
210230
427128
677909
180389
499535
361723
402878
454318
513024
203484
357476
44931
299621
523914
188990
636066
679769
433762
76574
431981
205529
211196
321505
494194
140379
110791
408252
6384
41160
5314
599087
333707
356210
21383
203959
238204
305573
306744
124511
125655
379772
493682
145077
394741
42567
54867
287380
482544
122360
257035
96108
279151
585593
142480
497264
190530
630172
10004
385108
420244
316225
69905
482758
611905
553296
409997
619335
108487
660435
136863
298705
80588
668355
338180
115399
309385
503587
514447
122267
130222
208851
133297
21016
102559
385807
21440
525250
132461
603320
280014
204911
331297
618908
535945
111780
103400
78387
575909
150686
261439
456851
167946
386880
410749
389167
449595
230858
205745
52256
217538
562399
473260
52342
538821
253935
596503
296933
519986
194557
310947
528662
84694
578350
10136
560683
467561
633731
569125
48327
453674
464360
260713
525579
71760
199878
92738
29000
391929
234670
471722
187219
391359
356151
328867
140726
571538
297569
629272
549044
654092
600278
590686
39825
167451
231313
527520
415026
436326
472836
365429
334668
443753
508547
171515
592549
262215
186112
631827
189551
122028
219280
314340
467622
298675
140704
398355
332400
518881
216832
400528
403907
633887
27304
519552
14815
574110
655565
470403
638064
410387
20541
67533
309721
527766
400727
558833
578865
32163
204241
272660
18282
147158
584597
387713
322877
128739
564894
558899
556325
660848
662833
658196
58401
241547
326097
601972
676433
278369
330886
102321
528719
288991
668710
143297
360098
219162
301314
382518
72997
620316
492852
427104
494315
71136
426586
48445
476271
411915
144837
240069
506995
216857
668757
105966
255390
428179
1087
375636
432609
111392
32791
626091
519679
195665
549803
430922
276025
671682
110742
335762
427045
453334
432709
373516
498252
679045
560617
217412
270243
410737
579110
255690
501622
532352
297465
238705
346552
305811
418619
112830
262420
397530
35238
489283
5598
503965
549957
372821
170253
679947
435311
530568
57673
471586
479276
263270
328854
607620
455002
340294
17808
669261
617199
213962
419521
301778
275842
122098
210940
558819
351260
516237
513466
219920
169364
259800
498008
296138
168599
666925
73314
571524
336860
348032
541712
114756
680070
293766
124590
230791
626525
382500
335592
368613
160714
24984
576726
102677
534534
54886
134227
510075
418934
454417
174287
177109
324813
383440
663247
433588
4794
583000
548159
630234
238189
363016
351192
681922
663235
157426
664532
210337
391814
260113
558290
497273
428432
673397
460639
481119
195871
109067
622845
614879
346701
13368
315106
98197
272619
399999
434922
264454
259341
36878
625514
491205
228401
275236
112395
495290
562894
626921
522143
580506
108248
650857
422914
321850
476236
371939
569592
33369
103117
134250
125052
99701
585277
416197
349216
101709
463533
89933
19039
382546
451247
578209
130105
570470
428414
490602
508278
431690
56300
591532
224046
247356
618474
161140
188558
506543
167773
256782
601213
33926
563491
355062
499575
418791
140824
535008
195669
643091
638895
417869
215532
452184
432827
63451
395809
510846
474026
406280
289782
306270
442490
461917
488060
571567
646898
19953
251833
471214
326695
204852
569152
594158
313446
558789
393728
187559
193963
372336
189246
38637
140618
226061
504263
412241
308928
455000
41740
170472
494144
157522
281642
410713
75665
427656
2359
9984
451982
452273
664344
607606
529164
347014
83364
592421
298507
440883
365662
506284
151295
431766
163234
673400
570117
625206
568731
64431
423311
195826
475247
112244
237053
268833
392747
194281
257728
69608
246837
355256
616839
403525
362860
609943
650134
64862
528555
360354
677683
513185
243797
302911
541649
501592
638724
537073
507358
125835
582761
152001
378475
169701
58141
242099
326625
27641
53707
333869
557096
27582
130116
91876
90628
182057
260077
498245
562523
368522
491382
336687
303899
88940
449508
415292
582645
533591
520569
430993
15684
465715
454142
96517
560096
143327
29094
625672
310203
396994
615270
428109
511945
235575
574806
175884
327149
531661
486732
678261
283395
436533
286535
435697
191838
587239
254247
206160
630684
429159
388477
171208
297109
410751
136721
512391
139213
541056
313629
260060
541413
449032
125404
313839
661181
382379
34492
415248
140164
204763
431622
42319
97129
276485
4964
490966
291470
219505
157839
85271
68660
150680
677676
11900
457257
494477
372468
290714
633247
657481
479246
295132
177825
156493
10351
659852
403458
155295
529254
294272
637047
182043
14740
303991
481216
457682
254585
299293
298850
675239
529120
6483
452093
324150
377556
365393
438053
594575
423129
57905
590403
561726
72538
52699
437851
12707
496589
516884
364597
386174
500535
562777
212049
281012
148617
622408
426456
532687
126281
536302
610862
310411
317085
560525
79501
405262
611526
401200
265049
586028
72921
340557
628958
467416
423538
653500
524029
112196
333283
387232
517419
364262
174299
297101
577058
37019
227826
28223
369888
166871
509025
81214
372102
308961
554451
94469
568812
28423
181200
514919
550148
23914
62125
299572
188217
565972
605916
337594
330056
416379
30780
322271
588699
484495
29165
297653
50030
258691
654873
297819
148514
342487
135014
268378
640818
658613
113674
203129
419480
269887
327503
474466
203473
607311
407017
650873
529597
107717
518942
628169
35099
354386
28935
109773
79565
520844
554056
356678
15769
668643
294881
307300
303012
157538
309145
62124
124367
630639
318807
642771
238213
218364
452726
458051
67122
634637
285244
335474
585258
322833
457697
580005
202052
268982
357497
573740
677512
61086
464078
168480
629177
677105
290308
114653
348293
65298
84502
526706
94831
283864
196552
522157
355908
498330
500565
336979
16754
660092
449327
681232
482446
143936
187703
324366
597643
82124
4915
393634
227953
675494
168528
289540
661800
216116
626291
544937
233609
163124
140125
589879
72978
381756
225639
250204
44711
144517
604194
445804
317214
601645
60564
527741
44762
152972
635682
444308
367261
307204
535940
269554
5522
445657
399534
411915
579127
244296
508962
150779
535800
627170
492179
423511
293626
92588
638979
249446
453988
203785
148370
532991
531032
281622
421655
236933
124977
368238
163044
215442
636675
125580
654021
128527
78299
281222
184297
602176
183041
223656
167353
666181
274116
299324
111517
223798
210760
45287
341471
654724
619760
539009
553721
205293
671150
625868
79769
286414
580728
388996
447623
153149
6762
179656
120974
273964
158624
642662
440625
128015
621876
11407
315760
492956
491128
680965
284673
33229
404607
386916
118990
443492
556973
495006
416813
365551
192580
328589
375508
279787
128715
93444
184302
28004
399546
218547
560712
65490
15202
303637
217134
250570
496035
440279
442114
87283
150178
679839
160349
297973
315637
586245
669523
152275
44004
641786
65590
303636
194613
640120
98825
143774
122291
67240
264262
639603
580424
197955
75742
534391
534732
293355
480151
331276
439341
6528
516334
228052
184115
187253
278122
172682
666327
670524
554220
535663
289375
436290
475404
308579
330642
176432
375487
300799
560436
25711
64418
258707
323995
475937
642540
81983
576739
539592
151841
38930
312984
557141
49652
441104
254065
587527
539921
544323
342537
380215
646653
323899
117939
2844
666279
587957
327999
130833
366878
603090
86386
541507
212785
489342
238612
37725
551208
39502
532458
577013
443599
109978
541310
126418
120353
681259
435344
476918
553669
668160
17470
35405
516734
389053
646965
190997
398216
474119
495810
525931
331528
52865
190299
27825
85261
466381
663801
225493
581539
112471
315375
174076
591484
519509
641461
280602
599601
431944
519454
332318
198483
75266
340996
580304
562210
153169
68118
518374
266076
176509
301498
489194
54363
380433
397182
640097
424055
268630
50004
462461
522458
538837
386573
230758
531399
217546
150474
631459
379093
135166
363340
522103
262368
78550
501221
105593
672917
644345
247454
577603
40815
255729
98861
582532
644241
624209
632705
32443
586027
353311
2191
265566
580201
348157
376811
211186
319443
241861
272408
485247
353819
296228
151963
291073
655519
663445
671143
677932
240320
74636
535021
182861
679522
474087
596323
667371
275436
72075
371528
52135
339364
592781
234289
516332
596137
490040
632353
151711
361565
562384
283871
355146
77986
212633
219398
703
279865
95345
390046
472212
381964
103034
151180
91062
81676
72878
113479
225490
305456
557559
484313
20280
208813
640591
305792
314605
475529
475752
415567
414891
385873
414607
526855
352883
356118
479004
383304
171962
51100
21236
122385
177343
476044
101419
71258
81536
263554
653364
596590
420422
289493
375201
185196
414496
491954
75011
264483
203070
278133
260128
425056
540129
305629
579277
54331
655064
475817
104166
407128
538105
143726
570628
233635
579386
288684
602531
271837
513434
559338
265085
228649
185735
322581
664151
120518
636492
246482
532817
444688
173967
682489
243903
164128
127711
407388
568733
678716
401719
627537
14885
642175
412853
125463
397197
609271
27025
412431
281137
501128
141542
520642
405925
323200
372177
106581
322165
24103
207973
463444
107387
321526
398395
139927
419686
315960
571696
379619
301700
46335
37461
481067
289773
221252
606627
268075
428504
147946
529211
486266
388797
198347
33118
261675
451414
415494
195109
570242
132906
637215
250283
365365
442557
559372
574338
335258
451678
461001
570641
136792
574052
69493
172619
364584
539102
260131
171970
591268
35875
635273
300126
43253
655603
676355
518980
143941
332027
144572
681186
335360
215606
98636
604146
121248
337078
267712
290854
71237
236283
179627
679760
159781
92686
137675
449587
283086
646865
173965
659577
293985
434346
96351
111450
541992
2914
435584
378280
402954
664225
437782
628847
477422
335587
577607
256712
563287
546474
166056
634325
629391
230326
652424
84553
61487
332742
607244
562198
351607
224883
151396
59094
643251
242575
601889
193704
178964
577225
527005
167255
331742
268697
167630
554701
347643
607857
225317
436235
439344
547901
102799
681202
368869
142118
241841
335134
127284
411146
186793
191981
648150
318074
232377
404585
110313
171444
615339
106970
310657
440583
421075
267537
552210
50350
129817
367265
635603
205231
308198
72313
456154
129732
388161
284088
528159
499122
522460
388932
302464
426329
292299
663241
199938
12257
622463
457736
288138
393502
488300
403393
202218
539370
339081
432778
388201
549769
287582
40655
421455
144857
654929
382552
432466
334152
259901
95624
410577
221792
134366
503820
160267
597401
108949
236551
88019
163540
520152
238477
526617
453238
195950
104952
214672
362414
31529
492843
104842
110693
600712
230911
320850
63212
429693
560210
200279
659553
31407
554279
85542
466796
94893
548998
616452
86949
438156
213301
603422
522424
611308
319207
549085
577163
43226
399648
317899
380683
342151
46775
289280
161522
126017
126988
613044
223669
651466
398997
479560
256068
93470
627957
450584
540279
637860
66313
111744
315272
498665
423033
254541
406510
403502
287075
577614
635805
605258
48477
215722
81925
429180
39406
224101
576210
385742
499985
292658
275574
339606
508944
311653
477130
444726
267187
209133
608191
248329
425310
121959
606448
321162
441269
310232
483444
259756
426953
236952
299539
566421
358703
140158
940
462400
199207
611947
638505
601539
268355
674631
373548
282695
176922
343323
106492
621572
647325
31916
133495
132743
360231
268178
21174
201877
439998
466041
490323
465943
342037
681838
146429
278465
202243
43884
520402
590980
431911
393885
292274
382843
367289
421932
126358
626885
54399
52943
257746
159258
371587
198868
476635
667612
301598
574599
229111
130534
436832
346025
375846
195702
252372
562898
195814
538583
337820
421306
673497
418929
447451
499629
490665
427228
430825
139453
499176
101377
390119
225793
648887
263489
219058
593882
269183
255806
528872
363508
143693
381738
396649
141398
46531
578135
198317
427185
629532
495249
442282
621544
470427
157090
619838
457602
213066
294038
363143
95105
580168
130741
97963
20156
650969
223249
196970
408059
446678
682767
52179
3514
56042
403761
200637
486483
631315
49782
374015
389918
512012
48152
353341
234200
217465
606949
57322
250290
303011
446749
352732
201669
294750
34962
72405
93920
83573
662726
420897
140951
491583
366342
135833
439648
540737
644305
360298
449751
368458
591157
271200
521754
591523
495648
180314
191068
291379
310956
76229
682640
579881
152288
26037
212105
483957
242894
162356
658317
527126
78131
177687
85001
219872
565966
453440
531300
67559
185643
375351
559004
494258
160473
646138
24838
23823
455725
200416
352037
124459
460510
304363
536687
174114
142077
599539
371166
451071
655912
237299
240745
203742
602957
86185
552378
639064
352516
306075
390142
335825
643914
379232
626721
497161
93365
247807
380247
237838
612341
541184
178167
658031
383513
64851
257617
411447
531951
310053
548981
379702
176796
228240
494074
499130
24325
161526
207924
165329
249855
127022
26128
346435
326336
371202
337082
590388
375015
277596
118912
539741
97837
122242
119513
163838
399735
148158
494314
186938
674519
379488
383294
323737
277120
206062
332710
245891
522808
130481
261704
452907
113803
182740
540891
270517
16529
666389
446896
597947
464633
499255
187844
515590
385010
611707
199370
15890
335572
529568
75230
190037
182004
105397
422346
192421
183640
85124
496548
254018
80566
81064
237069
587267
211497
671740
395910
341296
641760
215027
180771
582629
243207
169211
630623
70920
226748
309095
420295
94961
355536
339728
54947
382994
402874
263709
385056
257335
601448
422036
220361
218754
42288
144786
661937
298064
405601
176858
479014
502660
40088
93364
308957
480989
361633
317964
572397
428314
605103
78200
646345
369385
193908
297354
202939
313759
594446
613736
669665
477731
557
517871
422039
86669
504213
540814
378038
287914
508899
103236
198987
420218
182258
598067
43530
472896
523221
165719
156996
133423
636308
155772
36948
380490
588729
44003
376909
132293
539328
474011
171691
526850
632946
119478
165104
62473
149727
478990
585933
462177
434332
571890
192584
575689
306356
211767
114668
283189
164144
179556
173215
544525
444100
624746
2261
216818
440358
179662
29745
580686
537127
456819
629938
664414
460622
462375
235978
368769
536224
358154
13428
514990
489140
475045
45668
437486
224469
548000
655592
580520
518724
87931
47801
566411
357978
165251
206984
85063
87577
279823
647882
107747
627818
201725
196328
39790
205554
504872
633001
623424
545821
18440
261010
69400
581876
676650
614012
333924
329537
430571
445341
665694
41535
154116
425684
177355
398264
106187
675225
598446
656359
46810
594525
672166
292929
197467
305412
225764
43818
188131
242948
466740
588133
40372
344554
263350
244307
465819
300191
54899
199242
633473
104321
190879
443988
515879
298078
334624
191013
339714
610976
513715
299796
250783
132426
549674
549155
344196
450923
295379
255655
574470
54175
424455
288315
330245
86952
316797
336654
553337
171899
668765
302178
205751
190783
155125
101145
398127
73566
46550
633214
559569
476664
125284
9160
29008
619489
480736
523985
439272
112977
490866
251359
177017
182599
302824
383640
458209
57899
198897
563112
107752
164859
518809
315542
413681
221062
305269
448261
112780
246682
655627
408944
489901
424809
446060
259145
277010
187939
186925
101449
119890
580052
429415
179776
294054
575079
629606
505111
117110
483675
405230
370742
160994
575888
568779
193465
373406
255256
124659
668819
103422
451477
314884
336792
359599
634883
37018
487969
165613
435381
354819
41451
421475
37112
339116
502430
460780
153300
46387
120363
186566
101486
147904
51895
16157
473686
309865
279007
380358
240815
560018
565534
476466
618422
554227
384969
467199
481866
214831
678674
66263
442694
489050
408078
288490
529049
235674
370233
653502
231461
245664
583783
95269
30089
12166
45667
520175
54383
1755
130433
529428
347614
469411
473949
46197
618044
610103
614577
345298
633504
395552
648524
29460
117286
251157
586089
568855
579081
58174
38262
523048
7206
651157
171704
600117
71271
243524
194109
566158
273251
185718
514276
384802
622987
363382
444725
230666
426800
409390
220470
430642
420301
345853
380468
113496
65280
417944
558576
171864
70561
478049
575485
429029
117706
425296
589848
221170
391385
644213
78331
137435
40066
15004
637039
104035
452187
499503
224629
286310
77834
320694
199039
201725
151548
84777
341772
388446
211758
103716
653635
534331
612853
506181
80498
65145
330243
279154
668494
10718
29057
662104
29435
421561
327852
488273
273453
270088
656819
182845
61414
485003
444795
160371
128649
619064
330303
271029
165880
655267
632258
179594
81498
593553
328285
132249
563416
419212
604477
19991
607724
282718
43235
181840
115417
586950
97447
353532
634139
671026
52594
294401
648354
181429
152752
342942
412271
16237
25217
311571
390004
8858
552500
324441
452083
349355
187267
371960
408502
23267
476506
494598
494889
525916
568557
100920
192100
63806
9322
98504
374393
488068
490675
518764
651532
321860
580849
148630
329907
328609
318391
614471
288352
495718
492579
452659
310777
597279
565396
121184
132919
284170
545355
95905
171144
220143
227945
620281
126780
189895
230003
622790
205910
5591
457787
380423
484599
405995
442409
184897
591302
32748
304590
148807
560861
10291
499869
365560
366896
609961
521690
675867
312909
321277
23123
452586
591529
401489
620689
96785
679612
645274
513844
318163
640364
156962
330299
297532
281112
72613
467570
231640
81147
191951
495626
53007
161845
135690
268933
351442
167104
496845
428065
42673
247889
80266
143645
513465
156175
443427
76976
348424
62560
591061
156886
373279
196136
238751
320650
190858
30222
649087
317193
472998
76770
374746
233560
364186
632613
340760
143047
458783
405134
111066
174675
283924
413389
345678
591935
17116
88446
301413
554153
348511
532891
243693
108633
390691
393231
639011
355086
559467
161020
540322
216951
56565
568257
111408
379855
388325
241909
549893
92840
445412
524084
603357
514074
566573
638522
503499
110217
452585
33463
488733
423753
551420
526269
222280
20926
138910
594992
97161
309094
624119
430224
9727
217472
312280
584158
66871
401280
21293
643079
289844
146057
90782
247519
192548
191667
573456
421298
263456
529670
137328
261039
135819
282988
654715
176140
226589
585757
144417
126613
661513
413378
267461
10206
174008
264216
24466
365592
639812
332225
57914
463662
241383
381355
130552
400457
45796
206896
276989
548152
670075
102712
569285
383104
243960
475998
563457
42866
308885
636696
172658
589650
134314
434084
587209
476981
78437
306916
127038
661798
79947
565578
114240
641631
395974
415263
292025
224261
561198
287097
642245
596183
345905
348738
449659
601363
370706
638546
329327
317649
312575
602363
623695
62624
72023
348335
280853
481305
27301
67974
202411
86343
331728
413733
298913
375362
230505
619219
568876
250877
556495
652453
294429
91655
347170
485344
232939
60870
178958
112078
608547
504130
195062
160863
83291
646858
371379
538028
620485
438686
654115
84971
536393
308115
403218
206230
675647
561240
27740
537491
561074
123358
324282
659154
432384
159054
121992
447052
510920
491311
231276
357122
546002
448245
488701
532800
495165
502567
527090
91440
325033
390909
380807
468926
215538
274326
624177
136282
669042
531603
482351
36518
594657
613813
569122
187008
243834
499091
667667
645277
488399
246762
232267
562680
625810
278899
476458
390426
45900
559507
200456
380279
681516
303641
249355
304379
453124
358767
285975
96946
53845
307641
651894
612916
27151
35796
459932
505913
293458
2573
575781
509619
140106
69924
139335
641147
635946
137238
354501
617857
278663
623104
622902
300129
35595
48673
365213
176221
348529
485451
363471
389482
457873
612329
575989
141093
412674
25212
617227
532294
85347
183770
33109
601226
161634
442708
579213
462698
509771
126598
400609
641369
125110
143050
402778
476388
566938
264592
546277
590151
199062
28690
538710
665574
418586
582175
301373
52724
14705
462809
578538
422750
330177
436661
328912
512918
57504
89809
21758
561674
194141
74341
478092
609433
199091
368719
670466
53755
8064
548491
678854
546154
436220
612125
58232
625590
220883
424728
533124
355982
491927
378138
229021
616659
435688
612974
161346
110818
93103
2725
104336
662131
308357
213262
48710
467938
28666
406946
164119
325367
523139
82901
421254
305535
535383
358429
68983
44780
414164
432876
531300
251135
306690
240268
656068
467972
682384
121411
393562
618403
279617
264692
213157
360322
50399
318079
536353
507597
436044
474506
92701
166490
285382
154620
469028
294683
228114
525713
365698
26265
295932
625810
173164
234630
372396
265557
308575
673129
310076
487336
302527
497145
150258
36530
193034
244528
61320
46821
192613
69232
670936
262724
383574
80654
381738
112774
355024
14959
312153
559170
181041
568130
371166
235484
547521
291480
290206
125709
173041
471607
629484
159178
92971
464535
322136
556667
73877
203467
148018
325711
98517
91417
431881
503895
1934
526816
632150
319594
422226
203444
605664
550699
102750
262671
585197
121548
332200
497057
647164
435780
288220
379735
75017
147791
396545
356619
134747
8761
565284
140099
408826
607564
677983
325230
71942
289880
24931
640232
195084
160562
638213
179088
396279
155251
134818
415104
284313
354716
394558
302077
631989
277127
257009
530551
137530
63272
584016
137460
583728
255001
334647
2524
634583
133117
44442
443847
474405
34635
111694
680216
308702
367643
456757
255297
497030
250348
360786
264773
52792
409370
324024
58662
490834
646939
529168
515316
385743
19082
303455
564042
472897
154151
483740
114809
271792
406690
407400
432070
348391
398922
527740
526348
10963
25398
628937
322618
209630
524113
61044
618307
77843
537442
239658
179249
51247
95355
49562
576560
603
567404
610035
427862
386814
433454
157571
110880
83558
9955
534043
539409
243535
612994
429278
122703
543960
433367
563066
292788
52781
593693
328635
550732
296242
11435
562708
11581
646402
41991
667099
152271
548389
448152
527587
263757
10253
555910
330541
263857
19831
448797
54032
277166
635089
159568
99911
551750
469091
533905
596496
289743
229801
266897
67824
660555
590511
339219
628769
597188
390425
202410
41770
444007
640264
326731
673496
91307
637917
185607
460180
407379
651259
117366
553982
594678
200972
367817
21680
86972
132718
459600
42826
76007
569325
437972
655625
139548
41782
419963
318625
447909
323741
23049
325576
168022
83408
655335
541457
488874
58262
463444
675180
412009
447139
277065
397490
367310
110015
335972
408578
17719
5841
289458
569651
99064
309851
19912
427689
613348
82500
71974
335384
369248
377365
84300
252885
97975
251898
256411
92472
70005
141733
182848
525895
671328
377964
512367
45097
342975
48633
276746
360176
606182
28207
167040
251843
129408
607467
226596
37176
628275
186589
226197
296676
395599
601952
247149
157826
511093
214783
104115
317170
615840
301327
220529
382042
591770
139329
275378
431187
36777
318666
464029
441093
3205
666378
354585
329290
53952
486303
393884
583207
277313
431653
664048
148587
235346
545032
12153
658813
273337
393808
355157
501820
485258
170158
591693
613749
175244
642330
240080
502013
253491
128917
599021
116364
530615
440331
83114
1252
80536
525972
300931
344451
226374
599165
446785
135869
139470
342002
539125
486111
221481
637383
414335
294264
347581
139099
60883
673468
516309
400258
535979
30438
93703
57216
184552
620080
128884
407136
177215
551630
17056
77414
343235
33907
461682
123016
3597
177937
660933
297966
186211
476968
321856
393947
522165
76927
15574
617998
214739
407298
679979
14008
113900
41535
324345
682656
185750
519967
13041
157771
385377
69059
46815
527676
119945
544142
222424
313589
43010
182653
211468
228354
498291
624423
464746
621842
468803
195267
432688
403239
664093
615486
152716
323140
194807
454238
138272
247432
127162
647835
207468
300957
342770
421143
453790
10407
586019
199758
497529
243832
315239
267421
435078
557784
95123
564979
554108
666829
520368
486910
350128
369254
8212
305597
227810
553679
360208
203627
80437
158868
129671
601598
312126
591616
314763
222295
48318
430268
188362
297117
673009
252122
555515
257823
434717
556668
441315
111686
635317
415385
88953
601853
579452
414797
35653
156591
464988
416228
670299
343443
476902
176625
557944
531087
516259
346921
529329
462830
352359
295501
395143
77690
408102
265168
477353
148893
569407
114540
667664
481317
552820
542297
237046
80544
531988
574969
103991
16326
421412
381089
579906
342934
605682
651513
668100
6992
72864
577858
523317
177183
548860
181567
228266
177233
597697
179209
681776
558496
11206
96672
14035
33274
297126
128191
280158
229533
357378
291546
450388
468043
630305
521955
445366
675234
643433
100565
127845
223494
651613
600929
147984
116314
60714
463885
529987
296730
295433
450275
396254
33737
150773
237886
342788
263554
278503
577011
222271
208107
432630
232820
148980
496470
254330
36279
344430
380068
310929
404599
358231
624308
466120
555198
627436
5333
196830
155655
663810
66997
373417
452511
160900
60761
326231
34035
554203
541497
361299
286821
542774
589817
259087
176027
86066
527866
348437
280410
680252
589079
302238
89957
263666
311519
479398
493585
588132
200402
65244
183163
317175
428651
121108
500124
342106
179785
50155
494236
250713
436375
86737
59357
578742
210380
444209
427550
606259
625869
676484
432530
662820
430958
376986
34932
345488
554686
335553
340593
385487
508970
324428
599401
654412
14791
89310
26934
666610
393049
410864
95364
35885
502222
73071
659204
36898
583187
515375
543285
163902
357920
70572
134893
221528
203816
401433
675730
629730
368952
612823
447618
271698
59114
268346
78616
475649
577954
121655
552895
486839
579976
119256
572890
13399
535478
398889
260135
448620
514918
538451
130958
382209
84072
177862
134972
675546
617105
257807
341717
608084
405479
407817
652755
289749
246020
11449
672969
364292
435783
46801
30745
368170
112967
24655
483088
92782
350181
446527
204743
20693
53546
430670
633729
617919
440489
156975
224817
615259
393931
652903
335064
647352
273296
636102
611119
225009
50969
434206
406662
620725
327628
211775
583222
543099
74218
429857
479186
556926
234779
210468
382924
474470
133128
55275
10949
634072
142358
337714
50569
373662
491746
72421
499587
340994
652954
369794
667248
333586
258416
442458
647093
601182
408325
172905
66068
602324
11364
272876
592040
455451
111501
80323
146413
530347
338588
300554
485230
180452
370700
269197
403625
416113
588281
429583
312558
668136
77257
493049
500996
89969
192229
375279
526518
49680
425689
485069
13278
244076
54533
255807
102078
551636
290063
141885
101852
145379
672425
459808
235242
172735
119437
545987
489835
178799
321336
156136
217597
123737
639171
258543
439952
454650
497027
403828
383562
563782
679247
527812
626793
134729
390303
663101
365923
111338
408808
619812
250022
227935
122310
45821
377766
59802
359888
268635
1525
526648
491512
80913
101420
256288
61890
67964
379231
545934
291674
67903
76413
424947
51295
745
314306
403681
11052
16394
392503
51870
563177
253391
211083
116366
569134
100844
307346
159355
510541
34415
262367
654734
476475
414278
83755
471934
135406
654256
231758
435536
642061
456063
174673
144422
555825
358850
627409
465042
658613
556859
226700
150589
222526
454769
403292
178355
248194
61647
682238
538961
361261
272465
370852
492118
515027
644335
323329
133309
309993
473555
448662
94674
302632
327344
209733
676435
274158
395951
80822
236563
542299
417262
493433
340958
322596
265304
496702
369307
278793
4660
477296
5253
333531
310399
272552
621841
300203
392686
3703
43474
175518
667540
7455
154256
311953
303727
27802
675470
583435
435905
645320
664401
16281
396724
72021
535982
475641
474418
441033
106225
529315
303367
601154
315076
629265
220471
123618
535775
88207
634731
21612
498666
146271
601273
522267
238460
41477
259747
398200
256497
205593
159577
632095
592523
252004
346850
586427
253010
597527
523919
322742
230559
576864
61716
402486
250495
500880
369023
625944
411677
226179
49290
623703
136917
597983
588135
559998
258620
202039
661404
75363
579506
513867
491409
151502
367275
235456
12504
633062
434559
119220
201428
146492
317166
133591
132792
327407
562551
552929
425153
621337
497276
484014
167034
451701
222939
463203
340727
161887
352060
45713
668028
79870
622559
318223
435266
624167
134519
227107
323839
4977
663983
357796
400298
277310
678564
822
393562
667288
658312
182246
613779
225716
582064
514184
100465
515754
66256
353819
476896
197060
50763
378311
621681
451371
642777
522436
442143
537032
235310
252635
553394
603134
331027
378096
302631
399311
461557
185146
183160
382072
605724
324867
348719
484630
210723
251595
234900
365282
494918
225664
387001
167657
19430
620823
454606
51552
86723
525049
59626
95364
439311
111812
89933
405052
223910
46818
306326
127817
246466
240381
593507
297512
486471
391467
387531
518528
618885
49578
198166
360124
44456
579377
148260
607724
372442
55296
211579
69348
175812
57910
597095
22746
305829
19366
65496
614834
257994
164967
498678
175510
223150
680034
225454
416142
339884
639269
650230
79546
460855
49456
447499
308393
535701
403345
252502
80886
211519
556288
211125
677412
366673
91099
613305
470515
426426
143042
315965
306460
188410
298950
255201
643207
610704
348044
214908
673298
488426
245084
31871
638755
14067
474873
178952
259179
498619
63167
22792
457973
222372
76638
460027
329162
484689
335109
288644
107783
503125
312912
356824
47421
550810
633593
583179
359941
314762
213464
58497
603834
159610
361565
472283
338812
589753
521425
362587
582812
300860
136681
305887
68669
112794
176417
14144
520959
259400
188199
641910
460380
533362
124462
401717
412207
188148
46703
199587
161659
74738
431320
127400
238866
463127
228327
48208
448622
235537
164082
427156
147058
228801
495732
643008
135850
101110
413737
112267
574804
422957
244339
502022
487398
176448
678142
61319
575501
29589
103420
644942
69082
581972
150039
491649
296153
86968
169213
222921
522574
489618
109590
144795
479143
317943
61438
495512
357011
547560
630279
677426
674936
123625
412379
154060
596550
68670
67786
489797
434311
18352
50856
459152
247441
408644
347342
16404
316779
432237
475399
273531
265265
582083
566045
84169
417855
166267
440776
367264
608949
584580
645459
235859
169066
426874
114709
416881
485325
169135
210638
428659
20429
379768
362471
599193
357003
472118
189747
54686
144820
88393
396218
645711
496242
636546
668871
258851
473187
378996
140155
400079
580504
189924
169054
62210
28382
276230
199601
257947
212310
52077
217751
229836
665283
609297
30189
458556
257718
426623
469260
132731
499327
62137
387437
376936
213568
571973
471738
395941
422304
561251
215840
328873
447581
540665
147859
238674
555122
543356
550528
292518
152206
579951
298842
339136
542557
558971
196218
422331
451080
53993
545826
358383
663610
10675
600323
356884
78379
203745
359488
388061
646001
4320
453433
606363
169862
662511
150181
530889
621770
637925
663819
634243
501166
586566
410434
56114
95505
357756
648384
45897
113866
343721
116329
186585
97966
535961
9401
572845
32582
442792
185978
659390
661131
185245
162296
467124
138280
344078
538931
422958
566695
621376
143581
470703
132774
540968
550968
32577
382162
640341
431488
82494
240316
287170
267889
335500
259799
288803
193169
298455
316710
545936
293736
520935
490139
508959
488210
341803
335037
584871
109754
15647
106925
244566
643332
196115
564628
271993
117414
239335
642089
340128
401399
56242
135118
529885
60744
367054
582903
31699
55355
143404
338574
611701
408499
239542
247754
535791
385619
385536
135488
122388
540347
49966
285203
455398
483450
306042
348516
381025
142623
284627
471493
266077
647109
304738
322996
243252
257836
85239
496304
647876
598914
328207
321925
201713
315371
137852
646833
386926
296335
368708
383160
198967
677379
517576
269360
590217
86347
516534
625921
105545
9927
187306
274960
574129
418217
242811
79160
174309
53135
386411
474649
656131
473042
136583
338822
449022
261703
216650
572354
154386
450306
21366
361573
340294
421249
513801
590610
156112
392661
444597
158603
194199
245866
388320
326965
329075
440395
347136
565415
510930
291811
598107
551867
119369
184796
444595
219476
207278
89291
276067
35479
179971
505957
86006
440870
599414
573302
570338
554920
228400
515492
419203
482282
547452
361010
647915
190393
13721
227901
5165
662357
635052
670166
635130
309090
183095
539364
606239
398333
2835
265129
87370
469135
265377
288423
490384
38938
407785
135352
261851
404771
673576
446458
301042
322617
3341
387421
353836
512415
433098
402687
639236
621811
352223
193724
678696
288475
168108
129404
490461
188556
582987
296848
60572
605678
159752
132789
20448
271234
177596
379510
663290
60649
188646
12202
121725
143469
219639
503028
195777
332769
483558
300738
32177
48497
611654
41821
61109
609212
156126
87769
468286
356987
164712
679925
614040
257003
140109
393889
390735
221254
158367
112902
331045
221007
636276
551663
451348
584492
493567
308219
201828
242490
254153
432328
531627
6305
548151
339681
486493
76088
204439
262742
585055
630155
151953
521271
240577
43250
22674
258782
173815
13544
381254
187977
51850
310915
675181
427233
47471
280113
31141
515778
220581
432678
594572
100615
452964
510394
166650
568659
271909
549357
399615
407733
540767
658223
426057
52578
433225
46081
476024
604978
144966
353317
431440
489284
134432
291336
238781
197377
443149
91839
37758
604795
114282
525389
654542
529847
343843
115436
516595
411888
582415
179355
393466
99073
158849
527
476306
139885
526362
396176
25583
190969
333048
270808
482462
252347
545218
39197
504248
585960
277457
327843
241872
674345
590699
375563
46838
8318
515225
418453
326033
387943
385262
354867
441623
466159
226720
384393
482559
402376
161765
588629
119953
320608
466331
92948
604216
137659
369636
476287
342886
108173
543618
589542
34535
79139
375322
653442
520423
472844
435087
583108
79715
668188
298487
289473
555267
449658
173010
410904
530958
299481
18252
313341
510331
428963
637222
490173
399220
79591
312101
598871
319477
576455
404075
173215
495568
344006
102331
317101
467488
50327
108456
634140
90295
323772
105009
607534
96944
309694
35103
532647
390831
662328
177948
224176
606803
657125
124957
256009
639763
570686
35643
397731
535358
65466
231816
118980
470309
91231
81784
194414
87489
315282
339374
604595
378649
411571
549921
83889
58162
98080
152708
85832
37582
151804
245283
673113
498512
235731
363628
239207
23650
233371
462557
663621
579215
459431
549835
636962
28372
392075
284824
124454
322225
674342
68587
33048
138522
327470
233314
197627
594064
381714
530887
189992
559126
537443
74748
520131
214433
198493
295909
202754
329829
213303
227780
571317
216831
681786
521271
217448
228025
405820
637517
489834
407956
468976
508436
305636
483719
633908
655825
162967
185635
528297
454671
199235
375264
165198
371012
467758
549709
622145
109092
368708
308875
142295
341
502421
174916
495969
394650
278013
641756
258832
630628
590110
122874
281736
277005
64564
539170
146267
370332
235307
370691
525165
465572
589748
287867
71964
525562
477770
271399
133761
39751
524118
33868
223451
296895
522459
234976
330492
315517
206730
58829
290917
681976
34831
153049
256399
152571
170781
679060
15389
559749
445710
213786
642534
228696
654668
144295
238892
246665
88992
469652
98114
97269
472748
35347
19508
166393
638844
578160
505033
87153
201202
575069
288039
10245
21525
231850
137404
359142
554458
549675
72642
113290
467742
338656
480745
306897
304862
348304
678727
236585
315660
463747
350825
344520
104168
50902
172106
97570
243577
433644
329269
128675
633088
259224
163716
570947
149261
514436
154107
555632
417055
507959
278276
140853
117849
532064
155517
231998
395404
363746
490831
247240
335156
654305
350403
28362
367650
378888
649766
407185
524857
668507
549606
19188
677376
391569
407495
411302
330549
394849
94903
617947
183991
461130
411380
411045
177639
58358
74708
283044
481001
74625
520014
487050
173314
448591
536372
471401
199928
98511
220942
80658
57646
184247
99494
139876
672244
43932
232220
133061
323310
461671
411543
172149
285793
172675
126113
47270
293024
5995
18734
310350
133558
551946
118440
64963
488088
568460
197130
332673
622796
214273
300240
498335
265321
29028
665863
570618
475916
42287
146155
479270
179672
159990
601883
407061
579143
508694
200458
162719
508137
313613
599155
40823
285257
527699
294681
30946
269273
676812
236246
393912
439629
608532
210943
248194
174870
127783
545128
615036
609228
459125
262490
428274
319767
313991
317193
235830
413804
295606
195097
643948
268446
665820
241931
443453
338474
170084
59319
320437
590631
288469
368926
172277
556884
204218
210197
620803
46144
635373
400982
621272
603020
609666
343345
639867
498674
375967
558321
389855
395026
254217
135122
37237
163560
269111
582725
376191
545587
271294
670942
594639
504700
117659
88908
520425
99969
588272
293345
184652
397575
568440
585687
448147
56478
652888
604484
475008
95902
140828
162776
494460
376388
45691
308509
145908
469135
407526
603515
176835
634188
221124
544678
241902
374325
188557
509676
45755
605077
512583
677501
52411
480705
221835
679345
479413
305388
653065
580421
144972
16730
409228
516191
606466
4802
659342
674129
523547
477345
114041
667173
446989
197173
466359
139563
482597
507000
533475
333021
480177
67107
651196
321470
422564
18119
584788
15828
81792
385959
360094
340883
371761
642328
153658
285612
672557
476759
32615
671578
5881
150310
644074
660040
505042
566724
333608
347614
613797
292240
312686
412486
191638
657899
96502
153194
236964
567155
831
297345
452622
74028
455026
227413
560677
484292
469252
522600
36659
316344
661849
569114
561071
315766
624990
588385
433511
103217
85513
365036
483473
651510
259707
376377
227078
430695
196517
457615
451696
185592
463905
381249
28692
267936
210012
492736
327931
462772
247927
5079
376620
268175
112347
571915
164601
392704
657828
449514
261331
589029
286197
128724
526613
177415
9378
268718
492716
517652
50757
377538
475354
389060
136224
171692
82555
295531
199282
474910
633958
50017
112384
371314
566328
13950
578451
625502
563331
391643
479286
551415
269130
216167
458430
989
545350
306702
681470
322223
203925
177522
187847
49720
191130
43434
194276
28057
376113
365745
213475
285516
619850
432229
359969
345098
25764
22477
629264
528945
271227
196467
469317
453196
409537
343206
681084
267070
522326
352874
288108
466468
509862
252487
304060
206330
407251
441730
585278
432715
611453
617270
131429
511128
640077
93765
291556
471495
432373
94167
91406
61884
60933
464436
368546
668880
573851
650815
228897
92115
589733
197928
339824
214128
371600
632044
340622
391040
418633
634994
676396
591312
381230
181614
655739
167388
529493
268085
61182
405466
201084
575511
376150
11038
586969
199132
113734
307706
95719
618297
194281
256209
17417
559363
578164
223127
158476
625823
550876
541236
531257
124021
219286
335089
443419
311070
166837
661971
628268
376518
508127
37028
297059
403522
154560
95174
658982
58366
646339
254597
253279
484532
655357
123576
149986
139623
196636
235659
597624
259086
363782
365573
466014
611412
452125
592272
123802
613306
454560
197046
12605
598140
45989
584989
76224
373352
458116
387987
192185
515594
564126
213833
97096
367971
340458
190191
328500
119342
300765
152326
98552
41689
390296
325088
169501
442247
294792
80382
141213
170143
454227
52788
45436
166469
223838
154895
501591
471013
666250
580310
321994
577522
401936
12523
582269
324532
366743
203416
107675
581980
42529
484320
667014
8561
522156
142333
384488
341436
498422
188543
282005
401424
89238
195691
189918
311472
16750
326420
549987
6696
639889
333589
334262
510209
142813
361614
614601
34909
137062
188693
118843
99749
607833
23726
653266
477533
239745
613562
49533
598253
522500
436682
250723
540712
163410
95228
216782
46148
466675
509036
369252
555808
518240
108854
542167
143268
643279
176856
197592
401463
446016
392605
636792
5120
309480
247552
58125
355592
639676
88417
322038
629120
466018
528529
230902
382082
519397
241213
235967
224228
119715
439952
637227
543987
651205
609159
516991
346622
585020
131493
7784
30345
86628
202163
532664
585277
482145
476468
505234
421762
120128
575060
176680
531425
494701
146
133678
368001
457073
215000
180675
371453
65663
129993
298744
86321
116949
55049
566659
408646
488931
638342
72262
9941
452640
581066
368690
327665
634988
18471
301930
540318
461038
637113
468863
534720
174295
622843
386898
487162
250451
604569
572663
213126
252509
536726
385761
547346
639867
34221
428584
372126
85695
506150
268695
652541
567664
556969
554690
91257
324405
198190
280541
642953
579671
572415
185320
265557
423317
94532
495393
633965
40934
496981
444642
579155
397427
265938
482292
682230
483453
630190
468581
231853
510154
60867
625891
660161
29936
228625
548695
37645
232826
162804
665148
84657
72578
164862
289614
293184
411504
429956
367382
604365
255001
367026
453924
356400
106914
523098
264385
336853
625569
347907
142335
639059
104116
671793
362309
306454
398949
499225
571922
670035
575775
454514
677667
256050
542463
87060
186282
237721
34835
477934
236314
438766
381245
601883
232282
414620
48437
126662
499754
269372
139129
331696
236554
215429
678533
22896
410733
160730
464460
220694
2690
132961
159404
352961
94583
30885
635288
561722
141828
91109
296964
444468
542508
414181
526166
56439
188608
441402
111801
478100
482530
420972
526417
513171
474381
312304
565932
604675
287149
464302
190780
15483
55904
292914
27002
122085
134730
318309
470210
249411
489984
128412
286985
479448
74679
272702
553804
125260
145912
95959
591797
564663
94217
256706
392968
458920
218788
26749
501950
42652
127229
48909
109046
206436
165571
440781
489069
522424
440713
496751
637523
339105
537695
403872
432590
148501
89903
177694
224037
57047
413318
674021
311062
528771
54821
457325
146266
297693
541400
430948
443835
530138
371197
118054
531963
500744
47379
536193
94444
369401
556889
391896
258313
478871
328380
400677
380442
427327
631541
612464
101399
586560
22716
14350
14140
583337
436743
484261
172337
125288
196928
519280
78864
244227
635786
179627
428546
659974
583674
611910
53682
2399
504297
542817
133345
600615
138611
92184
599711
527672
311230
230426
645178
57538
223206
592875
437544
218572
113713
671159
155220
556374
473182
254824
152481
455003
558853
373799
176596
175639
660397
430244
261387
140067
267013
476518
537996
317703
546026
127703
60618
362569
465838
439010
465538
4398
479204
331621
44744
33636
440858
256115
76190
361964
583420
458061
473409
674411
127986
668986
632747
491474
533034
417614
332563
296711
403387
312275
653902
77620
217178
73270
219780
296625
469994
521016
269799
363136
32061
67309
271650
176272
165058
601702
385586
242359
215767
183968
648224
274881
286515
3375
188355
682517
47155
584962
132961
201144
491368
516947
288940
368148
358711
411859
45607
325486
65293
305383
390570
292899
587337
670799
98041
670774
219907
277696
280646
665654
263192
4544
474239
294710
270805
659979
425947
555422
362714
260789
428804
607860
133357
142659
445927
176296
126001
22723
616134
142333
573689
353794
346577
643117
191050
425706
300029
472579
288901
336287
6001
176136
228386
498554
674821
223492
228928
363871
75727
371682
37459
636403
181714
495958
460114
662021
214304
321665
200644
493797
214942
18818
447420
387885
342634
60749
40516
593470
483945
376725
432181
418721
263345
258360
404310
246573
458148
252287
345264
139882
434748
569585
179100
492408
132882
274971
576665
573853
137371
459006
420607
444744
144578
430776
224771
297647
66372
191772
630046
435421
483544
298893
655823
230782
81084
250950
527003
267609
54279
180158
233706
596604
433708
518980
31394
210568
339791
193977
454036
651169
312867
491101
34139
147077
189170
34526
581134
3809
203307
172251
278337
680815
405606
18430
486716
15246
232155
401978
252184
612195
366535
191791
678450
257654
462719
424545
125121
288883
269807
408837
655947
619989
570971
202180
665199
78543
85574
665868
43206
678352
310408
673254
610462
381022
257455
218232
524369
422119
525038
250563
623873
143966
440741
371943
312186
300998
622464
330078
553676
620319
553709
158310
496607
92937
176719
560363
142683
264399
453717
123433
302424
451514
276903
60758
171285
14983
558886
614619
56749
33156
680124
413545
139640
24972
185461
406491
8112
141072
200477
621983
233229
237541
596735
367219
143845
574117
245062
33627
160850
436409
437709
613017
48177
281396
446894
678460
551618
116497
601069
454583
338644
342778
675509
561203
226850
269351
557413
136164
340195
636742
374766
358132
611779
618869
154767
65588
22629
482625
135614
678570
269155
282964
96240
501699
506817
194370
200763
302404
505529
556431
170536
56027
220425
6082
296137
363286
676715
515959
296039
440623
198721
645140
388112
299688
477736
48607
512396
295664
349198
682629
673754
212016
487413
474888
550154
102610
273184
364301
545376
55065
403253
136773
564489
532447
57634
611270
191962
375151
561823
30347
679283
80448
83189
15231
508051
160016
681964
141658
488686
353186
254253
22727
209004
191054
673214
134363
202316
621991
188489
165962
253307
440184
241450
19980
599083
239181
191223
562714
517027
488433
649629
618627
231930
192205
229797
224022
247030
466588
240668
511344
18656
535621
242016
523840
394661
310800
339901
301091
457313
226084
511816
639450
242126
33692
406011
395558
35315
657094
346199
64622
173870
369732
632104
468272
321166
462687
365390
116365
58273
192445
245781
26388
272287
10238
556440
162230
77047
380785
60405
246615
141552
421442
399886
564431
545605
15186
500110
433660
489183
288698
197453
211008
122462
588514
527760
529564
556106
300330
91915
534248
98151
24235
415063
634629
565043
426391
660086
526385
235257
508905
91443
199720
277040
583407
614020
461342
446951
209665
119943
482407
209033
136108
445413
156
544685
553834
407337
63583
649896
560841
594616
58320
606985
81833
322566
306182
592322
607100
480421
117103
647985
317580
179001
426787
380475
14973
73968
323608
131063
622857
83676
62716
386540
242535
354251
599956
673190
528278
77516
558179
143258
453619
658485
260927
666426
180844
365261
474314
421890
156042
649255
580743
38830
436666
521792
310210
622800
546735
183757
331364
467656
248952
588274
159352
251824
197950
82801
145224
187926
326402
656281
549982
322810
468656
268204
24528
422374
285965
287967
667669
411281
157202
402092
191885
206581
380064
471938
524283
350595
34406
673617
652089
621439
80203
23441
302534
75137
629618
267333
591152
143068
72399
150320
182866
181531
161309
280791
208788
401191
587689
533513
106382
485682
544132
106222
206621
648399
128022
148375
483742
326356
578264
611410
94647
196185
557465
569918
240986
19342
543570
230448
83588
271551
109902
511007
67273
309109
596407
593348
210024
34733
632867
614560
90923
69459
30752
74946
345978
521917
292172
280107
417153
115311
47950
128349
187714
192741
26076
244807
305693
420706
224378
336146
202274
566944
163495
233544
25097
276724
462681
364187
523698
65225
438988
204279
551345
542440
64685
464124
626976
188525
605756
118151
243775
368045
342713
250969
162265
582150
191001
555205
453415
38861
6972
370596
47240
389145
396504
276112
155519
183870
121782
647547
6193
573222
222355
492794
594104
632441
22844
584003
440472
581602
400898
120140
179181
362657
83897
531061
496130
474167
243178
356228
415157
114583
328152
314203
305082
38722
219135
457147
331075
110312
169464
261932
513986
213431
565550
448096
275629
86368
645023
639507
390630
315032
642371
273512
411580
214292
197053
286734
635546
618568
346375
99953
412398
2053
586105
639438
548672
250055
434322
326607
134402
363060
117836
482372
500581
165342
153368
233055
515903
649764
294154
145461
13381
303652
635495
162606
342714
479589
625420
514507
564685
656807
298124
496254
557949
96177
500996
315927
233881
134896
523450
320928
572744
528376
260155
223423
67764
604318
158375
650885
220624
263537
207546
494805
456806
143600
550832
300021
70662
670000
499206
461507
352110
649841
636286
219875
391730
611616
391323
449083
617734
300030
672708
254718
435784
119572
592192
543852
582264
68632
548677
48980
264571
438192
534680
572157
231558
577350
260843
490724
508693
285843
578267
302809
600432
387162
614896
229887
344154
218557
270151
129697
672390
43201
206180
429998
389428
366047
168545
6974
431354
544378
268767
484881
460102
490377
477165
659831
644439
72414
325469
120589
300520
618648
544016
613060
47964
373559
32861
16386
20324
263302
567940
653
543039
627629
541264
554777
494907
465653
255135
312567
137932
664212
16027
662270
189265
355850
20592
219107
585599
9405
119122
171817
34861
148278
446155
112701
561526
238305
13779
61850
199197
60399
22334
623935
601738
407715
253221
450986
422489
430487
104854
417949
286618
69696
6612
218461
408862
24985
533155
486493
129665
258263
446380
321475
61449
331185
64467
272108
367508
357757
677205
407620
186419
71289
416048
383104
678889
172878
491973
264636
586675
438029
645361
265871
308886
619608
478230
502124
133345
119976
625417
664055
611445
488507
34657
363023
594642
209219
281480
409672
175867
192368
280407
409712
297716
212040
306194
339669
96913
38440
250917
607537
50267
303548
374256
242826
301638
600323
93271
653127
65561
679789
419152
301920
57959
269864
35974
113464
87248
396421
337391
299214
14972
75217
478772
260526
107656
151360
339654
230906
312214
28844
589154
381281
247431
375815
4332
315602
107701
437734
563921
198588
254312
212027
158270
207461
398047
333222
82121
149147
645660
324437
253322
588061
187995
95699
121440
55657
237210
560122
437568
486856
132336
115586
638087
95821
194767
564070
390359
441057
114410
485628
628946
7061
211942
496683
539703
366542
185756
477426
435325
152590
561849
371244
440633
437339
616135
53818
574639
566629
540380
437013
349835
208436
451628
174718
672590
311349
98331
577426
42498
61206
231909
408288
306004
356297
42163
602662
545217
551494
286499
134812
32186
243093
527459
408378
185426
138503
444795
353763
540970
81233
174217
70753
477753
600570
407785
643292
195025
635347
521993
228232
575871
353264
540203
171323
642523
392631
149587
57219
637369
285540
489507
678948
143743
171232
370015
221171
201559
428419
431640
265783
202875
609797
290156
440231
268580
541365
255032
592351
234913
510779
524631
475523
374154
511432
521725
574676
512148
321038
305086
125937
82515
424903
146048
390158
171324
10151
499777
254783
110283
416907
1481
211071
351324
493904
71542
176619
627402
226983
645432
94738
215578
239802
251496
641064
187242
116398
176221
452957
318900
566934
258314
13926
600869
225744
601993
131785
647360
447435
190188
182215
213515
325107
125717
322006
438920
89142
282172
83592
216670
149848
178519
230459
383114
614811
568754
627132
310077
629024
160911
208669
183269
373010
285852
545599
6438
375531
54553
181297
269569
293472
353897
215382
609988
217926
477705
491317
477547
536604
485699
27016
204038
338917
544385
83386
647489
108114
510832
350785
236027
602853
646649
613712
74522
181319
166295
84368
509758
470205
36070
613279
219328
306959
107172
680239
314587
580705
7141
527711
254013
367201
100117
5523
228775
423305
541157
654351
131174
406080
10740
377422
135699
54035
260567
657578
586423
368491
532863
166677
83923
582828
441380
41298
312710
576712
296796
12035
442446
669975
331257
670504
206958
658593
417922
549104
514164
604361
400000
75397
212277
448955
308245
313338
109351
165369
370574
475102
666569
22945
19246
139653
451430
494240
88734
55547
47062
546580
595095
315335
147361
458365
434747
522497
328655
271209
528446
432187
516688
13820
456691
102232
295059
485228
368099
656607
486754
345062
391987
57903
313903
419545
353985
4792
52954
672863
249558
118323
384831
93788
520341
600782
32505
608025
471190
137957
506593
174078
521392
194196
668402
520609
413878
619550
114281
218538
127986
526457
309283
67139
251066
546914
213078
313793
452989
558387
155792
161849
250986
579464
147143
445989
258824
525043
464368
114674
374419
541244
671034
392215
414416
288549
192974
308044
410587
364160
439492
220918
662723
372819
350104
476049
492797
165989
569994
573901
462089
449158
265304
618760
596851
143928
335285
275236
579448
385736
362278
277207
99080
115655
568390
482092
301852
590492
409482
585297
406959
514665
170690
322680
181224
53154
495925
326563
62711
617304
396366
431155
447854
632379
479207
546549
621526
528321
395124
546566
200352
234651
536385
359930
535077
480997
481700
661619
616435
220365
7602
156516
572159
611051
175293
412096
486591
139467
591351
573626
117809
493092
482081
226089
107760
47288
84491
118716
268323
210448
323898
575589
173709
25064
241385
311368
123801
400360
253918
135369
21735
436856
239389
249635
211188
431507
366997
357590
340533
32144
7840
239719
614529
435228
193986
568842
261994
141047
304457
651836
285541
352383
512027
146703
626100
521667
336245
634335
510880
102785
358078
208089
574121
295274
552974
92681
592648
28639
65961
26509
679699
156529
233685
129694
598051
294658
327897
499445
373544
182287
347757
270891
446839
301875
469237
23247
407036
59791
295986
342051
138968
563738
60799
667275
13232
633108
631538
360467
347944
14196
481961
618913
407607
8019
482855
425717
543148
404162
634619
360186
72897
177966
257897
656111
429274
274343
233466
211191
82298
204882
580517
515405
233612
329375
475513
388285
155881
429592
638111
562753
664947
138077
624098
296215
552592
595674
559893
595295
493134
288916
654312
656755
501023
309031
181023
563853
170995
139800
435182
162794
582079
190957
494860
440565
414619
72866
306364
379073
307516
482904
270337
675054
185089
144905
333836
342402
43773
5405
167079
343846
241966
72613
434622
125693
632634
681030
41519
153567
308063
564412
30311
537657
449505
498794
60139
644818
335808
215695
501514
385443
651954
291790
313975
299900
361114
19868
399533
678628
138781
190154
117899
255946
180775
307186
123187
288275
447083
329858
661312
663477
521210
91381
385453
58542
106053
646228
40902
606162
555086
573979
570410
457994
106834
250359
307587
592873
468330
650331
471031
80128
475894
256559
603256
379543
544669
424251
21351
284862
129866
436145
379361
306448
599319
294964
224925
600093
295703
632220
653719
216779
146581
389970
233938
134268
511625
532659
411797
384533
364728
656530
73959
535826
371001
606995
238653
218535
234747
309905
114057
398730
21433
481033
30406
673816
546471
250062
615037
230642
269145
410551
235467
641011
241954
432363
54371
74125
629765
144979
438226
38084
38034
353368
333795
332168
261425
437390
642606
77382
190410
245154
477257
275673
381359
465875
46895
28556
334186
391910
523168
570296
200864
175812
461106
614810
116915
506903
566906
664048
300236
435681
12594
511182
67442
24378
224131
354203
62398
528446
54589
651561
298901
661919
455162
620214
167649
82687
480165
678980
120951
645099
20886
391202
160634
370404
374877
533889
39025
65895
585983
430679
353725
343369
193091
428786
40642
397852
106009
587660
671221
228150
464775
468488
568897
344914
605667
306176
92395
108958
446088
157635
272169
167587
264432
282961
41603
4409
76364
337331
205423
182805
374717
120497
214050
277029
584540
488820
229186
383658
249722
95778
405724
159921
426486
15736
177248
182186
282354
493207
201878
500617
261718
282031
182104
224357
465425
354515
282063
437901
410933
521665
241722
679288
400433
312455
138784
230754
463884
236727
315333
76842
600994
167718
551123
214969
159836
390038
248690
122604
546206
647611
145489
247350
116441
354140
75310
519412
426880
14134
101331
631415
452095
189450
606506
560449
554340
656007
236077
110117
530775
448928
525944
478648
62212
370349
247223
492260
151244
229543
164186
524325
499675
11396
651295
666062
311993
379373
175520
517661
269852
422596
93383
653599
519390
419095
85447
357775
622236
55264
552216
83476
242894
329714
408529
599136
213709
59058
554511
41194
275761
267477
557642
293518
32770
182143
542749
121837
289951
454619
358699
353480
581825
521833
476815
214727
570750
512304
363420
382425
123865
513523
417743
2726
651153
239355
595969
195587
296192
5867
597033
142121
523662
223490
655259
190305
232144
624787
199744
138662
21186
427404
539749
605600
62292
450236
323525
444673
643354
8013
86053
57820
481569
459389
652431
203202
639750
515839
487479
278847
152734
557759
651567
489276
121285
597217
213886
532668
512216
99995
295803
372504
227050
389806
93708
633688
256838
309552
397744
227561
335800
1470
511762
455293
205092
436311
591461
532790
151366
249929
72103
412556
222201
110398
418371
162544
38972
340534
461031
624601
351340
67021
323000
501113
386519
234046
330691
145839
489521
368645
642311
508548
41248
501168
50738
614450
606096
101676
421295
83085
577530
162877
167021
355255
412957
45686
462185
528812
627737
572150
485918
616992
536332
526647
440053
541292
232677
513037
521636
56109
15596
426771
44695
214416
586067
286838
345149
87618
487762
52575
196936
408990
610271
231863
330894
153799
398475
385154
507218
21113
682340
452349
72161
6360
283726
561907
107075
625985
652690
84250
661760
560799
492715
3790
649093
245997
458083
366366
340812
341628
630468
663142
195081
172766
15383
194903
538049
453520
41629
388252
237692
206439
545732
45083
185060
556053
46159
668209
47073
406777
279048
261280
219119
602053
297702
421963
569775
377717
41179
39844
43529
463845
226724
142835
58161
250836
656744
63736
504288
162174
488128
438506
476096
313434
550343
517354
619558
317700
655300
610212
665783
643202
566438
348988
97272
480976
650546
18343
238570
229088
257566
525905
464275
226173
1524
430600
564746
616079
170883
594808
305461
446636
201614
42010
491324
346066
353078
79017
628092
557815
424421
460375
675898
676161
133114
199158
296411
444366
446497
93917
359972
429008
552246
351432
551296
100395
530063
59489
632563
526374
157289
425103
242074
505764
46269
500651
152703
99400
660644
35630
271200
83752
221527
81937
175629
439959
479030
145463
577831
588213
387254
121750
8613
137661
294259
625586
402140
83675
558225
626582
149006
391740
295172
201179
436581
535527
585944
359525
540475
261688
439076
211492
66626
539116
107772
464640
110601
498266
421619
469467
97645
661137
308582
539055
137287
214621
343312
132138
544714
508186
259391
554648
317863
330234
270826
37606
472626
140811
383998
458002
634562
7630
634330
113600
305756
318553
470622
44097
162086
331402
75556
440783
518632
385536
262180
391816
624070
382965
421722
260719
539049
178261
193389
436120
338616
98183
624297
295885
188890
430881
651615
282943
170598
643077
106305
627157
149876
152085
647781
52824
631462
629076
678873
246357
502859
544709
84496
587172
155627
648604
641987
388830
36965
63456
109470
106942
355886
424636
279453
389607
63010
202560
322848
34205
144678
520589
615237
271710
155750
602286
429299
298154
468552
635138
586541
333725
355570
536540
259643
240174
271040
407740
539701
88502
411479
624190
21489
99818
537460
125864
669412
98097
289854
655318
406716
281538
612660
1667
136632
428429
456627
28758
410692
547758
215163
414310
268406
132138
378443
145006
665731
411934
399809
276748
553682
486903
213640
299413
235366
354700
572366
673223
134905
533503
643367
670531
404933
7638
275057
1992
171062
39556
563591
480437
91126
288143
225487
653048
16460
418920
606524
619756
27011
479697
413051
488115
371569
577298
394210
437858
681130
616858
489878
633519
392605
341420
357367
227529
333328
649385
486158
427882
91537
335387
17496
251442
560032
566548
573607
465167
2832
317141
347631
578286
348623
554323
433145
589998
585210
361450
201001
154891
143530
570597
363672
118312
69805
56288
568858
415781
151547
590869
497275
462424
404047
14923
618876
429892
128208
63228
35291
407589
232309
412958
31536
656712
23736
412482
35539
338127
468933
490883
680024
162449
470438
163365
45041
494605
89078
600047
203435
88800
201822
234529
167683
558365
230301
485756
354811
301670
581072
603635
203167
568107
408118
311188
634636
273152
249066
292314
554586
558645
431201
274233
127775
83222
182131
578812
641462
632708
665600
487234
242098
380506
308840
634067
492994
261069
205308
516814
602024
494270
633777
214163
493186
58341
201040
149878
63392
463838
549965
545269
528328
149809
112269
440451
287184
512779
20428
348344
588042
500943
325542
591499
48270
313276
293008
522955
138770
60982
208992
335487
25819
113759
333219
492350
25976
524659
562400
64500
596596
120199
510760
140473
535944
649923
103290
450781
565357
551662
523531
333877
416422
258735
447245
579339
322579
411630
220372
116942
263931
294991
540461
202343
53480
68885
266987
30124
441931
242325
354643
568026
270894
101573
251638
16144
583605
329016
681636
392353
645314
179993
644229
139735
263123
576584
279719
627211
479114
513926
48104
431517
2289
223538
230780
638711
208636
627744
542449
659611
288003
153029
508033
130260
135030
105442
247797
496943
521572
557497
316154
502563
230463
209576
419972
489768
84304
585502
554439
500478
30128
445680
588353
586481
377632
355182
435572
432620
457786
145870
673493
487265
640087
116945
118312
592517
442678
122626
306407
66485
249111
16252
43584
364537
552788
25393
384602
208126
247120
616923
607560
96100
34114
97629
533278
242357
224471
152246
567974
71027
406135
517108
123501
464422
170407
150586
644840
451336
39099
479831
157169
459240
391284
570175
182239
352843
236331
576444
516508
518624
621921
167530
881
249928
609406
267157
194754
223261
308044
370001
629545
85481
305414
369410
463350
126613
122711
245463
26920
630999
185760
514041
319324
69106
432838
181644
327412
515846
270377
306985
367522
531358
212967
642937
200290
18663
142255
422214
277469
673823
494673
655229
198248
388853
523798
287961
145272
200623
2073
36661
210093
317000
189843
151760
166072
459972
278952
303235
302966
593608
472511
635562
579052
536268
306151
661005
446465
419155
216878
489116
185138
111824
408214
149387
675943
533682
554974
477091
612811
237636
367830
301665
198689
471352
403554
455244
372779
623384
643812
208764
444026
396616
511145
508400
332781
331690
51117
283450
504024
661741
170758
367223
474114
49463
337033
606383
256404
159410
205063
403657
186363
666823
245791
115722
133574
108771
352196
500950
429986
356171
414911
348700
292288
18566
557253
156868
164632
513933
58103
640946
466410
571494
397660
371452
671568
340821
66323
368918
288830
608156
601877
425260
65823
66623
587161
198728
127220
347175
525497
9051
558334
284513
515354
29897
79840
196230
238975
91698
224322
439758
579169
64192
284143
520501
367152
190584
221007
127150
35711
257251
630377
615167
46965
158965
557918
38845
366331
396862
94919
209718
465993
29842
25607
460339
344817
596504
496747
253325
69114
489047
617589
26640
171508
459735
57555
680187
614805
580906
240684
157480
348280
500417
339806
623433
471101
297527
480638
353579
410643
46121
259605
560117
42790
222365
373841
357504
196685
666884
56803
644523
617725
360567
304520
232855
60824
294984
441686
136211
89203
502469
317835
359874
426859
30861
33295
665186
111315
261027
61780
192933
621045
368674
145277
1417
311670
195026
524705
596553
322769
511879
618376
286929
541424
519471
422972
577751
358437
396667
320349
70530
552111
585288
304603
370149
564019
440899
681845
409608
200204
279014
110285
520867
336817
416715
663548
281267
370876
22620
346901
535462
329720
480586
11572
28724
365514
93077
459011
254830
437172
353002
206833
608450
428840
569810
550664
31906
577381
425223
635301
511252
131229
125858
428271
311431
191911
242444
68842
610260
249179
606257
232136
77596
544162
104785
502539
476723
662719
611567
396908
402195
21666
598014
478568
488146
406273
5308
665583
571420
262345
272450
295854
565903
217495
210703
587099
386455
637095
344425
125338
506309
458475
270978
565985
577598
514536
193215
94982
43936
210856
616100
194246
415299
246828
268432
652458
649104
653224
572549
555383
207160
439431
164331
528036
258406
672554
442962
564281
262649
329289
88204
179762
385254
421667
530305
311171
360182
484810
112123
72395
465950
542388
113250
75713
60740
415272
510510
200434
185419
355894
291108
416796
322742
501709
283846
590753
680887
340905
637535
556776
217893
335772
424805
647243
352700
83537
170347
42932
362083
436224
635070
107328
605433
220696
204750
477996
545018
669727
572622
650238
497427
577573
616828
429982
374528
303436
67269
676907
81605
193110
542775
90678
330099
658298
364698
554959
639092
115400
116797
399133
65433
398542
386740
77527
242880
305367
223064
121431
264281
396803
142549
580079
175739
543027
635008
308766
148960
490491
321775
594025
54686
396786
89615
163964
3635
42308
250527
580453
587065
209524
645602
661406
306180
274356
595928
487557
274942
450189
508655
119537
301667
220391
38066
6442
7199
212229
651109
149779
481382
553375
283391
282892
414013
521268
612613
118855
346634
540253
164845
38616
99143
282754
245471
419906
306626
593979
249856
209780
551170
656451
488346
564793
401150
439024
366305
148680
457287
355390
608041
2309
349963
45936
197621
208613
580303
79892
123835
512718
303813
296729
524826
590382
682734
60255
306368
106239
241464
267388
351987
50271
636662
416239
259207
489357
111665
440522
110931
427760
109022
165764
375277
298846
582931
424366
315756
199250
89161
30033
520662
534759
86844
56013
537619
53036
473153
103030
124635
65135
623765
451169
500686
547514
399972
347254
80860
302302
14427
414771
604342
479314
103032
229504
360841
353687
144606
338633
396820
611392
220674
356684
156735
630797
361733
595904
11620
426140
157902
450093
581382
602477
642017
123230
207664
277027
509330
668825
266411
294459
556605
176639
462464
467321
139436
231909
321623
327964
451970
318020
136889
668913
664835
564442
30956
374103
544792
527953
384098
125671
123966
262898
429494
401450
229838
139605
414247
213380
261607
606152
662664
655616
675052
231860
198193
277528
538905
2055
398708
530252
303003
50538
36903
655140
15063
592850
101100
629801
89307
74894
187049
339083
575536
455789
315723
58698
163998
616724
589974
400866
363144
18189
485877
371948
139543
241502
230145
490958
21482
212984
234665
396546
594512
652374
74836
386318
209783
278415
262616
410020
332225
129598
191252
86938
182573
108808
607651
56092
181351
569146
96097
271313
588556
525976
374901
172313
465554
230234
141172
643626
150813
169592
384959
109886
160654
584933
262376
341653
512124
560991
596714
247739
387465
287296
92852
149664
170794
506398
595462
655223
41606
662364
365232
230980
399121
354175
222719
380465
505799
179428
211717
284668
384446
261987
89886
322630
167897
1769
256121
325911
454489
42464
30893
248688
179534
555956
147813
143754
554344
670144
513688
135741
5653
386729
210912
51203
652899
644910
147807
656075
268488
271753
606412
636546
196325
514110
569065
472312
337895
88338
598327
243201
299103
288177
140380
581242
370117
328294
473822
638829
174259
4645
137119
614292
205831
584252
627708
240937
98003
290669
500630
571433
445332
31179
234121
614735
666665
660619
426375
486717
655943
77443
676739
585135
10099
393110
268257
666948
181939
534136
316078
243112
663384
668343
277063
327030
221016
486908
193750
627754
290750
174500
197071
143159
658115
399804
52835
292671
217519
146346
246598
516509
468939
373707
527105
111174
294118
594309
22112
526162
403499
97420
660845
48134
307815
659215
148486
476741
49677
14282
58512
365198
126189
316297
219904
634589
3785
381808
170235
454514
490220
161054
199119
636758
165930
341322
459964
466214
148595
558558
230673
246229
148606
331243
376340
489171
448951
421437
290498
535377
490888
491609
295254
502290
565105
498205
671962
40665
391078
268603
501820
167041
440544
581947
673088
134654
298800
517046
460184
664167
233162
402351
605775
297448
543021
143078
378834
57048
264756
338191
234926
90660
332939
600025
417636
215392
304188
118601
635040
330158
38146
188966
443439
651080
375301
288636
116375
195974
40240
199192
265905
416092
213745
293402
429739
273896
606764
5283
572848
466051
394320
95388
597663
68325
404188
1858
449401
501985
577800
485715
669651
118669
71914
273764
253061
610245
57398
320448
14258
253232
387006
11522
368702
327495
181130
534131
154403
64631
292338
208895
486061
508232
201182
538815
278382
565187
563681
134872
274432
154775
102920
15069
293050
679896
511784
117718
578782
104894
250178
64401
75258
25376
538695
27117
514993
447822
516407
420526
435135
250710
1111
645898
298725
243764
409730
609955
629773
209777
608957
666416
277824
235103
341006
88221
636164
367643
182289
492588
495944
444064
489126
652260
140404
592142
404587
506482
197528
561561
424557
603048
622048
540791
403754
544506
587631
261227
470583
627089
590909
24724
554053
423657
349655
121605
397504
175660
21802
556143
504878
598267
187474
401508
70287
350573
379486
463191
622031
502464
448042
520158
145146
503554
605755
628061
250317
476097
461639
465602
317725
127976
627639
544037
285488
343148
157591
235307
53697
435941
320972
140345
624353
606848
679664
105581
532611
547988
159115
62237
366577
457573
391879
626634
211195
415396
590447
288081
196824
585788
236070
382605
230145
125105
453171
449386
397064
338839
350362
106016
149154
144089
326271
483631
601974
125671
198922
244072
470394
371344
29215
571177
402165
270062
138187
434410
189962
664702
302875
379962
414226
194805
88590
565043
427679
215697
118358
531902
308176
203382
623015
629253
569077
453971
154327
237104
619551
624205
420762
639692
563521
424309
14720
229966
630374
243318
339850
198406
52289
395396
585938
244570
652143
264159
306494
390840
629911
452759
7328
206480
263491
446781
152527
126962
558189
652484
13962
170301
13040
277432
108618
524076
39045
134471
366806
190361
466720
465228
315978
195265
55166
388711
417304
214146
97381
491981
672264
46522
536432
153180
431094
579077
280101
307958
378928
461110
242393
389690
11908
61445
281176
640431
307956
239740
479865
175438
136856
351476
646733
588024
128651
181952
398400
220945
510909
82670
553435
656832
546271
539375
7925
424654
465614
476453
273059
372153
11738
378843
427807
258620
206558
90387
604622
410083
271697
299797
521081
606154
514716
622786
674120
638036
359634
333930
670158
248349
3059
169812
479873
162096
42391
494313
629183
292123
78635
315847
418919
126716
251572
213673
451058
614282
664621
569414
45649
437328
92480
604330
217132
90903
534082
643544
573855
83570
642479
130784
484436
464736
571701
81941
289091
572697
243223
441996
98478
38110
158455
190521
424480
112496
71594
299518
13781
410389
386943
544208
406356
674579
252243
436850
636305
212753
359705
529088
530888
192896
147805
377702
20545
162060
620850
586035
509361
588070
125678
238743
205205
265992
525871
563059
134710
7764
218794
626928
114132
168546
31163
284397
237095
383949
345621
24533
487982
47355
472446
187770
438280
663492
557545
370891
373967
439563
628122
349447
367663
351627
356604
28978
650869
256161
503834
668756
548501
213671
203317
138610
75344
112538
613733
465215
152639
672139
360370
229725
623132
373404
144159
451474
150137
165200
413567
208327
419823
287961
571902
591345
250689
281030
286619
152032
616448
322686
552327
312497
154736
241901
570955
580787
152920
125503
67841
58485
660306
319085
435686
338119
337790
582632
39107
409134
277835
14595
128554
298216
104528
295291
550055
330171
24242
618912
608230
409293
59762
609602
257545
220508
646003
333462
190469
198598
372929
10
37153
283897
400684
405616
669603
375429
80677
543501
7734
91714
88788
274270
165249
242752
188419
122962
220388
602018
448980
203968
433857
196884
543610
9212
115989
246160
4573
402748
653635
261586
632236
369326
549100
659808
453581
402107
1473
229470
386350
54704
209929
577770
120447
35616
663861
7
244124
231244
485158
438726
628317
104456
598788
484243
550057
437342
357648
546569
302013
87965
237645
327796
514212
554982
345253
573529
540498
288972
668260
399543
307816
641162
213817
163416
209165
559807
264752
296391
657605
429787
610603
44741
548566
283623
368418
138438
607052
632609
61605
661440
317183
625504
396726
515883
120366
574258
173246
358007
644162
287623
629295
334060
98811
128866
546677
394393
674166
100095
462569
318633
53976
537049
379009
433945
51486
537038
667331
273982
514160
160928
311630
136052
236823
135600
623171
596064
153073
206156
39003
308255
533663
593768
142974
558499
323742
66192
601523
224881
615201
16967
53794
5558
538082
479202
537835
467067
539727
92760
95332
670713
306981
81348
304979
581470
429418
285549
393389
108739
139219
137659
431402
488428
489633
642606
118998
367112
359529
608666
61875
148711
329763
290543
351828
456057
15471
172554
474703
387048
489869
248426
303975
314572
395355
71709
53238
613276
194914
521300
312458
70533
539608
317009
412176
643652
1893
188938
191555
660291
478858
549659
505783
149115
319312
394053
228596
191146
116536
477470
262076
606197
151773
458376
2997
192638
393102
524186
21402
229463
196021
496994
150608
24452
88813
314241
533862
66544
516136
157146
29578
574564
537999
154225
496593
102782
289932
295887
2125
451478
476862
525989
417818
405878
212588
184379
37963
222301
246102
426991
7771
415938
63692
265254
433141
547848
1870
138338
523113
571645
525356
376353
6830
73942
478009
1417
381678
420281
568346
598188
46304
355827
325623
215861
528226
425286
430002
548357
660276
306086
512387
641909
304450
670561
189989
442642
317196
621263
317915
473378
639659
527097
406620
72510
261050
292134
217608
507981
648067
417222
309065
102876
340147
379961
293423
262974
174454
213771
257238
646311
154084
84121
552914
538082
533176
49351
678414
499
425573
34396
41172
17968
311623
108820
265469
214660
154119
620691
254097
184901
277713
537751
573368
576601
383386
636568
142425
662545
193419
673353
330988
574279
196242
139343
280206
259918
43891
238105
630504
224452
50996
49222
363002
141694
198517
7933
425112
187454
175540
109555
153814
86213
608598
167453
258492
163723
155907
275509
575907
19504
206696
155569
672834
96771
123443
370879
148171
91932
139701
532774
439096
176831
113798
179695
536427
66086
540379
141298
365995
301638
483402
630324
341994
631297
628035
411417
97793
616285
146806
677091
548084
334339
601303
138747
562647
4199
178377
124936
395820
125637
539644
69437
169613
222774
25489
334558
397531
487254
338556
295281
582733
548796
368845
516340
324196
551155
31527
539542
578080
34413
211564
60897
560059
275446
355358
248359
466983
333275
489125
624202
540432
208675
659187
102268
470363
420840
490177
279513
228380
296539
637319
53922
277063
626034
13459
507303
376249
471357
481866
546987
156448
25850
356111
44055
174028
295548
153231
113738
322882
328051
7950
655621
308835
207786
518693
144126
10113
160637
386282
363160
640405
569388
101715
1172
358549
501515
8427
424630
465243
197403
544831
577698
213021
491444
322533
34961
131298
355148
218143
177533
343165
620545
284384
609664
460868
47249
300887
34969
625176
226660
358621
262756
127734
384471
675335
651431
424229
511433
587607
424390
227002
237545
245102
251399
1485
18814
57309
569500
503594
144590
464077
148067
321667
53101
473981
416239
422863
10219
189288
359661
227309
529490
510057
580713
536722
533235
350400
249818
518722
457771
69969
353342
377780
123730
189283
413996
510591
485193
239342
363208
473186
412302
527215
424061
667975
151537
566778
149856
625461
466604
203920
475301
496850
147244
316746
470041
846
606788
205359
533431
367189
575877
558116
243789
548301
91792
22897
108187
436596
87040
497155
125139
127255
352786
261835
494731
478835
253104
500713
399319
626521
636465
239142
180837
658731
655597
300765
623996
587144
248275
496191
131359
135260
85350
579472
17251
666308
427513
460860
627284
317518
278847
281509
372892
561552
163350
530133
195205
569099
533168
18753
493242
607078
248238
530578
264263
507639
241138
554490
173889
528074
619292
503967
197941
242240
410694
158265
359848
419684
490815
384898
680714
473460
282872
625415
186901
250124
460821
599274
19623
277021
297692
368282
564320
98087
243813
1186
546411
515324
374919
304833
531263
614467
152983
499221
307706
521486
280539
654373
491920
586347
484676
259556
272269
482279
426679
108798
69437
51442
535819
339907
105983
433817
411641
655421
627655
351919
667635
309367
516422
4747
59310
489877
179044
506473
113081
130948
673423
343242
519991
413181
66291
221217
658270
142461
68564
362723
182914
677815
443551
449904
592522
213225
71512
53628
659918
455101
517628
387927
639508
262725
372616
633481
212389
646353
230940
512049
64586
342358
682477
11748
597443
457146
409973
350002
370147
541945
155861
664428
165745
41701
282110
57977
118658
321408
473728
263288
661518
667873
315484
267609
220090
353761
238916
215671
624504
216727
83809
159367
588050
189476
302517
179048
209744
79722
413695
590074
456456
119896
214248
512135
400862
11278
345106
256179
178566
70605
393568
507126
250941
457755
52815
433650
598383
82085
176084
630996
605547
92608
590715
400677
259673
417941
525033
521137
23779
453836
494263
499543
147638
369455
502937
32640
575136
332158
523188
518676
9633
250209
44171
562247
453742
369769
656582
269613
295996
512458
362589
72890
639274
313559
606733
37345
445313
266168
375304
471475
353061
66691
462353
391217
265410
277696
564912
541558
380336
141141
12172
465127
448919
647655
315230
510132
548673
412315
62775
279503
369453
149409
462740
16744
15925
152178
369576
291218
106723
504334
667269
669794
609293
54069
133514
634528
500551
86211
139151
207066
618344
28774
45783
261471
357609
87391
495131
67381
538423
325585
538541
194225
378598
83042
147774
611404
362832
606239
418073
610748
583424
305700
571887
456259
462456
485576
117215
521965
303524
148402
96503
567754
492534
49711
11764
2135
24389
115343
560177
221496
499110
611505
148070
546791
338385
118178
329612
680714
549787
101687
508716
524203
164062
194532
55975
116076
154973
144805
676211
268471
550047
331790
631414
166192
419829
184380
182054
22844
85319
258542
583307
128118
608518
569776
546556
646314
404129
326570
581189
673756
651956
379709
205406
391105
296335
62970
532683
286250
664954
335643
409475
620553
454842
212705
153348
266237
632789
105021
213604
182205
40777
99545
504663
117140
192365
56895
163625
564711
452462
523026
182858
496893
661966
584227
570245
289284
376664
91707
538783
191055
375507
610944
217011
676467
554556
371772
630272
157392
275848
54594
46495
656740
181385
413835
2832
206782
205216
165454
654022
105988
328307
129741
453443
403269
197860
85592
412631
130698
325826
255451
6039
565865
469675
631973
40390
661270
432753
168356
553232
508945
660053
617126
154352
671487
637361
85348
6016
247737
42401
595712
143155
52872
631932
94004
487346
548396
592332
198540
285076
185476
367104
234695
103987
602539
326441
434853
242400
461485
430001
189346
184017
260331
443445
163119
533192
77680
103385
289568
440415
61939
76094
644125
168979
1350
203711
268387
522950
651005
662712
141756
526886
179683
52501
250325
648435
311530
286680
463836
16024
573265
552176
591706
376757
197306
156796
108063
371145
112717
177062
596251
291652
147439
31
122765
121427
102574
532528
482184
578606
315895
191340
226016
378708
443419
504541
627321
379781
228629
175640
476706
91869
262533
639486
8727
294481
94488
129218
309791
344836
30268
434398
421162
197775
111403
546527
526553
65084
658488
447067
34868
209494
486653
38221
267203
92772
423611
315976
640403
265422
560013
579082
633619
269444
521065
518164
663594
186471
641801
69499
272415
303228
61357
357102
664005
408774
300392
641472
114401
94278
229312
14412
172093
269544
248156
552049
71831
545987
487586
232327
640092
545495
268991
245930
138378
152486
132534
323463
265545
599538
121364
113810
615734
645059
297358
343911
544906
386808
363943
335771
198874
148860
378422
70499
647337
516370
141665
514416
92305
535869
536109
190828
385762
353369
324210
647031
247842
116920
119705
403712
657183
615723
101826
203392
433992
146056
8623
434839
246964
292554
640462
167562
352413
141222
447930
342655
76486
407242
229106
375504
414137
310847
532941
197483
570456
355739
187695
380867
240590
93778
215385
555053
291186
263799
442741
475876
594363
386079
483700
67796
224987
329851
436076
367807
392913
560253
659265
217423
428851
661826
516528
121845
81876
263166
249035
8647
682231
120407
25042
179786
73983
164297
492234
561679
51500
374920
526899
403278
158237
86714
395482
114903
617673
626602
647208
57655
141062
421434
656876
580371
308526
561753
131678
168225
662980
463906
316517
631284
214519
361797
311472
645126
236753
676490
456009
238384
31973
285740
23885
403350
6422
577624
142011
649613
231562
187218
83553
323646
639647
532765
555377
605550
623013
217798
505631
344122
133867
179423
110734
497210
637547
328724
393071
181915
479185
488214
609311
12319
618070
56957
332541
136014
85352
312056
78232
167483
279379
471622
265027
568735
390742
343977
573323
662250
623378
479161
322326
133570
231856
641721
670819
521755
298211
374539
422017
505389
177482
679107
289745
164056
125529
231741
531909
288486
508412
7728
278006
528609
114926
189929
500810
646846
500099
334071
201308
430764
624870
425597
498716
397310
629568
121479
345941
374459
178061
28510
145584
259963
6047
645078
417619
570147
260234
527120
645851
600674
231181
486465
458405
370606
92290
393705
152623
290658
604136
269262
117926
129603
450125
42596
610971
413103
417683
166033
511010
317849
676424
483598
214636
656773
574537
457452
201939
215776
666532
216662
301176
54331
548990
401890
425616
135155
116132
503845
324225
123764
679155
408471
679395
501031
230731
434415
68509
274252
664097
52673
95721
502226
258571
484163
371926
19427
218387
494899
322017
401130
366613
123020
96292
38895
30088
508271
66653
39561
262729
219991
406562
583166
646555
350123
166034
146023
345684
424909
73900
538204
493572
656862
296146
60910
51912
430119
628032
534316
248859
583439
481955
678131
594313
358140
244768
571317
249189
455871
176729
225456
499480
417414
398242
601510
393285
79137
147995
534762
219995
184189
154167
511092
11663
25949
122333
580656
32019
344371
193176
620698
9439
74850
479382
273879
393709
179580
402419
232416
90766
582679
375423
361701
159349
507505
75966
314713
174162
491868
266393
98107
110666
8524
585993
78987
228115
47321
633126
517688
331413
177771
607023
210905
646169
589733
501230
660146
18591
458135
227774
426617
114399
296262
102320
491278
545904
81005
70768
157653
608563
54658
381620
442642
1158
538221
402620
443443
130703
658631
134198
201762
512340
350454
292106
58228
612528
497669
68333
376513
223555
278004
324884
532320
84097
118818
6946
292634
226501
319300
27602
135541
462435
309706
571557
459529
522115
482001
454230
158157
268070
121336
514823
395355
414141
251461
146415
36573
206471
569413
435921
307169
282823
38718
120715
567601
604045
437807
303879
674303
219250
215959
320063
1216
304021
179739
29872
73149
475415
282586
358134
200553
257762
363891
474581
632553
456877
546775
319712
114928
611744
510316
567365
620687
364535
419248
526076
427372
16089
594998
638737
39017
73460
412014
367268
205349
238199
377308
209768
109312
130301
246313
525907
61677
64046
548635
12497
287597
567826
112841
341592
127412
278707
444750
595012
526132
26425
451678
43590
319310
490393
202426
574377
374621
654435
388817
285802
464443
427798
23447
577852
195418
422179
246318
413441
317278
135611
413479
205388
141346
538504
38616
208958
259784
96851
444408
151476
325062
349553
17371
394526
447141
170679
121067
167076
181156
679037
645895
309108
286818
550762
49507
10791
578641
399973
611629
211198
247674
355035
470237
145559
72801
627095
280684
441219
188335
80326
450289
299323
660997
8113
368557
523382
238453
574698
95501
681306
144243
505766
515338
260102
393146
508046
356421
631205
455415
594375
550188
489407
356456
98635
415616
482108
565204
587494
374879
354361
354768
71841
635848
116871
253748
427861
192631
299144
197147
140248
438370
647101
493163
559997
590186
469293
319220
626250
235187
286580
450510
168146
170121
167516
435468
525931
50348
86708
535075
233527
289038
495982
321836
311747
670396
284699
337375
234839
65722
595451
44846
304160
217112
649397
558418
609870
339505
340322
36417
217309
345042
578721
371869
513679
129316
471033
13259
326276
301876
37725
615329
358612
28486
270413
634848
137360
398146
331609
505369
672976
307468
62630
636433
488588
70211
33953
407272
315705
560997
618111
359359
526036
647826
568240
576572
533095
599147
117347
21516
243324
249640
520186
108807
462456
222286
95549
256157
680784
425238
55737
126229
604364
501749
455450
32589
639364
597212
126874
142887
305110
615854
578209
125920
290950
85879
110983
518075
291163
625179
534172
13186
489147
672212
87512
303035
138473
286844
552219
272477
579924
517263
674350
178448
655011
341628
425331
189303
615006
15099
152192
275279
593053
394671
10130
586605
300715
332103
458807
646815
189005
273576
116626
643722
463021
390523
635224
117882
373871
419046
394797
206166
105150
213249
221827
299751
207242
83086
448622
414544
10985
681026
358354
252242
543934
561428
368952
499558
487457
391103
634409
58279
555519
159741
190990
92958
132755
153861
258450
448073
59999
573695
370971
99168
113276
234889
328563
580712
197103
340390
332279
20075
407416
117466
625588
217542
88346
125228
441657
128988
359038
357321
333860
153036
217267
551904
632342
319125
85021
626825
440002
128225
123043
274915
134402
71270
9745
358863
314068
30458
252568
310716
231670
15940
612306
159095
231181
682153
567211
162992
182983
536335
445692
679657
494072
488937
540044
36729
241595
137822
681441
395519
600407
332859
110788
680088
424051
620740
54711
197730
284479
451008
209587
386743
443226
651656
308709
75924
442651
611010
660465
521579
249568
385042
546944
661661
87044
8815
428086
365261
625712
347938
100734
91196
386871
311449
457459
88029
459565
363754
208350
368628
190567
662089
123596
491021
528186
483845
122371
444724
647485
320947
233015
450594
60904
8110
617870
507963
238102
9102
394178
647505
323790
393574
350981
267372
388566
47265
217573
614405
547971
151910
285693
174113
592934
657028
184390
264436
70151
116583
63790
611487
493567
377992
201453
147975
555195
170699
405227
632392
325181
328134
446254
607620
464246
198977
409642
10215
614037
276426
244268
285367
621012
538330
587826
544527
474673
477580
227953
179673
14948
468427
64875
346632
81228
545914
116107
196878
437441
12343
38645
422639
209708
510408
660988
463260
479921
546428
111294
453267
439859
262473
277206
207317
384738
382091
274373
315993
107213
345392
407901
13951
38335
520673
404523
226883
4015
296064
102738
52900
168299
438118
530600
551430
664263
523339
157708
679864
52147
555991
615218
199
392633
388587
343128
601988
32615
377575
642332
463343
590205
644665
149171
524777
478893
375459
207326
207503
142852
287699
9783
500164
286396
121557
130605
265434
479767
527374
592667
678370
638516
558618
236784
539828
189893
618354
339831
342997
512521
344655
546364
387290
318231
167487
422341
474730
30924
293362
212959
313816
436614
345445
661261
396962
477301
150951
87977
269564
492295
185216
112045
445834
428867
151443
461352
622430
293867
24048
270191
39659
449640
297337
193622
383924
40034
152229
634187
641017
151173
8935
295799
123424
264739
58993
122481
136791
178693
203544
71727
42078
363498
353951
669844
69315
201133
202406
180577
219967
241878
367270
606352
94493
539563
95021
648584
480451
424335
411911
192494
595679
243745
134758
544340
12562
113422
636259
350626
124529
681014
307489
154168
496376
644450
536389
515554
308214
51080
530497
344473
170641
516924
167
437534
487283
597409
65678
279501
599041
437565
554848
653808
482054
332574
303243
579671
562301
249647
230967
400794
212246
289652
57908
396392
380683
232033
84837
311037
476060
2468
210422
60503
68799
163507
234475
488230
289938
416232
47234
590675
437086
325395
241583
565166
47665
652373
448186
596845
395217
372057
212988
590223
576024
623548
51476
571622
305041
359457
149797
537543
214325
100193
157476
227830
308869
380389
549786
12683
536706
464429
213450
142909
561425
323639
138931
104326
273411
661562
621383
638851
73575
344122
169168
621733
461076
166722
364009
675079
647757
580733
510107
110464
547199
658818
423133
140907
256907
447400
101540
234913
230569
48752
54863
570236
643717
72697
581429
98205
646000
267058
313366
194320
342093
557581
541605
24363
32482
537137
272457
636196
110528
552419
297120
383159
300839
518323
284266
13103
512749
206823
143470
341287
117958
512836
115645
177085
474655
651969
621439
308314
455170
492429
130240
364207
407306
308494
544238
383092
112873
498100
575905
139160
394348
493934
181126
199384
378957
474680
663534
607369
557307
150134
454116
309631
130173
148232
523486
559366
423704
67682
590227
594836
25919
579924
159961
570089
577998
407727
508922
256569
222154
32912
255715
385314
470782
616276
494956
468166
222901
338889
297455
568977
332057
36794
649898
152639
41120
40640
336246
404106
598489
22563
124688
221103
573664
209941
626073
258578
22658
462647
590848
413960
373279
255507
598764
256062
410970
296274
543535
128451
26127
653271
330521
27920
680872
207891
362273
319849
405007
96341
448411
535284
263363
586335
535826
293286
669172
527285
262165
444492
375476
270444
527712
138625
500325
288660
170882
308434
237466
596185
241233
368745
317468
546309
21740
58650
382338
572767
151024
287392
319353
606654
261885
86956
436506
94263
19931
577927
2885
652843
257769
56941
314436
298539
358700
278915
577597
460214
460241
153732
612546
576033
417164
275508
395348
553893
109382
235579
115107
520700
157145
416193
81699
182777
612088
220805
601932
524650
172984
228162
568531
538855
301233
173848
626579
385835
383355
469166
647215
611488
33138
672739
624645
111165
356525
593887
67103
393341
428938
36072
217690
509004
93293
154625
12141
168144
465040
621028
396411
193489
516819
52476
111171
269136
166551
358166
239000
381839
513284
581017
153581
544779
70248
164768
598838
466400
424804
681264
354854
379759
87438
185290
492095
17700
417392
125200
582292
637822
304543
163426
434715
540777
333203
237227
542749
285518
321476
631345
203053
383651
620607
19869
212366
349089
32816
246246
250847
529992
102764
370683
639244
87485
100720
456758
526365
426867
317423
145555
526188
681586
499393
443587
76983
73598
495798
505350
526349
209061
104492
14965
281030
281182
682346
159622
27321
652716
268605
507310
461115
414468
488777
119628
398147
450556
446464
52268
174466
127530
67861
535498
232928
402952
145512
403460
113550
605460
436757
62554
313627
682076
155378
473541
601857
220246
649411
69502
71877
323084
500632
268249
240451
472476
425849
238947
113774
415780
230790
42150
133183
460465
381994
295503
506625
94088
643414
134816
44639
516311
624315
494060
40384
235074
128959
393494
13781
423212
236255
15580
245512
15808
253794
658195
643035
582241
175481
361750
633180
5372
592377
243626
26769
411359
674247
477579
287054
485100
150171
169136
208121
348841
25600
12088
674264
439090
495930
598593
54299
660352
144404
32925
374058
573105
190969
463603
198662
304767
635874
42093
608143
112880
582635
348637
506711
171602
222049
525236
551975
38012
172639
93543
106232
434874
483437
359746
553889
384638
216550
131186
549193
178798
632264
511133
373792
211604
576806
588309
379505
540207
560281
478895
367861
110515
200860
195230
297571
253665
16318
281739
120363
390787
188451
34792
614913
188420
255310
119457
361943
321910
433915
607098
164535
54615
68214
262443
119599
206606
555853
496729
381232
274352
159914
306225
219916
223051
119649
14406
230803
508242
274554
514021
215650
507316
182505
193760
186580
570503
58308
504954
393164
45279
622198
139881
230035
196475
320240
679554
551488
256419
462638
398933
527230
284621
261577
375561
286856
309701
284680
13212
396579
458385
407007
566845
489681
566880
585753
583088
290778
388598
941
349012
21001
550145
477960
375025
225829
401390
358164
526042
369023
310750
186455
340697
383334
195357
140938
121124
585199
78640
624857
263355
551891
316423
106463
589
359884
314862
345224
300707
85183
489312
307011
120801
94543
390140
241940
582237
299082
397375
495884
358652
620799
259184
296131
353649
453446
492267
667945
164518
141212
63651
301020
428305
183014
98412
642451
119285
81525
319484
503948
615303
224572
163720
370272
237329
142778
265720
674973
150963
500123
174881
642406
502323
285647
243838
302776
619248
148060
238990
326862
267822
96672
369474
4240
323669
259559
474050
67295
363219
421493
35536
142277
677190
77388
677165
204803
599086
479192
182759
194613
104446
338370
92076
458800
356812
16870
175940
487344
334216
137535
555869
100107
648841
214250
594109
568153
259778
233981
324352
345055
453856
196109
337080
429868
182248
578526
116838
566972
120511
4637
241535
174259
624399
588075
206136
517531
390696
250768
623172
24078
339934
207994
325687
407266
347473
639298
258075
148512
339651
644377
179550
635983
506838
452682
500473
500869
129975
20605
418296
656117
631083
557481
519505
651912
602324
639854
91368
48190
344503
21583
341289
395622
586024
671010
175507
117406
273231
48832
258786
257588
362973
309269
162097
573105
280745
551387
267666
45444
184286
239316
505717
31591
325786
494907
12315
349116
530435
6803
385357
624199
318573
205023
216119
95038
520697
361727
87618
263966
18430
642903
271946
252081
122738
23696
304906
152673
594943
534885
673477
121480
531714
573667
661478
202679
511210
194581
289208
118191
615707
493765
363984
645438
444793
410865
428520
28616
628707
186528
490903
359049
2946
378460
681384
43106
24347
591220
590176
20814
341789
417775
630287
513986
170745
616711
301458
643
125253
370632
439010
12103
569778
154883
483458
627577
546351
615447
75424
105757
608590
276881
176900
171607
565402
103356
48680
152650
658021
451620
133770
86294
342032
359080
482393
3728
50139
11604
611005
142167
205379
590059
272317
267324
579157
59798
283991
428849
565883
83592
387656
10165
671934
441167
455852
159698
631006
68821
504873
583255
643447
560832
396046
14712
590228
117588
210850
518081
147119
468751
569538
368922
435319
541830
441855
428399
303193
219865
206984
630226
203597
680650
444838
74970
576448
117778
608159
240528
504333
573794
40683
604108
270461
216165
227715
464423
678371
138478
568071
404767
334869
173593
417789
6456
482321
366905
605349
270359
332655
369029
487510
229292
576838
297884
444866
562448
172967
157542
235990
126806
52643
358196
575824
566927
278639
630937
308994
511671
379293
681525
323394
617389
583911
259798
577294
147266
201430
124027
337772
160346
676892
666373
502484
153913
540709
267347
295745
231535
544892
56003
366906
8343
49781
329
132273
613833
349568
91551
94576
578774
450272
399588
90712
192421
248936
64057
593340
412254
185333
467153
600124
280080
245508
148937
379984
449860
232875
549551
549392
395971
242659
295161
628942
313737
429029
82920
557048
433433
209276
25856
354206
523951
288500
1961
93736
654056
415782
340682
62046
196960
546790
26191
261569
499159
548165
59966
120841
148313
246645
548281
86486
530470
352496
263148
249672
77486
645522
290366
585321
284135
40756
236056
553467
474423
165969
394521
640593
171181
655906
650828
96717
496653
610123
594372
89346
304314
144956
427901
363869
22129
477025
504153
471048
635296
604762
554807
524936
323210
415524
147365
113470
375889
305499
475122
80440
160781
371207
218319
671674
239381
217493
184247
475582
580706
576613
359556
145226
279707
343934
292000
540877
486745
33232
468320
613024
625233
50757
681868
148287
362671
611676
445523
643374
123355
458223
230347
612665
149068
668212
185481
313325
630094
160373
120458
90070
176932
567224
679680
81956
511384
261605
29837
361287
163234
42913
496309
540379
578539
445799
293916
146814
116136
68107
348612
584333
373511
1908
567023
198117
610826
646651
345495
85278
192665
236062
335387
453431
138372
324659
594564
432980
331114
20838
248193
138700
607970
439687
242032
423863
243714
456854
171674
328236
563807
49650
382594
184796
613134
7991
281329
392070
501992
409630
57196
521904
531299
150277
234215
131421
129394
179122
649523
562919
276101
252199
229087
161428
45373
34095
420573
655939
89123
486168
633521
435334
255627
323263
358270
443811
645984
173955
164160
68602
15189
43106
418638
630808
447458
86803
192580
297808
110464
250256
177000
118730
545251
287467
518516
308405
599911
510653
136907
534230
522062
328324
494585
353026
374500
22407
631896
183293
5828
609338
221141
549304
138238
120803
81160
545542
450768
521610
681421
99289
406446
247499
453169
513270
82212
406056
92260
185244
610261
376333
484005
549986
673523
3576
271826
558457
653367
34769
579009
255306
398773
473739
201311
426910
366489
76297
595767
451696
525981
285229
164241
310479
586646
24955
267422
247474
236631
194830
308982
153744
484010
524644
173118
626943
217115
164452
220557
677281
118773
345321
111616
36691
425540
131280
553291
565467
409393
219751
152389
182354
279808
170881
103798
613106
464334
428104
662308
667825
550058
164478
319255
540947
56641
379351
654708
468793
565076
180403
363941
266943
357151
645775
147269
347628
165730
545013
489408
519583
425640
185046
434406
164830
486427
560123
52090
46748
338121
546221
337859
609740
426327
262839
120326
579000
601239
314882
278674
191378
238824
68509
547770
313968
619133
410658
429860
476145
261252
499756
2428
415365
343603
160306
675926
611887
12765
519195
548834
502073
658177
147719
276226
470307
492728
531277
395465
53466
660124
242719
311372
29361
645371
95066
343047
321344
78878
273649
650636
187786
380975
108006
304406
196179
348895
558988
190185
562917
505171
398205
365214
147955
208893
365316
510964
186535
49369
438337
94757
144708
250903
515194
102413
114911
82479
179394
81222
385752
186049
88031
389762
427634
496398
639372
424939
128567
247143
645895
414812
538214
656610
69988
510769
656255
522380
43334
500324
73002
676507
164824
663911
191477
48178
309793
594879
379541
262014
625310
269023
401900
516362
100225
262687
359044
252474
508430
619404
237247
106326
36483
440094
516988
639683
240618
120028
10264
522697
653278
264629
339096
584941
443066
578264
199910
306461
188624
554113
99641
391656
633480
593303
625253
557397
450710
151187
160438
372870
225648
538268
415080
261946
126207
100428
350455
291602
229273
329990
72376
238831
189945
270992
566277
299201
657920
219667
494747
642745
70074
540324
476362
249257
526436
606915
213332
511243
624855
361053
293533
657644
334278
502642
593206
140494
640664
46409
172745
397812
116931
519063
12386
21827
175133
7398
323360
635763
490183
532743
339526
607071
649375
78065
266345
213247
289577
367043
306116
592465
439651
194455
443274
91700
538401
364658
92433
517106
244040
116108
597562
166591
469164
239048
643203
308934
262136
456648
109498
205402
594573
443472
239227
239508
610868
657769
394073
494718
271308
617146
201582
571494
63877
46502
362560
308378
438324
542367
489619
611664
172067
17714
535321
435423
123288
603848
311770
241135
576471
3501
453913
166952
604825
473879
372612
597663
303010
600014
112588
293436
510055
669382
568204
313100
682508
275883
46463
58842
160749
313196
291407
206173
381175
67773
252280
94650
56325
44813
185305
416135
194675
350654
626237
163541
591209
595404
24475
109969
294136
611065
211712
382829
22209
486118
361419
461355
622066
402724
250917
136245
585904
322486
681809
264622
111099
665555
529163
62196
667630
157420
139475
490180
281457
78166
557163
369574
682034
515184
586865
198057
653611
415759
254602
84784
592715
262470
171157
168636
86019
574754
123085
509559
75504
612358
287371
491705
594679
392434
39710
241639
351394
471663
353144
51655
409916
19412
320520
230327
423526
573219
52580
143329
535794
317260
571578
326178
579952
8403
257608
87136
135284
191588
14788
635343
226269
32951
621544
293394
627348
248111
639162
545596
69073
633736
20945
448778
109971
622752
652274
630268
421081
156342
134685
410306
536315
568517
191490
564152
104722
667003
586879
161022
447207
429596
586485
330217
156285
172232
59003
273383
460682
428553
309234
126498
75847
229170
51538
602637
655446
505531
309744
240690
674275
542513
150739
136296
80428
536229
659717
50253
312250
577787
336760
503367
146754
172982
670633
680549
549178
622105
448293
371799
223155
77801
30514
91907
224155
507258
511856
505850
81962
131123
72737
565539
512808
265499
234091
260591
554499
338661
318084
367941
222054
656248
613354
34878
430714
221631
626202
426593
35953
570476
431894
90670
621808
68401
84691
96253
116896
57511
304124
479423
590298
429193
208523
650461
280625
351173
594609
618766
324642
480663
192320
644995
677424
342726
550278
115779
380094
407042
265956
514931
444843
342041
10869
226915
164163
31658
168500
461281
1062
558826
157029
245330
205381
671474
602943
346443
292252
271735
566917
662309
417297
637585
170140
415818
182579
61226
505995
602215
607659
2320
195755
120889
82802
110881
212510
534042
476630
318348
467174
64401
60835
462969
423878
220497
212287
392689
605349
303944
339816
129564
470849
670124
664792
454656
324867
154825
17364
433340
135697
595174
93903
282330
476962
149264
252850
560718
498630
625856
122208
346687
413429
433616
165832
353816
374094
654328
543924
285693
322074
498194
546864
612388
41416
229920
116126
492596
590978
192290
20550
593046
256670
416815
44569
477781
653629
251408
292998
503574
210300
238593
38990
602094
134559
425549
370655
110335
198260
324246
437666
140414
542845
109735
614492
540022
143272
644581
201928
578986
169830
153640
365557
95666
364648
578864
590496
436030
168048
184809
362801
109846
126949
529874
184494
558629
50
225263
466101
113393
225647
38246
656728
639331
549267
677769
43101
676665
261399
269508
68070
652001
338005
212702
34151
519620
259908
121809
566873
8076
386776
470958
425150
456681
628219
444896
291027
118915
93502
482809
624327
39861
274442
23070
627072
336346
75293
672316
477335
388080
276830
454974
543048
43056
63271
176687
337830
262637
550098
559891
201215
541218
435610
354362
587134
423152
594185
499950
50703
413821
238244
557390
551353
583915
628526
79985
1466
54067
609355
596060
37521
192861
327629
650818
324790
373172
225267
344470
398309
658902
611485
370467
232722
545520
453144
592108
144182
632213
542377
215675
677498
595281
316939
35617
470177
264693
113745
8500
414965
417689
12699
228436
312658
271099
568995
598543
80641
41856
485965
310855
139042
631693
559272
86603
296884
553070
526970
200630
623116
312310
161528
569430
503789
476224
477679
339854
129848
315035
397750
103940
307084
137788
263042
376071
412236
336398
43324
521180
96075
674466
138263
437104
74092
215536
509077
664975
200313
657289
508422
250556
175333
644583
596087
620632
109844
573915
183549
670959
370763
149227
271521
3317
286403
17459
310987
189172
661334
75413
355355
6954
627709
585380
639423
611358
225332
636216
202869
427666
382674
65369
10360
449549
604993
377269
81233
208552
420188
115879
370166
25064
263513
601369
350657
203795
168296
203430
545248
423785
72668
576655
99571
29008
383204
98252
185190
288892
643126
28526
496396
127329
361648
284401
535932
424638
64781
313896
156901
658792
398467
681177
463932
570806
101058
205663
302809
608903
264061
649686
169916
636167
343032
110823
485690
385341
497615
617626
550070
60669
35828
226111
485682
484558
407884
265671
225294
587829
266821
358094
438530
426784
360256
533531
435554
559705
588010
647546
232516
460893
247578
574244
479050
186200
513120
549583
590495
291716
110596
441764
531912
679571
664158
75863
492054
62935
372985
669324
489733
647640
640269
300349
18063
134514
602516
35406
372402
82873
647445
293484
12450
625746
503117
186531
160067
563734
648981
568012
135854
665570
339152
247591
599610
312431
374681
640081
190230
90424
458245
487476
232981
551368
297653
129175
334880
532877
109800
291022
22830
193851
86887
434302
36057
168212
30849
159707
464189
106378
652724
521741
98267
355339
534344
477799
168917
333268
219156
25320
654551
15793
460926
298765
75472
390551
456326
126342
457170
618748
219265
428722
177927
71115
675491
444119
341849
350166
130390
542083
657069
651495
439692
124507
127994
307152
562596
377397
225157
618075
104160
311605
265851
538014
599667
245328
520943
79301
320475
217735
57460
324905
415637
197773
501562
585380
115144
587746
140029
311809
136594
111949
528249
476466
392944
443509
509630
500906
455369
325378
678112
189294
408445
245345
194209
434899
398877
670359
328686
6286
99185
480594
11099
291901
650913
68245
600388
368984
158783
187181
528874
237138
266099
193827
675665
350571
621004
626740
652236
326682
36777
36901
429519
199926
474760
89814
633890
544399
639245
36724
216600
464105
675105
40712
645683
534227
66272
630546
391477
473555
332974
442100
482730
329167
350949
658423
428219
534061
250391
387030
21908
600377
419212
624163
471368
246141
18953
514999
589882
526495
641079
536826
342298
149130
175920
510189
466340
677464
34512
13175
382936
58321
121098
543830
106070
177211
9571
260307
237659
656085
446324
290943
123398
64184
514576
515136
133702
495454
13349
249511
346473
381146
431731
261881
617364
254914
493644
677631
172131
461939
72784
268275
420881
245151
394331
39590
471142
644779
123932
55709
443459
382437
181419
167192
55114
485219
490108
221254
243118
661019
528216
488641
368032
403852
434010
455085
281710
405746
521462
177674
131251
492186
126623
218461
147386
226450
150940
615025
329270
506717
260551
67088
391346
485359
295193
51234
461813
208833
112505
146650
410575
679736
600369
104792
512805
607655
177434
58969
564072
335853
231468
611839
187638
353223
270761
553787
203070
249852
182472
638624
130581
336049
110068
380286
519894
564867
592561
575509
78105
132260
12655
494983
350615
293842
301886
386606
219000
629083
566929
294835
592353
209587
404777
224815
372145
64856
495266
542125
360546
145299
512898
532957
102323
450028
163601
105958
594594
571485
206133
491451
116728
195019
93589
643186
114016
26115
36042
567415
285311
666821
103188
396746
280590
609227
449995
254515
388369
253381
25410
526143
100001
537416
504663
578135
216742
418876
587719
588307
623085
236682
442613
158386
478366
1652
355657
672211
264585
400374
636587
673674
132401
646639
269935
121214
48015
219691
36626
654490
540819
585588
98137
531949
375547
655364
539454
205591
13368
381613
388872
16289
632060
84430
198102
454265
364715
467954
407090
542617
625417
655896
198885
5379
109881
390056
210319
154711
277692
538444
339139
242518
288599
585420
350582
570819
21700
109989
469641
334259
407615
90055
296990
369603
652328
294682
40633
594849
222805
533501
56420
603383
488486
8846
167786
367695
210013
113473
681051
552012
521633
191912
164370
633700
316018
99873
1901
40976
471842
158904
554640
499135
362634
10227
506699
201375
586300
558423
89749
254308
506195
266635
24655
247393
655439
649203
75934
98630
597593
570502
465387
106692
523472
676168
592928
251505
185616
163514
497999
438411
276171
620596
123911
64558
471373
566978
678366
139985
24126
232295
623205
37881
73812
245780
340357
162743
103014
191481
371258
11848
93453
529384
436641
92292
255201
526313
280327
619376
336500
31049
569194
216262
425099
638294
260502
645830
349024
286765
436169
265377
449669
489861
464227
46591
20238
588045
121931
552102
87036
603391
115183
346182
674971
270859
383862
136179
611476
118764
407572
672564
631494
271059
69559
444599
389080
298454
240470
54486
247402
287043
550494
349109
517983
241769
301268
88522
107419
72533
67429
1296
433897
135851
398159
269342
459309
371496
120202
486477
242010
613701
237429
300683
399235
162800
320534
473179
360945
493163
562647
465125
681497
22429
360091
226811
250288
247978
536137
277513
385557
593001
18939
276793
138527
670190
173962
561786
385497
295609
654389
325014
308556
672735
531585
550486
268060
268204
289111
298785
293956
126143
103082
386492
280105
138142
19714
558681
765
53084
219000
129267
296615
634716
297901
458288
424603
230840
160731
172836
650681
104533
48555
380773
538886
269810
240853
620652
564643
1666
94346
433603
590206
124135
659102
56607
76173
55255
459269
218978
474390
201478
218401
217468
659926
625259
59835
207083
537399
140586
539205
591554
505981
666179
331855
319050
192687
612501
267725
81199
452228
10501
314249
387086
113559
634592
439408
25440
258611
18907
28213
441695
88985
549075
133552
325241
186421
639164
671214
352068
574962
117932
77416
381262
293006
313153
292674
296177
679121
307453
170181
454479
381778
38409
299003
624894
318079
602592
539768
28877
46454
354455
619632
70049
562256
336921
562199
378091
433503
41592
602698
558754
244837
56509
157959
333148
393552
648396
3645
488587
96624
671073
660812
373948
261671
62183
49781
482774
499757
659086
159161
535585
97023
224456
320107
287442
176904
301573
188261
578022
668763
574275
341141
472185
273727
606890
20672
274732
621412
217438
418234
104220
49290
669244
432954
630985
605801
162325
196621
638745
84992
218816
353483
645868
158494
210859
246196
42513
191188
115366
544545
452437
318241
586342
224453
290727
558337
555336
2569
399664
294515
25815
148132
589085
547148
245092
217579
234869
662418
450822
172220
518373
364958
140730
120130
568667
523447
314505
165718
92204
248542
330142
443609
518866
223768
593716
520514
73438
272687
123734
272816
545484
560872
479726
239551
301163
134014
314514
274969
461749
360995
405624
322508
167152
429353
127347
620927
312441
553994
185509
675612
544301
300224
107639
315793
311533
611457
367571
369602
50699
157263
532358
260298
680915
294504
187431
543985
101719
102174
169543
323083
489926
441099
167105
320135
325885
62728
643910
483933
665106
1341
337248
47816
138483
318949
506022
14867
415113
633068
216571
70473
603281
191606
571800
168117
235197
289599
507662
370139
665402
497966
129333
143562
477786
441269
89947
638094
208041
68762
14139
597290
437944
127405
388116
35272
198867
125545
73727
666773
603493
415765
172272
409661
204700
570395
48463
29688
169293
348074
150668
144276
223459
323157
650286
500470
31103
501568
116257
553879
547685
640530
542654
278514
24328
412051
92964
209873
245025
446014
573028
59028
566988
333072
383709
663951
96283
47221
636549
273030
141045
135899
85688
260427
5629
528016
243685
165748
3539
540606
679782
167003
57896
300150
572970
152389
548377
454358
284168
323213
82826
6048
413831
322965
358838
317874
667356
401496
122772
79719
256660
225732
391702
367321
466872
588736
347519
208415
288490
305792
58451
21622
470347
299831
40288
339755
596188
374759
514031
120599
98350
577920
471833
269860
169474
624455
141176
284718
177212
216162
61588
618844
162617
581950
517068
145398
442865
137436
133350
619167
316491
273434
559859
37114
232817
283004
594397
8067
43528
44266
285191
339619
464054
37616
149532
365363
561720
367413
325506
327690
671053
353950
456610
174203
178159
133121
578137
405327
610367
560951
651790
181170
605853
639441
211083
522457
513285
679471
417480
327051
668080
484521
410177
587710
82075
76415
98249
222561
149853
501119
451665
531437
309227
672764
512554
257341
211239
99431
357030
249315
24698
285151
222748
25538
310689
21739
28620
100789
304207
429896
60424
536495
657556
351839
343978
491907
90083
267562
672597
62124
130377
207495
277308
393560
485033
53409
187318
307987
434754
487414
126008
373800
549494
35730
138451
103545
345718
591021
459694
306237
4350
394553
70338
162824
621606
562001
186241
568340
184834
635051
427758
403014
131130
307418
203045
666149
2354
647756
922
98611
661673
81331
559243
17728
115437
279720
298838
121654
47836
97536
434673
288774
64080
506109
33788
208648
581698
605373
413769
516295
555020
604875
321853
56114
645154
145183
215731
346295
533595
246266
23627
539049
288285
325517
32901
530233
667588
373272
609758
400455
499928
372507
460975
547046
81801
429398
444310
598056
672992
337606
347788
53810
640827
63363
337227
234662
560760
665131
450333
403351
634480
640095
64863
131912
171320
270495
29327
662953
371431
516709
123171
544756
221192
199547
379049
401466
492701
571697
601642
19384
297686
2463
504085
419002
290341
322197
391047
290195
111334
83621
669323
405377
559003
149285
370378
647030
271443
594769
470219
581356
513315
126213
135043
206239
260034
633429
161274
657053
448234
132096
168124
354614
580953
420418
56801
680665
529633
515311
478585
340938
428633
278647
58001
75072
81262
246041
288613
20148
70280
603386
483841
97387
53214
494136
350527
277994
622646
516351
548544
411496
621803
199660
447105
177382
195621
46859
7451
445284
611326
261490
329880
58101
166024
482427
15620
414771
369633
46332
289885
219677
529217
241646
362173
356967
159228
58035
269508
646356
5628
169210
274289
150723
543921
529915
341392
622433
286402
353799
208056
236351
340728
602293
100134
538073
342974
82697
450124
509733
375618
652179
259284
98050
261556
138467
534700
577795
682157
411846
71880
253084
420621
187849
319027
48397
417874
462484
409690
204896
208131
447416
72996
146989
596273
407591
672080
303478
197029
494025
18582
389633
493281
65860
421390
139309
487427
15193
205938
67654
352121
172795
54632
624622
355850
594650
256670
249166
206586
19029
38903
419748
122326
191929
267235
586506
293423
21292
112010
569954
530146
123982
634159
419954
601637
197933
672300
425618
112440
251347
203230
72902
157894
266501
338639
542928
122104
337435
55416
546614
51494
532856
272176
537048
469154
578423
203214
643957
414297
376713
339845
631756
639073
287632
539647
280607
231311
608940
251632
43947
43732
281206
242731
528344
505631
53798
218996
499676
475585
113957
215787
25178
665207
71958
657874
292327
477233
477757
648037
402331
663336
481553
515192
643167
506236
162703
664350
23563
202651
592702
248931
372461
543877
524785
563731
19649
501978
333485
125094
186333
135429
152458
520462
569564
375092
544659
304110
207479
282126
141571
116763
173599
512668
591769
272235
44054
201491
243934
106870
321863
173590
493908
176984
492142
374733
478713
297706
247682
527898
295339
675988
126557
154582
215862
396837
617701
462269
174094
566118
321708
454135
166244
97733
17644
303885
91523
588725
656325
180702
676368
265203
583705
58929
166329
473175
187444
345940
550406
655209
83780
216544
89589
210289
214406
251700
511106
156648
435989
420003
32636
260978
14912
203094
98335
574510
585448
195488
298122
627795
303882
107299
140283
644462
680519
658301
335324
13756
217068
25174
439245
546534
84912
363300
144333
5893
104057
160225
557476
609254
592708
118005
86909
672140
173735
506171
519025
359562
313531
21404
143109
403920
338315
478076
520348
477766
530095
169313
271466
236120
125880
231018
396501
614452
462548
102002
150423
298053
399642
102980
11076
106918
391636
297326
421788
258170
340125
436919
234802
71116
341225
66545
366031
154434
388030
617387
610948
612651
244102
308462
555484
257432
352727
170582
677074
285322
120843
305500
353907
323978
186036
357936
293792
370841
39574
390952
483512
39691
295063
127663
298153
620796
127517
556290
173612
674434
41769
69813
152190
89953
366823
19449
7706
453762
120697
175275
66689
321360
306360
533583
121623
146616
441119
78668
607243
78467
146028
540860
274204
326220
407874
632702
220872
316645
110360
484207
174369
333999
423624
296133
119689
333635
530774
257680
372525
615201
559451
430263
395248
329998
185062
73981
77148
423280
646440
32510
496258
31557
628620
638683
514931
193862
149146
32182
200169
327744
178261
6694
256245
467119
217743
365806
199561
233464
656261
256031
7841
351002
644542
416870
324301
256101
125601
330592
364153
682763
171899
310164
590570
443539
47624
615092
673642
625528
120176
477790
255833
325282
416492
414950
454986
458311
628606
41593
353113
500465
362123
671945
558986
365003
187724
283418
507876
411134
49449
281058
246465
640611
358579
109771
363443
338326
581722
215877
211406
144691
657048
362868
408937
130609
342622
544818
10065
548331
98122
84955
397426
281439
85157
333970
395839
516859
52992
564299
636612
182367
504539
98647
522620
262921
260525
300629
562925
568197
247297
27944
178590
309759
212181
638029
21681
538755
360403
531932
479456
461761
608745
642280
626989
519321
600841
298422
165950
284197
585623
564709
475372
96095
131225
364272
363518
589024
601717
275879
366427
555066
533606
467833
177461
87822
12052
531918
247262
464813
408525
176648
380467
228609
318548
609177
678976
465579
647164
523445
256192
164430
171966
12472
20433
514802
645225
549684
33528
565868
632747
584294
190751
385570
175026
473943
105325
297078
247885
44379
648095
341425
471975
177190
200527
79402
37952
119075
598174
203110
149882
38549
161813
385386
585758
13820
183336
575450
338181
369399
332154
575534
199923
302117
578922
155891
70584
65049
137612
526469
657677
269241
184661
286485
442605
63038
336281
235025
568161
90928
360529
181868
291307
259553
145015
174189
511217
203647
81838
655466
546357
145624
622908
321605
84450
670556
69146
636551
512537
337354
616061
491984
24578
500359
425731
620322
442114
511340
334352
173711
409189
78117
469125
624326
298681
261931
168939
494083
664775
288317
408127
121871
98505
595289
350845
158985
326610
543619
398198
456980
472457
95578
394856
272839
510377
217574
499360
273184
384201
512938
25408
58794
363357
462420
339670
321841
174523
53671
125678
197226
277782
183149
68679
547372
342391
512182
131391
538655
208858
3148
407407
557804
57073
65220
224613
214400
53820
485118
51348
454197
85193
193398
220133
424062
653279
348252
63776
462257
523953
585714
110817
241920
147925
588226
43354
43399
638101
382688
338
27258
91825
661800
325504
463499
227788
6433
4324
481354
538751
259808
668487
626348
6077
493504
8438
547136
125531
97280
7632
553396
74997
282709
429081
531605
379589
513870
79381
210879
213660
648327
135934
303346
309152
234062
185852
637777
135992
26929
320410
184714
516577
520590
98697
273415
162591
326655
225298
654316
378735
183903
177342
431847
416071
513440
41644
495380
145797
613682
348524
230164
386895
619052
449385
272724
554378
315259
305946
599489
464417
372034
632080
412372
278121
446627
660454
316110
162738
363487
158319
9445
92390
425518
227481
291011
413952
34467
641262
530797
576273
250343
133371
322809
394636
39369
301495
352008
561983
237951
490450
238730
500006
390382
178563
589143
579863
377386
173398
680257
416159
199562
590808
61776
147649
609763
211583
417493
554820
170125
355477
406317
639632
541168
636640
388968
244806
546977
604309
681508
555644
8948
182590
601943
278859
365995
67840
328419
570090
648241
669727
200181
328043
520680
668838
572520
540069
603094
490709
492804
235188
1682
581727
23089
5632
75732
493558
41085
623739
244630
622459
473370
232146
108725
322076
175776
556687
385596
16024
309304
650152
443226
236316
467688
531385
531058
269840
460241
279508
544297
516874
389658
654197
405349
27531
480729
602291
382707
618703
332236
431012
254590
519486
102710
462898
263918
621616
138747
276300
146195
35644
276128
348518
557547
173199
631652
366589
601399
182390
61819
300191
166880
275205
426851
672971
663749
299385
592517
49490
353511
291512
328868
583842
97177
484182
34220
173762
643563
485464
393364
51374
390468
28656
434449
106329
511852
357528
147902
141022
132188
322096
519344
204366
238557
412567
12405
199123
285793
431606
53303
519484
339198
170197
112239
80583
65248
61482
641126
682617
255184
386395
617675
650571
291339
574235
331836
588361
116461
643945
296675
669895
403232
553256
286337
435925
159859
120857
638431
398441
229580
365973
74758
321630
142767
534054
254709
54596
184203
234891
28908
272875
256287
160480
245110
360543
124469
129840
234734
158317
338060
212545
78289
526836
500575
197192
285598
462106
457222
308591
11136
392991
556000
316574
105755
24704
3869
249921
261109
117418
287948
387173
446737
31959
411840
436062
274046
409787
575745
436756
52478
669941
498675
682227
307579
460128
128652
554553
327534
534442
269821
532025
561558
12894
180885
579468
168836
258238
103681
150400
579865
222865
591529
453978
681297
680125
257122
682056
28398
653725
138492
104054
220637
303871
502402
662347
171148
458937
400911
278418
145295
420989
506321
273272
288675
658437
89355
138527
109714
445722
48884
163598
13168
173907
403232
424968
614735
637837
1152
62969
372141
54253
330450
204168
357145
658776
46017
643370
237770
405090
654099
55963
141460
682630
288069
306099
246406
348644
604470
112850
638007
589679
512135
429180
302100
541788
251085
343912
283673
678978
99071
589463
250714
144441
328660
468475
400288
547354
358229
360109
251514
176996
329179
182827
42245
220933
101770
59757
271668
659758
97318
627088
15063
594389
208709
368486
92478
511993
531402
501796
221300
37300
523054
294240
333959
396710
440877
205833
534966
368576
512296
109730
634928
419453
264956
186045
132854
507519
8327
187510
56739
274462
642589
134178
566336
413101
465802
443268
346541
167640
315477
665922
143004
122763
448810
153795
587284
570023
176984
313759
412518
373409
278679
657418
509800
348789
389188
675050
626354
391669
344685
297026
663055
496524
243147
649603
79880
89946
148449
312594
269588
638908
488205
643576
163498
632382
200742
640020
533984
318286
642010
45992
636277
20068
47764
268310
403410
178764
81859
367976
221353
320404
223130
56811
354965
26229
532052
228033
138484
186841
476319
427664
186002
10534
600029
635232
315457
7807
22883
553509
219055
632515
365337
622102
540555
545376
104531
541124
191279
155492
670537
431723
533305
280949
155157
482617
603942
510625
615459
579715
665569
632682
99849
584728
388831
650048
463524
479714
493094
64449
357878
249987
558531
418420
385540
429466
262925
648062
509709
355632
415577
611463
194069
336427
582924
528697
648353
268395
318526
467658
138370
649266
21142
560677
230572
170228
116073
218481
98565
95022
242144
677217
506432
443316
537417
44476
147330
466049
309233
423310
206592
552395
574706
602958
630091
391195
18169
601752
179241
274395
619856
299885
648109
540108
580205
40502
394238
213740
590775
449394
272991
135991
628963
193981
50997
158892
357593
195888
659255
585777
316596
380241
118706
498743
89478
507206
509963
464208
153112
476550
6882
337818
658378
346304
319576
656121
522248
415906
444569
410113
20657
118205
524573
663644
410048
510053
619795
68295
431547
228724
369866
489874
491215
640323
580506
87181
163474
478603
354455
303504
666373
82911
662996
243426
44636
673114
45180
492108
221382
130855
400504
170188
120204
303533
508616
573437
215801
541815
603528
144505
523703
283912
529400
123122
473249
414095
24263
169710
30370
477034
624615
108571
348475
163709
33723
575073
543405
185153
569795
320367
338960
71558
16406
414229
669904
514832
106271
36392
586103
532084
78283
550549
343064
509299
607647
539846
291979
341122
568223
627587
561361
414754
271223
389778
156556
169517
44436
570732
169211
567762
87052
133846
10067
291475
137490
213033
542595
579726
657792
433252
292602
298940
518618
629620
540080
386451
349953
536573
609088
599525
601013
82548
76240
374303
251310
50845
94958
86797
282158
72593
537611
633845
343353
49420
509789
179848
428872
342053
183940
564917
47125
498559
618341
156805
628050
144087
254257
98359
587347
422239
105686
314817
469061
343316
54195
113233
130928
518040
514346
325855
136915
322167
634803
270588
121447
382616
272882
10462
228880
519422
274911
459004
264851
339333
514774
50647
189233
130074
568893
168133
39996
668928
347717
549178
196401
438865
579620
577215
354872
241681
397739
61516
563495
440270
598796
348779
644079
331020
354803
608119
361148
174540
39689
186097
421539
375980
428661
622786
515598
548942
495515
226366
58904
616436
38589
551060
221078
209247
186055
151938
204980
442329
121919
610499
40765
95936
114288
449639
274862
202494
307757
371263
206988
554767
55045
140887
86035
354123
570623
237866
68239
382737
475051
234981
205627
613417
654883
560641
332753
293905
443011
625841
126949
308522
565786
629508
251469
198820
556377
534809
173899
548797
548463
244555
152482
92239
62351
365418
172383
247289
62406
69726
253479
247633
130401
80032
352920
213110
311847
156387
625240
313743
210141
573122
91541
518600
572541
25409
247706
475962
134859
76515
123258
600753
538342
620979
627187
654131
338445
155820
583108
556487
439309
331456
437606
446946
89445
577298
472026
51863
234625
672543
130983
570129
583525
141483
665888
354837
191942
347154
515562
567482
653967
598053
310355
362281
606537
62077
499826
356263
354581
391147
545791
111840
515196
474512
554215
94916
133200
516332
310761
183369
280478
428861
2888
206189
488607
478682
293256
186914
27027
607783
670714
249776
364383
671190
53257
29228
11681
259459
515207
370673
406525
445157
607372
401883
68642
563712
420744
603682
109732
249876
619325
90948
229894
206334
463371
676948
478850
516297
162918
248880
551737
27760
619541
638111
219294
671597
287930
441565
164977
46569
353100
373626
251867
127968
59106
408112
431178
491217
289579
494626
125095
173720
182391
103869
442078
435821
157231
373769
467095
39404
647073
517287
93006
252767
55840
96776
65741
184340
361738
612848
277485
480049
18015
622431
126649
75314
253925
14919
594069
103423
675582
37396
353271
207019
625917
139712
228816
308956
90371
67072
294487
664015
285398
232748
274964
316853
637980
107246
657144
363083
74947
592608
473502
302579
460548
618501
670914
665895
560751
510665
32086
399001
633947
53619
135902
157374
257285
99759
403063
541018
468291
631409
586452
334141
666697
450295
75198
438715
21318
385279
453045
435529
126564
135853
604860
568407
10822
418912
40797
499029
445017
620312
209119
54207
149345
516938
334862
305742
366717
581880
15649
442499
11535
575138
359077
131263
74136
214566
77408
501706
432799
419943
589784
362186
186293
462550
337118
59500
514980
214216
333462
178535
52624
140459
69581
18014
394906
546765
465788
472244
515583
658309
356468
491165
36284
107549
341488
304026
410960
675891
386837
163699
416364
402854
426648
19052
345705
49182
531059
670841
210775
577623
602370
303073
240267
605051
38795
502302
394114
216789
441497
406963
566958
354870
423788
175732
400986
344769
60222
78089
537369
38463
155408
610481
414377
76400
7112
164651
533627
13037
181181
85360
526701
324071
26949
404681
268872
184396
231509
421198
447839
671101
598262
288140
406464
177083
148847
179781
616758
484753
554729
577715
611092
192300
486815
676282
395974
511853
452488
197882
52105
141519
396424
461965
14895
506773
585875
342882
12581
639478
427334
347186
472668
566876
501264
409570
134591
172681
140267
464744
645113
53589
60289
384986
116399
514725
640615
269238
107123
73274
27544
457607
211391
133373
405129
16014
547713
674918
361741
543124
53811
241391
169696
328756
416447
420859
28979
597500
340024
368833
413713
566716
652360
235963
612594
644159
548816
104492
613968
365956
342269
473227
226740
245101
442458
129594
97765
477713
263602
110066
29793
216983
521196
620727
553872
415575
404563
185426
361587
452895
356367
508920
143762
42603
280631
367514
317706
680120
634816
451402
617245
78912
80446
390348
591700
10808
380802
366620
484899
347974
228564
650572
38783
265337
70734
551960
132367
465124
178738
674705
310029
601767
239922
661583
27668
96616
521380
190951
44228
75776
656315
31302
306972
388894
348985
4184
557381
440414
271822
615304
249076
440555
438887
432485
543238
572517
154667
190161
163184
412238
169097
107608
275407
483357
262026
390390
103310
287351
571724
143773
593699
434718
161882
452665
197805
544878
218580
465531
165706
672099
186049
815
600344
434951
579410
558090
419829
533289
661765
542054
672308
203757
326643
305539
73475
9320
161792
414148
301893
680776
267971
388729
69753
541579
274676
589336
346984
217882
376995
33122
488063
251284
327552
257720
520801
607087
356986
523926
157295
259019
551238
212891
75831
359238
379595
287003
482931
619500
604926
503616
133072
283808
679704
260727
202970
270253
380357
143183
524989
242337
299334
564731
437086
264812
460393
273264
24137
227224
202132
285340
332996
212278
30185
676875
299484
492115
204885
600999
516501
41702
41003
225236
43997
653315
478363
586314
306499
73969
63639
169395
233280
219176
69939
39736
645088
434892
77024
631709
417403
440851
202319
49782
296879
471672
331840
627625
635103
395799
666052
556075
185982
538025
130594
260043
629151
164938
534309
59153
336204
339764
261006
502876
319217
581293
283977
618452
543973
208608
429451
335071
461033
414713
133178
167562
642249
31862
618155
309051
157677
664405
667910
405703
458995
212601
167690
148751
664395
564736
668110
399036
41465
219009
47798
511028
666537
381921
497287
542780
11422
330031
395171
428125
382112
24254
97184
489961
529126
586103
211871
63763
331663
466542
204760
434343
285475
431440
18185
371891
90581
33207
422397
445528
231814
155065
639817
303493
375045
35702
324846
255192
263178
487828
158614
552547
651973
446280
373112
279064
251053
282435
351098
72258
193929
621115
28646
70739
194114
636488
612952
174926
614721
386809
156445
417271
602350
25185
25556
477494
26242
249367
104100
330162
266826
507352
532223
294333
49019
644880
627650
513328
288241
222315
500936
668254
492987
292981
335439
120685
195745
343598
332144
152129
211540
247840
370857
430860
308519
83760
640321
606207
48898
352504
174052
483696
601428
482428
69554
407921
228222
549508
93945
422709
402766
51483
375063
600803
169969
425987
117232
500367
168846
260523
590858
514965
455207
248666
166705
542855
400493
629902
310128
417609
56511
287302
458540
9892
376128
386895
252114
24050
591861
585392
635663
471886
404987
379674
272157
154956
287841
345716
580887
223226
214661
379613
8219
644328
670094
316743
460402
2234
484250
660180
197628
400412
632273
224358
499935
333331
154144
494487
460241
657250
177413
366730
301691
239726
141850
621710
191932
84153
258607
440117
664156
496885
251522
675230
51921
626275
654508
586145
328308
591944
206614
487458
403664
583902
576522
111773
672884
443190
85318
67843
189152
629373
375285
575831
49364
578003
58724
158137
556383
618951
612190
290932
485009
621460
461032
289899
176226
655430
533439
427048
442336
155299
517109
223447
274310
412424
311317
454712
422653
500359
278933
48783
1065
594200
180743
597771
295120
678541
313614
33071
421336
92594
378746
167351
80241
287685
595059
202500
62367
476869
646772
326608
117221
301788
679120
580054
659142
59549
470739
436487
24793
408676
394437
438071
391440
483877
479049
455629
202589
650557
357369
200065
489406
73594
26010
118286
127748
200325
69118
431625
358305
98339
95101
404187
563489
454283
152113
468754
361804
400832
21520
521525
91737
308514
38466
484933
529348
35862
104727
482173
481968
678813
522023
394376
75971
600824
409003
5607
4528
204687
280821
26152
275835
571674
554301
673963
5393
86732
541280
188379
501835
151604
306763
15532
642451
416951
249817
83944
237279
484470
149915
57105
390433
117313
244729
35428
84343
675338
281392
27937
364055
286652
554848
597231
171440
110627
5168
99046
14294
525260
522344
419667
288788
221218
646764
18602
668095
397379
357895
162746
410418
28173
274301
93961
70150
83044
50181
39104
372344
377356
404407
62608
494669
56292
282423
5274
569191
331774
288759
57430
105132
383140
224456
184821
249278
487199
100235
145712
422023
114473
416336
30616
88884
244563
158864
144629
15252
295663
4020
228966
395180
637365
126078
582285
140256
263598
445801
152804
339858
209238
478661
52658
165147
342667
514688
664121
251677
678674
530112
478665
193780
111676
518962
525765
513170
342688
199480
135768
653793
34279
114794
254836
543087
290778
241787
35125
587219
669733
462526
379251
129964
459805
155612
249114
436622
255384
479593
520458
559268
321588
30942
304426
142196
333897
350429
9784
380473
187322
37135
19689
282786
104655
561754
227908
211567
426036
352604
21682
235978
237844
245657
67422
266603
147042
97192
553172
368209
383315
201928
559325
348207
78041
242050
264238
107472
649882
309769
390194
209337
316703
560116
613093
523971
446632
168408
2050
224663
588895
596847
26602
520198
293760
579844
174713
329321
112576
328165
59302
263844
577696
384735
590223
602706
386396
493429
38559
50055
323452
349509
381315
167469
634486
380792
173621
68640
57698
613486
430790
10878
476186
338911
240362
51496
53761
265010
63595
345869
552865
620155
207371
429208
631699
535808
76793
415232
428995
482187
365348
200092
638039
267431
11771
319817
150940
180010
65359
340714
60304
174513
51380
315957
58072
20120
610676
635506
472608
666916
206609
60455
652115
139030
478573
648657
576343
37041
230033
476543
240643
411164
672774
179068
132004
328342
18036
62959
192015
346858
302282
106183
681989
392160
504141
508609
238162
493036
153790
292286
41296
631350
362762
528746
368160
631295
466604
231796
399982
56205
82326
273680
451576
603962
445139
582424
337981
666773
202398
459963
487703
462862
505871
187170
221939
618721
104646
404476
394400
59843
35254
523683
593918
406623
89984
314429
78325
253939
504824
68938
154964
486281
491175
278431
22690
84797
323308
520557
607041
595850
125040
612104
573997
480933
106469
403952
677584
593298
312305
480228
139418
26573
586869
488328
486462
485162
669646
630540
679298
502652
87911
252154
351559
104922
293087
406769
422738
341774
286107
527928
589360
114228
533605
669401
355770
621005
653382
616733
2782
373995
640126
185699
168310
484673
375046
395965
289180
39523
550677
159135
215374
213731
585540
340487
626675
612324
456305
440707
132641
201993
251598
368050
615641
49193
274418
360317
26130
647458
178506
238291
325342
386439
387011
191825
498686
610098
644119
671853
424665
259695
677367
285551
133070
152273
508582
498138
427236
230311
238514
119634
242598
664903
587581
237020
1188
142713
524206
552738
32148
321923
159814
428118
246045
304769
467123
323145
599306
327627
74039
360251
538180
483399
482357
42133
349818
241859
190816
391653
475350
283678
168633
333101
488038
14884
531829
76783
67639
619757
157734
658618
66325
500421
563670
552752
245882
134695
10364
650198
543180
257740
279452
153014
515287
88317
404493
292610
650580
473895
425367
657818
679810
483242
350490
91550
338839
309239
323041
203453
94395
621328
205834
465223
531296
285240
504159
53994
13157
76028
142297
265374
144477
81735
75993
191752
636863
110072
251550
61452
282183
200911
582635
461488
360892
566235
616890
6522
200259
371966
201281
219290
670292
292964
620473
84708
591990
343482
271767
601891
238516
595252
513543
528314
15098
641374
175335
634
410987
36331
459071
451581
186587
626148
419498
584630
178686
358303
530908
507639
454930
505511
621865
638182
605978
119874
157835
318515
149500
562678
395999
670426
305907
399426
301957
98785
49623
369061
337867
502716
44290
9661
554111
601329
591755
559075
116689
7156
478908
391768
587913
446818
514439
526871
54998
505622
187314
255261
301938
91434
155161
124713
634234
267400
125708
196425
139658
536009
680134
140273
16977
258843
360697
443142
510413
276081
89255
162426
142167
155517
330913
667983
411503
375534
412253
163943
332512
577983
316985
69686
238952
610225
539483
167484
69884
54049
622741
1448
314799
621953
313906
311098
21964
93765
114157
480643
235464
23675
646207
423360
328697
411433
77767
456277
642411
360037
312616
286385
402989
526539
628202
527080
239348
481002
8577
135223
532310
117861
236735
209726
219034
90602
428932
511955
267954
46835
110991
612996
434665
371329
624885
420928
378749
509149
404588
129403
564289
122988
503476
605918
39975
95596
194326
227752
459429
523951
553372
142022
274095
419399
203822
275847
46234
138789
419912
121382
307020
377139
601487
612741
643728
156964
371997
120368
355457
59338
562402
646577
592430
548270
2319
228226
129137
168517
446703
33097
537176
106811
105183
247039
150724
300323
167367
497878
305908
145553
255926
339601
483127
606935
304782
543868
599279
561837
135560
221058
447271
557358
23252
455593
46737
647752
248900
365744
221746
586541
268328
119843
409998
434925
593048
591669
242598
654211
134180
246193
565589
91278
451700
536265
198541
5856
613514
74052
645072
246088
148789
50123
242455
612563
84242
113993
137765
569633
181793
145104
596845
283951
298894
81736
27499
33132
66301
250789
133110
619652
366362
267030
155208
223541
243249
560416
262306
553707
473222
506479
192843
55689
538768
422486
318731
424772
224981
206480
372497
134935
261290
353820
111759
408144
657579
199152
454586
827
115826
624707
53024
50423
636252
465206
453344
431935
384061
387376
581037
597323
421474
251647
661684
169584
633128
602224
513315
54533
52897
115113
574722
484047
158733
357357
184176
387810
224742
236374
642675
280691
60448
9103
214396
361364
116167
195461
70651
91857
662598
574678
19221
383791
268375
303202
395054
489536
399923
206623
268057
513973
572502
568976
379527
272639
335426
83389
124029
516578
259639
659472
259180
415614
351903
290540
323219
107524
663669
469883
114959
544732
656768
350031
482639
74068
423896
185153
386137
601072
613928
85433
514583
213350
248674
477836
465081
501249
198120
153652
492483
419422
671845
543778
373156
197843
142871
363863
347908
651851
203844
217397
34867
139925
16240
303981
561702
576979
668401
600786
206188
138121
390299
140654
347036
11617
284951
554493
149392
484587
260603
534269
475071
667685
454672
394022
349535
217099
589053
500100
579070
611197
506750
447641
143851
324858
347973
647339
252811
407864
209700
537071
586547
145608
356042
409375
239221
245586
144953
572538
195912
307812
353551
490927
670025
644748
168383
102970
179381
322692
103027
562474
620342
375442
674055
298565
392222
102801
426958
258694
577177
4675
498348
341291
286
98173
205728
567791
191358
654319
335774
678203
661380
126127
486716
391785
386141
129693
587890
433904
544291
505329
218493
119992
604457
102635
477602
662639
258811
49088
227299
670364
124534
511699
663403
648479
170624
162433
460577
251258
538836
495447
153726
205381
5463
592626
79487
632655
531474
558348
134568
616756
670299
94378
437874
143458
630804
550608
502285
72102
195047
522579
16609
653924
209343
505943
622131
257246
613246
182646
277570
105669
14189
351106
281758
214578
348634
188092
654448
513992
259883
518761
264583
98556
438515
328825
140009
320528
626492
73664
326449
126000
589110
450655
259400
498071
295995
588281
638147
269099
209496
171250
335662
569794
58525
228767
649940
547037
435920
283019
589274
495920
57815
55152
565014
480962
607817
428514
604673
163577
444988
57711
384386
198254
121015
305724
237692
234021
655805
161575
369362
573751
348939
87818
588629
522619
241066
465282
383041
29178
460618
434770
152893
448576
2293
195549
438571
602917
558048
631630
562395
339587
562527
341117
294138
69066
85110
233869
15853
374444
378407
587599
159311
590357
311712
278492
571246
618345
77990
248082
262863
3262
286642
515861
466636
675076
190076
637097
303693
136295
401203
92398
214795
334708
597547
419030
519846
517300
213249
295478
652424
554266
430516
105799
504247
474023
544090
600016
397563
251431
137769
252866
517320
205434
354279
458480
416429
644911
456099
224112
142972
412516
135153
87834
319642
309438
93700
651714
9571
473534
457120
448679
573963
318103
639056
312758
377211
19144
339757
173025
649792
556110
12424
256973
385825
229642
407379
377034
108984
280341
427504
424315
103162
84074
670524
662552
516946
325232
229173
192705
585888
345210
295727
340780
336316
447474
67559
196453
454289
214085
174792
293477
635246
592419
23665
74439
525950
534701
146435
195466
113527
575989
369414
314532
72034
364106
425627
432718
201690
672121
659453
625083
39693
575591
185447
171226
247526
243142
659462
356900
317117
632713
83810
224608
348579
224373
75017
446646
86499
165117
295206
51423
274050
661864
147513
682183
236957
432558
337741
292758
160214
382205
187500
543253
667981
434429
195487
119202
335042
157127
301819
292908
181633
157231
303762
113369
600493
228182
188327
400302
399882
311025
72297
266558
417177
361621
558964
409241
80900
301082
273834
248261
676221
593063
576992
633291
635606
542669
549188
389276
288773
607497
503487
406292
492155
620702
366507
589618
12897
567277
589978
478536
379002
268221
518252
448283
327844
507117
394322
179395
69544
561898
429471
72192
35939
229722
190539
650404
615161
314775
437390
221562
449110
342942
423266
667849
682619
41057
410670
256723
307207
236521
274289
148073
50559
581928
321912
668534
227855
481850
6193
649291
235682
255516
73852
163691
148707
557883
199026
206518
664399
553014
123497
241668
441466
3961
490596
385098
537394
263922
202583
87710
351293
220987
608256
200271
103425
466393
14335
266973
80118
515283
419342
302998
96169
653458
510797
597712
541762
150248
566748
226396
457006
275675
423017
668186
173764
169194
134550
298918
18429
69731
33725
567469
371980
630888
83568
205735
23214
107150
603108
652212
565257
196192
116092
39
388086
311376
508375
330930
533512
475295
551271
29081
403994
293406
122341
484732
294874
307340
462771
478913
428043
587440
449372
612541
371975
495974
541574
270697
149648
585833
282771
549913
172677
308225
487956
331982
651506
665766
462197
260699
558644
221016
621776
106496
137945
589071
287836
536204
616767
460359
606888
449898
114466
614349
566409
565782
455836
14089
616339
545841
269766
654099
561381
255930
341874
139752
377649
176570
633946
681232
77586
589349
490532
448594
445236
410769
416891
29559
160230
58173
393741
20265
30028
124106
223571
628401
348716
285948
637960
266912
647915
290795
547071
467068
282950
53025
534797
225943
16764
660159
627247
324190
626238
22397
650191
363049
243352
105577
114812
503368
663487
450958
400313
562897
648848
88790
138987
597179
660338
413601
400706
139331
328264
162899
88490
192384
637978
601202
647145
28846
559727
348196
521076
438706
250922
480078
110446
494675
327018
305407
145202
185090
72349
649238
220517
182160
335475
114667
418640
529010
373202
363220
150010
495137
333185
269316
495237
290334
645147
433476
152801
447600
349552
484113
286408
573264
585127
679614
570796
451186
150163
642638
622202
464578
431816
653048
257253
143291
50505
24739
193259
301644
116289
638264
347326
287187
23911
567311
323747
169677
57191
513330
19920
218982
602572
523263
415174
533204
95866
13925
139799
544191
487133
312240
171896
7411
519896
613820
142587
400776
51338
283645
492622
451143
186282
601241
219166
17463
527049
257282
149593
654550
16332
433394
620935
230010
316350
91059
571916
96195
207631
26516
408772
379330
422489
124434
424576
209532
308819
109965
598847
434337
449098
140519
254823
62611
202336
522423
682693
579863
45722
456728
671668
613603
654231
67778
79857
624940
648786
403276
425986
369848
257123
604311
460629
42940
659266
40949
550182
198692
415059
213670
517199
247125
403567
457090
536644
309876
322609
525872
121289
109642
681624
616785
473439
670562
483783
532887
260263
210600
357175
405476
43757
252881
416590
455881
501664
643283
143838
406739
449816
63567
161852
438668
192358
233911
605620
382205
641486
321512
630014
539426
22319
389669
218437
237763
100704
666752
601580
8261
602610
310745
608025
625005
370047
51834
533447
565251
112305
290499
514667
526290
550461
436922
249728
199691
167333
66636
210774
161511
355762
638125
434476
221616
299263
634068
295374
443232
92911
577129
18032
669795
258852
6093
486083
156624
526838
500418
107698
105622
534227
66546
27540
487549
640210
106161
184419
334500
589125
328452
675005
570609
399218
478615
246233
141237
673323
48823
242455
58626
252043
205159
516518
512166
468786
656032
562471
600264
162181
372030
265039
400546
405824
235569
228192
15506
51223
231184
351991
664743
119037
478459
176525
351134
447062
155818
28533
623775
270306
1807
672852
334085
603622
636035
532535
537130
91809
671358
173438
654319
278348
193866
375709
423824
67841
358317
262561
580156
494283
82878
197320
438558
86813
391346
4474
105676
446211
446424
428594
64452
481304
393484
321252
387326
8477
429672
111153
593732
529737
453107
381249
403645
291302
340786
632824
532744
172895
676048
312025
265434
247632
399590
551410
573134
535911
339436
197936
369454
436975
86701
108180
664655
344880
247300
611879
102682
187002
617039
300117
504724
661066
465341
65908
629856
291616
216469
421766
253455
522829
496487
301396
294311
679903
603145
252297
614530
629763
363621
171570
169695
356647
289191
262231
413974
305368
368269
670094
555385
285767
470868
372813
622788
301717
143215
296544
21616
556429
88491
94083
382254
125521
218430
665167
145311
178132
469050
374389
482983
467499
235872
100452
297395
452773
565780
163678
82053
5380
131487
484938
498486
424196
239451
102400
503814
486621
496278
226348
585792
469620
423138
610343
623065
654264
344942
658665
247478
561513
262263
264996
193415
23266
476357
191127
404886
623885
125026
535982
646611
311134
607638
489288
287
589546
232702
64286
10463
81223
57976
178831
84418
255003
349530
411855
488578
82404
642587
580139
409676
481163
675613
536906
505942
368846
377919
166286
509905
299457
34923
667717
654902
258135
372027
663205
499465
333810
554912
598891
165102
212203
16611
56518
66025
640180
599748
62065
81284
253008
167177
677102
151502
426208
598061
323628
159297
484688
9904
255975
289176
405670
236785
646125
375273
220254
554639
196049
582199
340098
468916
74895
619281
35356
239254
450566
413414
82589
668498
65326
465831
194045
592507
483128
75388
610445
583090
412096
408665
569098
573500
244675
590098
371691
188270
170401
530895
552246
410779
569135
156809
546084
354642
136629
347580
36226
363769
517633
275752
628659
614063
468604
184392
333542
410294
242265
116915
531683
373149
593944
523178
542019
556991
27417
656135
209125
137950
355772
661298
225780
538495
578165
381775
62236
647825
639441
494832
17805
613966
679668
429885
225934
316248
291232
491532
589370
96301
391599
146311
188634
544618
614263
259874
118960
602009
484124
665686
425327
83117
179943
58898
311233
372841
605635
391293
129014
440728
19461
286827
218668
77388
9012
626256
614653
439247
209496
211372
605322
528058
403144
105611
291989
608330
634559
28924
71774
589005
39900
368902
302763
595632
487895
464783
466904
273492
576091
11667
362925
42158
319875
227186
137903
677470
246500
55009
448668
190210
598310
327253
88444
284808
583522
12708
101447
8231
622338
338332
552895
148765
390291
560745
448837
548622
386535
660910
434002
14525
97532
150378
448856
670082
606172
634086
578817
369115
662850
486011
601658
184964
289268
158392
514200
566437
533774
24630
21614
474109
139239
477845
271853
573499
470780
443530
533737
173932
213652
412702
319844
90093
465129
75538
456784
441194
389031
210619
628332
307428
256933
358785
368399
2932
508169
74932
137171
45285
21233
260747
78567
490214
632665
68459
41529
426305
414829
564244
25250
33102
26418
416120
320998
587367
355077
440394
372928
576765
529106
138669
125766
216003
468143
473490
303658
389657
146880
127628
611966
567542
367995
85009
164729
177091
672253
331835
131146
105381
290338
220465
555970
195670
156439
197179
648254
215397
80508
382590
275315
639080
466272
454475
105732
554714
278164
268243
581543
650787
50233
629191
88263
210650
357539
539425
293079
478710
531987
220909
350808
572468
113435
653276
87222
411424
219200
160101
159336
651230
278781
47452
563246
640862
28898
472239
587012
449585
435227
107987
462085
273494
233873
422811
486687
451267
15365
6483
268507
461400
94032
424937
382848
543231
12004
225498
143713
367600
586662
371615
409190
183595
595778
590722
324091
142101
570016
663931
621292
448281
194182
653940
370325
612284
559555
283951
295549
431194
606462
46910
6864
558460
535410
575272
671828
215994
174694
224362
274004
375669
445152
628314
566170
252833
512036
133782
170109
642714
106982
85691
474408
166916
381959
541710
21053
293648
486937
38540
85150
588808
661811
490259
576269
198750
311432
562562
335534
417197
223552
356401
520768
140980
415553
594631
112570
662010
537206
342404
503731
40149
647468
38998
573567
533367
112533
488357
498257
624476
418295
17255
96945
582707
661640
500824
347110
187760
22487
368326
568589
275713
136032
555551
123100
282720
524003
624124
243101
477114
383480
204993
147057
327000
66889
25008
536373
152216
93641
4788
678485
458148
301249
295484
82169
189668
410512
352848
69006
428230
464597
401381
536810
607887
484212
293071
7512
500527
441812
312607
359621
500088
115234
276641
254316
244290
161378
287023
233919
406694
170939
433555
83652
71607
173324
162903
366590
114465
673366
570857
610061
34860
330043
393155
244045
212065
77651
260328
382201
177847
164472
588496
125868
88291
512349
650748
246645
677333
402441
24232
513947
52238
133681
137055
460870
344423
12695
597828
78234
38099
355710
402935
631878
96322
384559
117240
616750
335675
450342
17198
112945
672129
35260
549157
557576
174325
195179
362219
68925
82546
489632
600970
389488
266059
508088
13284
595710
455036
92381
559452
202496
447685
219214
409392
126988
656398
331157
360756
567173
212691
569507
172000
247578
3709
19276
571026
161536
265590
675633
39760
417304
539541
140500
655661
514261
449613
231954
510257
43067
207287
242262
148786
439791
199695
37978
6174
380433
131161
657363
504804
578286
441779
74339
178394
613255
55550
257684
528485
205279
567034
453001
303527
396083
226497
238822
409344
355171
311437
376489
458525
352268
22182
311935
559447
5577
213843
227940
140771
276237
495185
430787
305866
405835
448576
336388
252005
172283
342228
165582
249533
6616
402905
546678
158177
200841
15800
361514
568954
100447
217058
140685
376767
602946
617701
71773
314041
424425
398546
657950
374104
679305
1906
277148
107825
242116
596462
211899
40077
125015
295168
207269
44354
289548
173459
284289
652325
366330
428672
468205
27680
342473
235089
102446
280955
299053
451223
496370
514938
575080
514920
389501
339648
148546
58976
524357
248657
240729
86163
320328
476618
576478
410843
269101
559393
408161
305231
497209
173416
536487
180365
293825
37235
586520
229599
27713
402515
607903
105197
572018
304381
177225
645464
200777
292715
523902
589628
465939
171649
233352
362106
314689
89212
268632
512522
141378
239467
169044
277866
83504
152099
453110
679394
468429
206017
582867
256369
121124
307648
296324
96491
422802
520990
111335
647552
396585
415679
58333
392756
446462
444840
243507
408288
497604
196094
99184
152362
11635
390622
487363
485064
324180
155787
309834
131462
277331
421782
407130
373083
269610
582797
411928
367331
291791
345574
439134
595047
198996
32671
642535
103489
582382
502062
664417
191639
412655
51611
560391
551445
677309
303540
271044
386097
485833
128259
124478
10194
191577
393841
443371
513465
278063
530581
626894
338007
297011
408073
311791
292835
366010
368181
438707
560965
249165
652533
1826
573845
7379
374926
208975
130226
161523
83427
451654
337090
72763
182559
85933
575810
118156
135108
51670
388232
643615
535157
505582
198243
522081
378307
40793
273048
313743
302302
265044
518146
478936
127859
207345
145521
14582
324148
616222
227867
304494
59686
495167
166768
572835
230994
445164
431615
425439
305996
27955
663331
244426
509842
603077
208405
574254
589672
163904
661127
247215
575184
548640
71191
590269
413677
246940
604723
25143
487042
338899
547650
165717
420909
171497
582680
86758
402408
362171
369736
480800
601404
397710
125062
209751
308316
604383
322017
405672
563392
189504
613152
280955
165946
181554
626183
410552
149304
407025
13073
141886
579121
594848
405757
151525
148844
108659
394903
8709
376413
186724
394094
327411
436556
476067
72974
59376
481665
185702
671723
174579
665154
452895
431730
228687
102782
238895
154921
666851
13933
132742
159053
160022
483831
583009
360268
602746
353756
407934
606576
76419
100176
374778
231589
115833
582212
521385
470410
558652
80209
125474
550219
180852
600741
638080
866
35461
441009
506242
462703
635193
241572
358868
616082
585896
542684
280123
217139
81846
504952
383961
472272
166704
413563
471684
171
101647
287286
62557
57523
122558
483445
69547
517143
278714
644249
94817
53117
117231
537456
94877
513720
324797
158010
474572
529497
257624
592943
14549
329655
265743
568016
166940
330840
339663
628476
647931
642818
653776
277436
664899
84745
179073
485693
412106
237030
158120
457096
442939
594413
46688
441739
512615
432743
439471
649214
552640
528847
366578
11542
355206
561662
440862
581697
200920
67972
386759
530023
28605
374956
304871
21370
504937
594331
489005
290075
544879
577018
33851
495788
211125
376378
555733
248541
128735
680854
498780
563169
459157
56480
432429
432816
88744
561452
452995
39234
21892
532705
423666
286533
353387
653534
88403
351917
312671
399806
512925
343366
5307
118035
114013
402983
671041
364225
81056
675025
402325
305931
114089
560515
646676
364322
359704
133631
8690
149084
168925
465155
548489
169225
194366
405083
576720
559174
355182
408219
338489
562064
46182
672562
558414
289518
171140
73198
674493
19500
47047
22454
193118
277124
145582
481611
418409
624644
116466
140116
456722
535392
541081
385192
514961
360188
490031
211407
362072
568574
331294
450316
326081
562136
311229
676662
373795
608631
483281
91054
187851
308448
45549
132856
637817
526261
503257
87456
179637
122429
651192
481443
671606
201777
126242
209088
260373
297149
3187
231527
607617
398079
514513
628355
250263
458408
605182
21488
600895
597159
223863
222680
268406
99801
73489
642064
418506
194282
592094
183222
360227
427553
517618
219623
584974
577715
387754
646839
16692
319006
181420
262493
608292
462207
204730
129691
642361
98636
265138
479173
551371
507875
13381
452109
26409
126093
265137
10554
109089
94858
679604
469212
8541
372401
208044
445110
204240
261661
148424
635150
434695
425222
416427
494265
491437
591390
347446
48291
258488
138912
13822
602340
42200
607678
406703
164424
381819
526920
517490
242304
272416
68136
643142
561322
352553
345012
173665
618577
426608
361421
471256
659005
36289
137277
155796
162856
383060
315763
37571
444514
21910
648307
51430
554289
232270
248335
220650
578700
285241
318204
416152
170522
129610
600869
662780
604881
583710
488752
432600
555040
494057
417879
515809
165357
509477
504685
199100
250312
655126
455960
63817
2175
439568
82457
609896
473436
90219
396140
116279
279036
271076
226962
269107
285720
465354
563356
497530
601438
229084
469289
198189
465639
432459
466844
660144
679073
331595
646539
356438
361603
570910
408122
576670
654997
216644
604743
443735
342003
333108
269806
388059
464180
137468
537246
317408
563193
455031
586837
544784
408191
402054
653843
55482
619612
492991
178442
119358
660321
673494
404864
87989
633812
270977
566289
459005
297254
544608
679422
311576
451495
382985
665067
419340
603307
60150
164887
208138
574447
126219
10584
33773
510859
139110
509074
506186
192210
266880
207934
102490
253117
37186
567302
438372
257235
202948
160516
307000
201397
446938
281020
367234
418945
392943
551705
514203
433082
478004
212688
444745
443429
576630
221205
568355
297685
627703
94061
206593
604205
367104
74729
645749
661021
453899
674384
227144
23455
449795
321342
541226
247032
548476
361662
230005
10428
428396
393835
407552
649582
148115
153891
278163
453365
477570
453598
444899
175325
592611
198892
103736
430000
274372
417779
497122
535224
398679
105253
513454
391845
80933
203711
62450
19613
460977
67316
633733
631041
642530
187359
634207
95686
598637
627207
670730
194704
110491
67727
531395
424043
675675
36953
31575
427643
470587
324221
95261
171351
471800
290676
77252
168177
189111
501187
488443
451588
627638
237048
93398
47435
569159
509513
458486
223854
633722
188085
55355
484188
308803
443259
547630
374292
138724
502165
545779
255687
368657
602592
318702
149489
450644
375841
561380
134260
487402
667174
348760
124788
110068
98080
122535
449152
308420
629240
111720
178757
171159
96021
458836
435565
572706
179204
634091
419265
567958
92312
498375
14262
609312
188308
373868
458033
560336
658986
377367
618196
212970
492101
119691
405041
324322
230374
617624
397385
358727
404776
543168
397282
667357
97932
562245
355130
4349
286360
137017
314443
584939
233558
38961
132580
606078
405949
447554
521976
428504
442148
468237
549995
412386
377229
70073
168026
433111
64247
63195
159426
76074
386929
670617
20647
335591
172428
279456
50437
311380
108335
664473
589425
397374
466968
566123
131831
30919
680925
397481
307611
646650
479029
86396
308358
586373
650324
346705
162611
470872
471116
158582
53683
524798
627529
5966
466925
146111
342486
334195
78968
308088
168509
513069
476843
163259
536269
590651
170802
662299
179975
595685
68177
101677
156538
555098
496017
180487
580496
288974
621939
153907
388720
190301
500499
174285
562992
358707
1073
394728
356464
158947
413665
392083
602620
70778
669581
616222
191509
185530
62652
134920
118004
302074
258845
365273
16299
370729
391781
662550
140592
461000
570037
132976
531681
533961
221904
659742
217593
196915
129215
531804
73269
370511
121223
572268
223610
423041
487576
335889
208788
408653
419711
42852
249682
644173
323175
361345
65405
41254
455606
318885
616103
57038
560865
216129
471130
113907
211513
557387
571206
443566
492754
400387
333319
362044
634878
26910
670788
409793
109528
588911
433947
391606
413987
265728
208801
614699
529169
514169
592903
349208
436367
478582
427732
177084
207263
221616
204370
368624
633839
556433
515516
671699
623636
542067
669373
75386
490214
506475
51392
129247
661134
35400
595673
214940
549253
652321
586209
596348
623021
345960
369787
417586
328350
431085
428595
16793
466360
167702
222686
537683
536450
380324
533153
348724
421160
637121
676430
378354
367749
80454
297549
634785
640750
526056
639684
108380
376132
667068
609921
307110
337323
178319
536086
641868
8553
435206
453970
79771
548706
91400
660771
269056
282542
436168
173313
142152
349826
462425
123647
9479
424496
637973
249746
70514
367630
247774
307360
594905
341248
524249
626097
437128
469083
550008
592804
320976
592862
234254
578696
480981
492409
393304
45829
359971
549282
473758
460131
611124
645845
560693
239133
639822
265105
25749
680504
457115
53568
373672
418518
87789
88402
634272
666486
278832
598533
58950
512324
424802
150351
182362
139323
107721
468895
442953
305283
178549
490816
612051
197918
644738
73119
619540
225584
241701
326098
126139
399618
118791
423330
52751
358715
398547
577483
11858
237608
315611
666488
55403
455565
140623
165126
648991
637582
479753
322635
151194
175336
557428
590750
238909
447829
116444
245122
18623
559626
445550
421655
175145
117844
663478
304884
202384
599594
36683
282407
125798
3448
72620
157357
208108
346024
650179
671711
637190
454401
16473
172170
432596
73393
511802
285416
27595
206457
328827
359370
614877
346297
143487
515949
276092
22592
42754
145768
389108
680035
652751
47583
45071
299085
637273
327147
679351
201729
18910
152442
117413
199529
458861
489543
303771
205246
380283
64553
370589
488758
483893
218627
634310
207336
658040
603406
271672
335549
423186
399008
203964
295854
552994
143227
155939
360467
429134
110326
642022
19866
416058
222781
99399
587642
350025
348190
475066
321791
471926
42543
88365
157154
42
288564
21759
135484
363907
148170
233776
346119
456251
578448
372135
211959
193824
679106
635911
113163
160730
601455
253201
258270
140985
396462
593041
317238
513954
312987
555355
279066
490343
296461
396062
142415
341550
569592
567642
306981
63544
226625
458861
261923
306439
200873
225249
229507
615723
237336
623003
26302
437036
660732
117528
654152
141724
631189
496874
197363
486783
186426
79814
373987
578288
161307
672192
302763
50904
329699
194360
430099
391998
105312
479009
44116
463256
364786
134208
664225
490551
194103
300686
240531
240753
27587
376331
123423
550601
592965
574354
428051
196899
333115
172393
454488
250799
579247
85975
387822
143080
272379
83776
670465
519634
448939
549338
217550
9587
221011
520938
564566
560448
393617
259484
350900
537439
613125
77160
468383
168591
606762
592276
416047
609420
132145
581454
30004
101579
618180
519358
217038
225377
585275
530699
36481
553507
338948
19011
409900
466474
682261
37863
219477
198232
665263
597411
181435
333198
545665
357744
455617
161069
278286
264573
613854
60732
329184
114044
394469
484879
9001
518020
132634
200819
639821
207260
519168
230019
199
52741
451438
493628
505599
557436
226153
631953
41993
59229
339434
61374
37663
102600
446067
101105
633978
5984
370600
297797
384609
172475
629038
298063
523422
67077
321453
567297
391369
115630
394202
638972
651823
610814
464361
314350
635358
222361
655282
249174
137671
239014
134584
340442
250186
419285
676900
563296
656619
28428
187142
400439
656081
161744
576603
614572
76159
25590
195889
212198
71418
679732
296396
488341
414435
546967
541344
361978
656447
16540
437357
259183
314239
178332
321400
386050
667898
311866
658844
510325
646984
377284
554382
5359
139848
66241
39906
171407
403133
55376
557872
648551
342318
318284
603264
394090
269844
566082
179692
290822
617914
345686
162772
674443
314046
587717
317090
274704
433509
517917
358854
657810
598149
446225
657450
403800
544570
495244
418877
295000
640397
10874
549889
198749
191172
9229
310341
557208
490653
243589
95488
96675
491872
558931
453573
406133
407119
603316
272981
116707
65245
674712
297689
611756
597248
379150
591512
265232
553636
560278
188035
399222
231244
181946
182591
176730
104661
230922
372211
229067
403852
5576
678073
411876
208986
75107
488525
600073
21503
471454
249089
264735
571386
365830
466423
64030
602040
365031
663754
180464
381433
285277
681554
50840
536793
613776
425557
450521
118065
512184
109522
122443
442116
539877
673660
418177
394539
11293
122818
514367
272559
11011
318353
434580
46119
68943
455174
353316
114152
611442
666416
627394
615647
577702
628784
351428
258656
369782
521129
625102
474524
162585
134619
346377
655267
171566
215973
457069
361214
98238
103335
6176
557369
45416
657383
51872
345558
315236
235067
353668
436215
533231
458019
130421
606646
634881
305774
109606
297779
73699
413112
522945
234056
570414
557307
223051
213027
477817
518375
78765
590871
614350
597877
575909
66127
5115
240918
152482
572126
679814
549558
517735
291341
238860
410445
256691
414338
666173
245785
524410
8449
296291
510494
454591
45833
488557
260437
649761
154709
153910
376121
99840
235479
163872
297886
159831
421975
166435
645496
536934
226603
341404
240165
374595
664636
146321
263451
671864
173403
250050
362657
212081
579153
47275
437871
347339
158902
113740
253015
581759
391219
546956
37384
414556
618699
531062
266503
3337
470177
500108
624956
198967
128521
476350
467996
497172
144775
235026
464934
155028
54608
126659
672583
196823
369440
433980
553233
90815
27305
407868
102158
469959
120727
244825
27689
168446
431218
191028
258162
390841
216022
267603
244060
114414
524918
650383
394044
542809
557668
209222
279766
363767
600315
341511
11322
262167
61891
265343
253255
524684
570679
364881
471959
505378
258967
476507
492450
77917
122572
282255
382126
424574
436003
658816
380112
430125
239839
560887
317781
564026
677327
104453
361908
76474
376763
127980
505717
82758
236444
120645
179431
436379
116399
541229
88614
433872
395314
10463
399635
585820
118636
367991
616253
156124
296575
162620
208784
151367
27555
151010
398366
388451
504907
394771
108457
92657
522773
138551
150661
332475
247519
410897
302132
109753
659604
624598
213089
320710
425207
171168
671543
116355
98862
34915
46227
311829
8140
229815
454135
374242
173577
47814
150802
479297
212757
136303
372025
459996
540762
43880
235358
512813
332516
215972
480278
455643
21437
591469
503545
219282
563941
403744
145826
284876
368892
60012
245613
244198
475236
410628
620485
178340
569160
657486
336661
518756
119682
375614
224134
528586
248990
215353
176832
118123
448891
38847
588481
171132
125133
2258
535732
137101
502913
641229
136015
216003
74561
5019
657919
110770
449581
193016
449508
562670
160980
588252
219159
332943
314305
582737
437685
85890
365067
284658
251579
262279
335343
73638
168509
460784
412265
607567
465732
34163
55578
541414
367675
542276
643065
454740
454225
307946
184091
313465
358479
519284
376111
390738
258566
530653
302954
332583
218168
525851
550548
431143
510481
93399
42370
409916
402814
68867
443033
338009
223724
605541
240649
395701
272101
271117
88324
496976
483360
662934
54717
35472
34960
141062
273294
173751
31649
500112
374723
455310
138447
576675
365735
239040
5179
608241
49939
125904
674917
295278
223056
277199
163273
675077
674447
588958
490834
52087
96485
327937
190795
450147
50079
184691
229242
319732
250835
93598
178450
503593
509135
36022
174016
240839
539551
406824
280018
92050
285586
485614
24432
96596
101775
64803
658528
101536
239069
358882
629217
7265
96241
273821
632584
585078
313942
415626
564688
653795
50237
667673
397216
142969
508973
442950
533887
163954
9413
330204
453122
551443
546052
474097
173395
30801
376336
170593
180473
320030
421667
680027
533147
311783
53436
224914
115832
372867
505368
151763
392524
671860
135451
233004
444840
216013
565741
59986
544171
526238
419022
524691
453013
449813
112986
655184
427891
571807
460613
638183
422510
8893
34734
136870
341803
675806
460925
367547
586733
184227
414195
287566
107168
130518
364913
415858
1247
600679
53824
57222
199084
679032
608937
49882
215060
290853
669723
374813
291074
511705
400485
197510
271717
408536
483824
275355
5236
618889
302311
413090
488509
417542
538671
268118
51644
396963
130809
567322
268188
211224
342387
248493
530671
518616
466182
106467
640317
464894
602426
104685
234663
329394
227286
163970
472045
108554
2349
444305
70530
518445
114360
407650
499288
68687
336687
531319
335019
161177
532011
329735
700
97937
278037
682128
127769
258332
277870
135805
480623
56552
667381
588183
275391
566441
638118
177928
233051
458337
219875
638302
133768
231131
512370
287353
625084
122255
105158
92453
126872
553756
427439
333016
152092
144411
104535
440994
446523
80169
56074
21094
178750
657105
310541
378537
307859
278624
539342
116944
490285
67427
561413
493162
325449
310946
434094
438789
87150
560373
585893
613350
257838
533424
642091
376772
644442
614330
198878
202525
13034
116353
118851
80350
226130
560303
552397
145330
351932
653542
156063
272953
210337
400695
341178
407229
588621
133893
30140
256533
264771
73487
143675
529764
69865
325987
359900
469286
630214
341514
652995
450801
466448
275874
98402
405710
501477
258769
197084
666702
580957
424946
14261
470434
676265
250357
281008
8072
305170
483642
522004
1167
379508
393860
48752
8086
321893
207507
490136
21108
118436
115237
17354
211768
646821
676912
295377
392822
259716
667670
471064
464379
25683
376529
186528
463564
11333
290118
44055
476023
5310
512103
331934
637745
154897
223532
577868
227991
467968
173068
587180
132255
297176
361864
366482
312648
90905
135943
425875
137958
497734
575849
156242
608053
647237
276412
501145
422987
331999
287695
82169
160387
152253
104817
422849
125495
535183
408510
130340
446079
534942
206447
385475
95074
516066
50637
83039
634977
349620
473707
680430
188373
605048
325235
471329
388358
379671
635803
238100
222180
319691
312095
362036
81615
235051
667207
209994
76848
566317
63596
12274
395136
408219
257424
20361
47039
120664
146738
98054
266346
580193
488781
220723
29944
343118
66560
612042
38769
269043
437438
265669
208652
13494
229595
38391
146706
409208
153961
3002
175099
267667
387221
437367
51900
56145
375390
329562
51281
610758
100299
418960
99325
400113
111850
538958
79049
482357
168054
278724
344749
397440
325674
527204
46999
123992
165908
276526
157443
95446
322026
19946
562273
52226
658443
561479
217110
240678
245955
4884
572644
501899
5939
57770
23586
170166
593132
388
91028
351429
220236
150385
676923
547073
281544
673014
312469
496444
350373
657826
370151
390679
554345
534433
271507
433760
32276
286937
109100
655288
160390
498936
316488
387482
97473
666875
471132
315225
396449
486616
255190
585675
272593
335616
359249
424965
376703
571249
639624
520046
85748
228116
633875
347408
16400
536028
262033
624213
353398
187605
66380
20605
648015
251407
616158
93902
619928
198127
444457
436451
586556
268337
117254
234451
500599
106905
85488
629527
516002
358545
269174
393544
668807
347822
552225
412827
52527
266163
127571
515683
553751
635286
660928
554420
413050
187453
62310
600131
449306
493413
441099
503106
133139
197275
322549
657477
630183
107017
232243
545363
188089
59231
394349
355342
391338
281480
118993
68625
104307
300799
266998
564016
250169
292274
41720
541613
440002
654080
530668
369673
513690
110085
201613
459859
351083
134045
204884
107065
67286
279444
353477
585957
1736
18682
227806
105787
350686
291921
40100
361225
243008
140756
375766
97767
121397
534965
265793
453821
559243
405015
314507
593849
680410
228724
623469
385834
202592
481154
342991
678256
303566
3644
247212
46430
377299
190431
34191
573134
153033
32002
119433
396365
434266
291666
175980
226397
18132
394799
674096
614802
104681
217669
378732
72050
618250
159997
89583
109525
539553
467343
612352
449478
203444
191637
262933
677152
476499
24937
215874
141969
390980
389822
46400
531854
384517
192028
346348
313164
657416
195625
450657
175679
87485
407078
653656
194043
307135
31028
565901
243547
235280
306760
590943
521621
578047
559599
493792
550969
72889
526771
340729
110110
509186
569151
566959
378232
255484
485374
555523
265929
362200
254212
513590
384822
58419
533047
66414
401388
221816
403621
224244
544461
420232
525826
246005
366425
331239
191895
437641
611017
644705
167549
131266
277490
319598
631624
791
211599
641781
96083
14036
108098
540787
468342
511667
169370
45497
294219
125749
14495
669581
216210
3281
183203
66477
582717
342016
570362
309004
487060
649833
34189
373484
569736
390888
653145
10539
287310
148377
361158
164765
148104
129515
314072
444101
35074
651523
165896
335796
612339
371328
648062
636119
409726
228842
176284
547347
80574
186415
490657
296280
206531
113212
148100
395112
560587
575070
381060
417073
648157
129450
423620
103734
301051
161728
591104
182879
554381
510532
659893
276091
188966
622171
245314
1310
405372
413040
208293
482262
49814
159412
602475
169912
235181
405354
273401
281898
72806
135425
489584
463566
374085
20714
231830
85670
581497
591878
417629
442124
18251
442484
430099
133575
437790
594289
42948
207125
173050
57102
86536
50417
301014
100309
571435
499526
678719
254783
617898
406335
541636
444904
587123
487977
400236
183404
261794
281538
120105
304931
151316
625549
676252
73960
607110
157400
9650
261591
41128
647972
437567
277800
637258
120230
643131
55339
51040
301895
111
452990
451084
523987
557534
76705
356283
458252
182002
507444
221257
521649
25174
253667
623234
71349
415417
630034
617925
475533
195421
554414
347211
31057
231501
673181
379871
473170
395932
148862
108966
586368
284827
602152
110378
73975
308773
398989
445284
507454
609793
581912
643853
432623
458945
14173
41044
374408
362764
267211
259695
601568
395309
168823
515221
199701
31005
568472
143659
157803
322029
600856
603320
669667
662682
422876
471685
508663
359556
428553
428089
44717
204633
621520
118959
109253
86116
619506
202599
437582
226835
258632
68369
1269
633549
194842
475562
522281
610688
475348
486945
133616
654548
16483
44913
299640
363160
514211
124063
460058
547487
20990
82142
168555
38766
311491
8184
116995
186266
229924
380126
653789
569820
475992
325276
134185
281368
403601
594446
24797
162876
545593
236347
567812
625969
606784
587464
339813
88599
310925
244166
253811
507778
583554
297455
20131
404230
108064
48597
629715
389246
353853
211935
271701
619475
77394
320996
342645
294543
521800
402252
594753
398196
24699
165977
434823
113028
462683
61469
296883
378187
574914
167050
140118
475208
161251
113574
314739
84181
13347
163606
52901
414584
269554
18576
395642
68399
666753
506416
420210
425320
309291
371713
481564
312189
194576
348732
449633
393309
535975
205273
573752
7971
639112
43225
106636
391987
618079
167215
350627
189087
593309
291791
281958
224905
400533
577320
499436
651918
309228
534791
298897
271344
106725
136076
427893
197370
338605
7145
460689
195514
580190
49237
277513
377574
298111
309356
678841
452855
517116
289685
548315
456644
507246
549737
272630
369872
578605
642627
493518
233726
485568
388581
72451
440506
399837
509533
258319
407798
264254
374309
324498
435998
78925
394912
663530
405678
574000
175165
265611
587583
442912
671799
130927
617103
236510
449887
410403
324861
547468
594108
657325
548226
338557
71518
475786
584339
371194
662915
22673
300710
671960
241931
281010
460486
420330
176776
558388
576698
185539
546505
521456
176787
293017
181875
18024
89532
195144
295404
8375
25430
419440
322953
55557
390774
383072
545261
548901
103800
588176
603094
502168
384473
53731
566812
364504
383819
331571
87211
191153
402258
406069
105902
610573
69628
452845
231465
620376
322470
181339
382457
132091
454190
599986
511979
514299
86516
292601
570017
471858
620448
306731
86331
371126
262725
176121
495976
129512
338945
608504
347553
339972
352427
405816
168983
520109
372398
612529
435531
57363
25821
535058
201819
249755
22787
299197
634236
588488
218747
569775
628585
396347
164499
566184
285967
614997
101775
565699
331577
324466
96860
33775
330523
83425
388147
493119
359789
433628
348528
600574
650760
282410
585901
178524
258901
82598
133304
211970
363099
42309
360590
108416
410877
249375
125290
238553
537930
180200
559587
588723
297464
221706
633862
667247
550196
76090
150109
188999
51026
416605
15290
131674
127448
68442
166764
414748
446641
507052
512587
138870
283662
549981
630238
116224
213172
234211
217943
144472
36957
343433
231165
666417
173696
657526
531215
115902
206731
452421
161547
59783
119539
232998
543670
556854
310712
598373
517119
130236
183047
81084
551377
375786
546594
406604
491970
558293
505159
466027
600187
368208
73006
263724
462347
328477
587255
311807
528118
546621
521997
111326
350303
223990
315685
431533
206370
205671
479919
594894
232456
530733
94188
477666
209167
141818
671667
242413
336794
340267
375521
130688
192730
200337
75156
549841
169692
327744
282943
146454
386670
488501
310902
53477
15148
477562
339979
398247
535288
663200
232624
655318
158896
233840
87435
153080
36364
196029
175597
73104
268464
327404
348261
573551
569572
283975
178914
303394
196292
535766
477917
302629
174233
123498
125977
221787
207086
496185
423579
582854
287090
115062
141003
480461
174314
271972
288998
626488
381297
322668
31988
424643
343786
509589
101889
100197
368560
352028
233628
616750
505665
505131
256592
593424
527215
119194
21644
244886
205415
297831
312997
423207
197327
61048
91129
88074
558082
175547
387662
193421
208464
560642
293602
175531
485901
496536
620803
63713
86778
532110
522289
665672
102507
437953
87009
603775
490369
442659
468706
210905
424845
91055
478869
280414
511327
103135
412186
126111
590442
330567
440300
428651
550457
315912
110006
624264
666920
674933
25894
652571
73476
649072
302705
133675
53418
410500
226755
616729
391029
11391
581619
642154
44195
497300
524753
176535
331190
212971
275196
201578
463037
118489
234212
668283
73230
233827
86317
312480
413553
526229
67416
677664
136097
383758
34072
612884
246711
638803
440353
288473
198348
106697
34948
109680
433759
99097
144316
240846
176749
55214
469314
432267
176614
495198
604202
292144
67944
455304
452554
66205
607933
536350
670659
471744
516831
585659
52812
306728
36117
420429
349921
438749
258169
263811
147287
471610
294512
144923
344591
664288
107748
19572
80942
75343
221196
204146
53145
647094
586124
255386
8493
517615
597539
650194
549331
588456
386991
632411
655016
382498
143794
32578
258015
245824
21012
320890
585035
436931
221856
378522
88733
271394
636140
60646
57649
254493
414816
74075
206782
658523
48349
120831
309722
486649
143402
37866
185456
580812
635414
573021
21386
441687
34846
356816
446791
166019
571580
396381
535604
79239
658966
58737
31427
232704
130896
194004
80718
244431
537911
171136
570511
272643
4966
587485
341680
594541
125253
285659
397818
346502
532426
682367
636607
136897
554238
440295
460784
365652
382803
283868
394921
392049
171738
328896
509118
630643
416465
180644
394182
315820
481787
453017
608597
605280
484673
81662
111356
282895
596018
122706
503280
293022
669388
564845
613651
206509
43036
519211
620774
556884
454691
311941
118276
391660
461994
480500
72286
313511
579295
491534
613091
228636
589304
480616
297997
184436
326837
205434
74845
79758
200493
610848
263581
41313
577843
189567
75585
342595
322261
520225
98945
186136
257348
20862
294330
120038
216507
590622
532459
597605
42632
131425
224893
535603
412546
384334
518707
567355
33229
613575
461044
360666
607172
351930
36695
651109
53466
599504
241850
487782
543793
335421
448455
278965
207340
624384
272909
79202
368276
85527
114841
315993
520485
251707
341896
216786
577684
417880
89188
216485
484797
208242
588681
79928
538793
241696
631019
437418
137859
39395
646769
216100
541375
606572
605720
564286
572100
625386
617050
221459
175229
174383
591666
443530
774
487220
39916
37173
301487
682187
457686
452825
250586
49455
531379
272810
160127
14837
167858
638341
681786
427846
561741
627404
209979
466040
641245
655755
446219
549762
678312
209994
615486
43047
140829
298083
365015
234800
220762
185559
456167
211233
197945
463604
622092
599934
616102
531859
533901
386178
549429
318060
40468
403873
67008
574091
505248
539243
245938
121174
243005
565477
385638
664409
191883
378897
51005
83287
232711
498242
324846
445310
172231
211169
77161
49762
529792
242921
547958
418354
132773
184730
288605
79511
79522
417085
523094
360076
475937
609323
261700
301550
83376
327683
400983
170485
575762
509306
11612
87978
206905
511712
615875
365495
225991
300482
267364
414029
461598
378034
94348
404448
349486
554442
1561
196524
359925
56501
83997
39986
565317
342351
424944
389333
315480
364540
347393
553281
189493
639534
470155
434249
424229
446314
451303
277182
665336
120720
438278
328846
132424
157986
303865
33420
617426
555620
401837
191239
146122
203691
73758
575611
144994
344445
627278
408920
627821
390215
92376
261724
455191
129217
652012
139193
552739
247714
667968
603210
143170
68592
239315
163192
376074
553939
442187
51768
211075
81415
31642
28788
71997
652945
395818
519173
22080
473281
500900
226467
92
65084
455545
550156
281750
209880
301206
258141
226719
587973
569242
69468
16175
25175
650736
206740
290014
121066
596463
175877
141354
343124
637321
295426
516143
602597
579123
445526
669643
502131
670838
247974
412301
637980
536935
326965
13365
96267
218330
400546
665422
68755
467772
264505
502034
481839
63990
583931
222512
484498
561753
265889
70774
302555
675650
351960
255385
633342
220456
510330
667926
367257
288460
329443
301781
658140
417871
425310
117408
281249
235583
99009
167979
163513
407081
63879
487659
79474
49765
63525
593114
172551
587870
253102
312363
285966
259528
377239
110141
12429
371748
141613
101670
562147
622016
646555
106001
98337
135436
301226
161008
328494
628063
444419
300712
290720
667968
663265
484876
91971
38434
401909
178390
124952
651519
188311
609604
97705
575960
229079
570889
408003
74897
414520
319614
270075
159432
261880
107967
107268
386745
497197
593357
274887
40874
94346
664592
545903
492200
523174
626821
620585
47882
545036
126526
143186
320745
64473
369521
280732
293147
180175
353624
96453
327368
163787
561248
178251
590861
100707
563342
124703
566441
222202
279405
236943
258634
367040
572551
483308
643018
586727
157724
46370
479427
499748
109642
260194
243655
147772
406583
489834
217803
605054
607763
401711
121026
590489
381728
89267
659900
207992
140714
520849
126481
133961
217970
31040
373553
74761
368088
244442
489649
81962
239351
384657
220469
359547
339848
648036
327248
546271
375987
5792
503376
112280
546036
174666
423597
14681
452180
48190
53287
381613
383463
357473
347434
141809
492855
308503
135857
147565
171235
609363
505362
10881
161100
279456
547528
377786
607891
105972
223802
499146
116214
420544
466657
223436
550639
360390
47128
585561
646699
129721
223091
204778
145931
38485
453608
360243
536645
256375
84951
77390
260354
71149
183884
402217
523141
226907
144655
492369
661628
196020
174910
339579
602200
49132
561632
483857
417906
680838
156435
485915
632479
26084
372957
390671
612585
185131
25330
313214
507437
265835
70704
614930
650953
396433
489510
498910
42268
52983
104213
559288
427305
515260
611701
486414
52416
631953
134655
306483
381047
153326
8812
362000
542493
123959
170860
283263
576566
466198
595282
633917
215182
334906
620900
265195
540761
273167
547753
605433
360285
321351
25473
408231
399047
282762
650667
17544
143426
173390
25666
361115
67427
237750
371791
380883
210871
496269
115936
553307
217092
161348
29706
534502
122738
545973
646599
468524
643354
113276
57377
523916
629699
229099
316335
329208
658113
301319
59511
456878
201288
380284
325780
195667
627418
10384
520242
573713
310108
128367
581586
623399
385094
153836
322293
486859
242171
619896
13132
571631
554908
13591
167655
555720
188730
541007
18389
548199
376859
249491
54662
161720
614740
194035
556095
485017
96246
466701
18994
98001
585581
456908
537011
544477
362105
239526
158714
619664
233886
487811
663627
72304
209620
629888
595391
248873
312334
318134
130203
216632
85303
654229
356154
594527
526845
276315
312909
16109
677089
327402
185117
513111
125026
552749
272582
519883
391101
358964
78258
154582
410162
581592
321318
527112
412723
52104
185621
240628
374129
334561
311584
616283
124053
514654
302628
474337
95054
55630
12588
639163
382557
190855
62515
591189
508553
646466
156096
593675
136574
313182
463192
14260
545733
579925
165991
451498
275320
87765
249005
479387
492161
332733
667911
439712
429612
198741
574037
624956
300221
54365
319214
599404
34322
204257
344001
204877
219547
160073
604050
121037
100406
336931
170331
408801
188616
671398
435013
667884
576552
571433
589987
681627
434520
575458
342699
629108
472897
51695
496271
133782
102294
4664
409352
54490
270396
379042
394744
590899
614037
455501
602649
186884
524139
648713
480125
520159
559929
603442
513193
80328
593332
310492
662336
611681
358790
571587
388554
224081
27381
372402
213624
314252
316111
159241
73216
50091
117256
455695
536405
523712
95605
373397
450899
33491
166255
319500
521004
538359
178137
655314
305699
500495
239884
475306
41023
487888
168977
494811
615983
592562
592554
327786
413839
201202
360187
581976
632045
607074
630673
337530
419064
483289
300149
198370
112707
611451
563355
437675
624347
361222
587749
183977
443968
44237
270825
571020
334234
409453
216967
557164
352409
581670
157285
127730
68488
416049
478609
59766
573498
677382
166155
591114
643006
469007
481545
526060
374746
382619
610329
129452
158782
443861
134821
650644
103321
599109
204110
552681
616696
361913
443698
380131
230337
504233
355234
22041
203835
361276
78544
15880
593995
191572
614809
429260
534698
293034
330092
396071
668004
502076
97269
395813
242393
422522
69652
527787
559759
344587
40035
535261
130611
431774
614276
665563
588436
120998
36072
611684
3817
11600
334048
305131
444141
469675
451260
199427
67074
144430
412067
480914
640017
532637
215269
310340
118273
176239
512488
264300
601920
356579
478638
122537
157491
634254
593734
537515
129175
34420
9428
608154
557209
311448
305897
327089
306420
276804
117137
167924
237538
382007
31330
676999
610089
9298
465446
515152
575602
426650
562872
623471
46580
44109
659210
609383
563806
30256
524736
618548
552257
680640
370187
8606
328786
474018
451637
586551
493474
201584
441360
104781
165400
32929
211740
157815
127015
454213
560682
126557
381300
146049
199424
320989
462720
261877
102613
142985
17426
127644
626435
505235
295878
362383
73942
353740
323325
39629
400609
588674
658956
267435
512190
169082
463461
49835
381410
580994
334853
307407
423834
560285
282438
38215
580088
539625
12113
205055
342438
612090
200334
66748
227301
332312
527208
112751
183609
246528
504746
343527
532475
490436
434597
334224
26450
96509
102704
133233
94659
206121
210644
229421
562572
26573
3246
455735
461280
222703
470346
616632
128444
525204
656318
308433
60495
34838
336520
107600
191507
53811
395166
351287
613187
301509
154962
375675
590135
186035
1901
276880
212637
73710
231089
36816
658810
278323
570262
9530
112016
588443
96456
132962
483198
660467
158468
400179
645969
503278
348932
294998
215430
132023
245601
33062
639
258539
495647
30312
198327
7796
563664
407597
632369
653271
534739
655081
526715
333288
465299
253778
609165
485546
531729
363713
200520
412074
601036
268928
269961
330861
163248
508843
435407
119992
393537
201309
610339
627192
182671
538719
645973
250353
457825
500939
113710
103067
505557
178688
513125
217948
190341
141484
474467
240642
317984
168833
645449
413728
16814
324721
132722
159729
220836
154872
675031
603191
395879
410481
387466
240061
104444
191530
640660
24880
240352
598473
261490
622140
144512
451048
340984
184050
142772
65368
72548
519049
72601
364813
655917
312646
306553
244508
188248
417319
446196
238167
56134
387505
330098
135628
441634
576301
88470
570278
397098
441415
287515
579274
441633
280
36438
669422
563294
313829
206783
165325
533290
470721
606889
291452
621528
669378
65746
524190
196406
626392
248460
562250
441324
121751
217637
662291
462308
289036
666613
10417
666817
162639
359129
262811
318382
362264
590683
353583
392435
101086
235300
119367
148605
265731
381697
364001
555412
86262
556403
82859
644563
58022
490343
311686
500694
553835
439093
246999
365600
37751
222664
662949
536341
498940
329061
245959
547589
636607
238401
228115
197356
114815
640380
651265
275911
115739
384913
290467
631218
422219
175824
329120
607889
106630
669283
560462
59348
400086
449298
243340
277502
120699
38109
330473
364209
472240
500682
512780
112196
52522
246601
284530
397215
479129
669680
409873
266462
190312
493594
302562
285431
468204
53115
121958
655218
554641
463705
225122
395669
231803
157878
320475
285155
231523
237144
349346
533174
31215
190911
349975
674344
568663
579408
438127
286077
371167
570513
665425
9076
332775
334431
317027
390086
150667
450329
42268
444507
281767
99551
384531
423182
539633
215027
510679
93508
586179
450621
575917
347494
444089
367453
575380
350860
125808
670909
241698
522835
187525
31332
206775
634155
624256
232843
67586
54059
436201
658107
578023
184853
160637
339179
348986
601046
253568
121566
22609
494207
441613
104850
301186
270325
235059
234971
399044
98877
383525
26180
279994
523170
607234
143949
127366
140682
667100
453823
271630
546428
208175
407065
590372
126028
248884
238937
369236
76181
210457
234501
229718
187323
69994
350272
297471
120930
207808
381963
636536
629577
372385
180156
139375
575171
92190
345344
204743
638361
501965
450208
579778
333142
477531
428164
621799
524611
609454
301911
606088
11021
604666
626876
79361
524065
499719
493919
426366
530319
84521
153280
326116
142724
130695
567295
236998
200521
598922
680728
92698
254704
78372
116049
275530
599435
343220
375040
25763
472186
545809
90881
31502
53621
638552
221170
362044
510225
367653
224564
155345
183396
121519
540661
35002
211583
36939
52412
146384
366169
406287
644731
30823
318846
103143
499188
164912
107999
67411
7792
308366
34977
348351
384457
256333
339009
479619
266680
233616
211665
567077
514689
538220
499921
371586
374233
367530
616020
251656
103550
441400
10189
283407
621224
411824
558925
649717
152334
251553
11230
34397
63955
444542
526714
347923
24217
56567
553119
632288
493850
607528
231705
138009
293899
364332
270022
462022
616489
284682
443285
556780
310480
211350
529582
499149
280835
536400
603211
442889
352836
210212
599884
108381
39881
382894
511445
299310
476707
241792
179042
336038
272096
224409
362552
77379
662205
394918
216533
157061
508805
312923
648874
445326
342743
461718
141495
125931
314057
466498
386841
417787
338164
580401
458022
99406
569058
80666
353302
669519
396326
469708
517790
182281
264984
565364
561731
39319
77880
565235
318318
143350
425452
306928
322873
575220
531659
546411
544868
101802
508191
210165
128916
498390
412085
556446
559664
534569
320362
277510
22507
86176
98566
302454
481160
341557
277324
581606
637481
77407
403444
250576
9171
648918
533431
542032
97222
553384
383628
37670
568650
275852
639106
238795
244707
3299
579731
530575
96703
93268
626215
24690
502789
520525
251820
306379
120001
205560
54858
43371
227745
245892
512024
569305
204610
176883
48686
166604
568446
242225
69879
31471
592985
382494
322603
488231
615089
334898
136800
332267
89897
413937
549960
569381
223076
152333
659416
21904
254907
593956
417063
353973
121451
127326
375356
497857
171143
614834
584028
507212
437648
246394
347217
111081
562778
635487
241128
95146
172246
581147
548287
77523
115452
621181
473967
224091
387946
115725
535642
20559
558308
225153
277003
177547
185255
421627
191842
531760
595289
634908
678
404537
317324
120911
448371
517243
10739
385457
609519
643294
391034
27488
141301
83905
382670
148889
477507
362893
219273
576987
299845
18989
320406
631409
386965
113908
114330
380069
48996
127129
599390
126936
421908
267338
471982
78252
508311
185394
223642
55611
449071
121519
7642
320572
324789
32349
331963
174451
471971
555781
537259
23957
453233
530737
61532
132346
657966
658658
135754
664905
78899
386427
461411
190545
423397
69136
552224
521106
47377
233400
338098
150497
575774
560360
121876
47263
173730
649021
664541
351520
180259
94708
1637
287802
30156
592759
352788
19103
521317
566426
379032
41679
531145
86969
210694
170900
75600
50505
288977
71898
640514
326885
665570
106046
640904
332295
490466
95315
524662
477659
385805
466849
359717
129637
212422
21002
393765
67223
164905
335474
483395
385615
468977
569385
87127
123795
645061
601521
18821
412805
465654
553627
289412
252241
666867
140914
281816
636514
254082
303865
329936
293212
100553
113736
555616
383416
540410
74697
433591
236276
139427
431266
642806
546061
78154
543719
27105
215237
7731
343235
7654
536883
212762
310030
240613
318367
432797
288344
535605
351305
478473
337806
598714
532821
584032
153470
6604
44538
535074
479717
400578
221929
52152
198673
283389
230355
457704
570864
546702
314127
260879
161917
373965
143003
119187
213916
642810
26985
32444
516529
352475
270649
68359
107050
414919
109999
121851
513366
296056
421363
154297
218445
234981
660651
241543
514636
656559
19687
128103
520992
274148
214596
222086
539926
496537
20141
189499
432864
376309
409470
365566
242174
162624
549138
510289
177403
626008
522186
511218
189231
607643
620757
371830
622109
512369
672873
567508
539603
316337
453516
30319
26068
354560
308271
279798
480949
514867
23450
373376
532675
354420
603859
221657
174180
535439
384155
245353
62890
599504
483786
411045
86125
238916
229614
638436
627105
446222
268699
114442
518077
151686
472106
219873
655668
35937
326491
249160
184334
386372
59711
365032
424087
555577
156695
232735
547530
354491
206378
679992
53751
644958
379895
306461
321655
615599
619338
451549
419846
224840
604430
239397
600853
141221
188019
651804
467471
308747
262986
101374
5782
268019
444521
421638
29484
364360
386031
332903
661252
474950
575642
303936
15638
270640
501713
411000
111083
478548
260931
33313
248853
484167
83664
458410
193570
13467
287767
598747
48718
172750
529480
77820
513964
596859
32033
3109
593663
331272
284740
508205
667269
77256
225345
235830
94866
505525
575920
386251
78203
2499
596494
496391
600070
186936
349170
37325
162113
542105
470395
420428
61046
115964
455302
413113
658459
243825
506587
486965
623415
359538
43700
203350
626268
555343
621791
370391
69097
262264
52574
234013
325574
105022
547452
52224
560274
574489
529486
460260
424692
46752
292463
528384
613613
174312
164739
293053
153397
108691
568016
658712
362217
100668
289913
387755
40445
168586
333192
266614
230656
299761
51999
438454
334923
671
669926
489647
326799
81063
11901
350843
519746
201938
342309
130103
383565
333958
263172
468430
500191
221777
105948
196026
500001
157830
270410
201882
540891
307800
249115
611588
608489
482355
212723
648168
494714
627839
466942
159239
326299
441690
494882
393403
115436
190167
130970
572139
421765
623389
151801
391262
97673
233977
662715
44084
8256
158996
141820
109811
96004
517345
460113
523546
453618
94928
109292
559936
403286
262839
487463
542144
414877
343310
653814
306938
305722
588015
650181
256579
16075
466070
267251
254237
461062
637682
42862
399413
126211
659765
401875
51723
418492
393784
457320
403978
261069
11213
489905
456702
14493
436616
286574
215734
140658
272626
183980
406943
112415
452463
650824
141187
673084
79575
134441
471757
524308
525650
379344
580471
610170
485111
110421
527313
672689
613714
143878
513353
394748
604190
320998
664327
398064
194368
231989
472341
130582
365038
317481
258801
383971
634876
514018
444865
400490
5263
2735
372680
386420
469216
521316
571231
330368
122955
624368
510970
370140
153114
333816
395883
664210
530407
459141
62488
353961
546209
607791
538493
203649
467262
3537
255313
411096
578725
21745
73276
329716
211264
261685
410710
577270
135791
497479
51334
649042
270399
450175
510162
355216
154438
573164
655643
16359
538938
151740
562162
334583
350202
104328
407390
317087
188440
37715
51818
286244
290897
12009
47306
264105
77970
389608
285003
97546
247207
200045
376597
261791
403627
141217
654608
608996
592446
643677
447046
542932
115775
603803
404019
593573
8726
497864
311659
249335
295453
403678
519277
192686
232723
113959
175010
519761
440962
236621
603229
457590
682129
658265
232541
665646
638029
492189
221880
119231
330152
281961
244930
489994
403633
234061
389191
434052
675731
523190
182918
133172
80579
440758
636422
676372
191877
514169
450299
471358
51185
370903
243832
338223
292699
342387
163344
204939
163406
146421
548197
301133
403149
557311
157706
148481
524498
224376
544427
449651
331864
33115
669196
567357
304035
328296
556934
550011
512165
610097
662473
440543
199104
660394
175461
79753
358574
116969
519620
69010
129472
478689
591767
295342
647705
31705
526763
633942
177728
630539
548492
546153
29467
205385
477245
283939
561716
544214
117521
379077
663461
24897
253330
280427
530962
576473
24031
453500
521689
587546
384235
126166
87587
483588
209461
236608
603289
260952
92196
145856
191844
429187
299852
40462
485761
355193
541992
306258
314225
265099
408866
320025
11285
35409
5659
622014
83097
198163
571099
141128
462123
180478
418067
423550
215675
84738
522507
86737
637334
479874
108353
597427
96709
37159
539307
611890
542874
100652
174013
125295
223976
599732
93283
163642
263651
249723
42704
498535
553615
357115
249874
123062
126069
595835
152316
170304
461723
440449
594158
226220
425250
301498
203498
364673
592472
182015
464192
413393
272132
438350
241935
365298
273004
85431
252817
551211
521847
649743
606577
537613
202090
419294
183480
450725
230982
550616
469293
424549
497824
91086
577827
464702
80642
423867
506447
503461
367025
287203
95680
462654
365605
445808
575196
384560
648045
405185
325740
6913
254442
245843
603756
470706
61267
105486
628269
665874
540141
447254
460818
369806
336128
120293
482241
88505
303047
488735
157872
264590
290731
222160
282853
338989
557111
176148
605240
33219
445355
625522
283350
146536
239698
32502
459771
96406
574981
116358
681635
519334
340834
379473
665469
40391
228278
573089
414962
227524
506511
98091
356532
467428
454771
452616
313284
551654
38193
549373
249161
522132
619490
255058
328826
431127
232061
480235
576853
618191
366736
498819
4942
352435
194717
507140
18022
50870
414264
16210
493574
372299
551132
424296
657652
189877
598553
632376
5961
128075
665082
533614
108374
380180
188744
237864
248310
244921
413274
356740
576290
219962
61792
578621
159777
573423
493295
70101
277709
19421
291716
6413
384889
592987
101832
131420
256820
185227
302484
339430
246507
282220
10107
299150
290600
307568
568511
220414
110645
588341
548050
408380
637573
169334
655425
124074
486310
131640
298988
232342
51301
430725
340147
612033
542195
282728
158582
565693
612808
470301
612881
513076
140701
529791
540567
134340
44011
649829
156210
345648
159902
378768
274086
48444
97109
430293
69776
193535
473056
470406
401443
294130
353478
8601
446629
434578
610542
254897
570076
162036
474671
574549
610253
162549
460402
294560
253613
434468
629632
460038
161901
533444
604184
301169
253114
208435
222855
625964
627948
533414
180183
364589
463059
27212
325765
591944
564540
590891
492921
632807
224011
131431
368127
293355
8679
566244
519774
1230
128346
162181
580231
390887
10007
393626
358147
106283
90898
324466
522518
45289
77475
462656
664348
89256
335721
42170
18135
212673
495803
500238
292691
418646
308899
116598
132819
481850
184484
561117
435454
139237
346606
279646
136818
78841
675101
319362
67781
285509
481676
84505
158294
388381
37563
208873
664755
435235
601359
417779
524879
374267
667120
473467
240711
40705
150588
17764
308371
254734
430394
102878
24052
233706
82929
654724
253781
600966
271424
273856
146549
70412
682331
333369
16583
176649
579325
207006
430084
123127
182462
400459
13570
634909
259531
427289
584805
393465
305916
670905
504591
498604
171150
514968
522265
19316
83837
135735
1492
640967
361508
561939
39944
379093
494241
329976
395588
75872
502625
59451
620192
542825
223139
242627
319565
610746
328395
130612
321585
630476
628840
374497
679566
591237
310871
93550
117541
19095
550647
359664
607189
197690
350193
217764
487719
384533
401327
316501
38458
540981
577080
145652
51823
153728
198113
400974
664645
327523
121982
321332
668987
170260
131142
221488
667204
468297
341108
325542
96117
40737
486126
44221
240292
586116
427769
67548
464160
543195
31858
351807
592048
329797
305851
215419
526402
2012
175643
529427
59932
557234
170781
113794
676063
87526
131573
534889
557102
583317
46903
252640
325295
158235
78382
189799
89062
256940
500342
40408
145047
643449
422547
291908
516760
475679
563242
55067
175689
284890
591636
524375
603276
593268
78894
453874
591151
640745
85320
42903
261460
640166
36311
273066
296690
140441
566735
219865
528605
233499
270803
439697
181123
265467
224201
257689
6392
466321
131573
550331
178716
228661
495564
113659
366480
579129
162839
15059
678551
187952
328943
646003
632566
40676
485270
110654
476860
52970
457311
105996
390101
289623
657603
6594
623478
257458
93782
376769
338008
190423
616442
623127
587212
636159
243630
443760
257916
369513
283826
167591
548551
254399
246927
129002
416781
484253
464186
438160
90342
145516
272698
627381
645708
80599
134157
319415
607027
495612
255579
89169
508670
485353
637131
426723
648316
422496
298577
369807
444599
282700
437446
157810
171759
672952
182583
57302
449628
326087
398195
436968
81284
279890
317813
532174
303298
566810
413232
165169
681334
471898
658859
470402
641902
352950
201843
295591
151506
421755
283584
85530
155416
518084
226092
315865
49396
568468
566825
99600
228927
124159
634067
129077
152511
189828
65468
657705
395360
359794
102150
582328
330781
118260
408764
142182
36149
51104
469608
645319
479956
193393
229824
197608
438209
112779
194952
20841
348818
682292
655750
62394
678348
122309
521969
26213
274176
13048
405084
291558
393801
368993
87950
80828
533340
156124
487958
630117
635377
202180
30056
509181
152506
5461
152601
75179
565433
318365
83766
523075
482107
517588
556282
629479
215865
93544
517504
122415
505321
312302
111075
54148
334049
331701
289111
507814
26826
329490
451920
67661
232307
409286
46067
578175
196248
289548
194463
525260
515369
257286
340809
495949
589285
483819
43672
352696
602398
194086
38325
636600
17092
666484
542782
350559
32688
482378
270778
244327
566587
463847
387023
190733
669263
432039
394433
437739
620394
252437
10791
81921
324233
468319
2888
311743
450491
596520
424124
180169
148621
477896
284645
348777
132250
537275
440307
275691
517483
368610
381146
449514
74597
605474
167628
379446
322770
149668
219534
56785
409660
402798
291509
455767
75412
443427
494799
537253
31776
122300
518065
253628
169426
378558
202304
257124
347293
584032
580352
369497
588866
491607
157673
530682
256217
232690
542415
291184
219578
332339
5392
325500
338061
53839
280170
338722
659365
50252
199811
95248
589544
491982
658105
380355
393108
270868
568687
343170
621447
90949
139984
143670
168362
136472
427
226703
620780
516709
462158
298795
402102
647582
597158
312139
250190
75478
42141
566869
374823
237576
456359
333197
551577
214433
528896
300874
364532
320970
123977
536651
204226
659493
597946
662366
160833
611409
128414
243445
396440
119321
101542
522946
352211
314497
13425
671617
351948
479856
543988
284017
134746
379885
516564
31051
612394
156059
203086
364766
5065
220433
149140
140944
185429
175804
234505
310587
654037
574788
232326
315249
271036
361089
142278
253259
163252
306158
70931
601332
72025
549035
110149
19253
206190
28146
464032
677486
292883
178568
673344
70088
454943
636043
456470
321901
87434
535018
225457
580554
39919
274592
260916
444318
118981
642790
75360
368609
234748
628585
608285
275350
612126
151959
427616
212776
334128
477014
130440
315884
266244
110988
508538
476745
651908
467265
562290
183016
120905
441617
507985
428649
165387
623709
604750
137696
490882
2880
156234
589533
247302
82387
255122
256252
345749
580430
110974
631051
117708
134791
653453
329475
133708
277751
211930
125580
34118
188819
454978
459052
636686
86591
641745
9943
159809
633638
143931
235926
514021
455663
145925
238153
604582
54566
355718
406898
516033
207527
336674
99531
305430
403980
244503
158894
649882
463840
304092
567809
195784
194208
14827
524853
68490
278836
626453
252215
632877
30912
473071
558338
526250
498309
587579
523182
458152
278334
175813
530253
497375
130799
230508
476466
72242
222752
56513
55768
238905
257872
133791
232822
295035
25051
438068
64697
464800
211241
630529
325118
203465
20783
43273
173474
21699
353578
273943
25305
6939
65520
331142
647641
335778
340009
425099
549161
571249
325060
190322
282066
436743
105692
301835
654491
468730
51241
661180
444436
54240
14409
115859
577992
460358
33164
619050
654969
181433
123567
592032
667743
244492
18441
219876
252384
545872
54101
307371
370272
585087
672284
633846
352616
306239
143955
468141
83499
580228
657276
276534
45490
338645
12762
623881
277212
159268
642658
351528
604850
610872
331947
546783
326195
166084
261124
250955
508370
680460
313249
550609
551896
475899
82873
362650
102787
472422
535288
88931
380205
392727
543531
471232
297202
218890
626962
42273
585324
615095
386644
197072
250242
631792
482172
216223
572131
467822
65357
47209
548372
284663
679367
671018
137854
86332
344313
597936
14
453353
565128
224772
547811
548027
486168
643628
201685
101950
177269
508493
60417
488123
658028
222175
295230
218436
390675
571952
296753
61885
376950
437037
31459
368399
311718
631182
454455
600206
581138
682036
638882
666372
428563
681746
56485
11504
593367
355720
424171
49006
95149
620403
99990
344754
365471
242917
392982
389603
631314
119918
301485
136183
228755
198468
95414
412251
334814
547659
290727
495284
168584
37446
148161
593495
292949
510648
260125
389657
596925
414382
617484
148803
90477
139707
609777
401944
520673
238713
449634
146793
200442
387157
85593
673240
617973
203346
85118
11939
435618
356488
384
457185
478185
638037
116720
410682
271623
677251
112730
357546
575518
623314
581743
615474
457272
358234
317993
190157
637101
667712
620243
291493
667624
174159
659324
125894
531013
572637
194433
480881
72224
638693
569955
549056
44215
208074
676812
191639
276692
337512
127234
212924
16652
590522
374261
108810
110603
90093
634851
105909
595853
32190
127164
364738
606485
454289
259764
429268
87703
246970
30241
183684
678009
55902
358914
113919
292778
511549
437799
275633
96710
149405
570487
298973
32656
211423
165614
424418
423794
317517
474470
521298
133256
93425
231957
644223
42833
645657
252728
547401
356613
31660
625409
591189
158699
171370
8473
505090
566250
522799
489107
136985
490091
437576
397901
425059
290161
272710
258328
449606
381420
266104
456236
28232
129108
678364
193095
488270
368833
119899
11340
216894
45958
124890
336213
183895
137399
537207
113889
485082
627134
555577
163663
433199
541654
555799
661332
618348
421128
263258
107655
583960
503364
458478
632217
478885
229362
660703
215201
537249
508271
647761
253282
472383
58309
328275
9624
155503
318798
507774
107747
554125
453146
415198
411211
155525
403359
177284
201809
227037
278924
123724
667473
157713
459796
469111
434401
634218
28688
182462
198708
589343
514533
600575
596694
603617
514112
566563
567899
381639
514465
154189
366188
423048
372239
374511
470512
206141
61509
351934
289684
87435
404739
102139
657708
553671
204599
659940
154161
636154
121155
105320
88051
425790
574763
422422
97997
126642
443412
430884
388709
68998
12076
234367
61933
86571
252091
546430
165423
631674
519445
55812
396750
98108
516284
441964
636614
3315
531326
151537
302082
211094
213556
75372
634927
527997
428493
476477
302642
242448
244491
162577
632341
503872
353881
29939
150440
81399
75806
542582
325667
471877
179743
657028
457076
451980
302090
59235
368358
505760
506381
308098
606294
169936
651634
13363
414990
395318
518218
599265
667946
270178
557490
400720
443597
224998
76995
278460
566016
48945
600455
32029
143572
149814
561438
2905
13735
571980
673777
6177
113969
254580
279959
390844
378360
112881
638084
175861
541186
281284
144102
8497
338906
257716
103107
461509
619283
360298
109049
629194
556181
143105
652156
110019
290895
554391
290148
564975
275362
672422
161404
472521
101231
12693
39314
328376
131592
669402
233025
479058
200043
239038
117732
576580
645677
657383
114891
372685
14474
143094
579991
298053
344898
23289
497318
432561
179777
269798
427890
105155
60002
516016
477545
588995
253655
621476
638494
369391
264910
6420
244552
247264
182410
30219
302164
230953
238440
178073
106714
250413
562534
389335
431294
597682
466184
36402
101409
210900
72354
660060
299261
634055
178731
443221
227407
508467
241290
294512
541201
488588
85402
128814
167104
237424
335681
102150
589584
58009
570345
54368
553958
333108
274990
637412
522513
34004
537189
348320
132708
213846
372004
9004
290814
67650
641533
197606
260725
7051
542258
285494
63628
287791
330564
155695
179682
627537
161392
588799
409275
594365
229111
673102
508921
239995
502197
310566
439153
64576
296996
80798
225717
240010
230785
622329
645043
353974
529019
44338
295875
474623
587539
268499
572715
671806
512326
128326
209728
214771
197045
252492
600811
16732
291226
613968
327739
379583
178741
132049
115366
147908
572850
322405
674921
410158
479309
300313
37333
424051
96289
277043
338834
520584
510869
557817
269298
100496
401346
649370
251498
372159
315642
230728
208448
315841
510476
59677
648435
136316
513900
114678
596751
235234
501264
11600
386331
120721
507963
624130
298647
102982
391963
524920
257602
540653
611878
55126
474147
236793
670204
258273
26684
257127
642181
98516
11815
1937
387890
90884
257261
593823
110179
556961
469582
507075
350432
86642
456827
176009
578862
630776
237372
610498
658058
194507
408983
27716
185059
338692
46465
282136
379797
641621
52394
100504
262259
552137
176660
83414
158764
272879
276385
440980
429493
456835
261720
101553
131879
165710
38976
62501
489136
642004
469431
277516
379717
482720
642648
145544
153330
374774
303419
369794
547747
150193
442996
82247
257701
50016
564895
606526
153818
572906
644552
636048
618204
571770
446685
644904
380535
531188
610406
212369
604643
498108
619998
124985
363451
411778
21963
619473
620138
402958
531294
444736
606215
240152
375261
413884
70854
642249
5371
271533
219151
267578
276316
184331
484363
594036
294241
233923
506010
3148
457072
635027
137862
259066
577590
368551
209537
247779
565667
148076
294926
567829
655183
478706
443553
593597
15039
449225
571665
157184
415606
636524
414652
514197
12954
439957
114864
338623
13254
644323
505564
266178
15612
303608
412888
280102
623824
452637
355617
78826
141375
425001
452535
595151
34170
617417
340000
497543
369384
617650
658785
134250
139948
521242
340180
386420
613506
501064
342071
361536
369584
582299
607032
626634
385493
411445
451114
403316
603665
136127
197974
393674
445842
123432
327224
177795
332116
190982
340149
532510
537908
50066
260706
389634
46461
127351
598597
317255
518293
14728
225846
437975
624537
83576
534549
197669
134192
334290
4257
461285
274571
501710
144500
474337
628771
356100
668873
320242
140687
650613
600021
132233
442050
578286
108231
190327
549880
623760
78484
405947
625213
109280
255316
345980
537512
68007
354498
66977
86140
366362
488482
307914
235981
310257
77774
1671
445992
191620
594260
198694
656104
533082
593513
23140
228894
429122
308773
498348
504857
567559
455318
157741
192999
522421
236199
551694
22043
387178
2693
188989
430153
3364
334442
461363
477732
470083
116672
241649
587497
540760
622429
282618
149642
11726
243884
652006
615978
96794
626338
620393
621032
352132
634787
101943
565284
303531
401908
530055
27910
544068
473434
534250
255261
613601
189841
271983
476153
502613
216500
513199
397354
540491
336060
284291
492906
208858
682676
521008
130122
1484
398204
419195
19168
522815
513770
355481
460777
15270
34740
227870
433339
613828
20028
399499
549136
610165
64715
206481
399197
442635
538511
319974
103426
154371
505230
674687
417788
414179
528345
400467
256567
356407
644035
282359
443797
648867
41868
151708
344572
526582
69746
596049
80555
122761
161858
4977
370144
472830
381072
48456
613750
347091
654211
543261
555115
184720
638992
216637
482644
532897
3147
335991
212905
631637
673687
436119
545226
502623
338650
62533
143807
74481
468809
472924
657635
210693
537145
613162
219615
29389
108507
276144
185251
232316
553173
183006
72388
677518
537129
680821
268137
622985
445283
521252
272508
157870
65753
487517
258117
57065
301874
305832
509676
423256
395994
147849
403826
88602
493472
643312
442318
258729
164380
232035
529740
676357
529526
378705
186288
337357
653592
620228
466361
47259
601848
429993
84865
537204
473041
105768
660674
238513
412620
213233
596550
680884
410274
597815
650747
507856
142140
241896
163041
148521
587662
181743
85293
185593
600037
167417
444335
105673
302218
226536
169571
531805
242547
631100
497385
435613
413372
316971
555811
333751
491664
69493
209705
461897
41027
384669
99608
368128
376179
408985
599707
220129
224680
469910
132178
39921
630375
269218
656040
237800
209633
204774
356028
511985
186115
2894
225454
124423
166161
381828
678343
157339
418252
37059
97292
495912
87931
96651
456158
19574
614999
678454
313303
130632
641602
154225
451801
342954
681590
459993
68876
151606
230582
198791
382934
207649
470981
551540
237368
597577
605596
599156
282267
371019
264046
243764
568624
186924
544938
657071
436193
91769
18370
275889
230776
167634
557938
582398
222170
126635
124117
595503
97768
506694
375060
162496
100998
337053
504329
6409
528739
269954
190110
441232
473661
104046
589252
387851
503211
429530
639699
299023
406107
10127
624276
532328
335593
34004
238576
391398
299351
390718
461924
532349
268304
420978
255167
206427
372868
436656
29473
83765
430733
72460
205114
307845
317071
284670
199009
295830
42581
603593
622948
92282
63114
486627
129183
556252
666439
676137
452032
359818
15417
661977
524891
2316
274758
445885
283859
408242
150084
622636
350963
557634
540777
523511
334714
553151
414445
591143
552124
488661
525868
496832
172312
249281
591221
508135
177634
17409
652416
673878
601193
580063
333976
648145
12067
649560
242558
344676
580152
80990
346371
277593
332515
491614
455725
492757
411344
29235
145027
5769
346512
487990
230853
545008
388324
509354
332079
98111
147998
372976
407686
563917
281334
505880
236250
376063
666863
434606
525316
143005
85032
37650
222267
563857
312062
476382
644575
332913
405478
429134
372505
431956
312243
152857
162164
582732
529372
282335
162890
113947
65255
88621
314442
606679
245699
371730
128859
553505
252369
677652
404657
605604
44656
107593
459070
319585
288728
40563
211871
485668
187767
635071
445328
501509
95064
293794
267989
677268
644929
663254
284232
541202
598707
675277
96995
506764
393662
51753
433556
571959
152214
526996
290494
410752
540065
179405
144049
578764
65661
283491
636563
210245
397759
37553
323113
215081
309878
651956
210759
456675
62095
532951
184851
44826
122971
235338
186695
457363
201810
161401
597458
346836
348325
436383
92014
128180
178217
506234
234592
183945
47574
440458
404713
652491
304424
295048
193871
370680
505599
624235
287601
524809
27273
404953
478444
168183
249563
65578
86430
31501
490130
155191
494830
218811
236263
498808
129185
270310
390159
353069
568548
568780
189131
66290
102502
44891
24816
667829
314341
113702
156321
102297
65568
189781
115395
559251
60004
527435
339143
350586
506027
112461
215980
92557
553820
359106
412164
417499
105686
97781
335830
598930
553838
328441
207747
271996
162417
191632
373659
450422
37834
656698
157118
143078
364365
128076
345546
90801
456550
8360
607972
530388
369917
9468
185304
525954
505425
288031
38053
150218
505985
130217
360240
361509
422828
51577
179150
461656
247954
92151
669138
276688
151671
36179
237865
606095
149321
668060
117467
371945
608077
638576
357209
472170
68240
241245
446009
639878
527626
390239
586544
466894
136675
487577
17358
157784
289880
10313
284591
361379
303742
488483
660885
75450
289784
599518
370910
549883
52423
404536
527883
364825
602127
679333
397749
257625
220332
62086
284144
613061
469020
105835
255079
408946
304863
247158
386012
501731
105291
645124
531286
16631
478432
584668
557871
393866
78692
562460
527710
284718
181364
71283
3598
28019
13689
366123
496299
140039
98632
451470
118082
639996
165878
201084
212142
502790
619088
125668
190332
600130
414357
210235
3708
95723
216538
596391
269323
534929
149060
307804
427008
365810
625253
422728
613192
461820
634363
90738
132211
640428
553562
537536
548780
28608
335590
338457
188519
30870
430388
505555
402571
139926
587410
347530
18671
312147
124515
588076
481602
218084
93592
493996
265250
430643
6053
378865
38098
113884
407739
493049
577762
556889
666994
160577
230965
598480
375120
476764
360344
206156
77303
228629
505613
308952
226420
275680
541628
462802
58588
417699
43395
483474
497565
466882
67014
18854
321173
171943
48528
449282
261086
478402
248792
253999
402749
466186
190234
417684
163540
663462
15941
461186
539649
424286
529732
515707
613367
488093
173530
667845
28027
46298
173832
255236
436847
326431
652611
569353
460722
281716
624361
551113
564074
40597
371964
680019
79682
672683
151818
123795
505313
635218
621187
455930
670701
188755
521087
376771
87028
526735
681192
102967
559702
57258
343114
342782
22856
138099
10956
10083
436673
618412
610328
603989
619891
61880
223224
357527
658474
654143
625785
410037
3364
38995
369490
59529
135961
349404
143093
81018
547307
362625
369481
373486
186973
459879
491117
595606
91237
634400
603493
618743
670337
160329
22566
282102
490392
661814
337319
100753
445387
565806
208760
302716
173319
529193
193505
294354
73748
421463
77375
337782
440234
169431
387926
228043
646017
329915
276494
461781
526966
484888
339568
537104
579767
532268
478369
226601
72170
234676
294855
615416
635408
72617
641115
401851
589800
118336
444700
539654
535996
449289
397460
489351
503405
325177
157118
610595
69894
652426
470647
352286
359799
539348
678489
289986
594348
126025
176102
155089
481180
210977
267481
470487
333730
5807
69251
656421
186160
619344
352064
199036
319708
239191
473980
298103
492353
45102
346684
76688
464772
672370
535519
329475
173536
172765
451686
101921
103382
435823
323073
587169
574264
317435
408124
36203
266538
352782
673726
380918
102432
535592
627577
565644
372533
329472
628813
276524
326051
280835
614857
303153
672155
132746
497574
228324
105427
519168
54553
668295
417554
646546
480634
281195
640022
7526
328052
83286
434689
403562
350841
254800
554968
388725
267151
612519
201751
376667
163876
128195
669096
294012
462665
54673
387326
532212
239340
473505
466305
547804
402120
380238
317478
382941
229914
274511
170423
599271
613304
444647
253620
139948
322612
443079
662259
433873
326154
618261
519837
188519
97819
252503
392744
288985
39381
76869
63530
116
315269
552995
99590
436940
273544
331267
603358
367180
133366
636606
448011
157162
168139
199722
411637
144709
363645
542169
663164
88116
16558
443867
216460
183902
393263
303948
519978
31707
471643
628508
130832
375353
385679
172884
486230
628161
495575
342150
215417
383275
486820
40577
252022
345669
25837
568126
12449
198806
668682
400818
219253
69646
194979
361456
532718
414593
438399
642902
628321
163904
52331
111028
611721
654984
185757
445660
653291
535900
338639
3598
451609
597690
414651
244801
278916
147521
428519
106976
560200
231033
207851
279923
395446
512955
137177
312392
140768
317280
183218
259074
94639
338313
100883
377683
582970
3834
336267
537056
49344
491197
638817
43919
359825
62171
186381
665214
521176
389913
528110
499234
620444
440007
561897
602815
589187
431611
218659
615534
130132
135885
251640
391018
2947
579396
390469
415380
389673
472090
266177
405856
451534
572169
325404
247922
680547
550032
87993
415945
529933
24809
451126
221618
52672
348866
182775
410416
606697
413127
13825
629322
392513
204727
28385
438073
546427
604364
201223
529767
268577
589669
636437
505167
177024
141566
553192
425563
605583
375751
314278
278080
494281
407097
144602
558563
126820
199370
258526
447461
133070
55135
257135
528445
115953
652253
35739
76005
427477
305438
312140
27806
313745
126574
321498
380314
523456
537314
2388
105105
168197
99400
468451
249764
194335
580916
83428
37143
323686
428083
641274
682123
342754
541553
285543
398482
127274
388213
10931
175264
17891
382007
454611
405559
327842
409311
473567
423748
560014
9147
527159
633783
30141
293135
133230
484973
446985
165445
92976
5672
387278
73528
98169
136637
610552
68692
561622
184184
628220
425456
207529
17719
277555
335229
190438
332914
457443
515906
209078
481197
461593
403265
601019
76404
577772
384891
12855
153198
343775
484924
670292
478499
304610
324107
477983
623248
97370
554613
453957
633674
421952
92634
216121
569530
13492
229905
42011
631008
223503
165293
411654
505722
316292
30280
227925
15893
252460
34659
492117
431127
109463
276669
676878
331363
250772
84696
535293
653254
419157
52493
144626
231997
14670
649657
30614
101314
405491
85325
198058
354436
138196
87697
286205
80253
12246
202613
443843
298286
530997
646767
349250
458736
280541
39021
213706
245048
203459
677043
519752
282238
522990
353345
139595
263583
329753
423105
461172
303718
321892
303773
660611
147246
496277
15496
566058
128148
391689
294220
143886
507335
267879
556265
458188
530405
442866
611002
292217
214806
340775
367538
206448
273687
509605
405383
617254
129797
60110
55658
563561
426447
648501
534827
512508
106417
242396
538973
22267
426901
201112
406220
364040
612274
350349
566892
681799
679929
679845
452361
23164
680698
667419
413170
178111
529920
622268
254351
185371
651003
581671
513454
663881
679517
479560
437041
173180
473055
410368
301294
629329
417899
577147
537280
371458
391435
456168
147490
556724
241167
536123
73879
74808
131724
398894
255134
27920
156882
359935
274486
462885
587455
408179
494354
187894
524271
209730
153737
20554
613910
112898
193063
277964
35044
169134
411436
424146
415948
93798
137751
610255
661539
158014
411313
382335
242265
165272
100096
196434
293450
519809
510809
63272
439232
285523
378958
94296
539155
246172
606237
289635
431934
461905
511107
678332
317976
349251
301378
232006
515210
408889
659608
15499
203380
212137
492711
445264
285903
515505
188150
222661
638903
261052
524596
194879
367671
442971
139748
303752
336331
248982
328608
432990
564356
510959
53416
441566
529047
9899
204199
547344
102171
427127
609736
225179
123590
25913
289860
294246
627058
255016
176225
340494
82123
490296
647689
110273
103239
48340
45083
473822
577136
94329
122058
639837
452223
277984
248298
18605
39505
580365
2315
85597
416979
678653
270803
503556
487371
622893
113148
550830
116553
166023
360010
239174
9181
292244
509968
65393
338464
79870
154618
222855
141333
167233
262888
65526
448147
168570
186746
111337
441733
442558
198924
168139
161118
442445
187752
265872
344191
108856
44436
141430
667939
469037
324312
682197
274423
394463
471368
554472
256256
213197
544154
604085
215244
578347
437518
534993
582612
497995
499626
261506
270603
115145
602962
156665
472135
521660
679469
56299
80465
423392
291136
597258
506545
254877
668808
30755
161116
538966
66586
429452
529779
162142
526577
591121
590446
418997
351525
420356
471685
388371
126378
283112
390946
201063
84412
546237
125059
669309
341771
391214
577332
570851
534225
372244
679126
361185
67521
507385
632113
539179
266414
360742
129532
379134
533914
51698
359732
440471
276471
81199
465235
582722
629449
251631
108797
513570
58699
487032
467009
523713
177930
553570
409687
267208
100740
484721
574725
494299
41418
396407
315096
674193
604599
48243
362754
325442
526824
91204
595705
70546
338733
494520
633909
157677
341170
558156
404516
527995
366738
70087
560216
431372
5004
322677
306242
81402
275170
291809
78536
604689
189422
670389
415159
567455
469945
602664
301721
436139
680908
581012
512180
239818
71494
381938
155170
535293
302418
157459
338575
217984
445780
606154
430362
379939
514918
550093
372894
204316
347614
14429
245212
246509
43967
530801
659038
35428
110807
322636
414367
426286
646897
43922
544027
634163
49421
495013
575732
650406
201753
375044
382995
158196
566520
396965
19618
213103
284490
456370
387208
598967
590037
549603
387553
461370
216825
22807
614944
7235
161962
219972
559412
71048
165139
352887
462996
146820
11316
430081
137557
625656
183136
276075
624828
228135
181986
16356
246811
104942
390808
257278
412201
53340
317211
320201
133200
360638
629159
27093
42998
33078
574220
46480
459017
59777
566793
59946
153369
617104
52123
101729
640962
175397
632388
429898
354801
659886
122753
551346
446492
45509
288842
128044
240401
472016
541059
192456
183273
177546
197743
574664
370035
158902
669945
589763
492002
423218
317396
62787
624968
440022
569054
149119
30203
109047
258056
27571
97737
472762
346538
143010
267876
361177
324374
606501
47739
615307
77256
232053
14052
211924
316590
241853
464890
451476
67863
104548
395240
490162
57840
660120
52829
412793
440405
545734
99120
379681
394183
170902
304593
426963
308516
656799
524293
384109
231571
171299
169413
583878
506653
565688
87933
136219
118243
220830
392061
566310
13357
678054
259887
137302
496523
391498
564106
408884
276852
129090
488957
28798
532330
385300
578710
257026
168548
666897
107093
598333
604690
279874
73429
313535
544022
305470
496026
428161
378652
445781
510836
418031
595815
129205
363584
477206
463977
652658
477542
677798
624135
115716
108318
284349
193740
34916
123963
75857
299696
329263
68809
387701
8982
424402
537682
484240
662544
659951
181003
564355
233324
106916
479730
565702
87017
42316
614853
476037
87116
637883
43752
197622
172
270931
66423
418118
316077
393036
232478
275810
334758
70947
527742
225560
383530
30941
232666
64270
86363
587219
661772
172140
204836
235372
37539
107657
362859
515842
80386
675332
371804
521149
177241
510908
138051
265396
140303
657027
277175
568284
473721
619088
652848
472486
15204
343683
589700
16499
19039
252269
116604
78322
9261
363566
182066
212766
253601
505100
97648
351296
412142
330911
527086
598492
380987
43924
130283
308185
677858
679509
412288
292502
196252
666461
440964
477878
465344
142214
40630
39415
38616
633587
197328
284138
249277
411497
333264
242773
239114
427426
453363
169236
637141
56156
545525
202596
387461
238615
103363
359520
654425
337669
537625
556078
305109
325075
31760
657161
624486
191800
15958
437539
473500
309348
377675
608091
675359
431855
299675
244841
296821
9102
631541
635247
175448
626549
130021
622192
181434
527275
500112
654074
365737
27366
262388
452516
325152
644657
648623
373415
561681
458601
58649
279028
495813
427834
85601
565044
293432
375263
464553
181918
630642
175062
370910
322704
330532
142912
130811
226940
528
588418
527956
262835
132152
483939
661755
168219
591510
91287
360480
317210
311758
352566
291137
307199
440855
578376
73048
398551
244406
87130
473904
193405
367279
66277
519331
299462
485463
359376
267884
326467
282772
661334
677945
101700
25969
160730
616410
56708
392647
171164
189281
393405
290350
221393
1329
33221
554171
187436
2397
407889
395391
563153
547492
494590
620368
46947
403214
524453
21969
193297
476951
440466
586221
309606
97496
531914
166074
476910
316083
473934
56675
201595
105033
283182
586171
539843
89938
205152
111327
523550
97387
414540
499967
500837
448857
581457
564458
312446
54171
323398
392979
564552
548018
150928
352682
233570
142821
123072
669605
652266
345635
474921
129255
214106
440759
675625
517127
542132
379975
148245
580748
227783
468413
486893
267524
518240
375260
680328
377894
585064
597931
528290
490253
310973
240728
489400
658756
418765
505132
257262
431030
355672
611841
525191
409131
269291
339317
309405
458392
170405
596481
187033
181129
405109
540419
269284
557279
449150
665586
239228
318485
586003
505553
189876
620894
49898
656882
273971
307034
429591
256112
101565
576771
190177
106462
89172
428887
147444
386590
560936
133251
553407
402571
320337
496023
558936
406575
443075
78506
26938
633150
560332
570577
208014
574182
239661
204179
428884
358535
637236
534243
270330
234319
675286
440789
465272
20802
550160
243434
162188
100556
103590
76114
59556
132233
191538
547553
567087
235228
249064
405592
161287
275259
39051
648598
586558
349928
13779
261078
257197
500235
428164
432604
587876
158067
48279
423941
70085
81414
373232
353788
662346
36365
297082
357436
635179
96265
476730
340685
445814
361975
315516
637117
627971
638630
673981
167771
111583
382166
146942
455086
589936
547297
191851
616911
299989
82817
29274
71305
225720
494685
461459
357855
670969
9243
167079
55974
96272
463540
399766
97295
134515
429385
204860
372675
313952
391988
291336
578060
18391
482221
121860
249430
403018
13192
172975
592874
577643
42709
502229
679249
206939
222827
399557
216339
85025
484786
450424
237243
244341
444951
242927
270911
528043
136888
92878
197387
294522
361702
470792
621461
284161
620749
363719
249427
201287
23066
418200
67485
648536
315443
94561
513957
564639
319377
158601
98347
514206
327793
547664
668845
473835
168604
196114
202857
299978
610726
319556
14064
396757
447932
649161
343217
114569
304206
587988
139693
333621
603777
398307
114656
269984
501275
49230
645736
272878
329140
19308
278283
114429
308781
549081
489649
195937
53081
515515
301128
367109
576438
619752
474967
440021
574041
451931
47704
456225
42435
279717
554546
51667
440028
88484
434692
593070
466059
611409
604737
419317
197401
608168
14220
20661
552937
348567
557176
244852
241506
10402
539822
247441
329578
388125
656316
167196
24112
115851
648577
52898
216154
88438
541141
660289
57088
562838
625098
133511
284124
421406
221967
271850
240666
205829
584543
612999
401479
259903
644471
533397
365607
228464
258203
557382
447662
671110
527094
253721
60176
490667
313183
677055
27341
236880
283488
175205
322671
373437
196286
221659
23065
404927
446265
27829
383217
214321
54362
179418
433226
162476
153653
445260
220222
664416
426210
357954
262998
94593
469343
439803
236436
613723
462085
212701
216812
619612
460319
315000
205266
349856
659132
566355
324075
181852
452919
607525
669792
639374
289494
676760
265576
370702
78270
100749
512580
274076
532908
586882
72501
429905
63801
380336
39175
499876
573405
65297
123566
602848
31414
94967
330343
138893
285860
575108
496808
416310
651546
247071
661168
375890
75950
562321
566990
85084
121188
336687
176583
212834
365023
461556
656939
144984
618075
457640
585192
345691
379002
602033
480307
612041
519848
215322
334474
515662
655466
34379
98720
657168
5240
287233
567330
296317
605042
375349
459663
192811
586248
474648
30479
364425
312993
23273
335322
7196
400555
197328
35519
96840
285049
493921
582262
625981
377899
279464
659826
479183
173097
184000
282831
84393
525846
597236
330645
188363
582637
654400
436944
672131
56061
459787
45868
129072
375205
54302
568582
343807
264140
470902
354134
548867
568810
405109
477025
600420
172383
295964
555221
591345
260590
214831
104202
267950
4212
494790
569789
633833
282520
334181
39468
243961
163264
499371
676671
590893
195462
464503
226132
51278
595043
16816
422425
106240
27401
366389
624148
611201
151184
47064
207732
10117
407447
585979
272477
256189
319536
558181
477380
4981
328263
663271
86115
325129
268949
385263
416328
44771
558418
621247
63087
84605
526322
602114
166401
498380
627189
668974
16481
111818
600968
681030
632585
297476
159298
570486
41792
374134
648549
402210
323126
78609
283156
539936
182089
112147
632809
353087
489591
599699
149025
649055
318377
274787
488397
562913
78700
481281
189446
347271
433311
72446
41332
500171
409032
349591
282719
132056
318702
162999
110219
470593
469793
443150
284792
305613
215041
603009
469022
342929
257117
479640
243579
318639
603695
291350
429261
128635
222377
669586
537112
591768
553039
484008
497453
652366
371265
618559
314163
591617
549650
610645
331809
478861
260811
592976
78654
163105
108098
665038
324489
86458
576356
151254
369161
614757
621349
593093
662086
594549
82594
615381
249755
525184
395380
158400
204014
466302
127447
198685
380022
560920
373655
386698
121266
666150
36464
649342
531955
38034
336347
616987
646566
606215
33411
425733
6071
144500
115747
345216
505425
343812
93875
194278
618379
571967
140954
160974
30602
568830
462383
234411
517713
250344
250020
198548
632404
87096
391064
125353
654807
563914
302856
382818
318572
521958
158892
62508
309284
147789
311734
633513
570532
403237
9116
442576
308662
614346
421766
325002
66558
399646
552348
355924
258987
6402
442011
121218
470682
331569
254618
630143
265662
472667
666510
333791
577547
129305
74922
225695
524020
510107
216548
140035
529133
637612
637424
526806
222160
570536
456578
504059
56361
459127
464074
182171
83574
423285
619403
290545
279880
655932
224686
484454
389244
63667
32075
429443
143508
90448
156096
267699
103944
598612
354918
256600
331486
378432
530798
594010
645814
80038
666361
235612
12734
6819
661252
452102
608163
45697
83322
117493
453719
355582
656552
404358
468026
200636
406591
296094
176159
534015
309059
31372
651452
185006
175569
656990
153124
24232
552773
510368
639922
73992
130897
194576
285667
129248
126389
137962
312864
175750
269590
118940
506341
322900
409797
390908
168925
270956
544766
100783
448125
425982
619447
482737
101987
403683
329447
316057
365723
567877
254864
278297
652372
5398
97180
29452
265577
654120
25892
653287
171533
559671
296769
138270
542594
395962
500121
28571
44196
398271
361603
566612
663620
141502
511586
516167
81404
67870
247764
113085
467800
627804
414918
5247
680013
641691
408760
68597
452090
580057
187830
481753
608422
550286
242024
556177
25221
421551
555629
399018
478806
311626
240075
97049
407536
279690
18268
192211
632854
274445
5005
323458
662904
96843
213696
566638
397417
60577
575004
233201
369477
134993
310571
507504
402353
185287
672164
381305
291506
5197
471502
451253
541444
665790
344506
150206
64764
479452
514350
517748
5982
237012
281942
609838
135919
261508
49370
18816
635704
115275
404413
513379
11313
430300
146868
399251
598437
204802
70764
235789
365616
51370
328941
167286
43779
448758
67959
160519
51862
419370
408883
436598
251029
21596
530629
501774
680522
299815
107784
128508
168281
145776
263241
186531
450067
608297
315972
500863
478358
335911
195077
189896
61417
114580
333003
432120
479565
643463
164249
569278
289241
133123
430709
389617
52686
101476
639973
130134
147007
327113
227793
314528
334475
191207
559397
518424
55677
288175
537099
332517
53948
393203
311788
149192
75488
612516
74982
624724
193203
53251
467999
338212
54292
4773
254103
289515
437730
240868
22940
346216
87041
292720
374102
402478
155172
108323
72001
417978
500838
140563
341589
223845
489180
640018
356969
455020
478162
118291
87749
279527
580003
432406
202475
111926
171950
162891
94964
433401
300187
125360
563346
149392
299476
133185
671155
76992
286146
559353
604131
489415
42729
271662
585713
534664
9568
400223
401208
500236
59582
259259
122456
140324
13512
477032
301460
105810
17418
388270
529504
134414
626993
218163
127904
233140
61574
33248
381308
366120
489386
407945
23530
87873
644386
498681
338667
242981
4490
93952
482010
260252
16159
307607
57356
48992
111581
499304
358994
637952
294036
489921
28373
235887
497827
106217
7540
452426
554113
125626
171217
163996
172238
488464
353512
83346
463482
21414
437079
411764
50888
124391
669977
444473
214645
604260
670503
86026
169267
58897
222653
289724
199118
579173
448058
403861
236337
401900
287573
57567
223022
221431
671584
596347
292325
373163
391059
155279
670736
65144
523941
549773
513462
248941
331453
625034
209998
124081
642201
659047
307240
294462
555056
657118
608743
225476
161776
309114
314355
589049
67846
325123
348591
343051
130498
364256
23696
314177
470030
215694
390693
257303
621638
165828
532703
602044
90052
461985
467256
251521
506722
524995
626940
41380
45696
442926
577861
593106
400265
80743
27312
136800
86246
218189
640551
195176
199134
22060
424321
403257
433729
417724
282877
579721
200800
211765
488462
127445
561083
648015
509479
393297
549863
547608
667964
583978
162125
346428
17527
490602
261842
248797
407332
340080
679703
738
523722
643716
10782
645896
537997
109523
569308
283415
669778
539545
138768
551844
276652
305747
5212
331438
672307
365620
603129
78401
84333
459208
662383
145743
170471
260339
251640
102374
184537
375566
215693
9283
50889
487205
21936
661813
216119
482983
22193
252392
558378
202730
577410
615018
319197
310835
37769
15500
445963
81361
567019
362472
245991
5019
243432
84540
423192
307303
493233
483661
59989
110783
128954
398466
431267
495542
602443
129709
509445
536697
311702
672459
530173
607746
595665
670122
145512
106061
464242
524970
132638
602416
556986
412397
580586
412581
364915
209786
232656
607705
380412
620592
571644
296985
127979
290211
656484
638228
531134
117994
252464
256063
351418
194046
27031
165168
24412
396304
603296
387120
373915
553949
197322
221503
594124
50510
496570
314521
423647
318284
164489
112886
377525
79749
570913
373448
261652
196667
8474
539059
573469
447213
580811
262253
59754
36204
50126
289754
178966
382698
287198
142876
227556
493379
547902
279511
245965
383323
150806
615511
453315
165614
77873
233131
465111
327881
91791
287471
352034
505194
140235
619453
92145
402235
626889
85982
507626
466284
126560
476707
539948
107840
505841
513839
285146
599742
653744
425698
350102
2605
106195
581841
15978
405977
33321
648591
557894
286668
158143
58715
29299
106275
43303
287742
261450
539960
192690
103172
295101
588745
314336
142836
265235
451145
19403
177051
525372
70853
285215
358664
330735
488843
432423
680691
441681
9761
623364
607691
93477
589523
134324
51216
163301
425133
2093
70048
257645
145595
322905
382865
378691
654756
490118
606723
86458
206716
162555
11672
218619
292299
516310
51064
429922
130480
225159
343618
655993
529476
96679
78406
610236
577890
405488
604042
349751
246423
18251
9967
457274
527436
370000
646622
45149
644635
298420
614544
516389
682776
617592
123519
409160
629675
191428
431610
72679
242819
402976
171210
329713
236726
195081
279044
553480
611063
560341
130724
354624
514016
406300
537227
319879
675928
27472
523891
673538
135290
67435
154131
530779
293495
54617
558845
619612
606368
463951
166376
507478
19313
523807
3020
24804
195988
28970
97520
293091
552670
289486
264608
421664
308168
248982
325153
333472
341946
476294
568261
475839
213822
272540
297706
357343
668331
384721
269738
133537
132670
442530
75085
310868
501475
137370
459898
525042
527317
192924
125614
171796
258857
444001
653601
7082
387392
211821
361025
83933
578313
648784
623681
69447
208581
485299
667882
25728
42440
510482
224958
129895
360499
528903
214685
359765
166049
190709
555454
409740
352677
664967
158988
312073
599899
159229
543567
448135
183306
485060
188631
260133
144016
530142
554359
301026
378075
151733
622630
446465
531853
451434
588785
401833
328203
527534
399346
490510
292497
680249
501217
649818
496280
370418
518000
178273
515026
202711
648728
532725
143766
353743
402716
387659
455909
274657
488999
658646
633339
648785
228119
26344
418497
401056
533248
630599
445456
634804
581277
103167
22229
28381
676846
212014
152438
303802
69822
531681
678921
348836
661708
447739
318946
174521
671570
602941
8433
161967
94588
382779
279421
582232
22080
667158
19486
95866
463566
104618
262662
108581
491595
79668
405087
457645
206539
48579
479127
142851
176975
94441
119395
643825
530509
355532
578799
413198
673912
324786
370545
523091
402488
301111
499619
97590
445904
670840
219327
487682
353539
644179
530666
284068
296801
319733
32578
13508
411686
533024
332642
515828
378344
381227
393319
10662
32813
542286
681647
403333
60565
357529
43243
619389
43807
160797
517372
307790
16563
403949
409391
634234
26449
218108
637076
269051
183812
179063
646230
208047
7029
481386
307173
422737
313041
516755
165051
643461
524191
89041
366903
3198
550849
76336
443823
60263
558716
359579
313935
160443
38293
18674
65033
330990
667347
495861
474330
452245
141211
58903
137250
322473
642944
643741
355682
17077
632693
437385
292126
579589
219851
189724
127729
249719
16690
514038
155018
676235
414234
269411
354636
320289
7834
322019
382551
347078
468978
227172
460471
147593
637733
233834
117439
232387
339088
374779
391600
249631
265918
511655
105237
61227
111249
73187
519419
164526
127861
429228
314467
172759
517776
462989
59740
70026
520242
150138
387375
526118
529099
382301
300443
248813
208173
331891
602956
369097
550061
103172
72078
76821
348424
288768
412367
207077
284733
73638
429234
172779
256324
554926
278569
174568
519992
20893
333487
235930
521584
295025
409885
260158
504985
40382
257888
576303
423977
570934
160542
349963
628448
276429
384720
47861
644113
659531
128510
400827
3777
291760
171090
369018
202487
561650
139953
243916
553200
441296
392841
16277
168697
51152
466677
306946
9887
184528
227348
110406
338000
313496
645114
156590
24109
83281
633949
2773
141977
529893
520822
643208
312771
567505
521000
113981
411411
438347
640603
519323
447659
346492
512607
422144
577202
28475
267744
85691
262064
678602
38651
375484
17048
286170
415534
250284
344812
347202
643175
107309
219497
100014
659298
267941
148945
545493
211015
264448
74039
110585
350807
37951
187408
536453
520759
247109
514274
50550
468278
349087
605627
558588
609100
467582
527470
508727
6472
144197
589029
142624
639069
398708
211362
527459
352738
366573
551443
530522
199234
679882
650430
176571
651796
145532
219909
277382
528547
601789
46691
495229
40197
529470
94094
589391
6208
583633
19149
193871
532259
392612
20469
69009
149852
628937
119658
553622
319564
125840
190953
511125
534206
644702
230637
644682
488076
162397
460441
168882
618898
6431
633181
612150
511
169271
110224
575509
50492
393203
513579
267140
646053
2925
428762
564092
319289
257039
419970
509623
91556
153271
112362
158587
226560
256958
174631
344479
227073
396720
61083
565496
343682
471077
260668
368887
654696
150749
139674
568846
255825
593774
629187
139181
206077
37381
60064
315872
673939
6627
501284
374627
50834
415482
288730
204460
27266
16299
275026
360246
312179
38073
15336
25874
483504
25680
586465
629677
415690
647558
262499
335839
352125
202068
308250
296328
598271
97272
203829
277706
234368
426206
624776
651311
304805
452239
624383
359031
561289
299750
463157
265708
94345
252022
667930
565281
275538
426156
216176
600636
492271
252913
160774
386722
195407
356782
310944
670518
98730
62464
501848
481537
190653
384848
601163
308297
558754
172358
486853
372186
297974
39588
84028
66886
37588
539971
245221
270301
139861
369462
640585
77299
597824
386428
481994
512107
197875
291843
7760
94363
128536
448791
26316
468175
326304
537079
65316
82414
554599
46716
504692
142250
30420
163101
244167
148946
358830
489745
318152
86555
469065
115742
496410
289195
19692
246305
199640
267361
152562
55512
223149
451836
288306
556032
28653
391499
330824
395245
226711
43426
485720
570583
533833
386378
346572
437983
368641
471183
547331
667002
438645
129361
174079
553967
290972
370352
434537
308377
170250
464619
78984
326237
435532
576415
410339
359289
152424
348313
91773
478730
121522
397706
247722
209788
596411
412595
81968
276004
652459
611679
160060
499649
358026
372791
459301
191911
158779
261673
484675
478234
668767
69324
140051
652527
560338
641257
453444
272950
272545
78958
449602
371945
567327
12121
612667
581202
318062
552705
70504
488476
71901
457813
222471
157671
22360
360327
263173
682280
482416
601302
514369
505752
587346
511270
257442
201601
284881
500244
20992
292579
597166
231336
232075
28795
682061
602569
170344
130598
140107
168535
83583
343625
52360
503917
406861
599281
675086
664418
516335
472924
414302
492072
240260
561202
536101
349784
333263
332436
458955
614156
383003
407288
674388
337701
133628
117251
661618
422008
70271
208631
59141
295922
473140
610998
343324
334036
337266
103292
156369
301069
462264
608963
679372
56804
580177
527386
182945
41139
171271
545787
484771
298910
183564
346931
35926
463938
406944
192684
422134
331642
9405
53672
94283
235026
8318
70519
455501
20129
552227
117154
627310
108477
502945
345534
553935
43422
478718
60727
270848
286340
243375
455121
415242
413631
199865
52197
140207
672920
217480
168218
672577
171698
603515
319618
283020
235346
551882
17811
258421
74526
332664
560447
611580
510725
418199
474956
287556
7692
448243
678994
339817
458679
586588
310361
12258
613276
360279
388830
572704
355385
615606
236907
463561
34307
173490
322232
42727
508648
289023
397513
196979
585633
170489
164008
493440
380802
346178
69923
647108
638147
511857
272529
267794
640912
430522
480585
337813
496236
434632
279170
472053
576154
445182
274943
67738
443326
535842
499959
607522
286571
323789
396371
153739
143272
619818
17738
60012
61675
247301
540648
407133
2007
250830
651980
264495
408912
603338
438641
243837
328523
459136
22585
577261
544655
540227
453372
477280
60458
306121
439016
366558
286003
122323
213758
385691
58104
252519
352843
121189
199652
168554
86325
42455
616783
96444
102456
131328
144808
295019
99690
154514
169313
425366
534963
227002
296536
392670
386212
672821
477056
437878
355987
283983
649621
259655
426514
110329
310697
212138
658183
144499
15982
55821
80341
253723
255250
3712
290825
216449
276515
129248
597906
12574
529664
412619
497954
126883
94013
357442
12044
161991
576271
444028
126860
13497
447419
368707
285901
446023
641738
225268
503295
582866
291781
159859
524465
132260
247493
636814
678926
675019
155423
428187
98678
175092
100690
300301
838
479134
76573
640375
309686
577053
259688
680797
342507
389911
472552
296355
119456
45431
607044
31467
617772
525462
491713
191837
240283
388421
598260
497140
378753
307166
349301
37533
476122
245760
666717
512991
252926
150389
140972
492417
651755
434419
438425
661055
260345
442370
259788
19300
610138
585000
673014
97178
271689
656538
133440
292219
633702
101429
62530
445532
511657
397131
342381
464914
106807
314758
448416
347088
92725
222593
514242
567422
571675
531784
133605
187017
229122
568604
508313
513616
163623
207284
31535
226762
545077
215169
223431
294384
397610
590948
318829
319184
643201
223486
646481
48759
616552
114148
287228
537915
124119
193790
443677
471353
88301
289742
36728
205895
383949
425269
53117
217178
559335
659762
419659
295953
631216
16303
236148
58519
616758
275790
202947
436512
74510
249610
648433
40790
610839
209067
22353
164391
529571
646346
555206
329268
176519
128533
263333
459737
181696
345853
599922
9616
380276
190388
225484
475700
486871
406559
387138
115212
489862
260720
494173
109512
661914
254486
637964
484863
229400
204208
195005
666836
654657
231931
642368
524994
20441
175395
99883
574646
482876
281934
211293
463214
665748
581117
336106
254132
59226
209789
585295
274339
400520
105359
14474
460106
123738
509194
631824
193715
272642
271926
654861
619225
298137
339332
195735
94800
504287
468515
475308
336047
667436
144887
532017
3168
506736
115447
30297
359576
447148
505596
34529
513230
128835
16990
321818
370702
153907
441195
131295
564296
327150
289929
579577
412724
582663
391107
416845
164423
329723
122243
404600
668981
646206
294634
110502
36625
192925
205486
648635
422005
671808
600181
139917
174759
112153
179945
492381
676537
658695
606183
303136
341040
112196
167048
594013
637270
151396
651429
455503
237414
509241
52007
575811
162879
468531
351638
172807
676204
230004
661271
212069
465897
625168
113042
605486
96082
590645
477612
442906
391172
450184
629594
682615
590345
102729
475891
243020
432553
422252
680156
339450
31162
557725
113449
522342
671903
25249
49743
486738
477314
525415
60841
561036
263155
257064
415911
156295
460594
444056
260232
58586
187124
575104
4357
427190
479686
312079
426263
105271
430740
215150
611275
256612
590135
36355
572405
472250
591760
297364
588940
109027
162849
24951
256702
51790
336689
239412
417172
356733
434057
94101
163314
224955
63635
69081
542441
301807
563023
160100
114620
499451
202204
472918
523073
45285
616843
492784
158610
11225
10008
623414
46387
564484
372125
184162
618789
204429
644332
150252
484504
592899
578720
225817
34985
223849
346378
145298
598850
246926
464993
48158
472246
554010
57622
325805
620425
513881
608992
91739
142587
211174
295265
393193
491402
586446
252066
236289
329610
147227
162169
476225
463754
597935
84546
669243
503062
676904
368601
9873
617035
472831
564539
550404
626488
478063
336691
646978
292940
395940
529818
256711
488558
247014
66870
38451
344140
565183
378897
645031
469449
607100
76490
523573
512127
116004
490290
81310
185601
185207
368901
418271
669075
237098
329398
320952
141572
99873
211761
400071
345779
144531
211877
512919
57615
568523
215758
626829
275044
415800
205612
153555
337590
73873
137294
444512
182734
463354
322612
278852
6724
247149
78243
70463
516562
538550
406898
45000
247475
216210
444478
665307
404055
525524
491924
308836
281496
261734
681068
424797
116203
422373
507079
603485
560147
4574
245094
89136
7565
426535
515259
264244
30885
657979
112087
491592
305075
332938
271933
217132
228918
602481
647297
223697
457472
70714
453506
391964
473863
308110
655337
598242
260102
622798
445891
61459
350390
29433
580477
112423
112577
625331
126332
423421
199286
527904
404084
434683
566896
345568
463643
585045
99360
630329
355129
632112
435943
660280
586142
196711
143317
125041
136799
674452
623568
345447
632826
562004
337136
172694
335683
74797
627259
125642
268405
537503
557513
250142
281956
631367
329116
323421
601201
60616
413380
198641
482771
65250
295979
666104
460080
361629
326941
339889
493158
168909
49212
500596
157211
371037
392214
320402
400693
325665
212960
651320
37848
49669
426865
129344
226362
376671
226622
432607
323035
232940
101256
29169
306310
365114
478537
392210
337633
645822
504150
437998
598614
562791
259259
88663
489927
14604
202353
669399
151601
50130
112694
93957
23983
526672
423155
441881
377779
239155
226545
533348
569995
78741
294272
96060
39435
630314
405383
499033
306954
452851
455967
291520
353811
391109
321139
138014
418004
359988
231848
202454
506263
649772
668027
639279
276825
584357
578542
298519
270536
283195
300230
195730
358944
94971
223084
195005
24869
608597
142301
650905
329082
160325
646674
265748
592267
559034
37056
130106
32375
429962
18481
480688
514325
122766
216936
129228
368091
287092
3156
253905
100713
307151
325997
41115
343062
501267
471630
408891
97318
344062
58432
113740
291881
40631
556109
113368
558944
465302
155177
297941
607128
34809
423454
239634
423939
442064
240463
403051
330618
530575
224025
32415
460223
682423
559092
251580
349641
304688
481421
185181
136578
476475
505715
365231
18219
532982
438073
403288
476628
613444
482581
117336
428536
572152
223827
672715
354272
576532
73801
571200
107056
218431
626782
439307
110992
245677
12075
476087
551399
273016
362143
221992
213539
522203
416257
538563
587499
596693
376751
528766
540309
64011
476954
328426
251876
676323
463122
365024
265244
261531
538063
170172
73300
631857
107472
581595
485868
176154
355801
101862
168487
423845
510322
126986
43268
59818
464147
201489
465750
376043
356070
341148
248753
216584
167448
132802
468913
675641
14448
38621
145849
301961
495308
484877
125966
327192
536146
347474
614758
247460
159699
323224
659285
459788
280960
108589
302632
147297
236740
159852
28283
644932
291850
241394
429983
82180
48473
179894
4358
77160
358083
617628
481390
187288
175558
322804
81121
9329
560193
367492
6076
623724
556560
513145
397003
229639
365083
114187
185406
203655
302688
127899
570465
192010
532029
75048
118653
671974
154059
254976
209451
52583
632494
666022
518694
52977
611394
336399
151529
584835
318597
449243
583179
367470
88723
204495
163131
104522
540957
616154
252242
506496
187395
190248
509122
317265
470836
322265
297675
440587
192656
621992
434240
633605
185405
465792
541484
467062
240570
96746
1522
29248
678664
608935
605419
244076
353619
676699
181825
238094
42793
676979
536430
632649
605293
159527
323594
566090
598682
369704
99918
160589
614795
1190
322135
232628
547984
415181
282821
207027
629681
623352
59065
190538
538642
205551
103776
163719
299843
36580
286319
135755
445208
217910
394805
242762
295022
487470
393531
505103
204265
396572
474153
381483
530330
253290
243640
641435
326372
379060
472478
315176
391560
491651
678774
306452
84446
644215
354064
407592
289003
610128
514023
142153
67982
179289
152226
204742
222709
519251
651714
12892
308056
350610
350650
166638
335191
102639
328255
215047
140178
571684
54419
676855
388767
134315
411892
603154
23833
362017
466945
579917
52102
337798
555073
135390
373093
641856
451312
162449
181659
21165
7910
521818
598211
242871
258300
424296
214686
252418
369787
445640
344794
280506
86834
656552
642415
325898
304245
205760
404932
500842
487034
194951
510825
273008
13316
413184
15910
229848
122891
77886
569314
655902
492961
362954
307521
510620
655381
642624
627160
416926
499461
181812
140206
408148
620208
263476
655454
564484
315757
427794
629956
198405
568703
251158
128277
678540
72883
538581
430557
170604
335958
623452
591163
320246
51872
408263
225801
52882
226205
38877
534094
267379
454988
629644
287645
104738
646271
645787
343567
132032
13513
534406
163607
144801
624788
618722
76153
477573
81442
325369
300818
262674
5743
278391
287414
127156
570738
520699
197631
110785
589592
200089
615542
597229
549115
373948
600773
545449
122053
134523
394879
161219
637861
572388
203001
354883
394007
431022
460805
223457
489418
575492
277733
592189
422359
350557
541399
332215
139218
19712
678687
172169
349159
672866
609794
20083
88133
140095
225480
664828
626069
212134
140037
574567
144933
646442
310887
337632
645601
368296
592335
566227
40430
367302
276639
158983
603336
130103
569247
489807
225482
222794
656724
416496
244213
533878
682111
588549
444448
543556
282368
163484
622366
423425
484688
173693
41856
57634
623925
303194
149023
224731
332557
73348
607525
12695
205769
439859
56858
500541
372905
619358
241950
374525
487301
129530
477080
317389
169949
377039
457734
495905
212738
214974
627402
452940
84903
354862
37450
44244
63927
124357
400164
657766
123619
112395
644390
541625
462968
507916
264001
292764
169303
508301
163441
23170
525190
9616
197689
554291
477089
96459
5717
638410
672679
115655
154779
39979
424950
398000
94679
478656
430691
426472
626099
593381
162584
338657
457458
211455
113222
627245
28055
474175
397268
576614
39584
334517
489765
665018
68256
89000
208741
393688
438193
20362
245096
387585
580290
573928
461757
665212
646777
350171
508600
214541
680473
294014
185624
531765
609116
587987
169290
143412
182869
156238
629965
33277
459528
176845
307502
657921
503128
241491
632103
337288
488667
521554
503570
476670
607721
346201
380729
254084
621911
352740
336688
654420
135312
520287
87720
176255
254025
432280
59739
413301
316272
507225
318510
405503
203741
363119
273332
641416
235570
59344
288266
386227
377433
570740
28796
90362
169624
438566
455902
414607
293874
92774
439820
372950
633067
375865
613789
326396
404347
3993
80218
538909
180825
422413
606779
308747
78860
213083
154108
392857
438812
630887
629374
598085
537356
154642
106184
216451
53531
417261
113168
428158
672534
231981
186655
116557
583490
317433
516602
401841
636259
24620
126880
118821
649948
409243
477670
159052
137055
649034
524970
226515
594023
63944
32380
357895
173354
459299
148005
289233
657671
521494
585994
158520
56829
164685
53089
668903
232789
453559
656149
672985
15845
70284
198792
446097
249408
43660
173777
221324
267735
474876
213194
620489
243359
22606
378279
246131
591548
639446
413525
139946
133119
261033
322301
137206
413046
235696
536865
227820
351876
313736
554999
186435
474444
366635
506582
572289
78524
433232
418485
372484
179287
580780
519137
286128
164370
465719
81088
174002
619050
157093
17292
219081
342322
190804
279006
373196
674717
663304
258381
339567
628043
318389
291675
475698
345939
337699
415507
41008
620499
680382
529381
546468
46846
56588
100245
302905
631444
328709
674322
444562
538920
2203
46745
160283
442171
397031
37806
374432
128801
289600
69089
192771
679939
476308
476907
122092
630790
130726
581562
668656
570596
443759
493713
58300
325099
243358
294731
499031
370964
158136
168060
57135
397975
51081
180251
374740
205577
163719
503586
134731
43105
237700
410195
193533
217749
220103
156094
659432
392996
212732
643019
603107
319158
580716
313145
422159
477864
109806
165774
57761
41819
211564
58554
420863
92338
357951
248185
558614
205003
265924
478984
172239
441390
168832
535147
18726
109312
35651
111364
455932
324721
56163
600787
300567
356800
413837
157925
675044
79357
60969
646018
11591
546995
28364
105628
369003
336667
456859
483476
548794
590751
76907
77497
231584
50175
355919
289062
649662
633123
641419
536015
67632
334984
248226
371778
472959
40976
311597
462901
244844
345055
519469
673217
30699
504369
173028
190257
552386
22805
364610
98248
580231
530785
79987
633725
267269
462614
88717
580355
386601
254305
14004
280405
652522
438001
310406
604441
134755
127983
293077
256066
232864
374161
490787
8930
470034
106774
173015
115969
418202
381348
597985
649369
615458
56451
578051
413727
413706
193976
373940
516427
122272
63202
214514
265239
212972
481375
604586
177445
477295
502344
156693
525636
418098
10934
271740
460233
416211
109580
277059
350669
472533
247820
165542
430581
226557
127690
614590
143801
600668
644793
583612
311314
116077
197946
25127
634145
59118
522167
555616
404631
210127
302860
276726
526723
476630
9752
460019
562421
129622
251174
431694
174591
560853
232759
427829
500883
26877
155195
523706
522170
580807
575278
582576
37199
469817
78383
219067
549081
70771
563605
209942
333046
529015
413596
53680
488676
23874
79704
666739
41662
117071
158600
289819
494264
306708
66434
230099
258009
13418
661293
143746
109336
398984
501502
419684
10989
164510
420055
526389
490984
164141
465346
104473
258038
24045
37927
205205
458797
12435
344329
48112
204191
56562
353271
360144
119264
486668
257439
220656
320987
444738
363263
534915
293506
130203
151453
555515
588518
388815
488491
541784
143894
21945
502866
341083
567219
33430
193555
166853
646347
641899
588232
359909
345131
665078
272326
365935
502813
489607
82615
642620
445375
340849
216061
162001
343832
529662
129330
641730
136233
94855
293108
344198
443759
380471
661962
504720
614522
197252
244481
390248
486191
627226
46516
12035
677299
640035
184987
626899
148436
536535
567903
349477
418936
42016
254697
501968
617853
420648
292195
38222
644751
634392
245079
489396
390827
202156
217156
282575
78887
501831
145986
490586
81513
425021
641768
536788
623199
477880
312193
309263
454058
143145
447360
351401
568017
396182
629548
200294
335440
502935
173606
569686
663400
166602
388702
72182
324930
7252
678800
589379
446836
125743
470317
558780
622646
544216
223323
369663
25397
336965
23378
562559
671229
653144
172167
326486
626979
395985
679849
560003
399597
13866
146350
554892
30912
362996
512205
436533
525337
615051
573386
428481
636885
429598
586593
569043
24580
305415
669413
127311
459492
399257
58391
318858
633956
287550
567460
538025
352887
29867
665072
81794
258290
168201
590169
480092
240676
163792
415403
618085
222106
633983
350170
453744
668674
673051
648984
592328
582395
156591
570897
645047
552106
492207
163282
304404
489498
15428
332300
382157
95342
260787
114657
432354
216799
378338
422045
464791
263099
227771
56059
129381
213597
141329
221831
241319
260720
560629
260893
270895
223170
571309
247098
574070
105831
305499
59279
330128
23503
255309
13632
478731
399430
672713
450496
338757
653316
313843
431056
531767
232627
174251
410929
10502
496316
477946
217204
342153
281206
575750
63904
403231
23553
603159
197629
282170
573373
397325
260617
474286
552056
377758
108754
196928
152769
243264
572606
186346
115721
540421
453784
527569
540368
650776
369151
302250
420935
65004
605501
467541
306978
358973
636702
345845
165002
484410
378481
115627
313673
55422
615989
303595
28031
623013
356576
483900
139018
74760
266689
182427
276971
145931
292461
520581
378746
71919
668323
667475
467586
492175
507224
300407
566220
60139
602772
140724
226991
101170
325360
460868
109212
268440
357301
589298
587281
215435
194471
402733
238647
181248
578984
452308
639349
3345
359782
535672
661413
582992
195574
444178
532388
356489
680395
381108
667423
288861
548639
364292
406690
594366
234079
578592
228971
297752
357044
611666
414531
622913
368648
71653
600572
389869
314610
576028
164162
623109
184935
561171
39881
69894
185799
457353
322437
161736
91559
196194
38074
248049
13989
165882
538471
276894
309492
44305
75868
357678
204251
368908
281309
332429
122700
550068
96861
603050
591783
623986
529516
352942
635019
109695
155244
354388
368224
609066
436679
478218
259555
124880
598926
527529
428262
305587
635817
279041
175896
592882
305341
544992
345778
453504
672213
657936
233610
560715
299239
33891
492325
110674
620399
372559
278032
289295
58755
461449
342575
442710
678535
235482
442178
437320
89122
241418
297061
15122
529269
598776
322956
318157
221520
208795
511563
71008
209384
375361
140854
11612
45317
453996
551840
640667
321553
8249
112414
172832
40140
335507
471238
323277
121450
213469
484044
279458
425819
619035
415016
550799
106353
83039
462178
279550
382369
564649
26525
585208
340238
309941
31562
314777
276364
164305
586647
385491
590965
613977
412530
375999
157333
576602
593463
30317
12774
262346
552824
184467
550381
75607
177886
132663
2268
201027
93776
351974
373793
164274
48222
576595
531005
299299
69659
252771
69365
611847
346328
270588
664147
623537
311481
176783
5513
616695
151813
365268
510384
57684
411670
311038
402110
151604
2955
207256
544149
640809
134376
16498
110781
112979
302192
461759
125763
411225
33596
533030
113543
510304
90725
424479
13851
80347
548132
65817
96299
458006
653976
593730
515518
360011
558040
149561
607116
645074
269688
465964
499180
665303
507341
457328
29072
318497
522884
484404
442011
356410
264618
274807
283934
570104
219331
457091
267402
103631
130623
87699
670226
564939
547044
650953
359218
300179
6371
662658
167101
385398
310451
516371
639742
534209
64941
593458
285366
126308
5992
205840
144976
70705
404426
494538
72506
505352
333579
656398
500522
558444
579402
10992
615306
355225
238483
30483
86257
331015
582929
391379
500818
256735
416233
492821
196629
313356
317867
133419
619584
586862
149357
174708
94620
189625
204467
679432
210659
298194
97649
200564
36654
333314
118822
408437
141155
435413
641415
667354
365758
382739
92734
360239
547306
98691
86191
278495
180065
620883
348872
169898
39861
94906
528717
524220
176227
86447
369236
470827
3965
475808
23963
540323
182227
351218
514180
305316
432279
288536
287655
511291
651758
432667
158893
136246
225364
27375
203620
462843
571866
631672
251289
176599
335660
244390
106827
193959
53546
531021
584758
481398
22540
602641
587660
128017
546825
198293
109766
195015
63942
514897
450008
182362
461025
208004
412888
362213
521631
527755
234249
665396
56151
646102
255283
255992
268358
125484
283162
480396
563577
115175
144248
27581
505559
93914
571942
456638
208648
473424
593280
491536
672534
220929
642485
511053
303957
472018
30338
301592
606397
449761
537685
678031
2715
13137
629896
114532
618159
362705
319879
47659
636173
255541
603088
303640
600368
175907
595078
413253
424365
351723
239211
87844
646429
395180
255877
525822
600590
121329
325933
21657
67358
371756
156019
274046
331396
174752
69971
308136
73732
201312
593939
276640
123479
148708
96800
369551
55155
27733
271839
339568
9959
352319
600070
633119
430524
121332
442247
279714
498677
421013
154880
331464
251680
14987
94791
390292
550091
606923
68929
667540
552178
406923
225697
642262
565730
378638
254797
413696
628021
46128
399397
326201
40634
574211
128757
363279
83161
65338
584469
590793
42953
123270
674788
93022
607067
183431
503977
283208
151518
124767
312102
169587
165970
391112
514724
411994
289798
218745
300351
81038
2420
121432
299697
84211
77382
479915
208631
648672
62395
120871
206549
374601
444220
252019
468515
538931
462561
286741
122328
597399
674606
130765
638870
263858
436264
625657
523364
608351
180250
572442
8640
276807
525888
348614
449885
45927
175876
262676
43754
239866
667829
19739
71599
181840
264409
518760
258410
251915
466410
381022
459250
444472
20012
105991
581718
118842
475632
615727
364018
32515
669182
267225
93724
97539
507238
45621
418581
333095
33184
253207
242061
595672
156327
657037
85171
486755
378307
217969
316084
100453
525726
233167
438573
13041
678337
668377
156162
581941
436631
135334
181368
380933
83824
178119
645212
526346
343850
72513
517509
412939
192364
492837
574122
210271
58049
330769
373790
364013
571191
165383
616745
115250
633713
561128
502035
484460
439957
168964
800
626133
333258
380175
250952
448255
555410
234371
630199
278712
477739
294675
312895
208154
521902
245200
62373
532073
309680
632615
442679
91142
207164
581687
340674
325424
468683
2236
92776
196775
436672
473981
127221
634368
226409
564226
11896
572680
589958
590515
514255
579693
60590
228824
310978
237896
308352
354449
379883
328028
506017
297784
655966
165555
518158
655342
421172
556034
33691
283188
529354
381386
564893
74014
52627
449626
170538
174192
372783
633183
550887
475875
321093
575230
83671
620902
237322
405632
418277
599705
139169
119450
419170
545358
607514
191430
439301
649636
442857
625320
500628
248656
402896
303403
457340
194639
2656
121107
660812
178942
341588
675564
209689
36352
676272
607532
218616
67055
425642
213926
510768
136989
267748
365680
513533
48895
665319
74023
364263
161003
29398
457301
381609
72497
356318
243887
665851
423163
511920
71775
591442
135123
269343
538401
516705
335614
213080
513813
11004
441024
601583
540103
418588
50918
75315
583142
507839
322209
590191
310852
560094
42799
481105
106017
83310
99317
100010
227155
663110
572550
368427
504924
73766
673831
661837
635154
660711
329798
38711
204697
57941
386857
574824
427056
334118
108738
172462
448795
519352
409649
396918
223894
673946
363419
615152
217249
265656
209766
438133
451840
667570
588236
183388
319366
604969
100599
336850
311489
317643
644030
675991
342246
490935
406487
59485
492553
70175
126151
270585
103566
97086
657608
209046
67694
329310
135222
596071
242608
277582
564500
215411
679437
382207
235923
458625
168968
523781
482772
523130
657577
348696
329706
276880
149642
330411
90170
92146
76387
171666
332699
494047
209203
312808
82026
473618
452332
149327
319788
42318
519069
154141
490803
511504
99723
397841
263455
196269
99392
663552
548119
310649
14285
488079
124608
79631
407495
151698
342997
645449
48732
575859
599277
616816
206602
645852
96367
523840
362619
134818
142445
152175
653167
637225
65847
412987
105051
480591
296993
215062
60268
186949
457663
364743
601656
162050
441365
131599
49350
197578
590447
21304
472869
555230
392570
154359
433566
2684
112490
372801
626244
211850
606954
635488
62426
221833
113046
509669
67927
434277
298868
306636
540385
47544
677628
249383
434935
30256
173160
243853
584533
70876
323938
98835
70979
375384
96783
281288
475076
160672
625679
417526
398591
550260
262625
366257
13929
67551
446047
121745
35352
150138
166765
305241
613497
581545
78757
373983
519693
57412
482549
584575
324404
555115
246277
402653
133142
132901
127729
84959
34755
666374
115617
474214
342017
115879
462170
636398
120207
246013
544964
14831
406982
270398
580641
560356
136178
476901
450716
58885
367282
103952
403870
19059
371796
274681
410477
638482
412402
304563
537455
669261
563521
453892
574028
266327
486288
667359
78354
462314
668038
660261
576834
242762
530663
454520
509866
367926
668297
446077
64176
4160
133848
131315
450917
227686
249519
558885
571696
336155
211503
77414
668712
628674
61080
442829
238623
651601
569592
94411
79658
95675
148188
439625
676857
251300
17946
449694
228961
197296
107073
466320
291393
499813
474563
465035
532352
270542
565080
454939
56970
263882
265831
357534
350517
554462
150829
161866
668946
336839
376384
585982
566035
279956
661332
483994
606093
284473
6099
660730
334709
384086
376688
165901
536451
16003
116467
301976
144486
355029
471097
651644
340802
284332
184340
388772
600785
242445
344992
90205
469020
203169
95292
25972
145282
375133
186030
198210
660594
88357
334779
618322
472125
23891
136951
207236
471209
290445
414826
551540
615701
566409
663260
444246
548487
339212
3452
340803
101491
16403
249239
300700
146325
612751
294715
624903
180622
179480
484205
134387
190644
256582
603200
546628
482247
375472
24923
68391
435597
530331
119077
149331
568719
138167
434535
232043
256712
483970
274379
454649
671186
358902
280224
383094
228827
19332
594496
208987
30118
66646
289188
227028
278209
613842
619190
41198
512231
227027
136917
415643
369938
113684
652357
132813
37195
232877
671233
120591
129434
401891
516908
584046
463317
187875
540862
608433
526051
419258
75703
584560
178139
552977
375414
336442
142490
580883
400019
210635
646101
526667
377379
180907
571545
349956
213371
621745
588418
286640
681418
349113
527533
229070
180648
168545
127091
123302
501601
301544
504974
119009
467728
340819
