660445
223993
219924
373153
279895
263784
595347
663386
45058
329985
271515
397402
165171
675575
58928
345518
254753
246695
242604
316159
610525
94708
610225
34900
428735
19024
286404
271302
148988
48251
174483
650598
361381
603650
748433
329353
720335
554858
189677
56435
637929
398795
228340
713242
250482
109335
220957
723799
500617
470177
208475
214411
600495
38844
170205
330181
233701
118169
178991
657656
563377
599268
569974
276420
101573
633714
164209
451658
177065
108558
641833
100196
507990
389424
480057
724555
389613
222997
734804
506920
345349
31490
605946
524207
267314
612522
429782
403606
563348
317002
477216
491554
50380
331563
319690
512569
364778
698191
148776
386647
626540
167737
355681
745548
216757
443412
636295
247970
653915
577173
334986
465271
320292
480050
331094
504645
525167
250389
372694
347156
496007
542714
62915
514073
133650
399679
40799
412341
227219
539015
215271
305228
401007
169598
627137
269522
211125
730362
424591
258616
199262
256220
251169
149662
486369
350291
473677
204683
56183
245660
91063
344339
28574
438994
46364
547076
446378
90317
348730
252100
724813
435358
25763
271551
394127
311510
55867
271427
572044
762
572921
478601
161830
105070
169600
600492
561152
529215
35869
538117
310266
485455
250587
351230
247326
33386
429035
703190
124992
331698
207624
439245
174651
61697
481807
311132
672156
265453
73217
713200
263423
42234
439641
359666
223036
654669
280179
359990
346593
69840
519227
583119
375147
362033
189169
248871
600746
745451
546488
159846
506140
268619
560295
531073
292044
391145
590199
732824
407534
559199
486433
382530
398964
405437
273946
739536
524913
666314
416871
372831
156042
233981
264778
547944
328514
445566
189325
88717
96296
726655
92429
52053
654165
663001
686986
73286
459699
141948
361270
679810
370317
479948
295403
686977
671688
606061
534
431851
448780
483812
180927
748425
452058
326178
577875
598712
73361
489102
47245
704439
598104
57603
41633
415314
330004
5624
99755
640486
137736
402277
67747
441298
709750
119139
2384
597739
626991
228027
162827
313580
33671
177463
547659
522342
277758
68410
424432
399520
575556
534911
750136
105172
403116
358986
20496
241238
506923
533723
212693
186852
644276
284468
632580
694592
311261
391688
333615
737859
328301
651786
549154
625832
56661
85478
697621
458077
592664
745617
29760
214556
143936
79124
300320
671708
9492
693658
274633
362760
653773
154190
535971
350996
109243
254598
567105
215760
187634
596073
126178
505691
319236
34903
211486
698630
70335
561971
567575
639240
449899
679955
642410
122745
214649
230895
398976
650807
170017
604825
710629
532384
630907
493607
217500
210587
406021
31694
239379
214084
347775
655142
181702
22306
488736
94577
67282
292897
27166
272835
454379
365223
289248
86800
60731
142058
508504
27887
618266
604486
452994
97635
114590
205172
18700
651089
679831
443754
709945
656348
130360
67212
615692
471107
160235
558507
37476
690668
522239
260094
422020
77260
448355
521788
152342
13696
505692
118599
36567
558562
54641
732071
403697
683188
6040
556122
350788
625217
33641
299314
180941
700450
517947
17656
624528
749775
585872
683152
194450
162746
95381
508496
49955
88988
719147
671021
588316
713523
541612
145162
676460
466320
212562
689150
397787
12061
673146
729382
711122
444091
588285
233399
135335
36655
374882
616385
230903
221314
616752
236583
528212
507062
594239
278710
554047
638277
661067
699212
732357
465846
217885
589776
718451
408761
160978
547070
79186
421345
262843
630248
278494
384608
533975
421758
743943
612499
594722
282951
497284
249822
340151
660054
489565
438425
383028
13443
448788
227616
72522
581902
9983
329888
432975
494662
444195
484070
38653
558284
384113
450076
439137
564907
377271
313261
275008
112018
436104
205388
218181
297320
191668
632000
178579
215032
22423
246870
99325
185355
167513
307576
449265
422548
339128
133033
464177
540938
546372
649446
508870
500362
91018
656983
189052
623168
740224
732414
227356
224150
726473
566896
574315
509332
620729
264662
141215
726442
622050
262417
558543
662254
490938
434010
157204
291240
115372
466008
283951
35997
127701
742176
416377
427698
182572
618878
580229
505435
390972
20548
654073
623033
731718
526981
6384
119168
600628
108980
15210
636691
274939
575952
331788
393899
745873
37145
207763
63072
115524
514602
67085
383407
4949
451102
392609
706185
511693
355493
375785
477818
705817
624238
182671
199274
590566
86288
158248
497273
543482
283961
244784
148631
109759
92385
294078
576817
160915
282769
358847
552308
276678
670155
262700
703099
513787
419972
112115
261560
663556
102241
625989
701279
549925
490329
95732
149003
746233
535117
188042
612967
614344
664828
6030
354459
88145
601099
331491
627907
464769
286175
510750
472696
238009
224112
464574
89512
648058
272280
165259
170905
270494
615347
728562
477919
432766
279717
88194
457249
562462
478771
708249
698773
654468
392852
437817
395619
177914
236343
648971
323888
500931
119855
317211
85746
197122
507997
657972
538929
401024
524151
600517
117485
207458
273139
73308
326976
477420
308829
120684
631595
694085
177941
241021
652610
313631
553247
132606
483373
606511
358074
197779
286174
547109
42140
61534
565662
83561
666134
528266
472618
326099
482050
4133
105839
486410
213433
249650
113542
294010
422623
139612
281720
554729
224251
335145
672960
749117
301373
282932
674181
135281
90265
271644
50577
608958
506095
615279
556916
240108
601585
55473
381772
251339
199117
346194
315280
447509
312023
416707
285392
604449
35620
704734
731404
693280
81736
141938
157459
164778
438278
348698
208966
65744
611102
674466
519153
119110
530769
346693
666694
467909
10318
226338
93612
155438
630067
349781
555338
313631
389832
261765
520368
483669
698797
607520
175033
90434
542872
523722
160603
357438
273452
42175
728307
59605
46296
381392
666998
437668
740815
81667
631156
39322
595931
739851
160828
78144
447141
743564
722290
22388
201304
190944
56925
108419
69555
617431
58125
465818
357444
306731
369389
135433
345400
465508
264055
56421
430753
533989
550054
721300
205752
312983
378340
522113
655660
578250
570861
706913
67610
374643
377318
243955
470218
186066
243008
272512
121418
64022
576604
135393
600071
480673
23709
152688
145432
111749
240877
583525
645757
330423
429392
209932
622318
177181
400017
379156
274531
521663
724665
413657
139570
373374
80027
139645
29699
748000
323963
556317
531004
108347
15293
723199
446530
722349
260362
544700
70181
28966
390910
89003
415649
552622
1054
56681
94376
74202
528683
461867
94983
75934
297616
86410
19305
617727
648069
132145
371095
194422
672593
286527
86239
337870
509182
69736
114365
367456
59576
243366
59321
430970
375644
27617
351363
398065
99986
452885
44839
709446
341633
648637
73044
296658
361484
235689
387184
692893
358804
682625
284963
221095
554987
186016
97063
453163
126531
536202
444537
274187
253391
195350
39277
713719
148268
665243
276380
16423
139466
622008
239047
51708
705713
209511
352976
42559
478892
344640
468883
184912
119283
561584
43158
668890
130945
209151
672325
89439
518085
631688
608320
545126
678184
263060
351587
385788
241447
129422
220896
65232
569835
222895
736159
221829
387152
241358
58457
673050
14781
115093
603703
57731
541357
19618
684395
4510
616146
139795
565290
636272
119407
97018
310462
504629
257806
349123
55851
345897
505419
657271
607816
144087
724787
204804
366377
170357
578025
139851
535698
491429
621307
575625
107367
207869
316129
727175
399490
532450
179225
392692
334318
171895
100507
429417
318930
170190
325221
552595
388408
329643
605044
355546
326478
281915
406964
217772
317212
568699
610799
279009
194172
6078
17627
85474
219063
424107
12707
353902
7617
114941
445892
48662
338099
655144
325598
98934
320902
232652
700900
196806
313732
187788
137813
573356
394856
737628
537089
40707
32492
489722
192803
473885
729281
488632
496768
472003
535448
332619
249886
708953
533137
239974
680536
567719
448414
450858
483669
711850
469662
152892
489819
18897
517190
384160
139122
479064
707700
695713
220014
409347
330687
69087
391360
159661
741703
335595
567495
356624
413761
256087
726658
33155
22747
508531
387300
695916
636833
688066
206240
670017
564403
301921
748404
640149
282459
679316
674504
694093
157348
409289
676149
413409
629189
388746
289190
182164
696783
271667
311765
670373
275209
696866
6921
690956
569452
194350
569614
416770
398711
103565
430933
696418
630662
737099
568370
581292
245755
267249
372160
526532
246641
303614
296882
168770
79106
544213
547152
505386
664808
386299
16916
357615
195239
78901
251769
60440
724798
672022
499653
327594
526732
326891
167118
83556
460974
385729
316099
687696
81553
148588
222081
646825
157904
41040
706852
194937
126133
688852
199666
590592
117800
750525
355728
297093
5762
651106
748743
248438
21359
521755
655712
52728
154861
692689
389509
363440
196083
283705
421406
33673
665007
703396
238654
718763
406430
246216
15169
631682
716409
513215
478325
128938
222847
244178
146571
526894
139251
11101
18364
380909
478676
729068
173876
432694
690818
139258
94727
739614
746207
237261
203004
723153
443041
455697
549852
181642
501892
514081
55871
275886
42709
45380
198751
31674
712476
568957
133929
330366
218644
398702
248196
201005
556821
281395
360139
485178
117561
356086
111273
636371
422776
346599
316666
391682
224876
259891
467207
210350
336187
596405
215508
745009
142472
687557
278555
138663
498093
217178
134535
413498
78813
646048
312970
735011
222421
39900
487724
29145
559324
480197
403088
296179
550797
157322
202241
479718
11902
24633
248099
173920
53712
605441
314998
703945
230596
49813
51751
695451
14643
666935
396446
562843
463612
734059
47063
726168
20280
524253
51865
750441
309893
505797
743594
8068
472126
639153
245560
239352
510462
479042
196213
217498
113803
328590
628282
663327
500919
357044
237190
94257
743493
16161
625491
571982
104150
370113
666231
624281
222402
187577
750340
665944
340449
92451
130760
741379
614549
350373
669054
483030
219290
340855
439706
571000
723373
247004
260953
717938
76391
252781
710834
94131
344345
574994
153326
76394
179174
636247
24409
504755
643716
344753
200321
260004
88604
339127
373160
213342
30416
245603
408684
565779
37214
419589
49156
283991
578270
441184
348674
436381
312835
594484
160887
79797
69327
620471
318183
533632
27119
452997
215999
665832
407927
616749
44614
529043
442225
513604
307941
19247
190769
129408
721765
685583
366167
346117
120044
224540
587350
188094
614706
480539
690696
568003
531971
4789
183954
360629
484563
107916
269144
163594
207709
504269
293540
548336
420266
190387
306270
127555
154796
559752
499281
205293
611095
169054
270836
82678
253049
130090
130716
629355
189292
409594
307490
339384
92524
293740
535618
677099
156278
338019
607965
724906
489658
191257
88115
10806
67874
231720
741776
710804
660610
463310
701460
660006
400397
114440
197210
103372
323162
484926
727528
507039
343833
208505
167124
647142
44881
343843
253893
561238
80614
515895
550500
645014
429359
285885
354111
547135
496017
121022
698399
21271
28001
94464
242368
749131
111560
295255
54800
217035
318461
664174
466097
67709
272992
233063
135178
593976
455804
323494
7599
54805
350392
213932
124060
467381
295855
504072
99559
529060
275415
500067
462808
653825
487129
413756
236590
133517
640800
517423
639175
78191
540955
547263
405888
65092
578731
491217
517261
684829
730213
259792
89105
653549
743114
53186
180153
580939
205587
572731
196652
283363
395751
321796
135694
407413
598035
483310
64812
547464
493646
503860
618646
125646
126320
215263
213053
655274
616776
377560
666609
109656
493531
577924
680938
402846
458524
34171
646458
617070
429029
490548
179344
317211
651371
580967
695174
515230
687148
248764
288366
642092
361943
570109
264687
298010
411181
578624
606046
686584
276897
12945
507368
408758
83241
437702
344595
520003
547171
654190
376436
409603
657896
241146
128879
690470
416525
3231
21934
634506
422610
80419
508530
534623
109516
391831
443434
648713
336339
258290
311763
540272
557362
269745
517350
539219
544026
533114
691574
74248
218778
284711
719591
378748
22391
91006
392312
387982
493406
504848
313208
218195
366387
361757
16223
204268
523904
701987
105883
543759
176942
232054
360859
253944
475918
592572
101543
682055
244405
307099
268214
667384
449022
116300
454679
382757
11321
22139
405954
580629
632104
130061
385145
452477
718494
722740
478286
745271
168480
643096
351055
448642
83629
202309
525245
724159
156342
495929
143106
70092
90947
353469
454754
159158
608403
339808
211448
128280
362083
93643
698934
269372
458060
367588
17234
256438
320665
747988
46274
537365
388898
331717
368794
5733
195042
403935
24206
475627
503311
365883
4242
14303
567683
100769
473519
255917
355361
534242
146909
110504
277326
477418
744992
552618
157702
106607
43456
660253
409780
479488
611038
18467
443269
399905
194043
385833
334988
556845
103114
39630
19728
116177
219956
151325
392867
185823
422388
706637
735701
165093
26717
160413
677947
398106
498754
639460
175883
90105
74890
704678
384782
30118
392412
27526
464016
706634
732297
246873
32011
170329
177693
590071
141198
464313
141117
187904
126195
687660
203629
279464
436545
595750
388222
680251
206142
532306
472027
266968
527392
184969
732291
271342
582958
604295
102502
175511
260239
170609
308929
488825
412175
424527
198417
269515
542889
195193
608549
679403
655759
519381
504346
296679
743180
332151
493433
656473
693642
68175
398412
656716
139839
647479
63391
360319
699050
581584
89859
188323
43052
217036
689633
496838
325653
162169
577516
730237
325307
365370
559860
95094
672928
570748
626344
600286
338317
482757
663620
74866
25311
71679
223770
741872
597568
543568
124726
207534
189179
320813
463975
626656
677494
14874
655803
182573
134163
726215
628416
70624
323827
386938
670902
224345
605129
726863
381493
709505
620441
160110
648503
360964
362851
234462
434204
355755
318520
328688
393172
514447
334364
211252
585701
239075
495661
23356
623157
104886
680940
118423
285216
11325
464849
391628
355487
279759
42531
219148
545270
274746
247391
45849
16404
89501
274964
438314
295291
606771
588006
471099
646959
245844
136236
91366
579517
743763
526467
528393
652795
600320
283328
381933
8880
530642
424554
729686
360597
143741
580932
250650
107196
588000
34340
251851
236498
370894
675065
663846
503610
346194
728926
524198
564931
535068
256351
688961
368841
214997
419566
533386
538916
742944
637384
639345
211160
322773
325137
235682
408037
613550
254467
545751
356937
149458
573776
614212
489703
409029
109503
323150
308505
367879
4364
489519
371357
358642
556131
236420
3067
74510
599827
158109
584901
30412
709895
161106
521312
511870
414156
394128
684120
110788
707136
355121
410318
615253
683417
457044
220564
589330
558138
648115
61139
183084
160045
692661
391459
63239
339440
78096
707637
204518
48016
680930
319220
228665
548554
509345
57669
681032
11760
96074
176805
364003
252730
473725
519397
64674
537490
17012
472452
61824
358315
299264
235516
589305
728797
415343
728980
614207
441000
594123
708755
48262
483775
367062
86032
609718
343968
99855
380328
228615
53136
275048
536122
703619
521527
504727
600789
692752
610543
577224
138532
238200
497755
591335
39305
250860
224399
452497
29573
474509
532857
120374
88547
462587
497824
541317
43726
231121
118882
710747
692160
72939
216904
129667
26495
716786
279834
164196
110452
178429
240205
35916
632739
483783
170986
196939
375094
324933
559358
235951
194620
151384
596592
38581
300767
58167
674144
493308
367493
477913
164486
7158
649868
579541
43793
425883
464257
70512
704640
650786
140182
180898
730223
293926
236594
598987
579929
621267
250959
211556
552936
175981
183430
435993
454398
491167
430415
567278
525352
488453
672825
249434
349081
310293
127989
435936
102376
47127
388112
338548
161841
421376
307327
562891
502033
346202
412557
110735
115701
675315
668043
592097
198116
710142
336880
508133
201833
40561
680304
528738
304444
644963
384884
444898
729543
219869
42084
114572
41489
168914
19795
668368
643596
636177
534735
276027
596932
551226
599841
251078
515931
565599
139730
500397
418325
674274
338854
434669
733352
696096
14268
676868
748238
53578
519816
253102
194109
465485
635024
60699
291776
423900
146914
262255
473222
742130
24
296778
360929
119306
616069
332031
470067
305147
594316
518070
626652
528360
633866
315802
634537
96353
570658
739353
104826
315898
460356
416223
492438
115693
559048
374030
547108
242341
685287
522942
23109
297667
503187
738485
328714
464962
201576
294553
45131
550984
596895
145627
201861
493848
725093
3464
308186
423044
329897
683447
596827
117409
725982
280327
578921
293074
50401
386193
338976
688275
404372
214992
10690
487208
627356
464866
510571
504466
372463
37402
63738
451449
445461
662070
406263
26716
743920
596840
737780
355123
75506
72790
220603
737416
591591
674979
549197
373906
322957
164874
509771
420608
659247
410317
727
291945
603919
621592
208228
620865
90670
578325
559390
566870
665353
276120
180627
199405
277574
465736
717923
631045
80617
522133
275954
538955
576519
544798
596450
283476
593184
614463
523818
403469
157032
393814
423188
657954
155733
530952
314061
434384
343699
440314
155880
499164
388474
696496
716229
605293
739834
744062
474893
310444
536644
701607
474109
666517
40861
316080
530914
306675
677833
285979
728143
50604
537919
306491
474065
70752
147032
725139
198017
559780
745838
569266
347334
652315
634650
354543
611461
667197
95437
286984
263102
537248
189297
84311
355655
11811
40289
98022
246835
92160
440248
646790
375741
460881
401787
366688
738769
248855
301054
460629
195025
651241
475058
14163
249878
667119
644036
283207
547980
719016
316383
37936
32365
597581
378643
703384
657884
589799
249353
557342
584139
241133
369500
730136
39863
439708
26735
239062
723010
138565
254003
725901
626261
226820
528497
388772
642808
268569
34858
348323
74157
489295
453107
438946
690754
168980
137800
344963
630283
287248
490712
527035
180470
414157
344405
288483
338931
456968
718939
403169
687867
672203
278308
154560
741619
291908
360854
436752
370855
166486
501587
742065
382048
129789
84560
608665
280295
172574
628179
183698
241291
268482
28067
567166
734551
545808
448681
68951
298363
561479
504339
164547
514053
317502
630801
750140
57534
723429
47007
123057
682018
691202
376874
690726
557804
506048
314055
463360
613008
709465
707830
322292
634118
485014
248800
708583
250515
461221
735125
629122
534213
425773
273520
14033
387754
261236
241752
652271
581132
295492
460996
94549
209228
722091
715012
595553
91406
214730
428281
619296
145194
16137
699946
605089
34893
468162
524144
58350
641948
105003
311239
645843
389033
223068
357808
116637
230069
26240
109898
641356
26641
65985
52621
146196
284869
526083
556515
166547
33292
148433
82269
613008
438268
57507
715275
301089
42829
318257
49125
116088
171669
543011
625696
222447
401834
440130
257672
278654
674778
153759
394606
39940
215900
561394
642716
89177
706054
330830
145711
90647
666343
403413
257563
319679
26549
418766
1316
436394
184574
105038
704095
483788
139069
496222
254764
252666
549818
619012
208694
284550
669098
613010
365727
265929
480532
726095
558258
621330
361156
688876
335931
250702
569055
518217
722559
653531
96153
145612
107464
267359
371016
41673
32803
596129
398870
134424
167965
276867
738654
67807
161464
452933
560083
749445
481333
512914
745008
396498
725058
714483
260550
493386
596375
26878
467960
138044
415389
181998
34230
93415
543670
267145
297346
655149
87584
84850
507284
233490
175657
527447
521353
700361
426531
572053
700435
540586
673547
31380
434084
289623
17336
46952
76783
748315
118071
177518
199143
473979
375502
479453
82673
239577
44555
192136
228779
430252
459476
603938
710495
619180
195407
576637
219008
713323
377420
343731
284572
124938
322661
34933
328672
605335
102137
183340
337114
173067
652533
459600
185368
176644
44320
566460
743232
236649
603969
579308
470244
686557
61973
137655
355447
745385
585128
731034
535760
181879
21386
204820
709921
594751
294268
733712
104157
71996
187989
293373
243650
341320
169994
643477
750595
497437
110501
38672
70705
725931
70610
501724
140804
31918
52552
546172
291920
561542
499987
8952
591960
20629
304270
64061
539802
331637
162961
82244
307548
727019
15066
544446
89832
512654
487610
430979
196308
510851
649357
268795
708259
336207
648992
165249
425257
411865
342896
362476
312000
191993
639162
552777
516423
104512
319984
726163
88768
90505
484803
122568
473304
302360
703944
389730
467470
396303
492374
152179
46944
646735
178681
580420
596683
46449
521228
253169
456464
192146
560825
437372
503627
715221
360722
9783
6202
617436
355064
13249
743900
303959
169051
147549
241511
117555
746335
130492
83410
306412
534710
472371
41052
91433
82860
313649
26139
42440
703251
156924
592042
389238
224402
639715
240651
508218
669138
405684
587928
47322
354209
487610
441429
251018
694144
274642
615775
534391
467249
723301
564216
129446
710012
291482
339579
426548
160874
681574
434410
468218
15106
531933
618947
734309
156111
20734
480325
721189
624309
713859
458182
705462
512310
129129
699122
727868
702502
286273
384848
672
191312
634987
604205
109309
42257
448724
718839
60871
260293
253360
494631
522419
311375
19529
677260
283118
621962
724191
697004
653370
511196
546608
379702
675876
501620
693909
418281
669106
338185
29809
637776
122166
398916
537100
231556
335581
589451
133182
553327
440084
620244
658920
117302
480186
538869
67749
240542
122718
358978
3895
396314
602214
109966
155732
441317
317175
184550
127111
613990
588292
316086
58320
664034
141826
292167
614344
78119
252344
234933
344063
548951
32798
153670
329644
118912
706322
5151
309681
734035
529464
104070
110069
164790
276977
429875
122476
234502
627281
40219
312874
179393
611185
417396
606464
90436
338293
244577
407474
678821
343620
422840
496236
669388
464791
550477
671277
410409
668649
394740
444368
726281
474346
50674
418581
12619
714996
82367
443223
462351
614619
307691
344539
394259
331214
615590
533520
731705
503410
548688
434861
539184
338975
158528
558269
698456
701768
305834
729493
485073
629968
116037
40263
174116
388380
708320
368441
109701
115927
548584
122901
587745
227631
29948
389989
251695
476418
344868
293010
516603
745979
247174
638249
235184
680940
585119
569481
90817
169080
288269
140135
330692
594733
441075
717721
664494
334236
594864
231810
121063
12175
393791
714703
99134
466784
671871
714856
618174
336708
69310
521314
649815
493005
748856
484547
748556
270711
55430
681457
134917
539331
168736
543259
452970
194086
672147
342786
194229
507934
570976
645972
307003
441652
384669
125774
697271
632294
125991
513115
405006
732898
431287
709866
198544
261766
57806
347115
16745
531841
441150
382718
303109
390722
320905
186520
290811
702293
194398
253318
466679
563207
645853
575436
286648
4488
50721
233662
726415
414387
727455
299686
657171
140060
133537
127581
537568
74444
150454
467724
214
276411
215966
319659
684263
17784
271514
531074
746933
37341
544550
522437
650815
623502
651445
634761
366658
347438
407065
665297
714832
128021
84890
558654
661624
363855
104692
130198
17414
59896
674011
50217
605467
708189
29435
433065
96275
624142
665172
359218
558509
257382
420516
283705
58829
183147
424860
457473
397015
505707
229906
507678
424981
88065
102000
721539
317345
717246
292983
309643
433297
469203
450816
705801
388548
629857
229391
203358
579723
408401
577684
248911
647129
662731
266684
356169
386345
601257
181848
613841
67096
465027
145713
680624
268557
633090
532617
55216
77668
670750
650393
396978
238441
23139
360168
327823
532430
448457
97492
342361
239770
648530
279309
122219
682588
475780
231605
29686
421590
277138
341115
173484
458075
354883
270539
328883
118003
59827
728072
542696
119474
194078
257028
577596
242450
609885
603974
659436
418954
206577
286298
206792
476977
230775
434773
323056
262557
415980
171295
5381
474513
253448
231846
646390
83683
475712
658465
253096
544902
483324
381567
639045
433987
429011
453488
98727
618188
640783
502685
481871
645462
387621
426104
595049
488320
329254
108937
28199
104946
684539
441124
576922
722686
538793
167208
88168
398713
33394
436752
451130
221564
649285
315711
312580
390064
531544
733150
365234
91082
642173
82089
516722
521837
445420
629224
88149
648529
238939
235511
668407
576774
95069
143433
200594
664682
24478
414031
748543
732992
341954
182594
458535
313589
494080
375842
221469
234425
669749
45167
384050
81727
42440
192410
643017
245813
230095
51482
603934
707907
221241
652850
684565
131849
588926
324521
249919
370849
120089
532450
696010
494963
558349
197736
57404
23101
98517
560894
646022
518418
262047
7796
204280
253779
35357
194889
407520
518305
35082
497708
267044
570797
431532
160649
536703
604901
50207
642495
608314
715692
550753
574118
463590
446642
154795
27770
143769
284657
575397
307239
318697
633236
398585
654778
385067
526494
528424
139946
662205
291431
130300
101973
706346
164313
560563
115389
66851
165728
585223
128472
527656
598078
324234
596402
551168
59050
389625
255673
342967
215413
421131
723825
738470
360922
380347
634595
525790
230174
664902
225625
265293
276481
168006
135605
113044
710433
503020
4481
597715
728191
36691
326454
56567
685706
552668
162290
622784
514270
600068
439073
734115
639551
210999
82274
511126
132986
303496
265675
628233
331522
289875
134029
362051
311028
635546
158600
386058
561969
149801
182278
122343
168666
145860
14487
615705
206195
511320
459958
612293
182820
315736
332511
207185
27225
265650
7155
593607
276396
465160
260356
357787
668460
376268
580825
397494
599115
421357
650268
75975
558132
341746
363184
30022
426164
198802
225879
430824
497917
47458
303043
403735
547882
193620
700624
343406
681076
326731
57180
537523
69847
117156
6540
115052
51179
283750
92216
600778
349385
416678
496412
680723
50356
394377
69858
272887
738554
338641
473479
405230
482722
252989
502473
364986
161091
430854
552434
234299
724964
303062
585624
564812
183009
296336
74637
110727
502976
284444
342423
203933
3047
588878
409213
380661
67014
335988
538509
289788
591429
414436
470885
368176
619661
616504
49757
350248
176720
742972
356951
679672
307688
344300
580150
613385
732759
347329
308363
537628
128174
602459
269078
690201
222672
140020
620716
399521
491613
252747
412999
424033
179985
230363
727628
457467
498081
7264
306964
261982
313048
68663
362734
173740
477731
520111
401318
376176
459987
170675
595323
71912
464821
168972
571456
570255
234245
352947
610509
211647
70636
526293
120670
408939
208752
130194
230597
238411
517866
27694
744900
291104
105971
289240
105035
473610
202257
321873
612916
114316
528812
161136
183358
672059
112042
135820
423588
476956
235018
645209
557786
645184
397601
458127
319977
122538
539435
72164
530975
229235
113520
123270
83386
382525
364756
32281
346868
258192
663420
144623
163190
716966
418382
115350
64045
729925
297101
275031
542518
260527
147159
693716
205087
631864
469238
359152
581167
550420
578197
342353
283207
654480
420424
691505
649686
367778
498964
609380
323714
278954
178830
507650
159435
67166
635061
571190
322772
695861
710831
332328
670767
90176
477290
12698
303924
408591
234904
605920
389525
185924
7782
486961
291732
153478
206212
592068
91682
696728
300071
442345
42151
615219
689223
426499
697174
82528
144433
431169
692917
367356
694666
429216
435114
630178
566341
130469
651011
708909
567310
309227
94528
280642
622663
27288
187158
212104
460943
349109
725565
484170
265719
718303
516036
397848
126305
151349
505001
744303
222475
70242
259211
292754
623222
480213
543142
465284
2634
515014
717156
671201
210565
707056
681210
235171
518549
484038
294264
417761
543247
277315
652790
614148
224483
257823
158509
560510
89939
387009
285977
699655
512184
108670
227020
162841
316805
157026
469593
472501
190657
420716
336725
116307
309195
536380
463918
698388
354397
478644
199615
484592
8001
90021
457434
499413
96312
298181
26377
181472
625387
294754
529725
229954
24581
724462
431344
693964
295989
434739
551881
741689
124118
734984
609004
640270
458437
641561
114090
723778
373817
15099
317156
399477
418311
87427
106609
424398
164817
126654
159004
184520
664052
282845
215490
171217
620911
466689
369960
480006
125864
445066
165000
461824
590689
698320
528119
419392
523315
620663
42709
66910
307535
675668
713687
510066
216312
381914
342713
292462
369712
438821
193677
208841
126600
285289
415193
468942
315070
433506
482719
585428
371521
504154
579873
405855
186082
739005
665636
439014
152239
320401
381353
545725
172971
497858
596102
576821
621395
581978
669470
400216
307959
452515
187832
276016
441006
746045
196432
590034
535807
321755
65871
601448
173874
692979
230228
374353
273941
486361
635248
115985
427788
35920
469230
534680
701607
628714
178803
657879
544904
586550
597342
140655
667832
378032
265952
473715
736545
542202
728659
227162
182804
81241
31961
67212
301765
149689
660899
264
481164
536394
545167
712068
142595
265946
69246
183282
720469
580490
32305
333839
4859
285893
88180
306578
269682
408296
217223
590657
93424
114466
381272
231212
203839
554847
664794
54613
22884
71073
200651
260810
601841
50529
643064
430244
953
386827
266505
49312
378591
178592
481205
343425
621699
331274
461745
637370
624871
489079
57240
327905
616756
5
19725
309017
158253
147485
742682
199091
388844
215774
502848
735897
365023
80766
643675
145860
352835
725671
579804
663744
163062
411884
427473
414136
252889
28930
460368
616912
166895
165167
281217
553647
503119
414011
685254
406918
328332
10538
638456
149226
504722
471170
92694
463106
664679
179661
655947
108212
105793
709943
418733
316765
724848
277597
714853
56971
246753
492219
620276
593363
68306
368722
583195
292393
79865
638538
305485
288408
106357
313408
348195
417159
271436
368982
227423
705790
327053
693270
524163
476137
434796
263946
295945
105726
729814
173760
325493
206848
497449
626981
97762
493534
686553
712728
298452
435457
467525
77364
530838
328770
734004
555510
236109
478567
258629
173565
350396
117643
244017
371466
706159
371549
30321
515838
168837
250806
609550
745702
648376
328102
747730
11221
335107
685014
645241
313230
656055
598517
464862
166881
586763
56677
217647
84500
440238
744309
304936
364107
15064
140312
377127
679376
148510
305745
409037
27010
528853
358265
526478
304684
430043
296958
376256
702820
472353
234588
426425
72866
440744
618288
68859
75973
599919
516473
366963
742110
741881
314365
323973
702479
351639
416947
500403
367814
109663
224282
525605
528191
406719
536040
470619
138118
476903
603451
391971
129984
522892
530888
716940
254920
149712
627933
510509
698434
612062
29627
354228
32099
454045
255285
534949
179179
131954
740529
119483
513209
401251
425133
615946
297320
78368
109747
38477
538571
684876
467225
196202
705961
420469
58906
368816
360904
354200
104808
619170
665081
353050
326740
24250
370121
293061
555903
281336
700539
59912
590643
711695
152274
332835
452780
296546
481896
651319
166016
375859
526325
249489
129247
88656
328312
115206
437490
80066
91374
657692
640816
445855
315624
475226
346891
273692
186512
395628
87019
116549
23603
186593
727323
555845
51901
478484
559715
420522
24958
709090
613031
541961
134052
167081
556511
737464
743885
488463
541292
146281
678171
30315
365578
483053
90250
695421
634570
151579
366202
165212
578995
604374
582191
598209
132960
180672
80553
602305
67412
81323
9100
749475
395934
641315
204522
285500
1880
413262
58980
299856
278170
614743
54034
151833
502427
551622
396883
413176
650957
619944
590762
69207
137824
250803
317746
489650
445932
404142
723087
343
177283
202186
606891
568054
484975
547569
702719
338515
461597
571009
500243
306848
536738
682981
693880
737903
546344
234493
723984
618363
250706
583672
225379
286090
383917
526542
717338
21564
592531
595716
327454
59198
706291
582266
723985
129962
304856
506443
256289
481728
193125
686644
178537
315208
54778
723578
23327
613047
133653
150299
179476
605527
108791
75372
746695
12887
729951
456356
312587
371483
78983
28482
120570
318280
692214
79498
745056
482837
683990
276373
580478
328416
578140
541562
653468
628730
301456
207491
325471
444161
52893
135762
128029
492068
525788
414596
122157
343492
102979
432
419785
217063
151997
589722
105066
154539
148586
198029
11177
504609
484630
318765
50400
36002
619606
323642
674786
571147
44558
120591
576330
257614
314583
85545
161892
152120
557370
518975
241350
430048
87620
424088
592979
301965
384266
713377
425774
472053
546255
257548
404600
182301
182788
23416
516901
161301
6658
84712
172997
517998
241963
729271
633149
77103
529241
377545
101821
633715
254707
345277
464517
521181
17401
567529
451499
670941
67315
93733
280500
656315
24659
127295
518993
409946
109245
407745
489873
58711
172401
161177
672461
352608
624438
15599
598780
363168
688317
560505
157782
275093
35890
687920
331176
589441
59449
398591
114555
152546
86911
651721
695495
252843
24362
58873
549577
591197
434509
510545
402911
110189
561914
181946
740014
650083
134455
716218
563678
341650
227763
157371
14600
635694
156943
315115
221812
156152
512781
76185
291551
280347
288609
123887
494
30133
47233
111433
152512
701454
704164
551612
183497
402036
112651
376657
530735
121909
64857
303803
391655
587839
260576
136119
201502
171882
678288
543123
116665
357745
282176
275936
562892
290009
273601
711865
21497
697660
106220
299433
412931
294694
562013
268045
19463
344713
252460
317346
528848
528751
630235
541406
32532
562870
438577
107904
689145
228199
280559
47277
461494
413772
353463
273412
558439
170116
657440
543211
50577
295680
19827
549136
102556
97440
84064
91603
263469
286491
523911
657171
167365
269985
457706
352858
33888
146947
177756
494675
625046
135627
235560
404220
139780
75210
533995
343555
656675
646098
504695
129473
723106
100869
443017
462155
380257
43121
35366
643376
16726
347033
624208
76633
617348
193396
227654
228211
11157
530625
149042
537300
77333
683196
522333
611039
246392
161601
267900
395238
526377
278480
251097
372529
222183
49652
183036
31100
741667
19399
121688
241130
396474
618679
181906
486408
9613
122955
583964
178491
139481
691453
133095
81413
34609
418420
409817
58831
313558
55182
366958
532696
287554
574879
274227
519769
34163
440205
603113
283614
447423
215309
296898
727942
149588
58984
416143
294936
229583
502325
149072
512954
146054
29006
646741
418715
523376
246323
594628
95944
150408
556779
103323
727923
448284
369075
381802
608513
12714
390361
258897
7378
35751
151529
435520
246114
450315
158189
209404
141618
629362
387247
354065
369014
433831
656692
34125
675716
748966
714664
527840
316442
743059
709588
1058
309371
577925
94751
119398
219854
397276
221367
528932
47532
174494
135731
108388
424484
468287
611095
495638
505532
590954
111149
744890
637393
615440
737462
426422
472571
56923
748083
382720
418888
449254
354295
231505
332967
13793
32942
606314
187507
726315
91807
637619
112899
572680
348472
410259
695863
627001
356520
512509
387909
217569
553852
714036
389549
24512
640675
702000
372250
183352
286591
634011
29195
633747
349383
39244
282793
534883
200195
164907
674268
721914
477129
372223
90924
609776
384874
740121
60617
22011
491969
683065
405773
17830
264003
677595
119283
443610
466715
274013
27190
557809
413991
381885
376176
136417
42262
380030
30590
27002
451384
267129
114904
747593
749766
451820
9386
41038
659616
423243
110127
630772
557792
576419
411875
518090
613590
351411
132709
311529
597695
513081
602573
395041
638862
149897
444674
393204
594269
221173
228622
462888
393038
595527
720023
665718
272586
675244
212039
194636
645406
279291
398443
698930
719898
534443
533818
140052
70380
208519
662942
225163
135614
498448
644493
102046
71647
146761
68247
697513
179818
558453
23169
228061
310192
421861
605421
649216
667213
669052
570587
162191
44545
50423
236163
396053
603997
15618
568157
59636
241530
572184
206590
593412
675042
233613
285290
200783
331981
679079
195019
680934
456207
331294
479255
429101
18988
672508
402130
690315
276753
463633
290655
664980
442829
373901
32681
161865
151744
500161
479752
235910
157290
397563
164183
631392
239605
696531
342227
335131
136108
449687
345162
304467
706235
216666
652501
736054
555349
299509
328317
578870
594810
388836
446628
710094
383634
436816
623896
728350
560073
251916
195378
197670
200687
9111
199221
166421
709063
599493
469072
6391
344701
507245
394888
669320
97713
374113
264852
380746
164355
462191
670009
424886
312503
84520
612401
228326
466821
275095
588747
360802
588345
610615
109573
718902
463605
222494
173419
279074
540040
465021
330080
222981
90884
539807
67902
225259
226470
282258
351739
536717
340191
212371
284428
482675
350167
66753
454490
582683
24018
68954
515065
270160
605303
506968
288949
614951
190364
515959
421487
568937
417565
461046
517188
729103
726426
478735
68621
210424
69220
472438
349496
623315
470726
632455
35572
348405
693538
268506
463163
682429
345817
602585
471669
449359
257123
734945
661658
113439
660923
5140
202610
386871
579227
115896
189232
268608
452157
164706
420274
268930
533642
542405
694233
99733
546687
272564
494835
632236
360847
319989
586841
52399
581785
730806
43740
55230
375685
718934
428843
37226
163875
195858
439589
97807
567725
64554
315332
328608
686182
205195
384506
731558
687380
141670
210831
503260
629858
607123
165385
201664
547072
403079
157873
639507
579698
110427
136959
706823
453332
98692
85248
109906
303876
702791
526022
414139
577498
681804
306104
155554
684264
423126
665683
413174
715739
745827
97648
531785
672358
647998
132896
202175
647071
175014
739328
138444
528154
374002
305564
146469
11858
384184
416623
544565
244485
524318
1460
390234
196995
111714
249433
585881
714974
437585
569482
675267
658815
421352
352982
141644
92302
485666
249897
517752
700067
522148
123263
148708
145855
560586
633475
242407
681199
660393
404448
340222
375430
362009
403532
609544
56902
11822
675384
420944
663201
295332
415575
325488
103628
727968
682740
296264
539700
148846
712370
341598
686153
53967
84977
159894
543780
448495
94482
201673
45138
24360
114382
144538
241053
623615
27867
34470
516593
708361
453544
34960
335246
746914
107816
688356
312384
264
298453
492900
101836
161537
581091
422235
337051
468540
655608
105084
604918
246009
535343
121222
341563
726111
429483
378944
242535
598931
607270
174566
570620
552418
27555
254681
583143
298905
690987
30446
541679
451064
264218
642041
547228
640834
85503
210435
452763
198555
662755
498408
110177
88521
439529
244986
458632
282245
51068
679683
624465
135198
107381
509876
283910
29632
522753
631221
498439
204758
710152
664517
582351
183858
414142
177868
360100
648869
78298
312531
543324
452807
31107
510878
230857
528361
90894
535886
229375
98919
113236
190200
386169
106091
7013
603492
496662
97525
612227
741446
196353
13210
435893
725186
261516
683193
589209
420438
737907
288973
279650
25619
230338
729222
685408
407014
533551
276564
560147
168052
217651
564398
13992
321449
523860
607068
231610
560367
645200
372007
255457
311279
718435
543840
464417
395745
119842
514794
160880
670372
369588
159160
206279
561084
312266
149127
173442
213370
59758
715566
600667
623781
284570
465284
361177
523984
273730
518576
559713
466462
448287
413632
529367
127151
131415
556418
170925
153245
126397
200159
728167
189808
607095
344374
75540
378450
278866
551665
223705
406844
182054
294961
97219
433661
411367
706750
486070
95548
701575
471066
591027
343966
166276
71451
185042
327418
405090
423217
339062
277352
377059
380868
19355
104937
450316
459112
477906
221844
550809
701965
584258
312225
88212
492462
70391
125754
25150
453358
183794
399977
492587
667171
456575
70974
348428
709502
164982
432210
510521
273497
418048
299402
189172
217785
263702
260209
218602
67041
729825
599228
214658
224154
667616
16016
627540
714009
517349
203208
398121
404492
77607
209818
118789
308973
260972
218082
436345
77072
386292
426224
80839
317147
675394
733928
679626
716556
122154
739461
490918
448098
650286
532999
245717
68688
61812
599486
439861
260100
275584
337706
256904
446917
80581
294941
584695
275151
543838
358172
645414
274516
128899
631574
536338
300455
34958
176994
685298
748690
530682
721779
553529
538344
421667
209559
156098
355774
535507
413156
58213
358457
183088
606516
199612
34260
522696
648248
158711
419768
203315
179614
22856
654302
598458
63013
362071
582829
202127
727853
65654
170113
154279
347210
52413
582356
262287
327853
329483
738814
328773
515820
544612
171820
498526
176487
134388
208498
750192
203440
603425
713811
37583
590969
306696
612160
183913
330338
551876
94890
2041
80571
679449
220293
229500
679217
348552
138173
483934
316206
65137
62715
739104
370305
210873
173688
572081
407656
255039
455053
402666
747533
202997
157327
549399
525921
290517
193974
37927
308310
34000
438842
344214
276347
412633
613090
343662
529413
422753
201644
159195
579794
537847
480153
405147
267266
443358
50701
134179
647855
529203
93911
521060
288650
460616
141459
703931
554875
170902
475754
238099
212298
694843
715902
485929
527034
436424
172255
271659
204509
339629
265519
111896
111802
675268
91301
341706
50186
617667
608917
143927
446399
26864
732800
90479
537287
49141
252875
366692
368555
560919
405586
395087
230623
226683
341583
737368
240969
297561
524215
21204
57211
48102
28955
73348
542556
303236
482974
92624
289121
250081
239129
156158
555248
687085
52306
352741
491216
642131
157595
302592
256083
382689
110270
422287
63103
704709
681114
176758
575445
163054
179583
547206
413498
745960
304770
526063
719271
619826
99734
91912
287856
296228
407600
446450
733154
436100
134621
100581
731573
526794
604061
110751
138384
555337
485629
246121
63183
673612
246334
576702
427156
588704
197644
356831
749140
205831
250116
378887
328267
688826
528960
668606
154096
228002
390724
641221
74392
222110
569042
615951
536658
624688
222491
665319
266140
607591
471133
186901
237351
707051
155898
353978
627412
685496
229380
224668
526644
262116
672962
595800
77412
508831
18074
92760
559433
692708
286067
602138
547963
430715
171921
150145
187554
395943
499002
242058
38831
625716
534623
462415
168163
37865
92515
288599
237580
187792
253097
128871
207486
607055
750503
323594
103642
714669
681039
625552
41678
447743
409513
288817
423003
249360
215023
112040
148622
206031
612411
67260
644683
400790
210675
304567
719084
502486
307986
384513
39575
727110
682469
429764
175569
152445
131129
144262
455567
416544
59222
154094
711215
394122
646708
399822
738073
248146
279203
188508
279261
141941
641893
415661
485201
705973
120406
223202
303727
406630
287803
714721
578689
406151
275163
519941
750642
277300
314900
20517
463549
462969
155218
157481
129277
129659
398380
472450
523311
222155
722359
401085
155855
479706
296909
556937
653292
736878
463743
228452
191194
406271
341113
613319
748619
547706
224626
171002
506399
367477
569318
723045
617625
143134
305613
501880
623647
542961
451808
150653
737801
736971
169543
593734
97749
531518
745249
486657
594586
489129
38859
300989
740160
530378
442635
128599
556709
440085
111687
228076
564411
287417
611577
247313
168349
446161
651295
450517
246117
487330
12434
112070
517267
20460
616243
334199
85686
445352
66732
82320
700464
495983
638241
494586
586580
426578
447182
72864
187956
607741
350236
75360
11067
423326
202778
448152
231944
380052
704346
575059
635012
133009
108659
142203
174762
58014
463986
76306
655807
413205
511726
224062
313576
723332
32359
22135
494930
195535
482138
660909
127261
545190
200722
81412
11738
352030
598851
573637
534245
622340
234712
548820
645740
74377
296332
620243
482510
712455
277296
425090
219193
253449
385537
719489
683508
594235
626329
322842
228412
718309
499406
187983
696384
23194
239242
458983
250890
341606
420659
276241
587017
649734
254699
240618
27523
409312
376922
553495
575448
469584
97152
221828
554735
147446
132798
625555
331777
305783
23740
662389
216849
549119
496631
122942
283924
572356
371495
592718
670661
56345
434194
107896
728928
418094
239955
549702
322255
57335
88162
457007
438352
662765
470903
395282
75006
563732
579819
359955
77382
602872
131756
339134
306399
126455
442701
55968
749404
170044
670225
16807
343445
729188
15013
81223
327260
203016
630686
283020
310386
47522
494702
295356
178018
613264
445267
443501
331436
478554
388623
591155
334670
124114
575590
323791
556740
190545
392281
337720
142647
730398
147308
662738
128549
420420
545074
102482
166877
103163
693358
210926
64833
137635
535041
658871
715276
218310
742395
702383
657270
664684
659675
219103
128597
595873
599243
510609
718987
566083
43161
668161
544404
32644
140404
615263
147119
196778
439542
255389
695709
427889
130652
185451
216277
26444
327272
2075
341786
187612
318118
203588
201800
152247
543940
581177
43729
239502
260008
157844
406046
744033
160143
199969
702043
584503
356333
486309
430824
123002
194213
339761
450714
701246
536876
671511
579224
13922
88639
169548
639828
137941
556094
104515
117685
674765
272506
480247
390491
188303
633015
434705
111755
269718
192161
722444
484304
42826
262729
231470
156516
256640
60931
139146
570962
196327
534026
69153
664453
210412
689528
75684
113548
630604
306418
614800
437956
493018
289237
380503
307700
427731
551489
556736
179964
85286
406211
161654
293904
228700
20233
471586
655634
540323
283724
582515
736826
634014
461551
732073
510044
225796
391169
374576
731889
33663
450239
151320
355471
628314
265114
320233
715238
427753
401395
229953
343414
357321
302631
138882
572827
523256
493261
214032
474568
242949
741996
683121
457520
710083
549019
308654
539069
58299
284169
187181
17767
271334
53089
278141
237373
581829
125559
349553
485260
641484
142991
35066
148072
432317
481705
163351
55910
501302
62407
270080
740377
573015
202578
733025
231085
295630
224459
567585
518966
34615
744887
75735
415709
566159
46843
383052
218881
110217
480327
117894
58888
409053
616938
272581
239482
68607
322860
190014
396046
525036
322013
581590
482408
706503
546703
434503
255900
426896
243340
50456
746583
502885
544217
29033
453948
488428
586593
649755
327241
381378
640624
376691
473161
240968
131883
259956
707478
422704
546416
122040
429920
491170
542219
373540
359937
217354
423826
479494
450186
170705
62118
219182
532546
341692
443209
476466
718076
586002
508742
724968
539380
63652
590269
341631
152544
605431
310488
567108
691070
665455
336933
455865
142100
641358
199978
414392
582058
16346
86941
541594
123093
664354
537346
379797
256832
696465
315638
558469
255902
683066
564378
27114
570954
58658
90422
695845
501577
240527
718152
722869
416255
487841
614705
534425
19846
440634
525413
720891
321923
94328
193786
681418
432644
7235
438952
562192
355652
298652
701567
343814
692369
182102
453874
374693
691663
62790
178389
514098
55363
534613
502793
482589
220885
347052
67310
632743
106817
671331
557990
511216
683974
603843
565427
126953
29756
623900
354793
734850
113685
471456
454920
246707
713893
693172
251041
118551
429907
538076
44544
253459
694378
679621
420164
587294
355087
319289
451330
571294
665613
67958
575842
520191
186299
344138
532866
417310
663910
80786
704966
624701
136853
376951
331832
39365
626607
272942
713033
405711
296780
262053
494007
50
455840
202445
217834
253728
505754
79384
43211
654569
598694
9133
94580
136785
715812
317192
88515
185
92607
362286
595488
461288
691335
208750
475902
317246
177062
176941
487433
688037
711766
490569
96991
237732
729956
482095
171873
410428
646151
420171
665828
154823
718935
366481
411188
378545
253628
413860
732810
399756
647796
104795
313937
740603
439633
519759
397182
166429
608680
151393
48220
557452
709076
50369
549279
290023
242859
373147
371480
315040
244922
553315
247876
39781
550057
302651
530910
246147
564567
56833
72896
329919
446191
656037
76027
75105
372954
456149
407388
452223
516798
738008
183806
629342
676186
266116
171901
148336
738518
625416
67833
647366
357054
622363
649410
625481
150465
523507
623184
331366
724881
56208
593196
725566
547973
92020
703827
189993
596937
601984
521265
535731
177292
52939
650762
359351
408186
299868
210762
512120
218690
141539
702383
371241
244200
491161
93156
511790
42745
550184
534441
196003
39193
308742
204237
471962
451180
486649
547665
677804
614044
284124
393939
43827
413148
625933
149125
648559
73577
326299
136537
43986
495837
650774
596501
709309
677799
102854
102185
279177
211730
134545
511568
614522
33643
616903
25631
705714
558553
621189
85019
624335
539440
724971
315369
63824
210561
636230
177363
693074
673071
398484
658878
21628
3433
508811
348606
509772
486574
694295
126670
742539
71612
485521
742010
537210
27822
388476
376327
48467
545510
320430
529513
739891
282494
493846
443425
429476
430571
65127
112881
478371
151683
198597
233907
646884
600080
590241
626222
707427
160585
359253
504674
43939
215754
735692
382753
187327
120969
520844
714240
187212
749747
465696
383452
355914
29437
514850
277561
248550
470337
693674
440094
686647
439343
435991
722886
698879
615626
530737
251926
448403
568377
576830
119035
135261
611064
452269
515631
520042
53367
283368
286925
499823
107438
616723
26473
111079
458693
408568
519216
130430
666795
552471
543235
123276
415482
748107
657896
232069
44473
458991
177831
451285
403883
686700
466744
658320
553643
12822
35554
153078
337296
556719
367566
330604
345412
580697
151859
327528
311466
565107
319908
476185
689817
153536
118519
78360
622645
403720
244742
75184
477338
190359
428408
71893
713690
548024
403109
580975
334332
614424
729367
246310
54543
50648
646664
50693
471049
257975
299862
81324
713559
429017
75081
549898
692850
215839
157722
704367
398610
263105
94664
322396
681415
262092
393636
505977
163547
282073
207622
617126
489540
535703
453747
298084
542438
583008
320922
207085
195935
677874
100960
142537
733727
168651
55619
246404
200663
728780
313081
20544
151302
306273
682295
681014
246539
341738
686998
510703
175064
350341
93820
723144
259761
644034
383679
597096
644341
86891
15599
300525
20522
277749
408031
250905
90206
486830
296012
103944
470321
586299
303793
49544
375186
479217
557255
674375
404285
718408
594847
456231
147622
271846
677712
312094
357196
18598
352566
266430
378185
20233
530170
25778
138388
290881
523799
373578
169150
635324
700005
417219
224389
61684
657653
148566
1305
326064
206572
453209
641237
107703
208465
528360
175301
294160
282762
341336
295115
444302
464433
542758
149336
234658
138746
389426
343068
349358
68260
615215
574016
417533
254788
691890
629634
190401
243317
469180
738748
563526
199977
387013
583365
396470
162498
381924
626061
573685
696294
713740
345517
115088
402165
151747
371230
591407
320985
691325
272786
284802
311757
498643
380890
745313
321328
596307
374826
427988
672442
51969
191352
261872
455635
636375
359630
207530
64188
246690
589038
743507
700447
170959
548784
461378
53575
576414
549055
589319
398877
154486
387639
589779
323833
423178
592430
435997
693465
546980
13284
13860
538470
606610
222645
330185
117181
597241
587337
416766
392756
143769
177947
491370
739383
96479
629706
244946
501656
360185
657940
412992
361973
597008
305768
253949
341570
530134
217418
330462
506571
385281
419920
71665
95181
575998
609347
337706
71650
138665
186734
294659
374336
303563
399788
415111
307070
8163
582371
431692
16513
232353
428684
3191
121983
477504
243721
255926
244044
735768
600156
138981
33635
634694
225670
539161
304665
480232
229838
747000
358419
618613
652423
152729
611567
605582
666043
711775
611243
291678
530592
76533
434667
428179
314315
258756
532287
270759
291919
434375
638381
313747
639256
168060
340511
620106
608692
395476
111794
700682
231830
571551
199493
645770
622020
540141
460487
446917
483778
222890
550997
586485
119106
603242
471770
375722
104761
220427
460179
610856
475377
396520
302919
59301
566509
173590
465026
587383
643796
199876
51863
37907
285979
513125
483699
88383
617944
730664
671975
706696
538617
265720
723730
87717
514593
17767
180754
253400
87145
516544
199874
506983
742973
109155
410522
316091
255214
545725
571200
388563
704954
495913
444225
322765
8842
503031
194084
393295
431662
392724
420690
347916
670424
530161
504551
358882
716968
373468
316416
200402
388239
653255
86063
466487
73191
295850
624157
327953
246854
127800
166422
549233
216536
585927
190476
601738
5849
644422
172069
361555
148514
676447
51259
477898
98175
399325
339521
260382
511829
359561
150120
620111
70751
453681
243695
675896
26527
556138
640167
61628
376499
538021
69458
710395
731704
60016
249718
44255
212766
109435
55144
707603
291623
628113
503245
695194
638410
723852
455217
286027
456027
509585
536382
59138
339787
239854
500773
372869
618175
529432
599884
488144
233873
586964
206343
434470
435935
229091
237631
540824
735464
735704
593036
214099
516493
542480
453100
319315
417006
199552
180710
575484
245227
156751
432640
718989
162625
670567
42378
409340
731034
479924
385629
308965
291719
270229
108527
572403
328069
266307
196878
390561
716460
406903
426004
39672
27240
36978
85817
704002
218685
604547
601383
631187
585933
193718
672037
108005
529597
310172
558426
147948
81116
612606
563595
280299
313877
672528
531984
198320
345605
513270
541938
550561
241699
564970
269290
330694
362933
330942
428903
194108
479694
741171
46966
485061
629178
91347
617260
330845
8160
450639
252024
165990
200386
460961
35986
746475
441712
499085
505979
176260
522698
358241
702914
152240
631658
199349
509273
338831
280490
461086
456585
295123
634119
74444
124484
750811
213398
79954
144800
697946
675806
625497
92381
173854
570127
466026
534432
217134
537065
564633
69179
625736
348641
651330
192211
194416
346897
29230
32332
273958
567819
657375
366644
156486
683740
522835
110609
641952
70424
338472
716384
480573
699829
480327
140947
381198
562126
91717
602890
132932
335812
200804
189889
161844
504784
179532
281390
735999
601262
337704
46602
123825
334145
234523
184312
276484
366584
512443
659139
264625
299178
502077
527452
546021
240173
321788
252905
130516
95380
499218
514087
645752
453106
182912
107205
222416
96732
370381
155048
242540
417182
245559
404335
554147
192079
429432
226333
667528
165928
354896
300220
387780
106636
186047
477300
85970
603095
427765
555562
276117
367367
229809
397996
530541
88929
48699
116132
409225
312457
160240
464006
275700
629089
394240
307519
202537
494752
609256
386346
657816
259736
572602
442776
561155
580363
700185
396673
453863
121990
413362
573874
666674
645190
15809
495667
41052
612065
647398
147964
243296
75925
607581
288662
697652
535376
314338
78045
121810
402385
497811
601562
345043
404915
608503
521205
333682
582947
556152
522204
357457
394788
451035
506560
649491
686197
224078
438110
349413
205225
199456
431967
373195
445750
506974
216754
497231
315309
396548
87566
413702
181361
721090
63689
216568
392879
73367
491677
694345
454534
47709
495174
688444
85197
641130
82080
429250
537242
554042
144564
232452
53556
619703
319587
163676
672154
498135
45616
339856
668003
376261
219811
233865
566615
361797
456958
375723
424644
713686
523655
459340
624703
734914
636515
697657
331801
599106
494918
191324
59469
675063
88023
429081
619533
395412
206765
731041
232798
433938
118183
575782
323263
171983
349069
451737
590504
520371
238104
676574
346441
592871
298026
365006
63094
398113
664746
677851
108429
382847
103460
528554
340960
600541
714886
741867
399561
533574
438583
83840
47020
588171
223101
442969
50365
144328
524348
353774
479797
528488
507438
445136
523274
528264
363419
18825
238524
348752
91896
484146
556937
61567
388778
689729
573337
741834
552924
680330
692534
76811
330908
455109
630788
544552
369374
250038
374560
360148
337231
121157
534355
561017
80068
404041
635756
172975
283068
636290
103693
692069
689637
504421
684924
701934
549781
12353
534895
359022
345228
642293
482699
414062
684062
492747
88216
445513
740189
435640
468170
324389
550178
163371
301515
88399
348537
708421
520315
305832
17697
127868
684497
449028
597368
599770
684627
242294
221316
577467
404981
220144
715064
308168
530920
311502
718292
228037
497342
127675
218276
641837
671060
618962
611081
472550
452031
569860
32987
611429
30686
515661
155223
423791
280440
374924
636930
78680
472599
456901
554237
22763
537799
128215
670214
142306
438252
566315
621787
76958
643511
66725
229056
567457
170535
148260
372707
599318
145540
101112
111436
55553
173469
248105
650149
702886
290176
631069
714181
74062
267406
598392
490636
152345
436588
569172
234756
141699
92041
297440
504766
658750
447490
597144
683793
169557
253436
403051
497638
604143
36022
374880
338155
716973
673697
598872
685873
336802
387828
242282
652800
63998
151358
314739
507372
525723
446249
652648
22132
304216
655006
203152
621285
743612
178717
358029
662638
417935
453060
154249
386934
674852
586296
478927
436272
556185
712630
486378
480226
211846
745294
340647
14055
724059
106261
519878
662159
459439
299922
77715
106304
139321
116485
539246
104985
746287
337990
62367
78023
688959
288640
24045
564808
225259
339896
97372
289835
18516
682674
132126
374415
623426
604230
519723
675603
450841
185198
416544
12941
550945
67871
742864
485003
122582
604844
536956
657673
21016
262512
280696
592051
415814
494302
606924
283871
217147
277614
226580
237075
343518
313242
489198
552811
123918
424192
618954
353836
704656
357250
105152
146885
208412
693869
20647
608772
95602
394155
302429
195726
136067
335278
510665
355746
530118
420760
702080
195562
385760
386036
562041
166336
344087
117849
597764
528993
522445
653093
52768
506695
576221
716904
365436
251713
221977
665264
480715
185309
188691
373679
566787
657098
334235
59807
363085
584549
101935
294945
235278
337333
218142
48612
602842
231260
637949
589589
206736
434718
337243
185252
390061
28437
510929
425935
590924
554622
209460
339278
749334
258886
494658
475227
195585
681628
238437
421471
645899
127216
543897
596838
109347
208826
128078
207999
708789
555570
654718
205461
612797
569399
565485
318000
226836
367150
581986
260150
57376
403193
648719
173198
222605
592947
740140
660440
555064
249276
120645
59738
389630
315520
562663
196901
557636
704446
132416
585103
2178
2270
513986
214772
99319
741080
298074
393275
208233
427363
55795
334808
666654
745336
316918
373601
174105
543879
573868
583119
591794
682263
76883
97285
586949
524604
437092
279629
188245
49415
636720
109753
108609
552355
403549
456758
556929
625862
416657
244005
672515
196225
375808
348703
540451
294297
442284
416597
139586
677559
268655
362486
284344
644090
419110
72031
36891
311366
210135
737512
42501
987
122402
15396
54340
398202
98611
366141
61318
241200
532306
548228
415400
154107
735791
342821
275536
242015
263849
134285
160644
239674
236487
656355
665656
350461
612673
726696
40998
364024
202952
587941
460728
428181
653110
147529
332160
551552
674123
303284
406178
654439
520589
122332
138508
195726
129329
202540
45797
581113
602407
19318
659511
405128
323685
533184
683588
655021
158701
171788
532109
355817
619605
126458
381527
710557
145214
404329
533517
515499
362613
401546
108181
343036
351960
603204
466643
520650
279584
52333
395424
420064
696883
18834
146340
749456
214846
239144
562650
48958
572261
476651
438898
571751
377496
144367
139988
323844
575844
6770
405263
506716
433273
263129
737391
555172
127966
671108
194113
122448
571980
134538
157371
98844
224483
212745
5494
304360
555135
226043
357839
397453
622332
702076
37688
301286
397740
232145
8397
446185
460415
75659
362621
155042
575895
742690
401160
119923
614678
314633
659707
691129
543067
437154
600625
683028
595423
291713
254772
208056
408446
699461
253523
277813
555169
574632
152856
100811
583679
476842
666159
222978
417031
220566
643491
330386
718035
174543
157162
84760
141605
59331
196432
454403
570719
692328
313293
471857
227716
639834
271465
605688
593480
722489
168779
396735
100431
589911
37095
22576
454211
238007
508622
342361
107952
446287
396887
76748
566783
499459
641491
462905
277042
539036
195903
30087
296999
314652
333128
687529
17494
306183
248448
478122
384100
341569
174314
389953
305653
367336
192786
172510
621682
381023
127374
252655
743745
282375
697136
175273
384532
271222
463435
469309
597135
222260
246237
71584
737206
450831
157668
303578
276977
618706
461487
658523
638155
69020
750116
99847
547280
134930
630967
540024
93050
613949
507147
95005
695345
551232
22146
113977
171061
143204
349841
622039
439450
591565
46021
57680
696194
204022
19767
142122
33505
656482
336936
175239
111377
457744
668124
739097
350892
334921
248487
136907
315388
464892
489934
47461
238601
716595
603855
432175
363717
239114
431968
641879
95819
629814
681358
462395
304198
80797
411382
545017
27872
182559
197454
558334
673281
10108
253668
635106
529970
536785
79075
117438
119537
413329
78573
700984
611619
657505
266750
88153
384393
520802
475731
43290
71619
353440
485833
488479
727326
145470
8780
175429
411502
163048
267631
548509
332828
254591
305558
390072
750238
432561
729374
202033
11162
587710
604256
739015
26024
566204
296637
197732
403792
337797
44244
293251
117637
500628
278111
667448
612392
586857
742808
219547
249591
67888
609051
520133
174321
460142
550693
687029
334187
185073
654327
70262
261972
158065
600525
297420
476850
228677
715077
627028
645266
169905
612785
318726
564632
194660
461412
93080
600351
326098
48872
464968
158561
405125
694796
233215
180130
556244
121945
98598
7831
369072
747206
38791
150587
404834
601769
256327
638489
484573
306229
695569
411016
565583
311538
444639
436816
708848
561009
675771
535696
323189
492492
5318
29278
228982
370552
173092
314232
200251
353524
212500
720224
142055
533526
459825
526061
658775
457438
425735
69299
13824
84464
108261
195977
699482
635957
638172
490575
360631
49570
147504
262723
690807
30919
400104
15559
472675
150438
123234
82895
318842
98628
107775
424288
171561
720023
475561
626558
557937
185840
673167
607370
130427
309606
277057
332943
14279
417248
330343
481631
73042
506530
379666
544327
10308
222644
400023
743472
615546
740858
336631
124949
534570
724
606979
22850
668899
92990
44227
611179
441284
332254
328466
410342
274872
102230
576801
468345
205014
148580
718344
32800
594089
550836
72049
145174
69154
604386
657688
231070
87386
697951
374221
140261
608845
395039
733819
385399
608859
463083
121311
496781
346879
487263
542705
583870
597056
554973
457958
629998
525899
170494
328426
486189
385491
665412
167852
178409
326068
560015
467118
418618
463355
105556
256922
380518
591148
746883
210613
350667
41666
300999
489276
66325
163131
82843
127841
700318
172363
443329
249699
325957
18106
180708
695594
261826
240871
139056
468937
54567
410901
102736
675892
265885
651483
435906
20713
261662
191254
589549
559977
535445
304076
737371
3185
386704
643576
697606
662347
92873
159468
571664
673786
248113
54730
303785
89622
111462
379573
247258
125490
179300
99210
697204
694851
174478
350688
486415
77069
340562
51015
664895
495269
716057
502810
205407
586714
694279
561942
282520
80521
643473
453204
667644
517111
120337
431959
474845
724393
18424
440621
726590
224959
56849
127017
322533
8979
736591
314123
162831
648793
476163
243692
522896
643163
205907
42772
41274
252716
109076
368596
286288
225019
668688
641453
482251
42860
277615
466943
160171
79776
592256
419939
38771
108267
263353
694544
78894
406873
175684
675455
123379
351560
327283
453653
300494
6822
207168
580644
39677
248552
291342
482075
624474
640960
130774
197906
230286
529022
25218
15628
671346
186600
126976
538470
303824
584663
487719
619178
559100
302643
560911
178744
663643
148067
399305
42201
63085
122546
676243
408375
703113
693304
248628
598937
458481
111542
80929
534519
605022
583087
618757
585934
475536
709808
418130
600633
429045
309216
524864
414930
698085
120034
314494
39418
263707
334676
527151
358006
460738
614418
726188
726190
76426
295822
424165
440068
155274
331550
667719
530985
167804
627555
129550
276669
119365
39986
239837
102700
198044
140987
734681
169450
750355
65084
402986
245510
619538
344119
6319
205618
11151
552657
598981
683246
645776
27451
414609
628910
622720
427332
481598
266844
111418
363635
145291
39204
238325
133060
288438
424214
696238
410596
9030
239368
497488
479436
728148
578854
714586
95979
565354
579121
695261
106117
88179
403522
633117
578109
136945
186436
161418
449444
333477
588386
582767
441359
129718
469388
191803
166021
446644
167033
463995
299547
191668
714789
349069
633972
188026
578276
488475
12307
501184
344420
185297
313348
378886
595585
411691
267606
292189
486383
273777
735776
470038
183228
688705
589652
266399
361085
674602
182003
141393
747453
739437
420666
659459
386412
107570
602263
532499
606156
243389
481661
31261
419268
319345
372259
182255
213667
573871
543979
256934
642947
665712
446634
213818
448797
532401
648604
736728
73447
153572
648766
462290
640688
630469
69661
390890
253864
301528
383607
698221
667517
164823
501774
168114
152489
333043
667517
26775
185767
105349
456157
632821
60056
734347
372183
94003
328954
203914
203856
262638
707023
482364
323922
144343
377207
211730
236575
23904
267620
389405
319805
295173
305343
54973
246703
189335
667512
308209
415801
1136
667955
383226
578382
367829
102329
707720
258461
699666
4404
55166
326424
564716
566073
137616
405141
498543
538724
560806
634455
272058
390240
11344
443231
403679
49761
727040
163732
184554
483323
13553
55648
423812
255746
110610
334713
546840
216281
670749
345011
746549
447393
573464
733182
655310
397526
388007
610320
357952
282918
105694
485788
673794
471309
448941
667074
582650
519811
318769
612707
285512
688189
45283
225083
129716
74313
327473
294803
733666
443385
100865
439595
315477
278767
507273
23016
452008
610754
480366
567832
484519
1531
144933
516224
240707
588572
547509
214061
41626
316093
382363
276820
704864
681499
586597
587881
314721
465802
121672
430424
228800
18496
247219
701485
18183
86404
368057
584312
178965
450166
705966
456351
50132
65197
401200
354170
585660
666804
129695
366681
115062
536917
19735
114232
391392
106184
71079
207363
648296
659532
682568
559626
559563
741387
359861
662778
692202
355756
141694
10210
748671
536744
220339
464289
643027
125332
623520
158756
695611
570509
302140
420551
281664
590254
110596
591282
219043
239942
707309
323319
548201
706731
614328
21144
130135
363466
152950
540980
91410
35338
322369
680693
234182
118252
271492
305592
597733
43261
381561
16641
590508
668570
500658
316820
574274
474049
235986
438610
571939
232087
139372
73193
62463
453756
467458
154761
731973
688589
149185
733987
377098
318199
671592
78621
569442
508972
475170
170845
52257
439958
433060
425218
478176
148137
532946
175856
441896
631294
447781
161007
703910
232986
25960
208240
654066
546464
445385
601447
117483
477673
205442
203878
750072
445871
426827
194915
412392
146615
454634
330848
268644
289088
62995
582863
351580
314810
541846
390869
733975
272150
292470
533585
27198
13277
576870
259029
314805
634373
636411
707619
747700
125797
200307
671802
478975
321
483757
272026
53035
251162
326226
292998
309927
605235
1956
62045
474799
172780
217993
150632
365901
274327
232749
628039
162092
279416
515970
394546
720361
304320
157957
593721
671725
228617
529396
624847
293766
229697
498489
124466
342712
370969
213578
219327
651874
156420
99350
439680
31831
323142
100888
534961
743939
634128
706784
104512
10069
43013
571346
91815
126225
208289
290993
395528
332573
715743
295781
630467
676778
344786
474244
396274
302714
176267
83111
249728
23690
643639
537898
197317
469783
30904
473402
523368
529449
303964
226543
683382
523847
131455
625319
226305
230180
193369
436645
351980
302895
79718
724163
387447
369583
397428
692162
600374
243905
722375
415178
91106
221477
188887
526128
441844
43933
526144
511575
143096
443410
84754
344240
120511
444699
238867
716789
171609
449356
521381
190722
39194
299402
287690
572866
499945
604213
145163
504878
680446
444278
294079
618722
370429
157942
355544
303868
368975
291478
524549
488753
308402
118723
89515
481741
604633
600045
504159
749282
266452
477955
406745
124960
150952
715206
745653
186840
391727
255532
545878
476982
708991
272271
616847
502778
31196
3649
704713
654523
228877
175526
629469
12791
498921
643631
255851
83258
601267
195415
722845
231868
159477
321566
106621
213453
688550
491698
1867
573467
708269
311572
710260
444960
324948
707246
311162
340021
562457
580715
178343
644836
521017
310771
73100
500725
644308
30717
232186
687474
216040
659134
735548
676947
542323
557263
489805
439591
584571
256325
269567
111333
255916
319756
669204
204149
331541
351221
161432
632847
509048
170558
162200
477944
43651
137190
84639
214551
252502
561010
259744
571540
585199
393084
660057
318260
242705
347124
8885
659377
5572
230742
398764
608648
157466
472581
567851
424044
265939
390268
342204
450130
244175
488167
208037
335534
172286
439653
437915
33140
605010
60581
737699
135819
548498
623992
680182
151602
236982
47089
35437
153808
234033
534600
240960
57129
549909
627446
441001
185434
573765
733706
294442
464082
704303
333425
562924
49868
459558
738326
9570
501147
396335
45458
585333
112418
678209
546765
556935
690098
478360
725349
171870
646934
360371
20996
337672
350923
397705
438867
462627
45048
411591
45600
203853
349514
712568
316797
344340
158850
297540
185773
597131
695191
370330
720848
201295
701891
384199
298414
28946
70143
464287
340595
272491
144129
214144
571749
555373
597387
437145
3494
684578
293018
451246
493203
243516
508989
81137
545990
109799
130936
476637
219648
79836
271938
578150
73365
192795
70424
252622
30984
318952
76825
79171
654258
351922
8278
247489
30545
135962
730509
609466
606267
242749
405820
197596
126681
475434
685612
42664
420551
385640
24374
311469
478291
209624
377856
668707
111494
689137
67471
9059
722276
592749
38706
486074
472396
621358
35368
431303
459070
177069
519894
309235
612850
577634
463797
596340
32771
571406
379530
101526
161173
637041
290006
378855
568991
87752
216829
538803
156349
408421
462992
25012
323152
485307
174280
25433
747712
374964
247916
684508
727025
127829
37698
550969
142393
278848
45304
565809
97145
319721
598701
326589
555911
385550
201371
456487
385610
204321
534979
626896
233288
124094
616162
615243
584313
451986
75411
383411
290768
636144
246419
489121
568242
165580
510846
112704
693748
593800
384390
722764
422478
65193
197343
720719
640704
309553
707062
404103
344994
519257
385861
376042
471018
350976
653233
436684
506362
273290
363731
30156
148861
583044
180549
349082
455079
137904
449543
254122
667768
81936
575021
405220
713091
50811
489844
503939
571525
741771
413672
151105
327581
389678
495964
131172
649928
740744
354388
374932
612765
235319
258124
641514
496139
573250
316970
535281
596210
679598
632180
304422
51465
527921
28576
81535
42138
101295
108404
501065
70519
510882
734762
194600
336097
468544
311931
614111
733197
731793
410579
703140
617008
240609
496186
376138
373180
355865
281862
599319
454508
274287
692018
329142
620647
95071
300822
540105
354150
561697
69226
273812
308585
629329
257032
439658
320221
74183
221795
354671
402513
265439
745115
81958
141569
684401
114983
9693
623428
697679
547527
539936
569851
382862
168828
680349
502619
457407
708991
104285
335839
118255
208929
117286
744601
160777
519395
264173
470924
276340
440275
257124
733549
326818
353175
228542
673664
130597
281897
444877
588774
256844
58791
137779
534473
604866
717383
163168
691659
422186
83511
539368
650956
552107
336173
543772
736249
88574
161886
279023
555206
332726
303602
484351
398091
57072
670577
697292
170834
177954
632919
608856
700792
270570
232786
547885
363121
192103
345057
431660
662409
111388
17419
393974
453001
278231
745847
185828
133962
352885
256234
704790
528338
666031
585868
24929
268018
734777
301375
444472
350619
57395
478426
740717
678238
570856
629112
242436
567271
106311
410584
313906
627961
698183
19097
653715
212820
438447
387799
435363
329378
99295
495288
43854
378781
533396
657476
36870
638444
638748
387862
308412
405588
384420
177502
269836
511669
64784
54962
504781
276882
170200
78920
538176
371241
140755
589265
694514
616859
351208
610516
400760
724585
659324
656934
704869
52297
536934
249608
333704
151609
279547
338872
610508
513585
534623
640121
599425
6702
345579
543016
584724
582189
414229
448704
215396
498516
472493
400071
53233
645685
12669
489491
283245
38468
739007
533301
17949
681415
117904
317540
701789
330041
502569
108686
250669
280040
129646
497635
320446
198380
219049
293739
34931
170078
188244
23360
76465
548879
459453
12126
538681
515605
144024
472053
272975
520663
544701
184579
127744
22627
544575
579226
647519
716706
343684
730935
469198
380362
719293
373516
124825
51707
213724
747778
66563
664628
542469
180918
687366
257143
517108
186850
449056
560077
186863
504930
625445
579100
653166
333776
1326
50502
413153
37676
309303
722310
132823
80492
198536
722191
115902
160305
136073
502548
269894
316796
420496
631089
513738
630613
633950
619949
566795
667493
289367
456346
706357
192595
689109
602438
358297
673056
293018
511652
469564
34934
354106
750418
462070
260887
309157
281933
493150
510811
586783
463912
72525
71672
382604
323412
163531
717175
150866
91398
39467
7558
342841
670038
340663
32521
304297
350742
193396
608852
394723
40398
173870
444514
25602
221733
171674
675181
408285
510284
576100
353477
564066
206625
322214
531050
168834
612451
382293
202755
282872
400308
352086
484444
165722
175613
236634
61241
723611
314394
636436
654041
361274
670861
8406
734050
456805
708262
409663
710778
149013
316946
424212
107842
282325
685056
608136
677902
341809
21357
281199
429644
461482
18838
216843
281297
246892
215061
115674
722330
342912
725527
475128
50952
276810
342038
145561
213570
127718
478752
358573
544074
245715
354327
24479
233090
38737
665324
284788
630470
627121
313492
129996
666961
238077
90200
525998
118569
413289
718664
540667
97181
682431
339933
482
685798
202162
571548
198510
637074
11829
586321
352175
310787
700178
16504
612366
486560
724484
461593
241220
613850
386755
354726
462862
614203
233752
570852
184706
496738
500813
138949
536316
334140
612992
421895
636383
339059
506974
717194
535446
16498
151747
163051
147313
560166
697459
620265
478410
175086
737224
16400
203385
467943
586312
537933
610741
375191
528488
313207
472563
646835
282594
279761
448503
600859
541350
260448
699935
507069
6167
621246
352485
650467
690151
654392
730813
614193
722067
508570
742829
28720
250645
701190
664232
472614
461371
70703
426475
386470
660492
16561
83091
164140
418875
611104
70732
537926
642742
165599
277803
631721
128963
272564
471748
452171
172583
305971
223395
456050
533994
480047
390485
325237
205557
686965
540042
658916
444013
703018
65887
678206
66937
143126
713940
173345
89609
670418
300815
635925
613889
212681
252646
692331
233194
329221
742078
322569
346774
469537
665214
326764
603253
383238
195707
312586
704580
412715
528893
664164
283890
630611
384489
694807
655358
147967
209450
630492
155558
75752
593177
447632
194434
407329
129179
197985
100774
735121
737452
549714
302698
139562
276680
317089
371770
562921
360950
299489
668242
7917
393225
449665
217644
459028
528513
122813
354636
149466
119570
66672
366744
371523
602020
263872
105356
356929
248334
426014
335719
387617
655380
564623
618984
286913
206176
709018
80756
338115
721638
306567
556058
310510
212339
117651
729511
79349
458778
692593
28211
571158
598674
6096
170416
670622
344210
95209
45112
683323
3444
123911
476818
718969
717415
123223
234873
291234
175230
287786
211122
246895
1346
734400
584218
347198
143361
463114
301360
181432
612773
414785
395203
521772
210963
133937
7805
620606
634108
167854
57073
194665
225157
503660
714896
359862
279850
596286
495867
556468
537665
680805
735734
280711
552310
162842
74576
441721
483497
736227
256988
328139
620768
552496
534844
21434
328940
1005
330894
484954
674764
669202
89867
638676
564805
164764
546010
415817
225075
246009
10333
515862
432840
417967
452592
547704
410204
604985
11472
67169
660561
154872
354031
450105
642322
635331
617641
710301
150470
245140
347372
534411
404503
632
556191
216273
490365
342301
77559
715849
589398
428278
616804
395014
546179
204308
379233
478345
285614
119682
231764
247605
203216
240659
131977
651883
190725
699854
429379
151612
28310
161127
117889
195640
117997
401421
326807
356199
748301
462686
340871
714602
242025
321349
566239
360452
505140
193497
125353
511942
324246
447460
417184
145429
717082
507998
48297
84044
126547
456526
94811
445672
76646
93053
408600
36519
22537
561663
263631
692748
90969
349856
696145
66885
631794
656356
689919
732102
685984
285184
363375
533121
398708
350129
384324
485812
593866
33054
133020
130474
648884
583247
595870
319729
351428
355722
40199
697201
473207
288702
569641
128985
130398
400603
259299
582897
687770
209732
731363
682555
95731
439428
479017
112662
20476
562438
719946
84790
720988
512281
275039
746392
632334
362161
455179
288248
659827
377976
622350
716961
642066
63062
120228
446450
138702
180539
459646
456770
437877
743510
109210
531265
166184
701747
256383
700832
569656
500864
359074
434176
209788
350934
732452
408608
568418
281899
93681
240949
697470
677722
140729
648327
727137
230634
605646
25635
504564
225186
97343
318924
68620
460246
122742
371273
584028
638723
630077
362652
657142
404231
289944
498313
377600
157826
438027
176768
472147
416374
199032
105343
538912
273971
715571
228211
458031
365147
142270
130210
21608
175003
104773
450939
648531
189859
390972
572596
683677
83958
715472
664365
61660
688676
91881
522362
215246
563055
209900
384411
116702
242620
386117
463336
227321
302909
419174
91106
683944
40475
666584
460121
624988
122763
132560
670942
416435
263321
336607
89863
174816
520835
317098
18625
513802
252880
104889
272691
41555
220500
82656
503505
117970
655650
439518
138051
297361
22495
498919
513192
50063
608636
46419
343014
647091
346936
326883
475197
123898
722529
548438
194019
441161
743884
395995
584486
30379
16351
361120
420967
411351
486664
61457
370241
325270
306331
606183
579427
468589
356194
748810
335453
741982
422510
328281
322328
421139
75885
689285
37717
464781
450758
497007
696902
589387
435879
396335
274847
402967
363814
437979
424833
734998
154570
362075
635202
65760
377788
561812
55160
643438
560511
72619
457074
746739
236550
75749
701266
291380
46753
111078
73104
702863
633250
151088
272507
592494
429379
97417
185428
291684
70475
352204
403103
27530
28082
19443
447144
303420
53069
482135
285851
611284
483026
562572
667417
532179
162852
645965
165410
441753
206728
697818
44493
83319
483980
418450
223477
499257
190739
145831
245924
711963
687583
370095
249583
201723
314795
581456
633380
610157
371147
366398
711886
576072
15038
493508
403899
227625
714879
164209
80802
289931
135619
359281
724906
60445
253738
634511
417891
693408
53730
553115
397773
87671
346977
625631
683136
690790
394209
566247
53011
326240
704683
232202
661904
359491
366470
220975
433767
232842
18690
145208
346901
410832
630763
719241
7133
300056
380607
739992
502755
496652
543572
183328
691227
716210
39321
122884
438005
289765
12742
46984
57451
495373
164939
348264
488580
668457
110520
332107
392033
365018
401240
294949
725866
430707
64507
414045
741813
273055
251166
576767
685713
722181
20934
476768
681427
81269
191
57074
352204
453408
30290
665843
312439
258443
224984
544180
225687
26023
465548
504669
260867
238032
52645
685285
484589
593777
329040
609767
332249
126037
300087
331521
383411
58680
210717
203622
283585
740569
730703
407627
736850
578245
198947
509896
715765
417047
183716
429002
377241
191475
546041
419651
307958
412939
651250
586353
205371
146290
455547
72565
737128
544988
143779
468106
430997
632887
378855
617639
325922
110624
702361
37790
287333
353441
636238
208356
338975
528124
681571
446037
485405
269723
187733
650204
470739
23229
541705
560035
436490
540158
35120
112230
414660
377929
88304
231433
326840
27292
607672
566573
518786
575266
332674
61728
694788
166050
590053
103495
48793
91660
410444
63958
203307
389999
480231
648590
180928
134275
540783
221795
456957
587138
146302
446293
59097
320420
520251
97684
51313
201451
307284
542806
595679
173432
347800
273487
736256
294846
315183
688002
22460
705421
748463
19995
4177
344132
740232
379406
526312
54337
198439
534729
349614
437788
81198
81978
117541
210420
491720
704141
112967
653966
245233
13631
731139
231597
317877
137384
675072
152646
316377
337937
212528
395742
587004
495201
7243
634535
202332
351899
530816
338692
548706
62070
246628
66574
443047
344836
673261
444377
346168
742619
85336
192642
517248
102125
734480
388587
233771
339015
539234
470288
364600
248913
339655
685718
375496
521420
211421
442556
283933
267020
206872
454830
157563
367549
613331
83425
180794
884
460313
482567
105479
560166
188724
690121
690747
647369
151019
69638
413588
296439
353888
394691
69311
703009
265530
733459
325984
584376
53286
214745
200510
636115
113410
210468
254154
703724
749060
739101
135031
293436
649097
322611
275059
267037
135569
493252
134881
79252
635700
535355
704946
100386
716840
74588
706673
382795
145781
72807
605366
321802
279903
131602
713616
610997
353794
42723
120227
633777
302691
229423
644794
516231
224679
448130
97357
620644
187317
249698
146578
569980
229431
692836
682934
428574
336388
581525
662784
588893
37721
23141
419652
667500
173947
96173
521897
377468
235069
686611
228167
556036
468265
153077
587806
256321
464722
571735
416922
442144
107870
89358
117657
359550
558920
56077
331033
376589
212143
570773
239950
416673
699965
683006
567107
214910
12852
527137
110623
69405
369318
55297
674706
345073
621921
77440
692229
218678
97566
524596
66355
448617
175646
125188
91107
406116
147709
194511
495165
592089
729806
95984
617284
181589
605019
351841
717599
730904
738096
545976
241867
104709
166864
677861
40460
508444
481579
557976
345522
267047
716382
422309
742781
250587
381704
218700
175669
523355
145100
41288
126309
492498
642283
569291
459926
269383
392482
293332
123744
437190
546482
167060
405669
48007
174456
310952
205521
276847
555356
60190
362501
31853
540027
430438
275222
739120
463511
529970
553360
337695
283617
22007
69825
266783
197748
741341
394466
231968
19607
46565
350575
244417
313197
721290
675685
192722
225245
103451
159219
492445
716860
420654
48437
332677
616294
145260
443676
749148
450913
220458
332953
602504
377817
340011
22910
661308
610637
627402
12284
524282
20230
441472
348834
433009
328843
729004
410984
543630
184288
387193
366380
231839
270980
554889
465235
467464
746689
464569
418859
332989
709962
747145
729996
453862
337922
216230
95926
403136
62438
441432
174122
399984
554356
105052
325793
13893
83013
387066
422196
504049
732511
259517
196873
128667
623279
464958
699015
457696
2204
344400
296404
731334
326644
18283
204081
711225
621336
172893
491700
639820
182039
430664
385918
215935
567335
339591
722785
50910
372432
18086
114634
635256
227718
499621
594250
663842
695026
171984
736776
491894
340675
655686
10298
48263
232786
146732
593899
576127
140280
343758
46016
418592
112866
298820
110489
2131
699010
219752
302738
680492
650505
656343
106351
734805
193022
291293
407781
15412
555173
48431
569931
138776
622617
659690
247590
618418
11932
45876
409859
341563
152254
395446
71970
618361
446209
503860
323207
25914
80222
293211
155442
224638
654294
98163
462828
461357
72044
670986
384644
189155
70403
583574
501443
669672
695395
98725
295703
50714
75791
258801
559309
252373
16114
267866
732225
274696
200935
733816
247138
91864
630358
412294
178017
112226
1205
141905
124544
576566
510269
323721
269331
564123
313893
110945
708501
287350
73329
396800
387225
658637
285123
640186
424755
49332
98863
481188
251044
195457
268498
81116
702213
678537
264038
535209
478565
258274
574700
204962
667122
236853
77029
270165
148537
232969
24244
592717
724607
627147
328275
232925
342758
223094
83442
501347
270645
685957
307709
466625
536712
274449
489110
571811
494476
30967
382096
568521
544595
464583
204963
408023
228171
68676
380690
559116
410189
688960
24048
205301
648914
190793
156840
394266
669040
279312
722584
438498
706624
68713
400695
617573
749437
738722
97059
427943
589795
382744
235287
528047
410176
493082
127399
161916
328917
201085
707293
320255
738567
625267
171443
324099
148905
512261
128297
111797
178465
714607
638840
87953
385504
210050
413485
135216
536881
58209
571503
538126
493244
430762
227642
483936
301842
43971
280167
329089
584125
37254
726518
739229
440210
737016
214428
629257
113912
509175
673486
564835
584559
275755
687611
574387
594556
86008
692905
712231
482294
207785
207146
163080
384019
649368
723706
666483
608964
248350
406474
648768
137435
589513
564329
468411
40699
680899
625297
425442
672178
462095
453911
182020
120872
586766
74558
598229
717998
177710
457374
740039
149024
644310
506569
649521
7995
238071
735593
222291
673988
248628
378860
531623
373039
180039
419638
189367
257736
234249
64167
562266
121716
745870
350863
543850
441010
70930
258503
460591
69377
610404
1630
418406
511497
46473
742553
255615
411640
467545
206430
120282
745499
249397
436985
539798
417711
329391
187385
643941
341107
35860
641087
548747
108885
314236
199798
672249
87137
281891
750420
397251
248101
297762
464703
519538
287198
608903
419746
503508
349385
160936
627876
432116
335960
1600
270086
515245
450616
32244
727127
100402
126786
586948
491203
620761
664152
696116
600373
384141
724297
494352
506942
533268
49976
471254
87149
491290
574986
709148
425271
67377
715010
493097
110739
596439
188909
422201
47262
438976
193483
103641
669723
293566
572013
737625
204938
369771
188379
563433
704830
136507
703633
550479
675098
116876
308511
10227
699134
242244
689360
72501
323905
418477
692885
292956
356917
5545
191458
184844
468890
705811
332868
18885
639839
270846
382437
433123
608630
601461
426454
232557
639481
378307
57099
335119
9952
34074
1763
529306
259125
17967
262195
211854
664997
656935
719624
19982
345118
75688
185842
709049
639412
109965
424730
139897
589030
371057
740964
729234
151890
428129
327556
288480
648525
629283
423978
405611
704391
433892
25446
709750
43873
164228
35599
214120
664870
227705
115516
389322
387709
94502
330907
713127
353680
573392
727760
582111
373962
343413
514310
192780
432552
507158
10099
628559
230695
683405
730021
309664
689484
237780
685846
389638
748660
78338
224359
395635
208243
173951
14469
729886
274960
410702
474104
14732
26134
154406
473471
255687
343632
219732
686842
309228
119071
228800
423857
428673
524831
485775
556160
502391
261012
293315
7372
720767
354130
597352
134848
308722
205436
716263
96515
416154
59176
407061
676332
80097
229153
296997
443421
118889
34088
79369
666075
391226
279812
206506
280860
322390
1631
744771
7342
3023
563260
154354
599506
98670
601598
398103
46126
441944
684148
444349
662577
363633
342680
243116
83338
551004
259738
703948
690090
129538
184271
747809
647356
377577
565834
119330
198302
75991
702744
105447
488403
650690
192542
565102
77809
535868
736629
271911
221325
74600
305672
507538
379687
477913
725778
206955
620477
665776
548126
630250
315035
652362
248399
748956
744786
555731
276306
536926
384388
327773
127324
240967
79868
153844
4080
565929
177129
709390
645402
668370
175302
230414
516230
85055
269674
51547
487383
138129
702521
680476
584735
131085
96072
175036
351686
617720
18661
175150
614717
197710
616561
567878
28059
102850
189129
657377
452562
745866
10478
507036
536406
40023
390945
550662
669596
218075
40627
722537
82499
548807
262941
499183
113993
390670
613266
519415
119816
27727
274856
429947
601467
591290
502571
387839
376815
57697
83961
88216
169325
533579
382086
352759
98873
724602
190254
750124
627782
64159
472384
260498
506412
543082
319645
702898
471681
59129
618810
481329
408816
362559
119816
75938
368537
243439
628556
217983
727084
642045
488760
477357
191196
64015
565743
40375
637892
271169
55760
302471
367246
647539
403875
268885
557873
347340
72471
271527
143060
442330
607783
607856
365337
589249
248458
482092
509850
567980
501310
94922
136535
63206
284768
69902
513571
641099
624431
259
433324
664861
142954
396323
187722
268079
249677
530384
585478
314990
479369
103619
66773
714554
619125
418511
218492
298630
286796
303298
122232
281667
634170
70995
257400
470013
111888
490490
83859
732958
150300
661071
392545
408417
228050
710123
131130
342906
90597
412591
549017
313343
722365
702396
528204
744757
581140
322593
46984
302159
659348
717501
427085
359325
690373
425171
534514
477903
499684
654059
670987
463347
248250
345801
11684
673258
696018
499679
554507
593451
749254
263254
593954
577094
447195
158512
205659
403520
263334
137443
384587
627467
577865
331296
246393
316800
82779
177127
611668
43389
640430
749596
102154
623736
386459
217790
525237
372764
637512
676764
676768
21281
412051
306387
36179
35366
667279
505717
740370
630331
73051
750539
322229
560847
45625
607143
58895
522054
662295
125662
683769
411217
162650
554953
345156
227196
59566
434651
24051
320286
3756
537219
559886
734150
740191
337496
381502
671492
615541
90724
51180
726408
270195
112269
454285
681133
77333
226221
702148
46485
719930
281488
238900
471661
716796
219757
217791
729327
662791
174920
238547
388742
689341
600681
352323
591538
219873
333090
42475
662927
732070
485037
351205
20184
66184
428374
607045
398724
86291
674635
525809
632092
643053
22122
83580
562114
461898
695875
428937
207555
102319
254204
69197
666834
639880
73926
244697
39597
467424
84013
472022
280529
605065
574177
68270
728110
59464
736862
418988
59127
88444
56746
448888
623720
262589
74078
593281
135504
340987
387668
167514
242621
388474
134185
239677
488799
42751
521684
600502
90536
654200
118534
295702
257297
203726
311781
116015
410495
217899
424693
475211
683913
639851
700173
43634
10163
361658
527218
283826
31478
352877
166408
276277
692597
70338
507018
746017
479667
351353
402014
614124
714097
419338
698525
232238
362579
462928
232552
521525
274256
45004
519483
21047
513843
170730
485415
105303
594488
78178
261773
545805
596005
568491
713150
711906
572260
478263
252563
238802
419145
546172
559247
9949
246637
290087
521563
144094
564640
262303
615665
438143
379997
587180
553138
486271
583599
124056
600826
324999
379850
141671
514384
570662
116076
690319
716464
52528
470632
483119
193066
282022
296357
528462
619795
264048
13267
721694
43973
743240
648087
637433
386581
713827
526849
630403
689808
245992
301234
730156
621688
133863
535069
277040
80046
540064
234711
414372
209775
664177
194832
40383
505617
64376
475478
79091
193148
351683
430106
625470
84281
315739
289644
318852
467611
8298
270815
471645
619509
298517
647316
382595
126450
573415
115291
83245
20615
625346
264807
536115
557361
558880
87036
508350
597313
345279
320954
593271
216558
126761
682951
417729
737102
328155
742320
507539
324948
525070
68110
292447
68403
106788
629998
587115
427474
250204
31952
519442
710785
615395
225350
188523
568135
287495
50373
235980
301320
176851
630452
650136
580965
695769
383793
571190
580792
750136
347200
446369
310860
124772
308217
39645
536458
55573
40808
87901
186856
391060
96951
666528
586936
38060
499298
207567
249161
131042
131819
624335
182121
522614
194694
448486
76474
461300
700593
604634
261220
121160
731705
750781
350568
78049
87088
653944
206696
483912
430589
416983
567511
138794
44610
404169
590130
539731
221702
364257
383986
392066
638364
327012
516594
525240
212511
595467
604177
10017
71725
70246
517288
519099
157174
481464
467474
637301
392139
490501
140176
669828
164580
346606
525118
519008
729829
15435
657732
244719
90020
463923
159771
334703
213111
165168
731043
95138
275552
20593
238589
68043
255773
123166
397629
570130
214798
81632
665174
487967
527619
96533
69653
531941
331515
701580
268846
256809
111497
452843
617754
268876
684975
741043
384084
550908
643988
631011
109827
109377
217676
22727
19833
477601
407681
474426
412821
197748
222138
495596
565587
244017
118064
467671
146343
49499
258044
454132
700505
493453
117305
57309
451466
661492
313818
42475
658957
682550
552859
88697
694072
713520
644557
519695
349379
30417
497980
632554
610454
612148
425040
394862
325
702417
245195
379262
252272
502732
726587
464465
155814
534360
115317
14288
425998
133552
5762
410625
406119
180974
420870
656240
447614
701856
214236
454625
644216
53347
684450
264882
363686
435396
209484
131356
581374
291085
749927
577435
394841
431508
48604
47122
111991
92421
153803
165860
207589
682074
620523
62037
457688
734098
9570
652400
48358
606289
53652
511139
748512
613315
519276
264419
190791
55750
13156
402942
13420
735136
620992
170199
520308
370100
241661
400519
466473
669454
463109
326670
606891
172339
261056
297259
348104
274575
154759
745250
702271
450065
33682
418781
527525
535568
619095
133361
82348
616564
744721
222923
226519
229284
466051
20168
677408
690391
336676
395611
334605
521809
397753
417352
187889
213259
577437
179776
548261
215901
273855
447337
470919
185198
528263
379210
524939
458508
649955
92539
448641
417296
690955
639388
193671
76104
344226
308021
497169
521600
582709
448405
80210
394344
81877
27814
618062
409995
249100
279408
20172
232359
486508
132159
654580
140886
620965
161793
86835
563138
494549
354425
652972
736953
206054
593851
104951
542144
542006
604498
123733
264767
235072
29270
206550
535659
183913
320510
345617
123863
393113
424072
298534
70302
553638
485550
150942
549764
397960
587533
186745
365443
330568
412633
638
616120
302472
143927
324924
378457
590153
590895
210826
601536
62313
340068
652863
80457
77388
674446
527923
19182
370627
340234
349759
279912
492579
28807
706266
1613
135520
43165
539405
740437
726553
473751
174903
693464
571081
59336
662650
326174
238916
334396
19242
115833
313975
638670
644813
682493
164935
100890
109487
299269
466339
328199
670806
11390
458728
622327
354735
406689
220773
694696
338583
105169
548913
194127
653262
482459
743185
439695
46197
246228
276851
113185
648627
694769
342938
23388
395526
471071
92172
206962
582527
716530
195734
458896
217890
537564
206177
208470
703521
477297
591599
621325
149232
281137
622593
313027
694192
723954
735621
396137
384363
104842
749058
44347
505356
686910
22769
477072
194693
320583
448118
390037
645534
730659
261009
424035
328631
683940
30818
210076
450357
85436
342129
140242
517331
682324
186255
358062
172956
114469
482135
220110
237900
249654
317803
78619
356817
678659
690956
369161
141319
403509
246446
101307
276590
204384
364507
517645
480847
183876
508315
444630
136123
621011
305024
337769
34458
150608
691874
542554
108370
540731
475090
119193
240120
258458
304819
159070
568066
594509
397753
262886
696827
319073
659706
604416
259375
712101
449628
730371
432635
156596
621588
652631
140549
535984
281112
532216
652905
417520
722211
387997
358124
195266
675675
86252
707558
445794
480976
715977
440575
227301
111741
617871
156821
677723
389191
464447
335640
135631
273090
135786
210706
15537
301657
339747
290905
527287
541350
723093
385669
410972
107538
266379
738192
159323
508414
460890
116576
410288
206581
266567
688323
283688
259050
111778
592047
324537
498865
523884
395843
736550
460654
187390
693173
273357
172833
556516
364576
89614
270397
691866
525513
231797
373281
486427
20505
36584
562221
31341
70718
18751
314070
601442
420121
607113
354432
383622
90572
379050
615753
618325
397020
240388
614807
669247
101175
710717
80498
385394
191533
603917
534326
43681
309082
720730
160347
243065
571979
232252
491637
299401
105225
15631
193157
540101
194046
426674
636542
492347
147912
126495
25736
64256
449251
593749
557380
25192
504183
353552
101424
646378
619332
475585
176768
131894
715381
739845
94440
480905
574464
609226
418917
660356
39783
557835
498926
717327
204707
748440
404137
274053
99689
101087
217212
386552
221910
256102
747938
537793
272371
229553
621118
339544
640333
415464
478779
746067
731830
358710
571155
442693
721753
82642
497611
675709
671568
113925
694827
430853
208980
596116
656129
41188
566881
452522
585828
332254
240763
480633
268708
251959
297516
455362
299378
327135
186019
143683
735956
205702
49706
139892
640157
668341
363325
433030
582805
290754
159718
348321
18539
94484
196413
316986
636009
208960
738714
228216
195550
689331
739887
285501
18211
718217
81260
628424
608404
522939
336877
651566
202166
572971
686527
218258
531570
213744
265721
151342
156728
11857
579701
286803
225468
208263
114425
78677
397605
300721
7742
560765
180237
366202
439674
742097
687047
637551
474666
591028
382615
512795
257898
649761
273802
363896
303211
258496
677883
383590
260027
649548
81679
674131
243299
314534
680976
120695
470021
181881
541534
687180
9980
443760
679900
724232
465117
519071
722452
657375
72569
518918
159775
204108
4251
557798
310154
523511
649560
679975
741541
496635
153412
434352
105490
560322
359332
35169
325374
447816
584376
354484
426637
568076
617963
77145
564493
218351
552855
222572
430443
382599
120205
591600
442742
190028
392783
598299
331782
265083
628665
65473
569133
567135
334160
459914
171295
406915
695304
696341
687441
61029
568771
285913
376224
499634
347310
405545
10089
445557
339428
507040
473382
661255
540930
345270
23942
407571
250574
329285
332490
539152
14476
82762
453548
608082
625933
80324
715759
236211
723824
123798
462821
366535
123922
368795
35589
209543
711173
233438
272537
253156
607069
246689
705629
137574
136442
315269
638624
393556
153627
390522
534721
229706
122783
701009
35830
648844
134951
188164
737882
135082
662115
621097
449144
533061
467655
593278
515367
750473
682531
196269
313754
120653
701214
360284
423862
471679
352258
403197
292895
69123
142507
235446
301171
395659
89525
725375
634375
527092
591527
706783
687841
306285
592027
272199
499570
597306
45019
175695
157787
737486
131582
473671
449330
303156
57538
613289
289363
88929
607397
719907
674086
71518
490655
459821
593077
412673
443964
382730
45234
602477
463356
526957
361354
357142
64406
105106
357318
76819
613105
632512
407736
698501
391797
214552
553403
623083
584152
669471
542219
68731
50379
110525
465079
662984
497401
280501
36243
712947
745962
680816
241061
696189
110653
439095
648635
457961
457069
389490
84519
594318
358187
55156
312705
629209
56172
630955
741625
593743
132757
304368
622334
571310
628169
606863
627495
576202
10603
198603
558205
520267
215913
637737
388066
749912
632460
286966
583095
492264
663487
498255
272320
256169
346495
426481
587395
730572
423063
505545
513850
354591
464633
105582
657397
444975
375451
747553
729261
355604
579207
563550
315460
269834
111308
360515
248764
686423
76652
191723
538792
283953
305493
16069
304178
344343
479772
689107
654925
248849
124241
470001
355374
540545
180184
84963
358613
272789
590489
23059
191378
433424
15462
662084
401236
474206
124783
303206
574244
16448
279829
385718
450849
699691
149382
679589
670334
321748
427121
226169
537384
530363
433032
101628
638891
15838
559446
193805
704847
190386
286019
290516
264873
66571
179421
82220
570440
140580
551908
310435
477276
165028
19893
125300
368274
89414
104163
174288
410205
204813
709515
442532
167323
583611
311136
653951
451797
508184
59852
182583
11001
8962
628864
4550
406597
216922
124042
570438
282969
486639
169713
343640
142241
402409
360178
210516
306064
310753
554950
395176
622120
511714
305707
179394
561356
231320
558254
39711
46434
294533
210767
384905
560063
741244
183411
480494
68118
586578
676719
398147
507199
217631
427954
648849
65263
248001
82137
714892
291576
384641
62841
245874
573713
554155
179699
160244
336364
730930
416139
379430
618101
568423
47270
510573
1937
528588
589505
245740
666533
535941
20728
216394
734378
384316
231564
39074
652828
532955
561643
739258
27946
356273
502623
234404
518765
137078
21918
228488
88135
559436
65775
440498
538631
170658
317495
267685
271710
203802
424832
55286
438710
152997
166811
251768
694449
455487
555606
386931
576146
445839
150877
707618
339929
485839
256182
506301
571650
708103
135616
507167
31446
419739
242866
204539
284831
549441
100613
654684
53587
131447
386605
512193
177619
638133
490019
539037
276782
502887
431564
87000
397576
69769
177229
509215
621301
145718
27615
284417
529321
412560
579184
681359
529425
514578
716758
49641
387440
182386
653539
118085
332000
555358
635620
701540
413788
320425
323925
284011
608571
111206
725787
261631
562755
3470
268530
295915
318890
684208
423258
44491
157117
216207
233421
499894
314632
48307
615561
555616
386248
400050
519993
361028
249959
530736
227890
623017
258893
694533
33838
575045
45322
456349
673491
421690
132027
681435
633461
318539
682343
224893
80273
196865
635275
222961
703281
639721
353128
470064
412972
266762
198481
263354
518499
517727
333249
66436
455257
353117
74618
63078
78230
416684
63029
555874
602411
434631
527322
56741
517795
163016
192554
214324
252066
245877
378723
680958
399010
698350
205848
195796
686193
244243
88695
709133
510261
127600
575543
678714
730101
143386
363355
601416
627647
661049
434801
125629
438060
586577
522527
253469
703397
582907
355465
296835
431311
442243
343709
703817
581518
308763
425767
12256
735076
681665
447312
707690
729388
604383
76488
370804
208914
314951
354754
238381
47609
146915
264192
105393
694160
739612
346209
653255
292616
612548
677717
139653
303991
336518
663049
585869
29782
436670
282070
313586
567472
640871
410029
277610
275308
142540
102562
481643
678397
650096
480546
638441
292486
625114
736882
33986
578266
371104
188261
703895
493316
190113
130651
85287
613480
675112
533961
361876
309001
406815
570430
91928
276938
444260
713561
43683
213159
387911
24679
688518
503940
75743
36496
722216
255981
110072
389686
309378
453044
271968
376320
50214
712136
188766
538361
684639
735634
259548
438213
739476
353063
536735
687384
474886
160305
515403
382122
169105
101739
347515
547766
575193
245724
200157
498698
658752
431157
444903
472036
440629
26665
112216
48843
139821
447018
543250
48989
72763
239513
52651
529781
681002
421600
212885
316574
514776
718785
51830
701263
674118
640683
208562
247958
476539
230693
518174
689282
167124
301774
735254
293457
403780
426800
523703
533123
332968
215272
421617
176512
460006
728725
549272
229198
643704
663821
513760
295861
664354
665807
718835
318673
259280
382931
688883
730593
338182
745057
379981
551000
553652
91741
719211
361878
288845
557952
540089
211532
254909
593032
244443
211967
615382
36238
322656
653656
349735
146438
393753
369407
311657
438427
678402
384371
420205
224506
519815
593201
285713
381422
511997
657642
219785
382125
514468
684438
472091
686829
245288
562020
684792
196227
243330
505134
138713
474795
552174
502179
357800
645248
29002
301149
624715
576990
553394
371614
662719
141533
607720
387348
729372
19400
200667
392151
81334
290421
283469
142557
245558
745903
200350
115740
532256
249287
166887
174548
373499
672026
580346
105816
110050
227990
55949
196375
6380
194660
636256
67234
141271
507692
346020
504169
109169
657813
276498
630949
74604
571363
58479
602765
140388
464393
605766
498742
304457
266541
167742
559026
91871
368383
100508
468932
199904
334502
509501
350571
733524
257933
360707
324560
405122
168973
60048
254059
15556
37877
18414
463528
549724
82171
197543
358155
156936
364833
348766
180831
442391
529786
113383
56422
538948
642473
187838
639054
560512
519549
396517
302015
481803
732538
423361
602387
626027
458238
229261
263317
177225
328180
747685
566777
723628
571555
394051
33480
481579
146426
670135
613937
507747
337372
106223
652233
566856
202707
248203
666824
545817
3060
504032
588968
154584
350396
445286
18047
683282
99064
8589
120763
409446
528236
269723
84215
539538
515220
687202
39017
514520
376471
433179
564416
640099
376891
175294
1799
656022
126568
381101
729754
51051
586659
732689
586546
70896
173825
518775
273074
344314
306802
574144
225037
171562
310949
550015
353449
355457
377421
377103
308181
8004
607541
90964
313382
652503
165934
277787
729212
243099
23986
417786
496966
215272
222309
128658
659490
51609
361546
514671
84356
656895
529112
509760
391681
22239
547476
203777
84428
325490
7492
117406
1326
100198
215822
653896
155363
730214
461120
349318
702390
310912
657883
426955
331648
220891
351024
39162
554817
616664
52655
168154
418350
646377
294695
645931
14296
553928
157354
228934
637145
280976
674073
592536
40661
238728
34017
657288
305472
262521
720335
464438
199437
252781
371596
541351
662881
219633
499788
242982
73466
239129
287390
521977
429503
589232
713451
695130
658935
355956
570689
579608
115734
578541
584898
725705
555493
716600
682433
608834
590584
661405
748600
36279
369675
511401
429799
282477
592857
147690
378502
506909
719148
245495
405699
649406
306567
339988
427365
451359
442013
506299
602641
697201
564819
470144
461549
720821
238802
65512
32556
745540
386561
131418
205780
738899
538930
106030
682973
554595
182599
119471
119003
110709
574763
400571
216541
13793
74743
101467
172053
387279
8352
509636
294343
540059
195271
587022
479172
40226
145664
419557
55583
435547
237120
62278
188125
438528
603434
672940
601794
555557
23899
533107
101667
399107
351172
251891
284311
484666
280861
146114
292578
48398
7522
405452
102434
599511
612499
721920
481844
747818
8262
49482
648428
20428
25154
152899
426399
437165
81920
219333
506417
506758
245843
112396
693215
252027
623169
728220
322274
273701
680928
505233
745517
535009
615129
355598
601285
115005
532748
376839
104511
493261
247342
108572
688836
593282
517959
535323
250620
93781
533990
268113
147745
26235
268851
653372
348227
732502
236172
185819
393435
81925
392642
51664
651638
64394
461417
667499
19681
259387
424758
671635
678812
130826
698078
89472
527585
530688
319507
305916
615916
692029
726872
739122
573653
61394
624014
404241
408587
282644
26002
470416
219976
338228
164254
429042
702135
282999
681485
678884
696806
233100
383709
579198
460756
526756
706238
97132
738822
574420
212839
88423
560312
137644
359281
510304
34267
503590
625598
326489
514986
731365
167726
349084
135906
246736
358953
282547
696206
696973
489828
62638
22781
646251
7429
239776
582632
46774
589895
278546
571170
676583
99803
557018
570270
195616
161509
470505
174742
552575
239781
257712
581450
51616
439501
80608
735541
247222
478748
427595
580364
618828
429235
696319
318536
678237
584506
669871
297820
102544
358783
265633
468634
276758
378881
539677
570747
665172
7288
690491
530886
572197
176452
462134
238460
244345
236744
267402
540652
595295
58032
48660
540111
129793
424682
509683
183719
432772
584922
547889
311922
421710
724091
353986
161402
576166
297870
324598
415710
598911
251137
384228
223637
585378
73548
320037
276687
583433
474206
719221
268479
9207
118662
658352
541560
643115
705698
706034
195784
136915
405340
346210
229007
57554
94305
167656
528276
463352
510773
513541
614615
518914
79540
166743
362725
635344
29063
278339
336668
473700
598124
216526
266032
448264
110960
484799
715200
505603
201019
382449
291534
347679
470140
222674
660111
565688
542038
655597
513052
228611
547586
91029
258128
556818
677239
501462
621914
543664
52039
203453
24017
286669
277139
68843
162444
540540
571758
419907
557681
465209
644243
503664
455101
165397
446740
740972
667124
532274
150418
483964
551958
300607
85747
352814
341268
579342
272874
301807
213291
692088
559558
469297
106251
376242
71595
645214
237350
557405
11622
724745
92182
345363
464535
644807
626059
654351
378959
282308
691484
134667
732954
257288
23632
320796
203091
506221
32555
235012
579821
390802
524779
646222
659908
159541
44384
465437
252067
661762
517360
112251
391957
501895
640606
561390
106449
60968
106581
198345
3452
634738
527468
185072
658156
351968
426526
265810
266068
284119
170228
627524
336568
54602
652230
190886
605297
334329
470781
545353
49423
189762
370416
24561
57995
362760
547019
194366
1049
391123
419670
530908
501824
86389
299628
217797
625831
734781
404101
335065
699298
140563
391723
372041
58497
316977
127972
197415
380511
71059
643293
185702
45602
295160
466517
380018
572379
127660
529332
348818
669409
92213
354666
61887
382037
502514
561761
745044
72334
709818
710539
552711
634740
74849
457831
521137
513941
750793
532788
665714
655301
140831
732819
79792
188025
423389
705255
595256
218751
555596
77036
296322
419025
734274
559488
532557
83166
403495
28729
432824
186261
118761
740674
313900
686862
187211
594532
309039
251549
298175
458746
277097
406608
221433
192066
224748
540882
469671
341441
388570
18399
659924
604347
70296
654025
237675
108670
267032
556724
479054
595648
633130
451747
120865
419599
126529
745027
673667
683172
209922
622534
355597
121100
111413
272172
120746
451751
559298
53919
61585
532395
85545
419547
520670
284467
737057
487382
452642
37189
124178
475679
286918
254622
32418
301149
270534
507766
210977
661448
415177
220926
47500
22274
273427
96077
543720
740737
263610
334539
347161
713696
219186
55290
14175
516929
721275
319710
400985
498144
189345
279449
375461
251041
99345
15816
530392
639128
479516
309772
607597
697909
83158
265891
614402
233847
469053
709315
244628
638399
393792
84850
606021
286963
507875
654450
357952
641623
174620
180704
158129
160368
400429
37371
579691
205394
435344
381637
537192
410819
314887
702161
253696
200011
167686
218402
142594
476508
287392
675790
172412
189250
357889
711559
222773
746921
88157
455844
233400
142302
566030
604255
344952
587298
614050
694401
372642
685442
610085
620738
213148
621535
507057
528293
340058
209760
533849
400939
164734
541600
581457
250521
422567
737169
331773
398205
542895
452752
25743
732192
98849
677970
662799
545555
237066
14448
366802
333490
63204
40824
21740
473096
259519
336035
119443
649723
320236
578944
3414
284248
625150
471732
48988
611731
720452
11843
421668
689146
34794
691476
675712
122342
682274
242365
154117
322292
275743
672631
146852
384416
193510
745928
127130
600028
492702
517197
524310
1957
492696
624861
394645
309832
593638
94933
340619
699023
65425
645795
311360
275028
310385
740957
488022
482194
151518
314740
378081
691443
102097
277037
457465
361522
476960
317516
135465
254364
687947
209234
560851
672189
719464
731798
512626
223824
227928
67237
715212
151085
76692
158272
331425
447773
642517
261278
320858
69182
62485
143843
2789
161467
255221
737826
168188
333615
492390
22868
185188
286017
166910
21845
428985
741212
539276
562092
614443
669435
490326
210130
174550
719707
201192
532895
438686
169663
480756
160031
385527
433227
692409
240759
611144
9166
5496
215611
404955
468167
109946
299126
5459
480733
497013
251024
362248
727316
551508
358679
409690
343678
613947
601121
317632
129745
263535
272596
93969
528688
127982
109463
740184
707854
124769
50118
22571
111613
383028
98360
142099
117499
342844
733498
672662
473270
191956
325655
280320
170383
702418
408581
659304
569143
420831
283829
324110
699060
575234
648211
284288
1782
361267
62939
243602
703151
719624
426997
299607
288499
241927
282339
130755
280022
706624
651741
528335
237209
285670
619714
108801
75665
693062
418445
643071
553779
22018
496449
329354
41644
392464
748694
726286
595892
144091
174112
138331
368411
738923
71020
85339
40222
513369
461224
152679
227960
363155
616757
468572
75545
659784
588644
406556
57674
497115
171636
198290
541100
476039
70613
576995
229661
608940
345957
310836
477471
418228
245300
183553
369927
67087
97394
474120
712218
344383
650361
125249
204226
672407
603669
484498
264904
596224
295115
653013
491954
251401
118943
724427
398278
725815
394129
457081
547242
219275
638866
88772
83125
62424
341879
31367
38188
346340
452327
582568
170365
210473
343457
443761
211086
429215
224359
460686
636842
583609
497948
425253
336943
708205
324731
595907
509171
132002
584178
164353
239125
329204
745312
595773
616434
538082
261468
722907
546038
249254
620934
366790
691572
729811
530293
733304
479837
256680
396309
597602
91980
32209
31340
185908
472464
166714
632584
542068
35876
399144
378271
551761
270531
156972
79990
574561
145567
723700
518310
347558
507509
589529
217426
85901
62342
588164
600549
328607
72169
596737
234966
694112
225646
361174
339947
534270
417317
738040
217788
184617
642675
141463
360764
615160
554909
630597
421419
286613
568270
425540
360852
469722
587776
675671
669822
494134
235359
701895
512024
466041
514353
127141
677056
662360
48171
454076
54848
535296
624173
613612
75749
179718
224359
370370
326768
102000
694713
630255
183439
127255
459999
33896
502976
235965
93477
557364
475319
15355
424589
503133
503330
302572
218751
724374
607925
535587
168073
280423
718054
27074
609610
408411
4518
306308
488786
460444
164189
343714
619057
71430
162751
673995
623942
716429
239295
349808
701184
519005
68666
269081
13049
382266
317309
185198
379935
8814
204621
300261
133143
239575
299706
142933
442336
173295
663780
353709
590084
165273
246541
349963
271139
101472
290921
532595
99584
173167
297252
371981
288926
82680
654326
578349
319377
736016
190552
595978
5437
271501
721538
271244
37748
614381
85695
630376
438104
668555
540232
259224
314394
521536
163508
430814
171091
407841
218119
737118
24111
155850
155378
746052
131266
671248
231333
213141
84810
180423
330125
60545
199572
538225
56591
344382
316092
678540
724334
542614
542659
24653
290067
71979
520898
12485
655430
186648
337102
391851
394655
735840
739719
366596
292790
711585
267921
705645
213631
118290
99748
229569
517215
249303
706240
577764
106129
626086
69792
139427
606694
578752
441655
185697
209338
360821
109879
98716
424057
689101
462000
293593
54150
269341
660955
656321
46683
311092
499004
342355
183365
749943
531842
733738
68650
647908
396079
542063
476456
39061
233035
283422
149381
16198
354895
703054
698597
735915
212534
122504
374650
204637
227472
380950
743763
392615
603443
386390
440292
199689
746254
220584
694768
420746
96207
652138
20256
213660
463284
215399
122846
433790
150173
275705
89329
176649
647216
638529
500942
246686
244281
340605
559616
465633
177005
213618
308070
139987
354448
416888
683600
691698
648716
611637
447658
650048
619369
316157
730411
569628
749001
115145
423743
485736
445188
425900
382044
575770
400785
409976
225925
285083
731860
637616
701001
643216
277853
571260
435642
442330
295663
3367
313656
201907
278603
400754
16152
336582
339234
287143
409294
215827
494281
680176
488132
745797
151291
349487
94967
51033
732958
155950
617280
493194
121401
660857
315691
546150
77530
55006
682593
469731
646368
560658
125809
14231
543662
492289
500646
592620
559745
426878
691272
298745
505146
283584
694465
471868
507710
81995
479893
293729
551450
599859
145089
656149
195875
78632
400284
488459
152124
22998
246434
443093
496557
375084
155894
744923
97815
550002
573053
283072
539679
362930
241688
201308
311847
417104
22977
258638
345493
648425
366874
451435
440678
432343
66975
253153
362433
23655
561640
729955
234878
243709
107826
406545
458259
610547
186331
486787
657229
734485
720819
298046
453592
34946
718141
411261
278049
559341
324562
57657
719698
521798
628957
142924
364983
258261
418496
516566
566374
107087
511563
286336
654739
443693
155241
46242
91417
705957
702967
707433
422429
641975
366852
698588
719597
732207
150159
26338
244096
272139
43232
552923
341187
695664
525716
362447
633673
235720
18691
454221
621790
209521
14461
345494
31963
171443
508229
78917
673997
524829
159582
348136
698981
720126
389153
548276
362013
567896
466637
338072
285609
216119
619234
63933
92687
71006
483625
57506
185249
352321
151712
429540
579360
732156
711378
628923
333638
655232
244365
375250
71017
268823
48803
598582
509676
258787
608520
176203
710680
589555
349271
654512
557166
610120
428601
86197
253533
234394
579378
77475
218906
314401
149365
292000
407427
299146
81305
121646
720843
61347
247859
341991
562889
298092
145410
18850
487738
356305
215234
286115
624904
649793
310207
283904
172553
297688
425300
390376
684477
695365
375545
526015
443741
255672
371605
574263
327987
457257
605697
665928
381926
426870
209704
321592
262626
403887
171757
567117
77697
18016
361392
550131
654490
426040
191608
738743
670717
189231
388220
12979
370706
706936
95878
267183
213122
629848
193639
647835
504438
126921
733556
508233
350425
377292
102260
19267
438430
112118
404745
616799
133058
318529
269449
186111
298277
62948
533433
563707
58216
705089
117456
587138
528493
272071
466315
705232
530568
579251
24829
649404
675286
74797
77395
515572
472724
502496
678645
195510
467495
642335
510814
221858
537457
509430
210902
201674
304390
321005
241569
72595
438840
313963
663074
33936
331139
226003
75378
452960
575037
7698
378183
527028
103117
696358
531392
749481
37311
265596
479770
516104
332371
282478
105979
41995
567129
242881
391336
667396
222333
572778
80630
41483
190387
111698
24465
678660
67133
664488
490587
307620
254554
521455
318924
50643
91856
381059
110478
669216
454021
292028
555341
118268
410988
312552
171501
625089
413702
85148
525193
119403
297699
703308
136883
353635
721787
98613
41340
369932
238387
214161
107486
144786
201207
372135
25479
174502
605154
431114
514179
585326
176812
632796
45846
321429
425193
539453
501869
347806
434024
285610
37436
307378
619750
319194
64398
237992
322661
508144
231715
104505
131340
605862
346415
496965
599063
525644
15267
329742
345961
274543
33618
174006
725840
432688
686268
496793
311612
400266
292499
203931
544863
279107
206191
11784
269282
530288
675770
221884
41860
579072
447952
490822
304668
718743
616264
248166
418406
588923
336991
952
722964
593488
352555
293141
143642
541256
367119
14891
157026
454450
616514
689926
650630
428128
5530
116590
373892
185129
513424
326630
638554
399038
306050
402239
636123
422816
2383
128223
77076
640092
730283
392176
510742
692521
552185
456848
745048
94501
62382
667307
111978
640876
380944
622428
256469
172617
331405
462631
733424
470280
493846
441960
495578
583438
709766
19798
324129
364683
598094
525307
33819
197781
637765
299645
54183
202593
734500
594602
18585
223728
88557
65780
622565
455129
551560
295003
290019
198781
536764
723235
148974
406724
89049
443592
48583
242471
379217
89828
628109
683494
291339
145670
260360
214316
647528
430916
427626
261769
587781
103844
126995
506239
276218
348539
518119
174688
165607
299784
244312
464548
551035
271310
262222
506523
699193
640649
444242
125662
314167
635149
655728
557023
225955
606663
596950
680435
636756
3898
355713
242758
58816
490728
375827
261448
205903
439104
577007
440388
267949
459161
567581
407933
225002
74209
128374
2872
223535
495917
723411
636373
160807
125090
496927
448006
634232
621634
301979
258216
343629
574625
122581
569000
6814
34069
436213
325734
498024
246164
695956
335617
204469
728572
414205
222865
223053
56592
151291
470949
284651
436780
36885
653186
264370
447217
111520
329458
461800
719973
300971
307298
51295
71963
296216
667600
400876
734212
412206
705147
661448
509465
309622
72788
688790
104350
138152
502161
62739
648311
618257
161291
575694
124059
124966
460952
498273
524829
619913
194369
419858
462664
413280
292108
56234
126704
18475
186113
66179
40148
630186
723102
225638
187166
233203
645734
211794
232522
419466
370278
749399
271190
331274
263086
182147
500549
106855
115698
185945
210642
337088
455993
699764
588312
403774
571967
154130
152121
306837
532326
674119
538786
711600
640115
645404
421222
295426
310328
339291
461616
10525
609736
136834
670513
329680
207612
367977
524599
357950
555008
745866
498309
116891
7492
655089
565131
683378
420035
438625
205986
716434
590715
407004
439220
721020
175398
741451
266247
9677
614402
403173
87807
300294
368595
503885
265093
103428
502626
696801
545171
99982
226680
748523
208576
359787
469445
461172
639356
579039
412217
215947
336128
729565
189084
278955
460999
694219
220928
642097
582748
647042
337553
552882
410091
20637
352591
484399
251987
644886
235418
346320
555425
286293
538923
740786
69400
273224
289956
403063
112253
112558
241245
234473
311329
55860
111287
43397
745920
105855
184715
160106
693936
106316
61732
107237
365912
393195
644894
417813
439292
6991
684166
668662
6001
250255
416582
161536
178248
340851
467071
630830
591852
692587
47807
274953
394039
704479
646616
240559
298052
228017
441691
569339
24223
53984
735628
634241
164529
730580
200977
284623
131701
673783
235143
11245
398878
701950
644356
556290
342443
141787
593820
330678
243456
287756
168815
473945
174556
259990
602661
145940
82682
636455
300408
289109
217607
715686
249513
608770
58388
191914
445331
361097
122186
397161
163617
494528
330055
503527
723548
75951
498519
745860
336036
584280
477731
22480
30822
452234
391843
651124
160122
310832
94667
556342
372901
239673
659132
451022
220498
359393
145543
622013
80941
507920
25595
418784
515674
562374
518480
411681
101855
77184
737120
355920
695131
77278
702487
367438
383953
377829
504367
611569
250498
127996
347138
160652
560702
590490
393999
208006
206606
392737
540061
16979
502608
306874
606063
167319
647167
617814
78595
99371
204317
334401
731898
57805
448711
597466
183239
536076
255542
376104
555743
465166
534780
2529
34716
406943
332885
550063
294587
663700
631583
726520
41596
532073
749585
38099
495012
435793
165076
240109
620823
139694
558639
5650
711316
175851
258068
34906
705696
259039
466435
606840
688437
512528
732700
719366
40177
268773
134381
125166
233961
441593
503227
122528
693183
664616
145062
177021
651407
524253
290576
177579
549671
237407
431502
657956
731279
508149
663885
561077
647691
477785
568965
603678
550489
487248
97624
286650
551497
579231
182662
577848
728245
588989
282667
437834
309855
389417
215940
670973
733852
689879
205748
320772
421559
650774
14123
506713
277895
321984
200162
472166
424368
649302
339226
596111
75302
137950
185082
412424
668092
714298
205822
21657
188989
525672
208774
297180
615179
548891
76498
653053
252992
398425
680544
454533
403526
680428
416063
45881
728227
224629
397499
192817
271744
329822
29075
346510
200214
653687
528914
533280
433175
238788
160715
317221
481211
53791
448293
424693
460642
367804
237300
598197
51883
212479
333913
552504
171225
499949
431535
678815
636552
50395
295278
527667
246792
673477
646556
325365
421380
564033
418647
328482
615972
681750
675293
60991
481724
487307
552243
687688
404375
72998
32118
498533
622278
460964
696638
654505
499349
634743
650789
720023
284347
296973
186196
326277
589570
563158
494469
197520
15734
300434
416584
381818
426449
658769
62341
597573
440497
701059
686303
427995
206524
653235
7129
732933
734174
404976
427255
265775
337869
490327
448571
562806
233316
722337
262129
288853
130733
611857
681891
249388
704491
191438
161351
597230
732228
350601
32422
263682
159863
221634
748594
265556
717022
411302
699229
318683
704843
380652
282594
97027
284470
343706
112463
450486
304111
726405
423924
371758
584456
546543
487650
568490
508704
669160
361461
646740
165881
652122
681612
133105
611180
698068
674046
403442
237084
627647
189509
621182
744641
671903
441165
686536
264012
549201
313341
100507
729562
454165
450654
258473
398513
523567
69638
717304
656610
398558
528453
697566
342065
577195
479267
494891
718392
55873
15614
556860
436599
609005
468552
510360
212693
80261
5266
97060
186014
660648
549505
129450
702043
13370
33349
302740
367277
565539
467684
243909
281567
314416
568818
226382
286744
623474
668368
121698
127271
148492
649139
138556
427745
302988
426790
601638
266806
524621
184350
627938
308206
503267
372858
598633
264959
110057
544764
329682
750527
200025
601571
167883
747098
223699
165629
697764
742369
537731
311771
618945
31841
679122
413573
480631
195582
582531
382005
406850
339114
527246
209514
345064
353322
564810
660881
619637
163094
276752
571513
45266
484693
456571
90196
403781
266218
429230
649397
321133
516876
146134
336574
600096
440912
95438
466527
692913
254701
348412
554341
374356
493506
94680
592150
579962
450326
570402
648916
541862
181622
21001
178922
548915
417531
28678
456155
133422
317412
47070
32465
403956
522975
397986
325626
125268
325206
642268
587626
473579
37634
553732
569494
445783
29836
230419
742328
579995
597227
735999
409702
539709
151889
663215
729774
227796
186408
275996
93767
141637
127585
391461
213543
227083
424748
638532
720951
687904
566805
49906
528711
338546
222996
396912
354204
136204
121469
85222
380618
749911
310648
720255
572276
471696
490373
11997
550421
220639
315515
298342
262635
618613
353484
315450
686950
188479
580975
380546
663293
521302
4482
169638
270067
639032
113330
600106
187333
125749
432276
144982
46730
708107
208669
257041
543250
246332
197322
484250
569888
518683
740195
373037
373420
21415
452955
412152
179618
91478
276656
528804
10055
371855
401699
677202
322104
465424
562479
493382
429708
631447
385786
235124
388064
640643
529450
389062
581899
449265
150785
582643
105209
516995
394669
445611
319881
509545
570914
546507
177168
332171
254929
471848
695862
436731
289332
477313
269078
608876
63090
721542
262514
31268
683891
53068
420824
722321
488342
524756
43056
718647
110838
564206
650181
62725
356128
536361
406522
617980
76749
597078
314907
534505
497963
268745
563050
218933
123125
318203
56017
420350
466032
622024
459274
44440
184752
476222
210616
412346
229470
81594
240409
462940
327995
408901
378875
623639
421477
32844
73667
638011
447631
300014
229521
411630
618321
376129
58269
730015
675830
87950
328757
471439
304194
435903
687318
550187
426921
88221
680879
340218
333542
278780
473916
366796
197171
739993
339695
466596
315026
312045
209515
98023
671383
531609
200103
519489
456425
28609
497817
684071
349557
80007
615114
345198
371418
593272
647242
457015
476245
172007
109179
592249
207584
455072
140881
90132
247453
644928
502354
487408
653672
552825
592140
38667
374272
514859
75903
91311
26516
27117
518697
197016
528629
303811
154980
40541
143266
395738
297188
179887
322943
643697
689798
312215
691629
588040
369573
639089
337984
91152
50987
523258
55304
694513
61250
626739
436162
8222
712424
537925
363556
454872
454059
412554
702160
29800
332426
717490
272304
51862
10756
557453
76825
393263
439575
322289
168379
376846
156456
226261
25996
258712
738479
386098
52629
91325
596720
426837
233192
249874
575478
118424
238101
441485
475392
267779
73657
702267
560544
251784
103534
561961
381943
5376
574180
595907
287781
389573
445710
111311
331983
581291
532241
746144
310311
60877
365130
687176
105536
630021
93294
522860
591076
71173
187040
242741
556813
308190
608415
64075
293517
110248
465124
398725
81224
707356
153587
491602
742981
378751
269182
118679
169011
107765
200471
424675
95443
543104
369185
85191
496346
195687
97431
664537
740764
85326
184465
328464
32578
245349
197235
276938
91715
194790
57922
559156
172865
309044
54003
8114
413782
502983
701241
73969
453539
89468
631603
404653
598377
31169
589481
219003
542849
608067
64260
402384
459251
126875
616110
652718
517012
524994
37518
56455
72352
305884
222340
11177
655145
323283
27045
697966
578305
500556
79958
166242
519784
458716
393399
606507
94382
727742
453279
344333
93872
418461
361868
375986
373731
563386
157721
399278
614642
614159
23343
374143
671473
533123
176939
415128
694840
296901
429127
557273
359108
427677
81737
450701
173881
378375
582532
396923
124417
162370
183694
403255
498630
192550
150900
603070
54305
221811
7823
660887
105903
147804
260000
502948
118588
20061
511277
419982
425462
453534
405802
454430
610565
199804
312943
671577
381088
328183
216593
443549
541980
315376
512594
250115
220552
432653
126262
645605
537455
344631
175320
336847
120689
736719
454656
651793
37814
376388
298258
319923
723522
719279
696413
643204
523160
694215
528592
472749
396324
334760
366846
631199
80284
524647
486529
314840
718903
364040
400422
387306
429591
351500
535564
279759
356805
8436
412121
597203
462329
256801
562837
73167
377295
135365
182626
374126
625168
614060
527424
212241
322311
668537
283377
272583
83490
442287
376237
206113
582127
59843
555263
5647
541566
646896
477841
641473
550455
321088
31759
635931
461228
415438
645008
532051
140978
669122
734618
193043
337685
495104
448709
64995
421456
696908
525751
345771
630321
103041
481124
153647
738583
347447
262083
328636
668946
743077
386400
490575
405597
301478
161763
611052
247839
519309
168625
460128
45010
446916
66140
206214
13014
76736
52759
512812
619749
109608
447374
369589
44405
167874
237224
445354
555398
173354
736571
553186
388955
409300
305659
137106
498761
277038
647435
644119
203685
368708
637356
303105
288562
209655
608173
581039
750700
591762
425388
425093
413879
164990
664289
206065
446830
194926
222763
247852
625039
176771
514414
132000
333799
441888
742366
108181
287617
404627
207140
606764
417210
353983
135645
519299
465079
461990
272458
736848
213432
602513
258044
594844
119116
515856
231306
562409
111596
513137
115549
379003
361024
447626
417777
487837
336099
152725
581071
445177
724214
74027
737506
498893
588618
68339
21915
420725
550592
176334
373112
198873
447595
119057
41397
323235
634281
615938
326738
57455
689585
318171
561922
526705
595691
422294
688332
488660
644978
279174
678028
30887
722283
744428
199490
646105
235396
605020
702999
220303
425675
700621
391079
620719
355961
296514
292219
30697
477704
343560
482314
396749
180324
113051
307356
209085
607634
143304
104708
385644
632237
214676
547471
551323
51561
734745
301250
225338
349749
120736
45226
203732
479016
609351
729490
545279
464243
647071
173817
411501
281909
489855
82473
285607
174957
518210
583613
567905
65225
255715
519017
397775
672929
579516
489321
646860
38855
359548
151289
370301
454380
130671
406168
298232
229058
236242
265297
507142
465882
684677
142587
629337
209773
243172
662551
750465
2036
670523
368969
374122
217770
70440
461689
635203
722686
201856
680140
162615
76090
284829
453304
618013
438179
679118
428754
243686
91488
614996
117331
234270
596968
514048
443453
363365
499101
430316
685552
427131
235813
251249
56896
176680
53079
98074
119996
386539
307076
690781
460044
540554
381981
68895
419109
174716
243916
564349
370840
735378
483466
536619
507866
658119
66623
239813
695422
395287
688576
477914
515035
67221
131891
300214
546356
146372
224065
206756
335618
606863
659831
267733
181525
144748
62863
103630
599221
152509
31960
457474
401649
448468
730237
32700
237973
143358
552034
442844
81284
183884
195171
118965
304202
328955
385642
120318
5035
20485
35408
702857
130812
287776
36932
270742
522409
269575
656196
378483
528625
471741
647392
313116
265127
314952
534575
264898
360538
716733
113781
581730
114314
722671
579480
711970
51391
156244
591034
573419
37154
41234
231528
206559
314065
498756
62685
227367
396360
525599
676832
177490
644663
30635
49217
150961
567110
481611
593737
531559
410616
15866
317719
592881
7813
683033
566246
735444
452059
312017
678453
353986
448533
78465
729448
249703
77140
29917
553357
501665
618065
297196
591554
448880
723995
95117
125294
362647
614347
352117
521125
507676
420386
729305
332011
560509
95536
18173
696841
344026
143074
381737
112097
207599
696910
241882
8286
186092
27543
397218
139110
126940
529599
621121
729236
169644
638119
24260
146252
468575
70045
339426
225782
711884
620696
641811
278188
491702
572036
204856
423140
99980
365766
228664
279520
332186
116991
609803
294489
207880
377079
694509
538081
494099
2160
573341
732035
164077
53381
629282
246638
572196
379879
14781
69541
108400
107822
227625
575098
36937
636075
210679
343567
13680
462080
12111
566915
699731
50820
701338
676103
236838
213243
731457
358985
644759
718736
701270
747315
75477
87640
268093
69180
543404
240126
297647
694465
220245
334424
376515
103415
578453
609266
60464
317226
638418
203915
312949
556671
328435
411092
15523
508148
497617
517567
672678
323904
76967
423371
304455
350976
471821
732908
326198
602160
618208
582885
352493
74146
342866
611126
490179
122135
269481
195863
434569
540545
672735
579134
126128
623943
262505
363847
336119
404061
615087
298699
123571
150263
663794
396856
182587
663016
517086
370436
237243
218151
449232
646766
647796
641659
604992
191414
712180
697660
547040
352784
655962
275579
492234
198438
692915
542300
173041
247856
396436
284625
23407
391307
650451
591970
169946
350267
575611
399798
521458
330464
146427
248223
211354
465565
338417
45130
140939
20870
436145
516458
749168
523767
481336
553128
586902
594838
657853
563761
639390
205016
593744
287842
436632
164502
449795
389734
640360
606136
281858
471498
2416
205289
200830
81663
259186
14713
135013
395990
375755
49539
641091
720231
32939
372047
59115
689852
162827
498071
431806
435046
95482
9378
319209
218473
393997
704025
577616
613757
451632
716231
215271
122987
372035
689736
379010
112051
328549
503761
98360
174423
47575
736431
472365
280472
140051
656614
586187
691641
386032
244026
733008
531242
267219
335966
145795
304140
449619
197145
30595
22893
693184
425649
242514
536419
498527
554718
291174
109976
35510
91306
607420
307467
393457
445237
358924
363062
96678
577092
540488
144561
662121
520863
459359
568145
655793
98214
498680
147150
128444
50008
600499
239841
52105
456875
97669
708874
241103
158116
581018
379089
296782
222771
364989
632221
124989
310937
679982
127565
120112
536535
703613
292349
598192
737157
54766
600366
722666
364938
509801
665466
216646
703844
247058
161839
332155
214569
105239
423572
525331
579445
200034
698803
463229
281129
746925
38305
490960
100787
148037
140893
300421
340442
495416
378426
697731
183466
423848
278432
478881
730531
668811
338554
401967
317754
467824
525857
593415
10051
420828
650921
217376
322536
384778
477499
506518
541977
148090
1809
412063
324430
360621
461128
264075
428774
414454
698977
640747
275378
613878
335142
399331
255451
536410
693317
342663
554328
326032
298592
191688
351364
667048
14835
371480
215087
43455
469095
331114
655066
112113
16766
349324
113849
458205
579822
634582
548547
598569
678535
412814
455650
628994
549984
596695
587630
190604
736037
535355
388926
704886
582982
389329
211455
709790
42346
281908
78665
691130
169049
311158
444493
353054
207218
323906
192085
31122
460436
173789
82004
205401
329218
452985
254639
383168
272970
101149
303729
159779
230702
64381
613373
295838
71757
613172
140495
607835
312908
205322
182458
337773
298772
376049
440896
270249
537278
335604
103265
36848
684588
135153
155600
406779
659064
687224
631035
703670
539953
561582
476985
72346
456035
548869
648226
454516
620201
153705
496725
388037
305395
449597
652094
627111
724084
185972
627101
428508
104321
700311
134816
469236
666601
569806
619469
143392
639806
618653
124990
13566
106056
236620
2412
247220
214696
193126
630482
659922
315552
394189
324639
150016
489028
225947
403016
65729
431916
344754
561263
217945
5673
599374
729789
294081
264467
367542
348235
413533
620577
581644
662387
514806
742062
106507
438300
2903
485424
590563
45232
502532
220641
487826
182744
17314
45873
392639
444497
488365
21809
508085
271856
702019
209489
677670
517695
164947
516212
262508
12280
442011
454139
266266
491822
358513
176122
575512
535291
546934
577723
408876
653659
319694
489419
468528
641739
353063
659358
684090
601773
742279
661968
420395
703118
223434
512222
432691
492506
175844
320875
419008
193020
690192
476457
16431
323813
11865
238090
149723
574222
388029
173303
609639
229087
575813
414281
86919
421811
677753
146955
60079
268159
347242
731225
376078
648555
334357
232456
6935
438831
55881
57840
440595
609313
400926
211708
550402
255848
653263
717758
672988
692823
248172
745464
507623
236677
267705
175964
405202
626766
647860
300597
176478
677311
65424
51055
424949
44485
326087
96330
87081
113340
716229
630876
401256
225331
568384
667339
647819
714141
426150
328400
324620
151247
418785
224214
520410
431205
168973
512872
447584
139804
668501
663690
461110
9791
224860
98273
3179
129121
37031
394290
29287
92214
43279
486661
435391
72302
518761
67779
704658
523387
414323
709870
567546
612659
591900
689880
95183
452064
70388
439095
418180
715421
426298
619222
403732
370741
456666
72731
411850
387517
102514
550799
223684
12159
207012
528672
317338
282554
276757
109934
275795
191674
600090
223127
487943
303267
405999
474318
7260
497605
702975
141229
64312
475754
487026
528606
313693
496821
649979
562104
98616
274658
163333
100514
251414
30107
378858
374910
324339
605460
146686
183984
34001
515881
575972
119568
573273
624133
47043
707562
328791
442397
110664
519976
22182
646273
127147
162118
638304
663987
535170
695946
637342
638267
330749
544098
307061
81571
403699
669710
102904
662492
83961
655256
623740
312401
314061
566342
222902
117564
569899
683819
245964
83988
345492
454942
94537
611651
37380
649086
714916
86611
710768
700844
684576
70102
240320
628248
430603
90099
31757
481295
14402
293166
172408
558606
360013
636455
418486
646940
351513
555485
673070
275171
106026
268449
321770
421209
304978
663516
598020
741424
490660
574044
551056
426314
416041
546354
77024
66261
219069
609226
530613
160502
432139
443382
26876
670114
250289
669152
3631
177326
685387
635141
21653
321571
51044
189139
477730
497940
381103
85727
480594
693219
429691
377663
550724
441415
151275
53034
30584
12811
319856
94833
432358
525022
415566
736697
139129
515516
340074
577160
467921
429529
377475
602849
728958
54643
571011
368131
389922
671195
167027
250629
590324
517435
80316
348754
592160
461636
238197
655637
651791
341498
307978
608902
581550
290704
567166
308443
259201
670120
523490
84766
734367
726568
23705
539633
423499
688053
625673
207093
286065
469586
722154
527369
414350
113128
194204
614477
662066
68333
263096
123340
464728
210895
519148
61429
432729
217679
720679
654396
218638
21367
459890
52152
280095
44855
295192
284677
500818
275482
26279
546950
239454
38794
553880
686807
424840
373979
177461
582661
77762
229857
531281
36797
490298
366311
306325
171438
173221
35743
555190
200198
684293
315275
57132
698460
149461
97389
581838
43918
81523
234064
63202
445483
573865
143440
598109
204014
709201
131374
362231
21965
623888
606530
253501
724329
240884
362040
197104
219182
163855
708371
129651
742327
36396
131246
333772
615163
427935
509991
176347
220492
714326
165671
51810
139484
327867
331683
64884
397606
18316
499086
212501
649295
710421
319624
119364
229837
62858
149685
124177
410493
506167
190180
602216
417192
680780
416925
586009
671295
490579
264663
708206
219422
590789
87467
564643
204325
672235
179692
651375
676494
185543
139033
408458
221145
63025
147174
671169
117933
423711
283699
25046
475195
335952
661586
394787
526555
274014
24831
644534
360614
131092
359124
542936
722141
70466
457695
487
24078
425332
491206
636271
571788
658942
529349
435215
745078
201696
246851
184531
365177
364307
672559
677334
501294
328461
252104
395663
502390
511120
570770
244946
301913
524017
521776
330676
284373
74655
104394
49608
512665
41457
76530
347568
363612
191097
143563
299643
224568
252444
347726
747369
487430
495125
100658
284233
10148
592663
246868
326683
686828
719953
692163
246283
93465
567298
131792
654086
563426
373630
99314
328340
9458
101140
466701
213449
180764
374604
21980
475434
432209
401797
461933
270257
135142
34514
142610
124377
698962
425249
742340
62604
218434
186296
444941
589612
102508
508302
477777
136127
241121
740754
729890
240439
671015
385530
604095
507182
425892
362875
642944
709095
362067
426671
430666
180972
41349
388834
114476
328241
557500
529896
515370
633961
97700
518704
504920
162994
733397
580040
719403
525976
602108
187810
183059
410203
481959
662769
236142
32653
5306
235560
32104
647380
364075
582451
334642
153422
563954
361114
425392
408576
125878
308598
477177
217970
124382
496248
609078
693315
74917
258342
108534
431825
640203
124125
491680
734180
215758
533682
401241
260994
122889
298563
614990
295754
111021
393963
109292
258157
305098
591963
18166
554505
605164
316636
243121
437342
164228
17572
464632
333814
117460
671766
52087
28065
529580
714971
591892
730291
556813
361165
229981
565263
615136
157033
343348
64860
606999
295737
610294
179135
696594
287857
700459
592748
255795
682310
401946
243219
294881
167791
131550
719849
598913
468448
460559
627972
52885
308422
494427
659183
389677
480297
285137
646009
17421
233998
577290
693291
659192
225944
739717
261316
636771
36089
264588
98367
536882
17261
112962
255861
426885
466197
279144
149680
102724
589027
65291
705071
20742
221240
270777
313487
95802
137823
64602
614945
728386
369736
712931
472435
600081
513139
632015
79963
513122
726204
409589
325868
473769
409820
604059
69638
606805
650875
311438
486580
284325
400370
638911
410265
25483
92732
130220
81428
571696
146410
92139
299780
351469
181772
528547
610235
227427
42847
740308
196085
248117
715120
493389
402034
583937
314207
679173
715619
693276
511086
32436
105018
699171
300340
96855
91959
119911
349961
108503
439135
452070
479381
265657
568780
420140
433632
581353
31319
169655
578205
612813
235206
215158
119875
672726
136533
72189
540713
119468
122545
378647
424873
527842
195403
223828
607600
420913
647567
560913
70876
192983
424389
382194
606630
107910
424492
189328
275554
351290
585286
602222
189009
80782
76647
118026
90188
295020
577798
735317
629727
720043
352067
242503
32514
79934
573535
486773
548531
16552
676824
105727
471779
444079
59569
82593
283796
624395
208824
678794
442990
157850
626851
585096
569127
629788
324003
140802
4926
151839
687616
250009
495176
639626
484548
500551
114079
724128
467058
46040
366141
191717
252190
61839
28153
382649
279022
20035
395780
671548
226517
120911
696109
98442
421463
355019
229708
586137
517925
181194
572121
279224
23104
749053
210590
42090
715048
11032
460492
618181
643028
528443
487469
308725
580237
610203
643895
272868
696931
744362
659818
124220
323521
380682
258659
362454
262970
513852
343936
152406
633584
276638
426098
472377
67652
236085
37104
460826
94884
237223
329774
235912
653018
440513
676597
721155
278795
12875
522685
359887
714681
563544
96939
223168
333956
308011
229222
667352
709140
599266
737227
93155
266528
424525
31707
315500
605295
592717
214850
547343
620268
134689
288397
559726
499218
168707
325702
497888
420196
214256
269935
272171
412741
278805
437146
270183
112965
211315
150189
612013
64939
330082
684822
463788
605469
144983
18339
99457
413854
356636
545711
532899
715751
140261
84884
471227
362721
2833
510199
507091
317291
37864
435894
503325
575225
494914
441108
176183
433322
339399
182515
178677
102167
452715
570164
627892
59725
103326
451357
453739
404366
727197
206317
647509
438545
637177
644888
503294
206095
576554
326636
558154
48828
461421
21388
326933
134001
24643
269604
465227
604368
260537
378474
534857
287625
679765
117634
466278
621485
621801
512752
728546
606857
354255
649362
286055
408895
205633
601001
659053
750791
384264
484810
500536
61257
661724
277940
50967
407141
115090
403155
322667
130500
509869
93979
441906
417396
210294
442703
276830
706424
638305
700712
653734
49576
356780
272
10085
657505
54382
66557
237415
260745
640386
175679
220663
742420
604059
400328
611667
204748
184389
392534
326420
654114
360286
308749
735584
80703
515520
655829
632016
80243
172312
428956
359239
477270
323890
601493
286373
15600
692537
52428
582783
726959
148045
609737
271410
671007
646997
113885
51077
438379
78426
609285
167669
353798
434293
260133
119163
396434
466974
722937
9470
218137
218869
374257
62857
439569
349205
536565
504757
297757
462591
688614
400487
237278
21707
442338
586262
624736
258041
561318
356232
101002
116979
206096
266004
750638
325334
221686
388491
43508
458489
108485
476490
103785
74823
705152
305372
333774
248974
241408
424
376942
579668
436534
574351
684826
748053
650013
161957
245434
3097
697636
565699
98883
373694
173929
648420
682478
556587
732333
582475
536421
453082
683632
715587
308411
75955
618998
538956
174570
468906
627861
446886
149437
640638
150259
90864
401642
294741
368378
98352
608532
154161
559316
3001
3767
201904
133373
165463
427662
147989
35277
478776
652405
178311
627069
596274
176557
366611
55501
622679
688260
527347
12596
530712
138692
42872
631387
265781
152899
506697
556850
425418
475107
227024
173923
321565
694546
701512
409445
339002
430899
539245
447133
123569
257134
96574
686169
187926
76023
176588
37338
674364
252908
530523
34226
690082
181125
89630
671698
722595
23355
656844
107343
563390
397813
682487
156214
424720
397238
141646
458247
137384
42989
675456
530321
685998
504988
686660
397428
164850
142073
383047
593179
554828
209658
490578
656276
231767
722829
289134
532392
451270
609451
453084
696226
494742
346127
188428
180608
438669
257364
609983
154461
211967
716882
196508
300013
208842
744458
346958
176895
522820
57787
509696
281946
684252
447980
734154
86391
327927
742334
673156
566158
555848
589184
636870
433268
181829
537963
329092
384168
195238
582821
394674
258302
481300
52134
586147
279028
491538
353377
363243
566454
120452
57865
374160
431802
415599
339905
124951
401215
94366
481703
348031
743994
687934
290422
663047
230290
209857
116054
133657
290702
332437
197988
433713
23110
342185
196435
260821
589695
109553
730916
194266
619146
79694
9485
494430
390980
12349
743612
580019
166075
433722
140301
207671
129082
586498
65937
141804
118143
398100
167853
279807
200789
285120
228727
640565
215686
292885
392865
657059
595997
583358
296598
471290
741888
265932
134520
130128
690998
386734
136198
535609
358511
446735
622674
164530
517426
471224
568054
491467
398868
315527
182495
185952
98152
496763
278132
563857
713767
329010
58604
346757
67477
378187
327493
108332
321526
192495
496453
17658
340526
146999
578204
654488
218886
213259
331113
183259
543526
507578
328935
415434
415763
638818
589716
612934
307630
535062
515754
609138
367887
203948
627007
339988
31960
168733
17759
662145
698091
94223
293495
34958
397845
220206
309350
723126
90453
125317
645460
625488
558380
308921
444234
198031
328273
72143
75361
401309
567507
556949
563805
432846
254471
553383
624120
29651
612587
382551
256658
656196
632434
697009
429359
613046
606769
285863
525999
700600
738706
210236
363665
608535
7866
549679
111002
477677
610061
643924
523338
302281
667939
568533
106736
304709
221372
519914
160179
565894
618182
725242
262628
670291
484639
486161
266213
178853
182662
90900
173961
383268
610536
216454
367505
101848
103921
13159
411798
168593
6721
483542
135285
400100
319895
18586
176095
97458
125510
81222
105908
129367
743148
399445
477439
252898
601808
584311
370803
16453
653199
546196
96712
53089
308685
449815
39725
737585
379995
687131
267386
720336
242847
441
140325
682082
321207
187415
450817
336458
556954
398509
414140
661171
382247
646460
710426
541971
449292
429244
666727
602245
219089
310053
305102
206292
297231
381939
599603
112093
180806
443099
170931
473645
737206
712023
429865
215340
6570
733521
375655
242769
261043
135291
563202
421971
626366
456374
105846
555598
734238
334508
456644
206456
633727
500281
398826
317832
206000
518007
540912
613433
129481
321337
587161
165200
54325
112547
84607
644853
681109
497235
534688
255905
240081
326078
74862
263369
65140
612884
389171
234285
709467
217761
669937
296618
128475
678848
568668
620156
154524
19921
252847
376914
93492
15551
623040
142988
32654
377440
309517
347718
634975
339964
438636
492820
212968
225332
740467
692347
606733
552364
536480
723030
616599
328165
717557
205513
152463
50227
431008
300000
11862
616428
534995
453583
16737
443168
236717
533762
99017
54689
534611
436504
510942
551130
540766
682258
502415
668565
717724
11051
178590
296622
500063
716061
518061
221054
241453
241433
231081
241500
184318
654576
614609
653793
110762
516862
198236
603011
243792
519664
30115
220722
383855
669540
631879
654931
48163
125716
6081
371291
705757
628502
71836
693248
246601
737265
25980
90877
312832
576201
9385
608786
298249
31734
98442
355242
709165
654082
733947
594525
113164
334902
388181
695828
600104
597318
208344
321611
619209
312506
359949
579597
297558
646334
76139
655386
384255
708432
345827
229768
678882
186088
175887
486669
205039
259982
74954
383877
639450
39232
80694
14705
172420
597830
354916
100577
91568
280836
302021
688156
483000
637572
421093
374308
254892
55183
536183
375775
681157
407044
256908
238349
279594
81127
213317
273609
269043
297129
436620
349241
266613
607106
547384
47504
313778
297756
313589
428555
259364
377809
176759
377864
596891
341785
509364
413717
153420
10921
721025
132390
383725
555202
302038
108286
618916
611062
627285
637907
677266
712218
667430
536382
741071
713034
330427
119329
726208
590392
632635
134745
472252
176525
59061
247068
586005
728830
176998
307977
120307
80501
6510
394206
566251
229703
27363
48500
734652
721093
708638
295605
394679
141575
568424
60479
514157
237886
234104
200051
28520
614978
138211
716324
375345
296762
525266
384901
143751
353482
520041
146491
667073
426624
638681
149749
370653
721009
502415
306193
594110
285141
150549
6251
253393
561164
455630
435964
660660
265794
7590
742378
369364
654878
288680
77894
143918
270577
435332
669684
586951
294601
90702
276394
372717
609625
485605
458910
277228
441048
127249
735914
456170
219240
508142
733223
157992
78211
186283
313429
474726
66629
193826
666862
68688
569760
566083
367123
635121
161066
464177
737948
589396
590123
591557
215294
132903
205694
698145
576721
704650
667555
336159
704400
34101
107231
350374
98981
706132
334526
113160
404708
485899
101364
99013
637625
100257
118062
516879
322894
265037
533811
64317
749330
338322
425581
515524
444611
697423
344017
604305
452829
124013
626281
284462
137012
561655
576627
398886
718296
526427
671321
211386
622575
445740
665435
595149
166481
590505
330141
580610
3852
405515
223728
357587
9515
406847
302679
743634
548175
420066
163488
344954
57681
605161
476014
633455
580982
274419
112785
519322
97873
226765
663616
75611
338144
276130
101204
552720
319744
10648
679505
388087
19361
213649
242504
183093
280001
380253
173232
510221
672621
130132
411206
632180
598978
347839
476740
637673
196023
446229
598203
401723
169978
400248
219902
83129
145336
276749
657437
517932
700162
27034
740986
329661
372475
109402
312026
419348
195790
572167
490255
49887
72038
246259
238806
575238
260810
476357
550443
52658
334467
607859
609010
65434
649904
323286
478128
196500
736828
257086
478611
511199
105388
351343
688806
112587
191400
273142
724534
616698
219215
634174
690790
630259
315271
657746
48451
652037
118556
84291
117908
238142
460303
407399
741220
206927
481377
155202
111808
134123
395679
699951
731523
431423
191410
383862
386376
290441
302917
197051
668979
742609
632839
154755
125372
672761
169633
86268
727829
634518
419246
203574
46472
441173
716021
727846
119129
542589
234813
488009
530297
480699
288900
587264
329934
507529
620289
44139
177872
641494
225141
46296
37206
311506
671345
289237
88837
121902
214864
645503
400676
458017
486080
277393
439539
393650
555539
425195
422213
66908
635327
61093
550008
651844
368391
217853
311562
394168
307361
187813
467929
368269
347084
198158
549876
542962
395642
538925
291856
634045
731116
316991
241913
267485
435979
463683
425887
562671
88858
312824
513598
574566
229490
159963
112496
487809
408268
532177
203717
588148
132779
549072
487406
731277
284037
446871
83102
732077
742461
404371
408146
290073
633967
617940
262760
220100
473991
587736
12988
427288
509160
120513
155137
130613
244115
140459
559595
338086
727286
399554
327984
36318
653464
357811
597315
368099
297335
150044
727145
8470
292832
668099
199834
66638
684795
344231
484267
94414
382838
325902
402856
148196
652357
427771
542281
566303
39419
252616
426440
178381
119150
318350
745457
612291
346207
738829
224032
312802
112232
746372
385625
31322
348012
294747
217889
434861
520043
610156
23864
125640
419630
317363
184436
385677
240721
389799
44528
606064
100982
546388
509392
725356
322310
93987
283931
675378
43837
725048
7382
80508
216004
480403
408764
122255
73591
374912
573763
185841
244353
172504
690650
435006
252573
309700
487468
46923
36187
729556
673361
345312
73434
464795
459252
645593
660046
348495
380474
205679
436671
398176
599474
269782
316342
144662
7760
486902
637090
152828
114758
310075
438914
651162
487507
622848
739738
142635
235531
298968
464319
391649
248782
363386
174826
616013
473150
594535
275569
384228
142903
38071
547574
19862
132163
371
196125
733628
532017
477866
62124
139181
423607
684006
342150
592753
654129
24105
453872
264385
90416
570734
633497
137513
698776
162105
107355
96179
155019
471176
600889
644693
314453
219497
430724
449548
691890
232835
584955
460637
237450
454739
397186
88491
421424
619864
269955
650426
97186
409229
27782
577443
647380
251786
468975
588457
471889
272823
349903
506964
742269
152298
466462
76861
288403
447676
593539
331926
439677
491135
269862
566393
1693
22075
463258
418998
577572
635668
655691
313115
86647
445481
480657
256621
740847
666573
236355
304683
481286
707079
673749
729679
391261
733502
5136
111966
202943
741954
710000
39324
192206
430134
431030
234816
267244
68968
66852
455504
17131
483449
223022
485150
332541
738635
705910
125979
348153
204771
654369
48562
216103
151442
680199
731744
463977
132744
336262
702583
145486
347759
625190
77627
55725
578922
661594
233762
531682
519734
348751
462645
506512
673560
667338
744529
24365
705889
422075
566359
711535
401327
651756
379107
662289
213768
508398
112921
125378
714945
733066
32505
586941
560122
611981
289666
690194
729444
473064
138905
49520
733037
446838
391649
111652
444381
421599
578710
285163
151721
443958
431480
672731
155198
34478
133333
119234
337985
352163
169390
202974
200962
201237
296096
258979
225208
322328
434978
363097
662720
42777
160578
247077
344480
445206
530985
101164
175183
18178
640649
547234
740944
95582
267115
703830
703886
690321
356513
454688
150678
16776
134673
371710
503272
255873
404564
692438
592949
615882
364891
571288
458317
732388
311655
580924
692744
715355
139641
441043
552545
12212
346582
487670
516501
73749
741891
389344
574164
634698
294682
430192
540162
700835
253105
666825
429423
471752
478048
739948
293640
333413
736220
493197
194368
654002
255568
37480
656367
586422
121716
563128
273368
233029
175443
704093
596092
468360
81493
282844
689264
697476
558953
98146
714634
416523
84215
178460
20283
499044
393612
356408
575646
404791
572578
253484
599915
321789
600068
699042
543370
532695
373988
308772
658421
430647
225592
100577
482956
467358
161694
297483
38119
368087
197511
439434
276947
731426
12575
615594
329294
546052
743916
332611
379832
319650
180509
344709
467952
669630
444869
562231
347306
507598
699686
263147
410844
205642
129910
744152
395357
161878
294512
749476
505926
268621
515625
64603
288141
342246
337044
746890
730820
198283
443800
459189
171507
117436
311272
166956
277880
513744
654372
451723
552153
334382
456623
128160
591234
373249
469961
145406
493392
216266
627078
468631
306862
593961
294385
738864
397484
578255
617057
296691
114940
311944
674099
591521
292107
76118
485587
161419
13902
190409
10898
688682
58683
124915
459890
215030
251878
612264
388737
345977
422495
375416
651958
684897
362071
370560
53634
383521
666312
622483
474717
150333
42271
450403
155652
372786
237134
373799
408345
652661
200320
718828
241998
638810
684173
750118
161485
213442
232733
93254
118189
29986
483254
340171
620900
511482
530368
200080
111841
20637
454095
242814
390108
452324
364593
437207
738801
466174
724553
1272
79299
619816
315764
529813
676816
715716
250073
243722
5893
144625
550953
727680
57599
85712
53583
494933
82268
723344
36014
19168
730986
620055
295128
31453
190625
668753
207051
585051
708711
142425
325081
728676
551414
226090
228977
498289
399258
63211
298927
337771
112166
329414
536528
453433
681913
223821
74499
305235
564297
51895
137826
364220
351141
655370
641064
443506
616353
128994
71728
692085
390289
123391
392105
465979
21016
724107
462437
522208
532576
296759
130353
350998
188924
451173
291590
657215
519524
210300
251038
186976
66915
286423
396980
725547
503055
207728
485786
1256
107045
696324
110490
319196
237194
548028
523809
158242
394837
71012
73057
674038
630519
391149
113740
63255
95241
149605
676574
312581
232210
494584
688454
409849
79482
114342
235051
86450
679028
49448
547788
435138
554226
392079
287589
18114
106761
150779
426739
8249
362519
571728
119608
466652
632948
459038
584696
133961
325324
80549
543563
646935
270128
80108
255124
189699
33179
190473
356984
32903
736884
500679
175534
21476
198568
89537
134053
207562
349928
571017
76061
238229
589812
261632
487292
710568
622607
132713
676169
249427
106252
56007
700515
555186
620569
139483
650641
186556
166041
729078
706121
618536
621665
105299
660383
123022
545290
737948
86839
363038
149578
295011
451385
147536
128654
557907
359749
118026
514305
143734
586029
45316
296663
380301
272161
663881
143876
532637
385826
564583
205223
366720
446478
415272
681433
231871
634920
311178
85661
182716
604731
266531
17644
469533
299909
3784
231932
198151
506327
495457
656501
398600
10292
401764
706005
78454
250831
84906
167339
438474
216237
629439
337252
76402
533168
259089
39660
633419
276507
169154
657372
566657
37113
194509
745079
431312
11317
707206
6170
551470
693592
85104
266021
397194
558529
92652
158215
233864
230832
97439
390882
344555
152650
30618
285624
700280
474295
140384
336078
556807
200890
402515
448381
660590
167910
621032
611770
676030
623423
399694
236796
180373
648798
22117
556659
740642
336352
702511
578939
591422
242535
16931
321861
407549
653614
467880
142056
544396
191458
683471
147881
188336
709812
719620
71126
65904
594388
735580
137594
610420
371255
107438
488753
526043
553107
169148
656513
67992
3358
151797
660153
283338
363659
455445
436444
227166
414696
284087
355632
635384
444629
480196
594926
438244
346711
349417
750084
279545
318203
711600
55588
57989
3714
104102
236893
444940
131042
690818
417198
380480
159854
419601
278332
3705
18489
725148
660533
579589
27775
334253
374976
335796
399173
332932
577530
737380
504288
726223
68923
319473
124709
521900
205702
357526
376189
574041
624440
579006
295713
110545
516202
511242
625947
221505
408883
245103
366147
605839
566602
491810
737015
238157
425988
142921
267384
528395
708904
55984
115110
25470
342359
593502
378312
732780
154489
664572
203877
172521
631821
269937
617862
534406
282804
501398
551590
492227
490979
747668
266152
118274
664123
718694
597610
411603
323737
393503
163592
253548
284014
83439
555757
115680
544766
60933
671091
361169
307140
163189
610803
15733
313869
259526
300180
326295
415263
338075
607154
206377
444401
717812
739061
671034
146765
664917
87071
338049
564245
571055
270827
159857
632690
542089
739362
475086
126423
715412
244450
354465
715662
632347
199215
273717
658923
175251
103238
709349
61489
656287
176852
70378
745743
323775
598972
168672
103482
474494
745536
146210
107950
138292
70247
171905
721189
38278
14822
91440
542061
645442
410455
25954
322245
297377
722337
101737
143494
22706
523702
104219
206544
402619
570329
175764
552487
461697
667989
289788
109396
619724
63377
616627
87534
566590
55015
445348
106738
30595
319195
736363
740773
462238
497057
31368
75368
156173
271726
550150
674832
453075
158140
515440
229267
45561
314711
101892
106414
63201
556293
39471
222363
27405
308804
70440
442082
575356
515704
626892
689713
531821
622045
503708
289103
248363
640144
437292
515753
556408
161313
204871
170728
624556
264854
482833
247786
105615
377372
308497
211290
172866
516368
211704
687216
139033
276086
309232
360950
637892
69921
137646
716633
606456
382434
201094
496368
302164
110592
151766
306846
497401
2431
36937
643326
602376
80415
56495
564459
666518
681573
343116
732086
613016
361234
467594
666049
493868
634531
547818
266426
58703
41227
330601
742430
497463
332015
493697
191644
121369
182889
64872
290689
188185
222016
336742
452427
476283
549330
401743
533586
372801
117611
67440
524542
611531
568182
501447
687370
411834
364962
626463
379188
749939
264654
262984
426313
524391
269217
712602
640164
657625
680669
158304
256801
432044
564866
646045
618119
366522
51071
286082
300390
254780
263967
606599
50192
640733
139101
27960
573946
435351
204546
334056
37655
667194
458315
405820
315734
627069
681601
414138
635074
481070
117232
317888
614252
36901
165075
604943
592452
463750
727491
672895
397359
553074
254513
723388
592370
689443
641258
706821
114733
271964
102526
580081
466235
318483
267345
8284
597122
161766
736821
565405
672842
106160
232607
626824
200407
74981
719152
75368
378573
306673
229653
610964
348773
747923
136258
302453
519957
24054
615750
645161
248788
304294
20057
197407
64895
79883
561085
21818
590929
62570
181989
625151
722518
372828
110522
412343
147911
685787
281913
600272
271311
445807
156508
487153
525788
423282
245794
314872
472395
436116
638389
3590
252323
737911
450690
163698
287684
689379
52533
82893
234423
264208
661331
550043
57501
34827
308386
619388
459133
15811
390219
537680
234320
293327
121104
236397
623343
569619
585857
112886
651066
539101
127287
356905
550880
409970
515483
709646
460779
381198
106979
405109
668846
631131
69267
513665
320197
653827
634916
709749
82532
108796
512875
217310
470363
297373
387230
598642
507939
359751
313256
31019
516092
9141
198523
329687
219919
504907
613863
506767
720545
609253
61115
514424
426840
506943
560735
613842
703290
618682
19639
133256
525723
425036
733896
707023
541207
737400
647566
633210
741702
619254
684204
431294
34851
434079
457040
361043
246667
404428
378190
736634
24021
663491
319719
668762
306358
355207
230676
56121
571205
747395
427783
263296
632490
713937
552550
620460
111967
664638
174964
615451
253999
255307
553156
565622
31524
234790
549350
737555
432959
554151
478992
119819
115370
66997
435677
537945
77498
466590
523698
626172
718654
508576
398923
433573
541236
667155
227501
728348
636484
735640
478634
612972
623458
384291
18420
427049
640442
419258
350119
34475
690548
85322
217810
422190
706515
649377
570067
469970
702658
377919
460351
555025
636846
682126
347775
318467
98916
747283
480717
488550
2042
148017
150271
4340
506587
278715
294572
660414
248401
150266
740445
426881
410293
689631
79906
72536
581335
725265
545458
442834
63137
699452
328846
64822
191467
577625
629183
82336
410976
612677
747282
203833
717726
255478
289753
740184
733714
480903
409417
461431
749674
5665
547548
298355
568136
202576
484881
431094
15369
478263
536011
508520
534789
624688
518271
696661
560712
192694
376072
39347
718856
82751
290833
419267
145347
162868
469086
35445
507587
538089
198098
609624
208729
445139
232793
364869
564170
109798
603550
519372
114981
584510
161932
513255
657864
295224
312508
51926
677110
489584
695871
24734
426522
619142
136381
170527
688245
400322
410017
400496
280461
283333
668018
153420
512300
144168
266954
329175
372611
222200
526573
292530
235791
112543
723039
17831
126767
448509
654221
731331
68839
429959
393502
287633
328929
652813
203885
69642
351806
180868
555241
328932
4668
157900
179745
476902
654559
432090
199904
442664
317233
609365
536941
109732
683871
593028
654141
205149
244728
698738
592294
207092
402406
112932
473827
207216
608201
173324
499998
544435
481950
216896
469642
150203
272789
697224
286266
604950
140002
197247
116168
601517
30536
469890
150053
163924
50711
360159
11006
531607
286041
605182
474220
520918
209681
261980
186441
116229
287402
621219
149791
440738
15690
392209
370259
672644
3555
642953
264927
504616
317108
539079
90504
229475
411717
684879
658322
216124
500152
113340
573340
228297
357380
91942
87270
362227
200739
152813
573076
222738
535068
495762
348749
294131
480654
237216
723263
251234
271483
167988
322141
338235
537240
558693
411463
611176
471643
319123
510382
220617
104575
284229
225919
575624
620460
556100
410122
12875
161358
561619
154387
460935
482157
321221
310112
628607
111288
664990
212626
499876
154567
411897
102053
523560
188357
213
492328
207804
380985
594549
121501
593292
348961
601563
28429
488054
320058
19489
577598
42004
36759
49384
536062
102908
325604
720239
718994
304529
431107
634777
183024
743686
605029
553204
499142
324889
389822
734658
563846
633250
182234
143189
746739
707168
84205
724026
256292
96925
451801
109238
380201
596911
168497
260535
741446
491420
216726
192845
723918
156628
120019
429336
717550
381403
572939
531920
741055
382106
52990
587936
505842
257573
587996
37002
612159
253082
580272
194191
439621
334995
701754
569746
255345
421593
387581
524458
242648
57494
11755
531624
136065
137009
88601
476318
341139
615367
506963
505752
616475
736799
414350
514766
714005
36696
325148
545711
39642
271338
494047
413312
316023
226953
179212
376
3384
742083
192931
742411
85087
39005
548094
253646
643078
281458
484973
316869
632612
119704
654075
277662
12062
552387
177062
127292
370215
381927
176936
396031
527902
224224
500900
526922
399197
715293
9528
49616
675076
214947
585220
292491
532507
69670
188066
584739
157222
13368
438655
351504
445223
379885
104158
434342
373252
557504
560794
124131
359147
125078
37591
555721
609581
673856
631759
698369
98166
526860
348340
357819
228284
218190
94271
470592
616502
414578
206602
166648
704937
235604
332888
509879
67479
231462
12079
51496
109377
3807
455854
581946
580847
60925
239455
400138
491610
391522
463731
624018
479365
722619
613806
347987
251809
112968
591242
540012
481339
53631
398644
695295
676142
554306
11946
596760
55612
261259
177497
436967
647621
134202
10061
514210
561083
47134
198300
521273
704680
219898
51238
458781
54464
121296
342118
744551
102146
259142
248501
610730
482921
619391
288603
439812
68465
323857
508424
135350
523612
3619
596727
289452
282925
226482
628448
140706
581753
568288
213522
399654
736700
151344
681058
516243
608444
94596
748688
100177
742843
97033
557121
714287
114464
740855
238942
46812
319034
331166
602556
544665
726019
329609
552915
286241
506786
593284
742367
135706
672218
514342
647096
181082
170053
617308
492926
293097
632282
85407
423039
413327
680014
468526
569631
581153
352184
624361
62588
120783
163158
590337
525274
604235
18789
612467
458763
679152
421974
82003
630559
554508
731879
247304
214306
1149
681710
66182
232110
416926
243949
457741
15187
43761
335512
552876
143208
520373
666200
14316
400703
456479
354005
602321
32040
134658
559708
228039
269865
72835
712737
397541
707938
242671
709453
185381
172923
249001
573681
664539
231210
623493
139695
162062
350760
22477
602869
589055
334126
276771
155606
431221
568253
123581
570492
660004
353145
585783
4335
423634
342300
19017
193996
475875
418813
442996
725452
519005
466881
120471
258176
720846
72391
602546
42678
155367
415938
341017
171858
510870
468781
124119
717101
274291
346936
707206
333861
91159
119187
484763
55715
540782
167439
346612
666198
484137
175822
410863
581550
298479
699574
613579
494879
239384
435653
155599
108069
567721
387358
247672
640473
503227
643125
637800
190310
124118
289567
711061
249284
144102
451809
66234
20357
149121
504085
692992
623243
135921
280083
288175
694969
380009
620960
421800
710489
601847
157838
653071
626046
26535
236786
306016
278748
196622
314990
10348
458403
327483
209972
580393
569377
711126
503195
452195
163092
475406
601105
386056
547043
587677
292475
54941
388281
703857
623543
101799
377211
254709
667462
41384
240433
7403
34619
460402
101303
288014
245185
222797
279466
313213
360558
244256
652848
736324
615816
694548
719614
684757
211783
84399
395421
255730
714230
542501
633281
507017
172862
365091
584480
726713
335025
466049
481726
632075
500779
141010
374854
334010
1062
552870
105497
111363
411418
433536
125068
600688
464074
395666
731515
607109
10373
204226
303997
197508
555614
690866
505314
2012
138611
222296
598551
562184
330929
449125
710628
384801
617883
162130
695812
187888
147047
649378
511345
244648
279661
498187
361593
220247
569226
198022
190259
649068
548180
6749
641304
240876
682939
279280
330374
658212
195815
411645
433926
284354
80502
453167
149794
265593
173499
68700
548383
698103
630825
642784
556094
78099
130729
523496
189842
629812
488366
173917
122478
729836
655347
56995
222281
463229
669848
95398
401394
234631
308631
455639
325787
737607
608636
284001
474287
251554
404799
630031
296930
45978
733752
388189
560002
196532
7144
631849
282735
472451
312422
674682
732516
418675
89469
353431
383319
324170
143808
223496
564750
724261
547090
156374
207095
325866
656774
69241
283668
318460
576972
621888
281234
720691
665466
286733
586392
403015
642089
619669
299177
126776
576480
382770
551027
458663
408609
239223
288422
428275
164205
130179
554244
365850
342091
542412
216366
221698
371235
298241
146449
252389
383203
252956
599158
105112
719465
383460
313850
44984
83838
124060
489308
542149
464382
339612
601631
416604
62033
365156
607110
651391
621920
613157
593443
98079
721889
143949
30413
98290
460736
439137
12596
102463
471228
620063
287221
413580
708634
13747
654621
518647
529067
331176
207058
59107
460338
475406
175089
581556
565263
515890
682459
298458
525416
243190
412587
31641
29074
252442
659641
465470
137032
137201
6363
104077
9257
467537
431108
377997
116035
156500
94893
244396
58724
188277
397151
311905
134102
632038
602724
721278
102058
165272
622242
63088
101957
341607
722645
40764
48163
373273
749326
166080
79722
556770
633563
636244
639549
434753
651026
736002
587720
451670
395628
284319
206877
293993
647461
430035
19275
94113
154870
489585
671523
455699
452658
614010
15481
472038
366274
272327
27495
402608
61969
453678
591279
727931
537364
637993
335388
395849
259190
247064
64008
569870
452142
643235
7204
380985
526993
89984
508062
736594
507829
565146
410817
406336
273919
224532
363125
62690
14720
513157
475434
134413
690731
484253
44632
210086
79774
337709
234253
569651
376081
42496
238449
255802
504880
85321
398555
262289
255773
680250
58458
298789
147895
280114
637126
116975
351595
550457
692614
13006
244774
193346
728123
203829
537482
457063
728292
568807
227388
411509
379639
406751
468285
676220
175496
588867
737495
211577
383322
392016
290743
391041
690035
691137
374709
700022
373612
195409
543101
517767
621115
204751
67622
225306
576610
371169
464911
234656
294838
410258
23797
643027
604211
231643
710744
369918
137411
348173
162163
477247
682811
562919
297594
544471
547467
282581
197725
367530
623837
234098
282030
107081
361670
192516
649397
552611
333751
192988
639352
548578
198410
265729
252919
466518
666874
702358
362042
231766
108124
689818
250384
293156
349820
519539
225354
78526
45949
663937
323731
391814
58248
272923
380363
378800
696230
571900
640084
175537
61270
636918
619366
482346
218817
653112
437886
610559
571323
586539
378061
538202
591000
619973
549210
223550
190149
385683
315826
147378
221683
443280
108303
724643
700966
408677
247990
457052
590668
513504
632826
273639
274245
51756
394917
323936
537281
65142
678290
445807
440087
202514
46825
347067
670519
391093
410493
444880
577261
55502
255392
575278
465189
132701
412353
49841
154658
104315
716034
576987
327904
398729
503537
390436
167336
10404
57393
703895
468061
421837
492783
66975
18040
742894
370537
218530
403933
732299
645526
748164
328320
370980
399669
276842
241970
118540
581288
401951
643286
217826
345374
12971
305701
218003
235579
463091
190344
280765
643498
198941
156372
583162
341841
373880
628300
520505
734007
556024
535778
666680
268296
51102
240315
128142
686167
648043
543730
193216
708788
551969
461452
27968
473061
677023
410646
88547
304359
434107
226997
278824
184427
184244
210585
137695
20415
440743
677814
142868
448005
152061
409121
523210
684245
750115
477419
273636
419885
537417
63332
703223
192330
230102
477051
111539
448365
220645
183065
137981
156425
681808
490494
596651
639419
339941
433306
127156
285660
416620
62828
685708
34117
7040
494914
426146
156643
61363
608413
478434
31975
600368
286110
378707
698794
293972
401721
373661
684385
720677
480839
313288
512714
498048
245208
739647
259786
223731
671161
27346
628992
554786
474650
180020
199430
373820
159534
33958
483676
107637
365568
580823
176148
619911
227951
232927
16285
634171
451095
344402
146788
400331
424432
311160
741738
661039
627098
452386
421378
689225
397278
217186
240589
621119
742224
276221
85693
450612
12229
701514
64418
90711
483443
367497
696009
58144
579652
76479
246807
133780
587077
19331
620119
687202
34538
527919
408338
156116
88885
3823
615834
110052
507528
606614
557005
121387
709353
192845
138451
287202
452266
531326
613868
55521
592006
614238
31328
608678
169766
270345
477343
22760
255849
138985
241711
671298
361306
104585
553925
140572
689334
538551
602811
370263
611559
680686
142456
206450
176026
291126
224893
70562
714497
140310
208443
624525
112749
42772
684157
700156
406218
679390
175772
7578
743197
645265
726445
418436
123943
208213
715762
74653
662132
160766
582659
489545
663439
149257
81729
393795
99847
301374
684375
274480
55325
684328
526516
492565
10078
234419
387142
668371
478037
438225
740698
16846
228812
359844
429509
584627
25841
344143
26733
296203
676964
254439
612585
126512
295100
20898
562365
406943
677460
121042
729217
634226
515670
209492
496158
434384
720309
552489
564785
134696
20001
589134
172750
343398
45929
649087
634441
314506
442933
535852
651149
546575
233762
279132
333010
561275
583681
44841
543782
448593
705882
128942
396847
280700
62783
193762
147362
271286
419679
80215
722469
113307
131477
24097
259569
566920
706384
135957
515340
51158
151037
94787
408790
251175
289426
534398
198160
699349
160944
341636
541556
370127
99700
392188
405037
597403
738805
544720
440873
286972
21323
150453
442477
388211
573572
567607
738458
121547
440831
701165
592378
152808
475150
36370
638337
116947
733940
124428
334676
60085
502198
741654
243854
546529
297813
358226
66679
133198
289206
504242
549037
373187
221562
423931
117373
649551
192192
39957
606009
285695
515368
288484
507397
8516
416693
742379
514040
155905
563148
617769
360416
290733
83649
514785
490384
127353
492975
286763
547747
373113
669843
372184
280911
290042
167301
139764
60423
696799
701007
154306
551699
241779
316976
396093
191480
614227
147244
6380
694091
662546
694558
307146
73362
298107
336910
412946
708728
259172
133587
654080
694976
269264
170394
583009
257007
416583
428955
302083
135285
577229
94466
470334
545585
712660
429819
488221
565990
76880
183313
541595
474496
170332
597519
681329
525529
646345
93425
319053
399760
203144
223559
589471
210314
109507
618437
518531
592953
126983
5157
707351
227520
528347
576240
745774
660395
369089
523982
474041
124959
384393
61360
276889
584704
161325
742316
524009
144334
712861
123748
577045
159137
507826
113234
27129
81574
579262
51076
22228
469945
627886
390904
704908
748046
59114
626334
722595
11345
393464
486067
634919
170098
41724
549669
410319
458307
603387
502590
10642
218870
136607
63874
645590
216686
187480
507991
411065
574562
633338
666092
38574
314250
557335
89656
478115
37603
705039
410836
110384
503944
543259
250684
231093
127322
575828
651994
43472
453913
557078
463067
623481
561901
394793
486683
609833
76931
636212
229827
35399
730310
736137
326345
27612
704291
210937
160183
587286
719437
638970
672197
301123
250125
561010
100814
648126
536021
11275
645249
268615
642131
85013
209217
114497
460701
29057
62548
566310
239709
135356
157374
516064
459763
474615
434319
601669
736515
482173
279942
320788
382350
384307
451741
155235
241890
2752
595240
747301
591884
395003
53902
734499
835
16252
630861
743151
603411
665663
238115
339705
611350
77298
363921
702819
472222
165765
154424
282638
414269
740092
90779
613909
376396
340163
430389
555795
219615
181107
372023
156026
370252
670169
217667
305830
487811
520791
414633
309149
281961
243829
406738
152548
664289
15591
397271
26793
297753
578320
206428
478285
723655
552807
294316
328973
177454
18275
661004
651683
284774
523139
330536
657623
108502
124276
407248
259025
277433
119781
637481
148253
581703
746749
316324
540125
659564
522740
205286
248646
254261
55608
250287
569784
458005
529060
12598
666313
179112
696248
595328
734839
243539
177399
715824
522002
272706
682554
456725
299178
391849
258426
521478
647267
709559
285390
313519
34458
200713
684589
84004
322201
150694
183676
456788
306054
424847
518546
335003
568853
152437
378989
422074
125464
153652
592625
49923
318049
503652
75975
270437
744425
262847
86555
427082
386324
591605
439108
667288
585428
592541
141148
238068
269342
410169
282634
320194
213893
171696
37527
57969
129319
192437
417530
530683
130841
79265
155878
162298
544023
171949
447955
224273
535091
601361
64614
134818
705037
672714
376996
289807
688223
64029
674937
30577
572887
333092
739248
483954
712963
194514
684960
500644
169449
604766
158646
270348
381143
120632
415931
260562
542819
732172
451095
729931
392159
360837
608749
692353
356978
6213
708620
501681
688097
497966
289664
60208
737332
37331
323305
578581
623177
3934
273398
298867
124215
446200
370007
100726
166682
486612
65782
614230
403413
608873
692877
40190
129972
337571
628630
291956
57021
61843
673070
600446
210574
551149
329861
615446
179624
387000
402510
300244
14074
657397
699006
328522
689843
684415
720345
431245
66337
174705
393320
445036
270687
346642
582397
576960
465638
199514
520663
736094
327687
439386
313386
237983
419809
147157
82783
390812
420350
185563
256864
501993
366945
749683
390479
495829
271998
621531
311915
277108
44132
303284
179496
107352
47034
560959
747611
327
226449
283353
744781
645246
516090
243103
446565
366413
98608
65073
635303
195238
607730
72451
603422
320760
411077
13780
442571
435053
304900
251763
17494
249038
327293
236919
296146
619713
739801
416018
463702
101398
567452
363916
365451
434257
505245
280958
707744
295141
9360
113823
705398
154838
628716
357398
623312
736483
622999
28339
509299
47410
64886
206798
418569
159387
375408
55874
658387
625326
275649
141308
381662
243002
606008
438890
700728
721078
206575
64774
456218
189438
674511
454229
38040
34777
272522
607675
190407
637647
566031
34830
20211
1520
701401
421460
586553
260909
526900
744470
565827
509918
733232
585787
46925
707595
11170
611148
299081
708369
728775
173668
233718
565558
617094
557784
613175
148306
571053
730682
434523
19669
749282
3273
83940
547124
554695
328217
607473
621759
448611
294320
270268
634157
159756
677811
472430
32020
71987
290879
708634
600818
659761
716057
650319
452064
309366
459819
695024
275170
307794
29792
427028
336211
88188
93775
277960
58777
167865
202606
652811
455259
97865
451651
308906
509948
235200
401487
569202
351814
744006
590885
41293
713910
328400
683490
268902
703871
298389
100206
402581
717085
368797
447188
654164
638185
211884
90231
295552
85130
410528
593028
593151
351020
749260
614351
491101
596261
475824
743865
145783
55148
193908
199632
260713
645626
60468
54623
534496
100651
584851
382030
632752
724584
571550
206261
454711
489635
150451
68343
504081
160244
576625
597991
71390
56687
451557
726596
488180
467356
632748
165919
64630
129444
462212
500771
479391
581282
656293
488465
362978
555582
614886
616886
708247
429650
161794
160104
448748
574210
343632
281703
443455
476077
14236
742826
214507
117486
345165
566204
249182
189373
312833
533653
14559
659121
725422
117834
592466
696358
13850
711356
342289
574807
414267
574416
574618
667570
669003
737222
35341
735078
275032
440644
514017
423835
385225
400898
479694
666269
57550
279606
151351
509528
154132
278887
292720
236700
619818
712220
678939
299292
495028
219896
544176
337504
285326
590039
358857
644969
261102
97598
356142
16313
34124
480410
510918
651170
658994
638549
91259
265592
147192
402569
16810
664165
559184
447003
175934
489140
618996
700906
664986
716789
700411
495800
209671
565274
103449
712021
626663
132197
684496
149081
16680
616475
709558
465452
120932
21941
468990
149128
451645
409543
624047
685742
517357
399529
76241
303005
270915
703073
276888
194222
656557
561115
732090
213954
651550
508290
247593
75127
77237
664745
408007
489955
292826
701419
428022
628580
499798
85688
448176
79792
393288
132205
231390
56672
351576
479040
179135
392142
736552
431186
579899
656197
96247
663182
694808
399575
434145
592454
255033
531485
334635
246408
677420
29850
1878
463211
272980
408774
445811
398428
113382
252232
402166
79581
305894
551804
298010
206791
620426
155787
69862
293180
638111
173645
260556
419546
140200
52441
612956
705379
615576
108141
20659
523235
99329
501492
646058
160162
590198
435900
558391
515297
501023
215299
734679
266440
357656
447891
643115
712796
576390
657325
254935
476604
332936
375305
76942
615877
246860
148588
397089
473286
529249
572597
549484
87
365950
71459
572805
595363
560300
177462
722965
686352
36074
632720
654584
277790
32719
51674
408363
387194
461394
582190
28303
398570
81999
499010
153257
448437
593737
542608
319446
228577
183442
20735
4285
569615
199184
449707
207145
667779
307790
492905
31976
705491
506361
534344
133775
511190
708437
13852
540158
81376
421911
297272
220380
148143
54488
105407
414068
12417
253644
408097
380353
4326
357897
49663
65935
544139
172669
643988
433544
562071
567187
198720
297868
616167
226377
393567
350853
67108
53130
457860
430932
184419
445241
278304
246745
87877
720491
564845
369118
744391
500088
110782
139809
700088
133240
37850
30484
268665
141102
122027
79638
416714
726276
183989
712418
141456
477538
713225
594084
611929
383422
484958
743919
723137
582242
311655
303886
103580
706397
446621
31310
224842
55253
427487
545690
604100
562211
146318
284635
407312
372279
396132
24444
631436
501712
495407
98994
363553
562872
529645
636392
222765
415684
208764
736621
64374
273860
2169
61762
730378
530082
546118
227751
302833
311633
408571
523927
186278
574269
117257
495747
156855
83488
735854
292542
531324
107614
403998
392149
52186
435853
233693
276604
726714
298810
311166
396252
28803
656749
568658
575408
357597
413104
575937
359852
215347
481028
659699
308421
363258
77163
364709
639661
363955
10452
417052
339009
640112
629509
740148
631134
575769
362000
93886
31854
220626
580814
328622
740331
454697
586252
556595
376948
653936
173965
640549
501200
319595
244549
435999
359937
220540
650774
100755
479539
47495
24770
76512
532531
134860
494497
477822
626457
207600
717950
154007
58520
674866
662881
119146
145303
278710
120883
80280
446858
712422
237924
262170
19482
330851
183545
608898
114155
410445
607511
749610
114493
104229
49168
445540
710068
190530
481845
438046
150103
45727
214492
598132
25316
424624
662899
79193
381427
646509
580263
510914
275020
709994
184863
46432
12714
445031
196161
593668
579600
215598
491480
453683
654450
676441
489840
146787
398438
601704
620073
657413
612714
104203
167259
364978
497879
31538
326583
279895
6700
466957
402397
424352
608178
213492
583114
307988
43021
298808
281085
124479
49378
530422
615653
322670
359398
686519
553327
677176
257136
82645
424672
212020
661808
466556
582001
179685
645481
533669
52086
624962
501975
215048
257106
228619
470859
53765
427273
42776
326800
328783
10351
314239
596018
373829
506222
173527
450451
223682
612114
450551
261148
114199
404530
377299
558721
277100
528971
98323
356968
738412
135795
660142
702669
632935
452504
732231
342779
737582
326798
510723
559411
489203
629587
284350
533842
360925
328843
473260
528957
50654
330160
420686
447851
128617
153291
484494
623010
645377
98989
616409
287699
315709
152513
527690
695142
509728
27247
747325
90825
464504
691808
168471
41842
447570
18572
332640
359473
387815
121949
558334
471001
666677
513166
360972
694178
573744
10817
185208
362853
300559
75457
649065
117662
379170
464030
621782
35703
734785
468053
587876
159345
251457
731086
637946
357216
36977
749717
270694
40974
421656
76943
497444
28567
728475
177884
708918
704206
317197
153223
55950
75223
223662
285122
111201
328866
408021
415286
609558
212973
730504
481901
32549
448740
328016
131916
350507
78059
302330
441884
635381
309894
63805
221753
157673
497667
620582
748640
712394
723645
79577
649099
110582
78627
205379
532386
436901
145840
207007
49664
409771
658036
422771
638813
4397
300509
547374
239235
285348
93048
147187
259998
274369
626117
17918
298908
216698
541524
531898
26271
179724
19092
715571
172755
499921
278529
402066
593085
117371
529256
76634
423577
166988
476263
679942
525032
665732
231819
352942
309373
5770
474079
416596
416923
41367
555380
570134
710230
568947
345905
609137
466673
684653
136535
573170
287464
609578
557622
516409
428403
165843
18871
255559
371947
570303
294839
178334
514014
597639
104123
710147
313277
129487
191571
627840
295985
94652
198599
590291
433136
502099
8531
440119
32443
251592
703432
261332
24935
13860
422487
635879
214764
555443
492310
482100
221303
727082
346311
324522
701579
681241
56244
113845
299554
256750
672097
528714
369672
65735
735799
42233
712975
307058
286297
493066
94233
71377
117396
592099
145498
408359
731755
473768
696148
494030
66615
267061
216403
173726
286414
417114
358839
588801
240975
182480
25876
242999
507849
700859
340219
733738
357115
534971
665439
347796
116148
662381
663573
699721
599611
643427
25385
143840
726481
208035
525932
82780
197114
209647
578733
567490
220630
682137
494667
469152
531366
595673
421000
440819
69679
229875
470383
65207
731473
56875
42521
646616
431330
721648
240462
722237
33334
126097
374722
260018
679331
224230
527272
193055
720421
689972
227593
497705
378873
704781
61936
398211
163345
170809
171897
281298
412411
727914
79504
483407
510500
423126
572252
348168
29093
74622
613576
135129
388774
676805
258331
230087
332067
149394
127971
636163
77558
340418
348526
208468
101476
500769
364108
242938
151234
486235
147574
591631
132246
414202
350249
269679
158004
221170
281963
37229
668848
19622
407672
401059
726770
687002
698227
654414
130771
590681
499596
580896
211787
209058
106997
491303
577857
629844
347256
412398
711131
120279
103796
549528
355764
243232
515763
207995
422234
284869
664552
286104
95171
742515
112101
584949
422066
313770
49859
619279
470190
210912
275065
688079
532250
168553
463904
321754
697715
129619
126585
233081
254699
655336
45658
214890
125748
641811
86666
388566
632428
260451
269354
98348
490599
95617
602513
320250
135180
350352
185548
334034
519390
374510
3136
353654
400699
445958
319499
92478
678108
719206
38392
97738
740629
20368
400728
478014
614626
272111
588838
507943
625321
278263
64011
626325
164230
535850
335925
169455
140656
434840
342460
164143
30127
117456
406735
515806
395216
460534
43459
523553
72626
169256
546386
167828
47673
748102
375342
621200
277314
70908
164523
349890
225049
248179
553257
551152
78397
50637
546436
691289
301172
163872
732466
683947
69046
328668
88008
702390
480953
557727
692454
36761
412986
350469
427267
282627
725567
559935
265860
712275
636535
345025
176752
234780
631908
746341
359293
715754
290132
357429
200712
570405
52284
571263
35352
680603
594574
689883
73362
167492
241732
68931
401308
712319
11305
354672
436432
343795
729558
31650
731520
220068
594090
525543
661376
698561
393461
463288
47816
661709
99695
131724
201528
212846
650929
587158
547824
461520
731597
297173
200583
401886
330110
176370
649778
701749
53416
82143
287401
736668
297813
10588
63203
693001
381573
689242
173018
602520
171295
671767
25720
539178
543357
352728
39515
554348
275811
544400
62062
483233
650466
589757
163422
170610
218396
191524
43614
178495
315376
423280
425261
539928
546190
636224
334021
746519
257569
511456
629008
293822
526005
118399
557859
638063
719606
450022
317267
507725
87878
537791
3056
283157
183069
672141
661915
20422
181087
424467
611997
689622
572334
477135
738142
420809
411922
221238
122901
664022
43018
591035
281799
738440
398770
379838
58720
236445
194181
633964
111578
571769
487246
401579
278883
122221
584774
513848
312120
632877
303131
288222
19790
583841
514871
643811
625722
196674
632774
651584
406033
69919
448294
313031
113649
495691
381713
247540
569579
411060
501690
384172
498424
147574
103722
338463
550418
32631
143573
485595
620938
662075
615189
49242
133031
206053
420200
65687
251310
598486
207986
207529
716731
316497
276674
197981
281719
173927
488257
18214
700725
155353
131734
438536
205660
596886
479775
700008
354323
288119
339255
482009
576689
368246
345606
188104
100967
238728
448689
52874
616463
702872
102934
63358
645881
374565
676437
669506
723065
696998
169803
237277
277749
313611
494602
392553
360973
23183
164867
227584
56113
666717
148545
39690
254461
631527
476507
61040
735815
321978
85593
223840
700094
646448
351225
528041
462023
571735
201620
198635
502703
174801
216590
87646
359684
345883
548136
56402
593641
454148
158868
464261
651448
437850
668116
14666
360272
174620
358116
520915
209614
729219
291716
80164
346198
10666
159224
444430
467503
582995
208423
308880
512880
154282
723236
316291
131716
130843
609781
531489
550542
247251
659159
89711
247551
42219
9873
460945
641350
523060
243079
653619
581310
482813
141591
219428
247514
570442
314418
81045
394330
643844
226062
487216
553855
371401
441418
264955
52858
357140
630355
246120
18265
32631
435669
508504
245443
265731
609949
567390
33602
381579
528239
469984
267382
117042
320154
206323
604981
434504
70724
671810
599441
480824
271281
2288
735690
257917
463090
695909
523522
280641
303837
504382
152563
490807
451932
347468
502658
103465
301189
505106
216771
150575
563825
369824
259188
74669
487199
404301
560874
552298
436461
115933
46686
350829
499467
10154
320904
197216
198287
117018
150144
644978
186293
650029
273807
728198
288083
251434
693936
582621
198666
388327
450873
690224
640899
354338
195382
606739
49705
396835
58118
682917
571788
661922
330948
23143
230097
444742
300808
366756
718810
691026
446670
69237
625519
635150
403528
146521
444427
70010
470737
394911
690855
692429
425815
286201
638883
570203
507730
446629
728111
220180
164607
544574
263487
225847
740354
260543
689727
742077
416003
49539
450795
233676
559660
102528
432919
307601
496337
665102
21985
165033
230774
84755
475045
543389
96770
91064
344804
185217
417011
681832
110340
38606
521293
738205
224393
241077
160528
26472
299743
257879
574282
321673
698358
543083
286676
578534
661460
661449
388642
304459
335856
443340
141210
371419
43253
651108
202698
455755
113735
302537
672346
269192
639173
390691
342878
747170
126738
374012
159433
66775
7013
384405
340894
172804
165880
325507
539082
139500
119227
432875
399527
506224
378744
720989
413684
519946
276785
533498
362602
235584
399864
315772
189927
397875
91081
326122
398508
703415
1590
345399
12939
332008
203837
464365
442403
481053
486900
251449
400416
286263
389733
341576
33257
538374
32654
353984
488653
119252
516067
688720
83419
228798
535251
425032
468221
479109
639810
289872
143444
223491
522883
397759
371335
627858
412597
514120
570508
640995
616125
569541
540845
508792
452917
299901
128142
234044
455273
606191
597991
143020
618590
535809
598399
586570
309930
74344
75184
120937
82154
399290
594315
467615
620983
213431
673099
567492
204636
629773
567648
701934
447289
92530
471530
85292
609346
71829
408000
683875
344347
275085
647771
578836
726811
723133
77452
191798
6063
51768
372974
207037
595162
294385
354664
591001
475480
283777
314366
546609
159820
591138
21396
166907
87674
290007
142297
374733
4111
96427
213553
502593
127016
570732
60721
522607
531859
170204
627529
478693
6874
707060
208373
51825
286532
626472
31033
369229
699836
564194
397688
334564
642145
67461
693251
52983
181145
3264
64144
60251
731232
146993
278164
677211
744731
662845
187775
608923
727284
711254
474816
716251
83216
630293
693551
694284
127376
691976
487042
746845
279274
502205
379008
402310
213882
704468
522302
678669
79110
671484
65924
315300
662866
714161
132539
679881
159419
42321
601624
730210
353097
583845
709896
163525
349987
548408
496331
573594
375970
156685
102279
690068
2396
346133
323357
587335
63293
30165
636282
102216
364501
335604
720321
171214
709355
744707
578536
482120
353816
134325
55154
750753
100223
343632
5769
327315
7800
173905
552043
232601
621035
383456
663932
215021
623528
632418
556140
670677
110649
374912
404582
559653
11475
151979
331329
266173
717450
480433
100187
121707
484906
181677
424297
37522
490971
340526
671098
654062
521903
100966
141810
24657
580672
295122
338264
455848
541958
34877
428111
44796
283366
187567
191595
233724
403133
122876
343068
167194
541918
238692
267918
329249
23251
738438
158974
20273
522861
498881
742434
516919
277814
441045
684251
131899
204939
464067
196066
647209
415589
601461
84540
735615
699454
383583
385225
553448
445225
464223
529316
507870
71086
159596
258011
233504
268805
599716
508298
339443
656259
294016
126471
96139
655653
367676
267575
696069
238071
639489
453688
466365
233221
621998
462439
512400
230156
491730
735704
238410
137099
51953
195548
65997
315323
15352
398068
320590
376681
577780
13946
3665
708383
609451
270663
432160
588226
266918
159358
140365
110122
601863
693135
727867
160192
232852
500267
133809
94
282888
598580
580756
395695
204846
602784
445519
745661
737569
298082
275988
250476
537657
296964
177660
275165
172808
433599
437427
498812
290559
712099
696563
496412
437061
719312
283424
74553
572743
75275
293937
19050
236558
145227
561185
382353
13944
738557
422758
183353
564971
559223
473221
490519
580336
655153
390744
378855
95995
452484
624932
64761
38587
653327
729071
521229
613986
313142
410919
119595
645966
474976
186528
702338
572771
237424
477660
505113
199291
400066
504718
715422
554525
261055
545762
614614
630681
423333
723595
538711
430068
232307
337349
335772
330739
686915
741879
354561
698874
606507
737814
376992
144293
377443
392238
432206
602477
720231
370358
277238
93351
633968
325324
382005
437814
679983
599885
378872
225488
123730
291648
606939
269843
214312
461697
588761
402853
423908
340963
163021
580474
201419
486689
372132
52028
431395
643166
584762
489755
121916
328924
485702
472763
647368
574938
354573
583689
651925
173793
449692
232949
586887
19535
386181
432508
309408
527274
117923
574374
270907
425461
343364
581102
138795
415293
726660
33584
453620
284525
354174
525236
575612
355897
273027
152024
725536
549868
423326
9622
48484
419054
307965
445979
58763
602393
284404
355754
361206
163998
588102
163834
186901
241399
172542
8247
167732
328970
401140
684820
715467
183336
195603
302333
84658
727794
671103
664736
450488
715089
17069
486190
195112
302318
632012
19424
281361
588206
696926
727091
496805
49340
267445
603911
40231
38528
225147
555456
607028
715122
295206
601283
532421
151109
700686
408112
481649
702644
645343
380645
294661
393005
604532
344596
242261
577463
689229
85006
594172
305803
569248
303492
723770
70309
269948
588838
687483
409867
675561
542920
400096
651799
183588
457249
682146
227563
124910
514601
106097
531880
544753
606127
447888
710492
81958
669928
648664
307286
608876
178349
679205
674392
562675
625871
131198
262782
696494
306519
392183
201016
18819
313081
114595
545885
220299
75644
370250
240822
654027
136856
142278
335641
428944
237991
163869
2531
8406
738816
503572
661926
362185
106431
270269
156947
157615
733796
406562
12765
446022
729624
286574
711071
191192
399048
584209
695184
538206
142576
451787
24460
62188
455474
169829
468578
567748
482218
605507
553099
584674
332305
510842
196943
322897
253093
737796
581858
105654
51654
675321
700362
619209
256581
437776
600719
208904
207666
379253
715474
515742
558723
449408
375886
146456
200350
642903
158459
711942
502995
572665
726257
92934
443281
235920
616842
189194
482552
638331
679138
569267
12729
39438
272160
651323
244648
92061
82392
527927
464911
734130
552242
14282
226956
422742
499301
572170
219381
492905
392325
246484
702529
367413
716740
238410
205207
654690
146290
276175
704850
686366
530523
75067
413816
614241
525451
568713
113782
309529
538355
123753
16899
549127
11579
505648
381503
150017
700260
277543
306060
249872
462379
168454
507274
694060
84636
370395
698290
264757
54991
89508
107012
239
709873
617125
498820
255995
158426
313107
384845
675296
372070
114673
739966
460206
556262
203448
523876
285169
539731
82768
736257
652421
150839
164531
90013
1465
677513
268960
20324
439443
602759
13800
448722
283703
253569
425517
366291
134878
579391
77596
493444
740349
327911
718908
300341
160962
256430
122180
647274
534775
728432
501970
40703
661544
499284
486094
645129
299839
673824
316747
625161
496286
646681
534675
83524
548597
695231
22012
53215
83011
214733
423075
328120
483658
583734
216910
290050
503874
622158
12413
518049
209262
496334
19291
335773
455418
444772
494397
18666
623966
678
363015
721567
715244
740074
743770
484779
237843
697945
152012
649670
571039
377971
367565
281370
149890
68067
579234
327144
142110
510346
472343
52397
404995
726783
586756
475591
595728
424227
623821
401885
143359
398145
126051
263455
706648
495842
619676
85617
283489
507466
504019
452701
89103
403582
210101
538117
166284
2754
76593
705075
103801
426203
309866
312017
621440
162394
88822
87407
649009
261666
629352
344611
306447
305596
651046
379467
657296
203152
69314
534628
247603
615840
735203
252451
661535
692486
510049
241894
110
33845
11396
709614
689911
417831
93812
65351
335489
129821
119730
285691
397867
510933
166497
366586
280767
11993
392392
321172
12445
256555
587886
236270
297669
115883
69731
526195
42936
528331
336939
622138
6353
654418
274883
426636
642554
371476
228275
208684
30654
397943
113027
729782
455099
326737
70285
237564
684440
379964
60049
460960
372285
654726
610864
90387
479580
80993
417963
223869
177031
705818
614515
696206
621975
450765
713079
719712
301772
604961
465004
635637
86734
708957
271363
153366
236269
145636
91222
582254
398507
220233
404158
200554
141062
658721
347699
377004
467114
679861
453113
685988
576597
635435
139166
409508
476026
484063
661501
360948
467813
445563
320637
719997
220668
499524
273476
29445
618164
168826
178138
543014
426088
320829
725870
35722
392025
113308
525002
575070
242387
284923
365302
18909
166192
252025
63720
727639
187845
345264
457636
588882
48161
119157
124029
488974
604339
713808
582393
296996
519959
287752
729129
249346
170650
312421
108651
300568
224506
28521
8507
468692
287682
398638
340110
524677
356494
667650
474361
523780
56049
595931
204333
740524
373954
158596
206072
620702
663680
585173
422970
315896
37440
666431
150209
15706
526513
750363
486059
297639
283969
334882
252136
450148
43725
175268
623863
394423
12491
45413
346387
412789
456536
6366
628994
317556
99345
415110
42641
75966
364704
331276
134081
455106
524007
641500
120020
62298
268606
336232
407830
47555
681909
249455
491780
122141
583251
395639
397892
139640
541845
152704
441053
246925
112915
305125
240092
205539
190412
594867
465776
133795
568771
114590
738903
3980
476331
273303
457937
453113
158622
609143
679264
680668
231918
516363
75341
529641
144901
448135
80717
672044
100852
249092
55331
597813
621507
237978
246907
719429
267445
689661
689714
258096
534845
321125
462949
272875
43996
137042
96281
621308
296486
263590
485817
643490
529317
147638
633126
559444
379762
539992
588894
238254
715709
562875
316629
100619
456457
55754
623778
283124
269069
344319
224736
314684
341262
546363
93417
144727
63033
296373
222261
236253
373472
741217
344985
645983
678524
574245
169315
203970
1589
637994
637510
242962
158697
540489
272304
693766
610122
232970
299331
715013
431375
15565
546483
98364
19631
302603
566120
22501
337448
374615
311368
244547
97526
389444
341040
220284
713859
735951
226054
389590
254893
731534
678900
582301
239315
150620
92687
385593
74870
352240
262490
694457
113579
77487
586446
209920
479370
383577
401922
565275
562105
177746
152183
607350
542338
63325
16376
717250
723293
453015
223256
250044
313683
730922
543648
150385
99985
433613
428711
206437
366735
550824
153908
515651
1641
99266
183592
191341
32286
227787
645744
34310
391785
420810
414079
316023
364823
35427
313703
738572
504282
295363
278969
156528
258634
389622
103420
248445
124
726597
202442
20653
461829
658968
281924
54525
634113
305277
15860
174894
27207
369322
169474
495405
605867
61774
246373
141772
520848
357815
593046
277713
11259
378328
183008
264435
56708
318149
529588
479156
398470
70823
654412
251397
740622
625970
733778
108978
387596
526416
252498
489441
106206
102147
474975
169526
598470
347215
385266
693659
580961
62719
590276
538527
527323
176701
616859
579226
86695
492516
384325
397118
392481
153687
425207
529768
481848
281637
486779
624672
138955
708370
706774
236767
79715
502694
91961
465114
107619
374205
501331
554529
188934
161245
124571
171908
504368
478922
383452
302662
408425
274084
312472
408146
275895
24672
198372
695954
117083
149586
495731
632752
494450
712957
269760
631854
313625
349428
522059
181253
208191
255386
82118
169254
402047
549492
441649
89512
662421
562353
154062
167577
520119
30457
228585
112571
229900
610098
521837
295252
404822
447887
360677
91389
369623
416198
76009
34436
264780
464785
718346
354708
684687
162646
184107
193531
35172
494077
627155
333230
462637
566663
664786
223920
195717
728283
580750
543584
166262
640541
477700
612836
369098
278873
127825
300254
168852
584432
228233
623684
664109
278410
224641
72419
605026
423502
669684
424634
175174
746703
223671
158143
331679
221033
433564
562041
325254
630168
179704
102052
294399
208750
500821
647843
434037
507527
392608
205812
520174
258886
647480
459432
157131
411215
243920
290655
137970
298629
140657
9583
243769
632784
33977
496903
158312
695818
207763
449433
475040
255830
270441
497112
603808
59459
344525
160389
45246
59929
119992
44694
321106
603890
547188
670756
341951
499500
202697
259692
331319
102232
239501
591304
146502
324520
457353
344366
229900
365782
257000
352063
92403
308149
19448
657011
532936
524538
155797
327469
19965
8520
698409
116589
536097
40164
285991
230360
348686
701533
329250
357520
238667
319360
100936
667916
236497
69521
92450
257847
404786
275234
364372
455993
610414
716550
493063
7501
165602
91175
447888
588742
642384
137215
295228
137500
483259
350980
735367
105358
231424
126597
471277
702239
434735
174464
655050
600170
220904
346999
300142
2175
261922
65019
293825
552132
395306
110412
670413
694261
571990
590841
383159
18388
550066
120730
416013
707068
101689
234505
179561
630459
13227
530189
56283
224460
45326
726312
748586
79213
68452
285454
138125
430303
183578
500244
750720
13273
397408
438125
318082
74551
61898
567874
52248
557930
620527
42984
54732
571714
105170
246013
263605
745867
617184
367495
505132
670553
122389
477220
170938
434425
656622
144234
750191
656743
385297
277112
733381
418475
485269
681660
291841
108489
511987
748576
572559
473416
739532
36179
148241
691608
40116
561199
246417
651142
636750
129967
144791
226569
638311
465218
562138
143737
393262
334247
372504
434724
539733
290804
352548
690660
96043
66471
144552
621478
266458
405198
576572
439130
468101
560561
148108
215572
739950
184509
389981
161377
47645
512921
534099
170695
12264
170570
127351
556582
733120
403812
180506
422097
626103
621267
665740
418277
52154
218747
21828
241800
591916
156868
166581
49557
668928
374576
613808
410505
691072
590017
512400
376787
25642
368260
532042
216110
77755
47539
435305
513695
454865
84513
336291
183983
685785
560465
737584
620327
12636
573121
86918
90451
111746
469468
139977
513651
588497
644240
394679
304028
712822
891
215535
227398
51648
444807
748926
720203
108232
344192
473636
143730
374609
162575
172162
485745
355616
234704
165140
379243
692038
306943
739061
338948
317499
491796
263305
7315
649667
48659
614054
294710
313252
451006
387169
181256
736530
159829
355665
622990
226627
149895
711652
323256
444041
160798
560587
453074
279012
116665
14776
548161
591633
557478
579956
327714
557737
417629
332182
569834
131674
594482
408503
267464
228552
179919
12699
122269
39560
354679
528098
531674
326941
696905
524793
497404
523458
548626
743514
646954
724097
385899
102646
319405
177904
291005
601040
676831
3323
245748
349142
131341
247087
510422
142805
688078
462284
498766
292126
161469
637529
641683
64948
355787
583395
195751
87908
328203
608992
495987
248840
15601
335810
45717
118553
122965
43544
363481
286077
148641
453956
260839
91625
507501
108061
710462
201594
688070
348924
568442
328111
81487
61373
9170
163562
557606
411359
116505
612019
477301
624390
55322
666273
627753
670355
596519
462932
644835
690359
675050
406892
29099
504212
2652
123420
127753
542324
633023
112477
290953
272684
566831
728317
535127
77855
335612
559854
80257
336765
452355
296818
614615
588108
345517
171145
750798
507482
260254
637441
19679
745783
289465
308450
30594
112244
557426
221354
732336
116295
268350
410335
289053
689569
30993
453784
54145
501113
658743
201139
384971
320442
345170
517962
664109
75018
215413
61976
351914
350497
739397
399672
669655
647100
212622
701838
645675
442534
593132
428341
498457
513362
712828
465584
385693
495005
363478
103407
208380
598267
205006
702566
267508
71189
489215
300689
247275
352037
463302
610884
354863
532811
559914
214348
221460
485950
95833
413958
128256
422297
483822
281874
118991
683608
735719
552741
17492
727483
328046
42905
113226
501849
553790
746717
266847
421455
38300
724023
62202
709660
730302
622430
570176
270994
558057
742723
485412
622331
386742
511476
590669
422613
500326
733856
73321
731526
258353
679011
592460
94489
112062
248104
498540
106987
655388
511284
509991
512061
1354
452704
461960
273798
15957
386907
435701
414621
468056
358176
198042
407970
358187
29297
459712
7640
230981
145365
468257
14906
67814
275146
566859
671847
325439
170403
1447
19390
362743
186339
717236
575831
315866
520392
385861
46339
164069
519559
277367
234200
217043
8531
255886
48860
699597
239196
297394
619266
121287
570008
547628
150875
747398
39487
134919
733476
113811
418670
504296
323521
438145
126723
743862
516809
524658
673751
272432
575221
512985
397703
8037
42524
429459
291255
413252
155798
634526
105143
518960
522571
50533
264562
481756
97637
245288
516713
580316
9717
577046
714625
104697
513020
416033
646726
178552
330707
267095
682920
570390
630930
505688
527316
460008
430349
157375
213700
695698
201031
423270
533952
317000
98638
372324
726601
212594
176835
679550
613520
247617
727401
485161
746005
478710
444142
589109
240904
15021
531430
650121
12073
743917
431336
412219
36069
267374
488186
371888
518350
432378
219697
143940
490639
341098
620744
280997
718706
3058
645526
357502
429882
216922
371056
65246
606418
56018
302780
92117
84610
41137
8779
233737
123129
616863
375758
414286
711188
385447
70020
711662
449510
215185
6001
49819
350454
126471
451408
671627
35997
574850
87125
543841
86308
559561
340388
331530
679480
416833
190832
241657
408050
507247
96556
327703
233198
613393
448097
243255
184586
132787
497106
361942
468847
733195
419628
234075
531823
732499
477556
134145
692845
412889
469477
504531
156323
25363
561380
377707
541552
476145
692084
296609
48077
453641
133090
394302
536067
538890
624425
65168
342825
513971
312961
646115
677865
286303
182562
495692
121430
469767
38673
23933
119861
429876
24572
262034
659968
46803
662327
241849
423267
726686
109760
411686
395213
651798
496103
115571
36734
312716
191385
9352
319324
526046
518630
61535
463645
395906
259686
697354
398203
190776
80649
424492
210490
200020
336617
148643
212089
576753
250600
699565
464861
556806
641264
356375
698914
385698
37829
398100
441265
467862
276319
178045
720771
455633
91503
558682
562351
737433
330738
507497
678242
146792
240783
90963
269799
26275
10639
219064
104804
26714
700363
182214
714959
91825
384022
147362
730837
485436
541292
392015
144797
470968
170512
345408
514616
308347
541868
294740
195441
372751
144037
7446
683897
727734
162781
7200
382744
53333
459148
950
11275
62788
296578
324429
587821
315324
367399
510678
552454
5721
444045
604828
686527
520059
480935
354846
621850
61641
11823
722702
654230
392834
662596
92721
191749
88635
151340
411171
383526
254649
709695
263979
624591
253884
355415
236141
551569
579088
23244
663120
593437
107061
680473
15505
659369
425712
366502
381814
335323
744268
236810
265512
659304
739808
288658
610865
482870
272812
415777
476875
557514
145041
292396
64171
306055
217814
285059
150104
447340
414060
204675
75786
563819
206406
2902
464543
639422
213580
69557
448215
297351
530852
474477
297504
614256
573007
323815
130423
646203
516075
511049
361149
620937
735110
642524
109847
407839
722483
494522
734764
377028
192619
186296
372865
135888
302347
525198
372004
711310
411981
34682
457657
403798
89080
626329
77941
372238
612011
139346
314260
382684
185057
578252
509632
571433
326453
241506
98901
667390
698540
716853
724084
604136
388436
669366
665601
715786
718573
408627
36167
676076
285136
611139
404400
17999
532839
364370
156580
487648
203815
450896
741473
339618
239621
586202
533314
209771
312774
348479
156207
240146
225051
300129
564793
152585
411310
101582
179317
65082
105769
442464
421540
308467
298042
278331
189350
506476
253691
454266
151942
556452
663382
191605
8239
214857
104449
539412
262811
372742
270886
492076
596859
221602
232745
277668
717975
368138
457457
603406
638796
606326
700167
212743
78079
192630
27633
600167
475963
418062
28395
473613
501422
24949
65988
712301
297471
337125
625050
595513
330706
178757
196283
156466
642388
684803
426416
5504
285714
391685
167208
345569
696375
520696
560078
390603
241845
735241
518818
541412
56168
60687
19009
103949
711756
585321
610332
306637
33857
510130
340095
237368
410230
183530
296561
559286
187609
111111
550470
303810
735774
149308
220350
307110
325425
459388
187167
140168
433886
82968
727818
748401
652710
139357
99808
417435
4894
360103
106811
156300
506070
9644
439968
643562
567690
437252
555547
101467
173953
120493
100019
663999
100829
183696
488869
427949
142832
30842
482352
654279
14992
170049
288424
570547
457159
36340
408861
674170
674345
110875
75108
480176
236725
118531
681729
148531
21393
621577
607437
701281
568345
535565
286146
636547
624273
142605
607929
742227
73730
181589
617874
346880
249674
470012
23329
734204
162055
568006
699495
645671
396412
542782
289686
51727
13067
120165
260811
338011
264341
675100
164104
165914
653880
316283
491546
143479
114012
696240
530246
477931
510228
619080
320162
561410
581629
156408
244158
166694
633318
392165
505435
12569
573927
122474
71819
225661
717135
327288
412269
186972
582878
249777
108272
511848
88852
380138
723152
328088
514842
31798
494902
70300
4728
540532
201385
548730
566715
295748
385579
699091
442401
641013
115923
707875
614276
206902
456381
353761
134975
295068
571358
488206
477453
242173
731546
2592
324770
570053
185736
742168
107300
304115
146842
177607
743050
313928
738569
172563
401664
631302
71518
650743
219480
220561
70483
552084
585008
520957
319208
272215
467771
747238
110798
472916
432546
131141
565826
40444
326607
504128
136433
428394
252988
200701
490289
366480
382423
456031
460200
501538
639774
633916
151276
512464
157916
512747
563776
650981
65644
474802
298350
406296
234906
467955
700182
291499
606189
398678
272521
744236
326689
288899
16854
340463
516434
344923
41901
417810
638312
567396
22316
12963
747086
533161
2926
19523
175089
586688
470690
730063
248482
270692
736476
658004
386483
439509
317656
390386
560930
52129
518520
78921
343162
134109
2333
140483
5894
288520
640074
348967
436476
68580
479821
529687
737091
185419
257759
240144
283985
307027
271065
98821
712177
312067
370297
375359
708062
41091
704259
360338
132156
727534
404494
79682
377208
597547
332328
593616
187857
573778
54231
55328
394767
109628
308249
739994
339426
50739
579383
464896
557901
113690
526368
228821
683455
262213
544832
698986
259621
420619
157657
224216
226108
692960
344608
526202
658742
685007
8004
58834
746560
210085
234962
553156
96407
166530
587849
258984
172926
256360
30430
622696
364546
292674
704100
722038
383349
425735
241408
357253
130434
42642
222971
648719
479176
511810
155782
303502
341745
313358
44613
319249
20427
355015
512175
459807
127292
599150
577500
23794
126149
384301
35403
379347
706139
434973
30249
519196
118821
15843
628696
203182
226265
41852
467923
225741
523009
250028
537267
565745
221815
685747
741764
642429
478272
150410
631261
394513
254426
286327
740706
461426
641977
257555
243943
401926
664673
426000
80951
379935
671572
204682
463827
704306
160972
60475
571668
322046
178045
155012
315085
26612
389577
598451
454294
634255
688371
209477
613909
389966
293328
554545
121127
452205
514640
726669
463713
411827
586924
217695
237925
583319
198725
598320
238410
148635
119498
229175
488236
231382
470731
507382
531347
380002
232590
69307
391504
151432
419574
345087
270547
404632
393191
435956
583812
151503
112458
693997
662948
562900
331649
274705
723828
279956
112079
514310
487308
397533
683625
207843
746986
276575
43596
613604
323092
608846
291269
18405
395239
169168
525318
708815
145707
180487
481647
363385
434396
495634
142699
214843
268480
14177
529722
610766
606122
160464
182521
380275
734536
657829
660946
250423
636221
272851
488573
348472
56457
219526
622385
655231
99530
168522
656889
109589
7291
369512
733756
620441
178103
639280
307771
67708
74146
729527
106359
87017
38177
245850
107200
649930
299984
346809
212928
523659
323021
705204
703195
738810
271830
390800
642494
19027
675834
79917
255037
153086
406586
306108
440768
70557
184304
626225
87564
454195
186107
165465
155501
397088
239196
575225
215633
705025
113236
164548
164977
724140
432293
421210
731404
673675
331068
213687
442690
309575
104255
497877
597500
578765
749954
161529
443299
107719
554897
375112
587711
57452
179552
115819
384094
397978
331459
629851
665830
315849
733329
418072
2268
501355
565234
409929
142769
73284
29896
154827
643419
534930
397300
335677
746917
308678
233957
671951
79417
50481
413278
459863
50006
296826
222528
601578
473821
730983
409256
63418
722703
56448
622443
620290
696451
89315
642440
142837
675856
714430
448706
393517
366662
146948
133153
255307
613135
591117
196191
157852
129589
301301
388482
209299
246335
309320
505911
195541
469705
696656
27790
34614
259967
367740
362777
32684
130318
542382
154947
658159
151033
199647
263389
411503
699710
724974
32318
723169
295094
532635
262414
552857
395458
418924
56925
402560
302253
438860
416241
468851
469519
378392
572208
679409
308630
69458
650948
211208
60143
368631
135458
730333
657715
158166
576576
573547
234422
393725
126178
333010
282280
300170
336539
423330
71284
506516
201865
228720
246899
664216
281970
571496
546487
700397
710866
533837
34977
279670
712714
452833
634135
543908
77609
446999
266754
700442
323022
295754
597412
474972
377543
138645
643631
160634
436361
626562
202938
178372
663310
61265
375854
196131
198392
164589
442175
271045
238556
382699
511314
495555
103189
182020
537099
641072
727390
153488
468623
103488
194854
417345
143592
163349
673330
601098
690802
45358
140103
618517
134413
303187
575334
407731
662549
705619
403904
198047
53160
564890
562529
711929
207279
668688
612965
215735
35831
525591
292970
219318
359338
464337
452033
486023
643919
708294
120180
556423
299308
614652
224921
439205
452347
471880
195474
503802
162054
680592
471817
283030
234656
407458
457917
465156
446028
475716
427484
137183
728358
562082
278208
475322
692316
147840
715360
260228
46785
630628
702519
194263
114019
77106
553979
722044
465851
123277
250317
340958
308824
484223
286113
127967
621305
257927
24369
327570
213597
416116
534693
68644
14189
687962
225490
326759
11673
372704
442471
39307
401908
666424
484532
188716
44320
417124
475567
490025
357433
96103
292247
479429
630768
474683
121455
419676
311756
388105
684481
409862
415585
79082
605440
653245
213557
103449
429236
456997
581518
106810
205175
431080
632324
62308
730496
500991
236711
236136
180194
372046
583731
716070
462714
483409
96717
105980
681963
593501
603390
397538
238148
267824
529658
720172
238400
554667
434393
391006
116244
108975
294301
39808
222961
97170
231304
705813
218321
352472
115974
201201
662000
433604
439872
86419
147937
337877
235329
239511
182733
673680
54300
683270
193690
396002
162195
704267
706544
480462
140841
361756
395334
93466
349641
547105
412800
629465
531065
689203
11291
585094
618287
297771
425930
67903
526083
602312
429476
224619
582507
453237
546326
24102
189155
699567
669513
461926
241206
281892
624602
579043
32496
397965
638625
554655
256353
176480
666782
628461
101027
9883
562806
279719
556034
304677
11168
548646
276529
64605
647129
303232
286770
255088
374742
394790
143283
648738
44937
394829
491054
406131
144557
655224
354779
479116
493101
696867
164933
189502
265504
559894
737582
419471
87857
55680
230974
475085
414021
579477
330133
523614
57056
419614
656219
437907
389354
582259
33997
329160
649394
597676
231883
95150
667772
90606
162797
92546
43018
286724
136103
231653
614776
552754
568073
262486
674634
731258
512917
640976
569957
301879
523478
258910
426416
184820
65396
188498
507799
44680
149435
541837
410478
37998
687208
616187
125071
510671
587473
392536
251046
498045
167101
390161
39921
535668
663487
632500
259719
531324
521015
157227
261885
462264
655988
295395
702857
413987
487734
611296
257738
251775
167771
380972
572872
626022
746529
158162
274228
498155
18002
485799
128494
209976
660739
731262
474961
414600
552332
429530
259128
174232
677493
200765
77191
472422
84046
463372
153080
302668
151102
518697
700392
638284
488547
579109
463307
354825
311738
296026
306712
565570
735087
738486
127353
420872
733191
171964
368022
183604
173366
388747
652171
211897
431175
611368
1727
93257
112452
2036
44939
438918
66736
683397
409970
522626
561531
223656
146763
144762
410440
683936
81032
376371
397353
67532
380501
172659
251009
77631
38826
709551
337751
338014
569966
652730
329490
476152
25930
496358
44590
725288
240831
365740
596705
374827
80808
390245
532421
533161
657529
15544
675899
29226
696198
741136
80857
90792
1040
282117
549480
586104
653146
377993
164227
442440
323336
110405
458410
179887
308626
145041
607715
535872
264331
107805
567382
355497
19754
490087
403024
712636
407645
510312
249612
19496
492628
250798
22183
49744
548654
76842
200301
466377
159387
70344
557731
607768
730559
733556
741120
53586
649741
109630
83445
640523
153414
515061
645679
442896
269344
742924
257587
664286
285791
29654
625393
451920
577893
431234
429658
279191
671958
536329
515639
488783
77867
582731
478814
514226
127188
457869
143585
586274
242968
400297
617756
491022
350420
341783
548668
352007
540290
544980
139682
639033
660323
650173
355838
119325
391913
282740
22777
148853
456668
411680
293557
222536
399435
570866
626443
210148
7865
558233
69972
535874
437403
646224
11052
240361
523125
332051
296780
212739
317019
352588
680455
235705
431882
19234
219055
107341
395685
207118
283144
549626
732572
276821
178041
727613
448997
725460
500223
344436
640372
23918
73812
696921
281873
461800
445625
431333
379374
166627
548561
148747
682358
472124
586422
589084
340481
639346
239833
64842
97432
137989
261442
616352
251123
336384
86232
590562
685025
227527
270599
435295
465105
92440
251158
181533
441551
330083
328567
551908
223905
431624
596508
205560
550985
303827
595529
610365
88743
599848
112988
417042
628443
31847
136823
158754
382699
731792
232072
241892
739681
106959
33090
237790
701963
490576
694754
200413
374884
574068
550844
593166
575485
342675
543224
527247
739448
384378
337176
490171
415674
273474
672519
745969
735721
478209
595214
158984
351786
638436
715871
160028
663193
362270
633695
110476
35410
501612
280097
285837
644757
597283
248156
357020
443075
495109
631549
687665
408841
256524
603405
35305
373887
543795
520376
90531
250062
729257
644484
240077
330535
294679
128980
573496
5355
211156
665495
169933
468386
650000
330754
64956
629771
418875
663733
505952
223857
61028
336931
526154
459905
547431
166994
319615
479740
366171
267988
138285
586244
604066
407071
309319
189064
151003
405814
33578
622733
367408
286051
124424
126565
536407
556608
404320
57378
41933
222414
247801
183843
34590
151868
176467
62945
506139
334288
507303
428534
489862
176377
110535
613685
382671
600950
227277
356334
577133
421975
705639
118251
457917
37743
28913
84456
331718
499299
470654
43019
452125
477012
365605
709764
290999
555001
124067
450729
205060
340750
460999
637189
404071
65148
141951
460735
138561
151031
90675
741224
394187
288334
571664
131658
370741
83733
569879
415992
37801
26882
602485
477487
339273
662673
219372
392926
620482
723080
379669
490909
4300
350037
427043
294306
180523
173628
56132
21716
513905
336334
467565
53618
37856
215923
172886
504223
107115
494212
508284
525779
595841
71231
72513
546896
412965
562169
728774
274146
413734
113937
750207
376810
483238
326737
145209
592977
554616
36005
46061
430031
409913
365077
630240
566445
390458
525472
8881
574759
116878
216189
300345
651934
139045
329505
699824
425576
415309
709247
117442
234119
626542
467458
227823
388760
629475
635382
78584
631528
145164
649292
727284
180218
668155
611761
301454
640150
622170
621675
740681
676351
3467
660025
361341
121276
110298
682762
643987
451195
177241
105832
633103
681662
654879
333480
103855
216343
469218
169887
624523
194250
648516
620563
573471
636927
244191
140730
269885
105465
413998
695955
153600
508577
243834
178438
486909
709229
412582
483019
330806
462719
440089
206472
599028
50429
427399
538846
158942
145833
320010
246261
65460
321830
637038
430822
546351
149437
165903
672353
91231
316373
469678
135941
209011
703607
597294
659638
162188
513966
404923
684012
108471
458642
146004
21942
295217
501354
142161
119625
242568
78791
82178
3412
100487
174622
558909
92121
361405
687896
575744
544573
194210
533518
648499
51304
526102
459381
297705
100229
240250
524985
25659
527484
707534
21574
742121
231961
666843
323586
9407
445507
365554
688841
111920
604368
699833
208009
163679
712950
600498
590850
527867
649466
175431
7059
327350
266650
519052
732986
214297
225473
438377
294254
135103
666194
397699
114275
146920
620777
412223
66432
261629
266543
98756
397215
509739
393418
120271
615460
148982
402251
371974
372728
346441
523139
390433
106705
257047
630255
118574
711315
707161
419529
620170
548180
240399
144205
407155
268303
406806
521632
747411
44191
689361
195542
49593
467752
91853
199796
104448
519253
610741
428026
17871
304464
344583
628679
361478
312687
262977
707181
464859
644573
146948
170926
180489
553454
693747
661091
234811
739949
109287
327800
76711
373963
564415
174926
668364
618455
294945
281488
631705
437797
591599
361218
4545
180508
677251
360399
129314
648953
734938
744446
671580
236535
611140
326701
248537
125940
8724
213325
689222
444286
267339
14685
108802
91586
724852
302625
273944
61174
31979
103588
365107
347558
382848
384847
331334
448645
181460
223118
290786
560330
227352
296776
666689
384785
26554
738322
9341
655315
5883
227748
647087
511055
445478
735762
301490
279256
488453
448093
655800
478599
223275
357934
433733
145738
514176
85449
490662
498976
309982
525273
104638
738648
576633
13362
608504
313698
491498
257541
538665
339709
179622
313927
24493
85003
431182
655205
83855
470802
529379
12990
387474
128398
565073
721677
466547
745796
385430
447382
197582
213636
149439
22591
472990
587483
707603
724416
325554
689817
564914
402359
470356
207368
111657
609000
235419
495050
131584
229797
15597
536163
296806
378422
263747
691389
519909
171952
431687
477356
240941
647487
361136
221170
440616
236976
81744
442532
581924
32310
143315
547797
174144
736221
56560
601702
298679
310350
408952
529957
607085
401080
279443
472403
665863
356991
322584
655455
390525
35549
509656
425872
406729
662947
283111
706766
704776
374539
63694
691121
488191
558064
384149
466106
691725
384621
172649
439871
457702
572804
175666
418649
455837
321487
181288
62217
701227
440531
300560
462697
491903
622911
509219
175681
348880
272754
80334
185728
705251
488320
336537
602878
383472
361172
73849
359769
253203
603619
45530
310424
407385
638036
718897
169917
285337
736946
476587
593504
232242
563764
168277
247881
221171
297138
595418
8780
388520
34382
560619
695191
587942
586235
171352
244549
24059
660538
135223
567530
210617
595357
78890
711613
222130
504174
420790
504476
283740
735225
35140
155243
154
711851
75923
496128
185578
574092
478487
175937
246105
125771
674997
561808
710447
338791
239141
546476
137676
697792
497878
692801
555000
282214
458116
706227
56144
743327
295653
720788
722445
706235
700519
698226
408124
259173
6443
271236
129648
587935
610065
134070
462096
372012
459189
155926
59232
225173
468474
47480
44718
161756
596830
268719
643595
616736
130487
741856
207564
11633
576269
515221
362790
416130
13068
259829
206217
421711
449080
66838
288087
339005
181636
25510
474597
372339
610586
183413
179928
87864
116914
381994
248900
516751
105452
357354
381552
514004
269171
747694
178754
119105
24263
718286
582643
461707
454794
165819
298838
665807
484944
35799
154554
677912
404373
222111
152037
233321
741425
262716
256295
696346
461262
223173
440277
392899
421097
287013
111682
76002
113369
160255
376362
625341
306653
292945
46949
622313
207507
583149
680310
538048
698723
723481
175052
654962
197680
652709
665169
78940
314085
348075
621078
310166
720417
355226
63546
412127
347552
287382
97379
689123
651387
436267
185974
117881
500552
494519
664854
677304
722132
653378
201244
697864
399258
512478
60471
81907
225671
648709
650248
571769
487200
444547
693689
722468
224048
62349
127124
125481
590038
155276
360679
628928
131600
658990
673808
351108
530083
656166
39985
313557
316147
229196
461916
484679
145867
433660
440038
442649
453230
197163
408948
9186
328034
535971
538401
59193
448647
231001
737867
309999
455357
273700
485874
174954
628584
12662
644159
317376
422852
516914
401013
226088
517911
653786
452732
362301
510201
374361
633457
243340
132964
408378
555423
376988
298880
199809
65281
387670
462531
177111
101441
329591
157866
218773
603076
130959
629989
4957
237382
297678
47088
601543
603420
80504
430144
652688
5919
388425
586784
517909
265608
169780
227220
698045
740313
345973
706568
288064
459680
627461
414456
176292
311104
510042
119788
95133
22058
299479
644354
92806
633270
380315
163156
97318
288163
203620
211582
101745
92050
370592
551263
456854
229857
438086
73612
371816
492385
324217
534263
633810
540331
722105
238651
435403
74980
468024
61230
466145
291654
720911
439117
135590
554481
34422
372019
400923
667009
421619
341401
93394
11416
50579
504007
564784
393150
247444
382563
245010
453822
715267
560249
209434
589298
620886
259076
481227
103853
341576
711692
517450
432138
107751
596467
703268
404277
154265
344268
324260
26808
615742
22979
346862
251350
563235
398179
578890
592010
157893
110357
452130
216144
280841
598251
519149
670508
668824
64931
41723
333052
513665
299628
308008
427122
491547
407629
287389
372874
479231
655544
101557
401142
349262
511310
309627
268342
36221
674829
254483
667961
110782
316482
540864
415152
365770
702567
16482
385883
98592
510385
160514
523330
426642
362029
562899
422180
303980
157187
322132
738798
327821
721609
52213
568483
304006
73818
447907
273191
391712
727380
370691
13860
650114
581112
734947
466488
532106
636255
550086
6686
167240
467564
24136
632774
113138
709969
89717
35055
162588
656100
394499
120376
21447
435725
730904
395794
313871
342645
507725
298864
671444
165640
582354
493350
677488
407219
10985
567989
411917
640581
743853
22526
372077
316571
46148
678201
619276
132101
89884
21881
89556
294333
601099
618950
624410
62219
176528
585820
40067
692170
332141
376023
230243
424369
178298
259789
128931
424747
544876
198390
428056
84505
321015
273379
636805
491616
103101
372994
523277
66726
245446
367628
478612
151358
140869
129825
655634
422550
578805
686933
346630
48865
273615
366326
745696
534342
389967
270182
251114
580178
30620
653221
361000
313298
431808
557757
206225
193640
342783
249955
75655
623571
458478
421446
607698
183599
572820
64258
747957
297868
423449
266904
742580
111884
471385
296314
541629
397093
319865
377162
274897
129099
538933
497196
326202
317897
143560
591484
614463
712899
578911
706205
276036
529050
393234
572243
461502
711871
555981
624365
542461
117790
712969
693837
749056
671566
98396
717388
101441
222061
423059
104810
95791
343280
293071
52396
316929
411219
21654
678465
175682
589469
273948
522511
733256
613126
632304
31097
602074
640086
314246
59599
434649
213234
255532
428195
16884
426001
733893
637331
494059
537096
298957
134675
20158
358381
165828
434694
355320
385674
175696
345742
611499
452249
700632
446188
646934
627497
338915
10282
639558
294772
78008
529099
601120
504932
443500
96836
343351
233242
465373
539477
253089
257856
608020
24083
541510
465165
78481
742613
566208
321612
364952
643889
525434
322557
628755
704723
340346
252953
669642
396422
284484
33753
239885
701540
694988
208601
663783
310699
441130
118548
524799
107532
728773
713552
673070
193519
67893
589806
737433
34422
190864
748810
461598
270231
212010
91984
86168
322219
680281
22029
367809
341578
327400
12908
574771
583664
337322
599051
579305
459766
224728
144413
360931
541239
545687
349117
32796
581008
89690
98297
256939
627518
19182
326124
592795
688976
340364
118374
138634
188520
151630
255670
236614
727387
494570
535487
29101
378130
558807
359907
610923
555051
680025
581561
82907
43242
29427
220287
360379
283644
645094
155549
546950
385823
425840
532553
114322
359080
455977
175315
90796
41018
162337
4586
141862
660258
310039
341309
13306
75506
392823
237988
420097
654835
388453
161390
520863
483231
22210
270340
68372
306307
11494
126628
748107
129890
624074
111347
554620
480875
566679
224394
190434
436877
318179
111533
397277
16970
23894
655478
408078
426301
747379
383585
604768
608761
89905
534807
345029
256218
422327
107536
102972
204076
194573
139803
102992
91388
53197
714168
139625
302031
317163
325639
703775
370911
317069
25253
268371
406075
55720
102337
477129
284118
628827
194877
181492
272837
478523
668148
566052
480450
362455
236660
527202
703234
116076
669161
170236
126591
82286
633607
177142
35786
653927
46546
517038
269208
475356
411772
719925
111560
747227
262582
19014
209636
630811
419639
159629
525788
476660
394861
135431
676665
492600
15451
502297
398913
14109
42138
585660
566833
530372
424401
525307
357312
440831
625693
577859
617082
239970
163642
97227
374173
627166
659613
19388
212898
669361
43809
149439
535293
39801
270761
419635
705694
709100
724851
363261
199542
1316
311839
525738
331053
566080
230585
347883
502495
414885
443847
320578
517832
84245
543487
340198
287053
601888
411651
243827
613420
193115
132138
566898
344540
590517
47078
346433
646729
264628
249871
639705
63924
353466
79296
692858
431280
116831
281217
339174
746627
70080
231829
273729
658726
259902
272060
683008
194002
574793
265615
500449
55975
172359
53642
399925
553188
406761
58192
270885
633546
226089
21494
63836
628586
368458
233964
469908
107233
525540
126985
90157
725634
87063
446592
589246
411348
248720
442516
135147
253005
67224
393408
187317
158466
389903
544378
725185
743943
113024
79704
375787
230847
707936
295946
351318
469130
33895
406941
715314
136720
479235
157603
730364
176886
73794
80945
279692
657772
721644
346850
163338
584569
695455
232128
526072
503481
258039
492677
393958
244720
371469
640373
679875
685455
301153
483887
374755
79934
135805
562578
609366
138435
267129
371490
565579
118667
507847
329045
463701
41615
636521
439176
176454
502395
671061
315416
111756
401289
744622
529786
572879
309897
91602
278035
425684
724675
706032
568357
570644
212329
517407
173673
95225
716813
521258
284173
299382
486699
487294
57336
411354
209410
226628
444802
257908
743220
86622
646789
292393
215868
532613
238318
179085
534997
570516
14936
147386
668327
493379
660298
344166
287375
675145
631179
661440
85181
678172
95177
389843
425698
708519
280019
511949
83322
653333
532225
228632
488523
253727
656577
503355
37424
69779
722742
452906
666311
410825
721437
553513
745404
252699
554066
96966
112662
194623
220039
427496
469027
107414
499900
243754
366010
562099
715527
123412
222177
352745
646773
142926
59182
111468
316236
517320
246409
20556
569721
653835
628350
86957
100601
79984
45719
340260
89172
503348
735927
413831
750595
671121
5236
715079
435182
571584
733413
107903
5559
444299
6242
373427
213731
202838
179684
358695
240064
291127
127649
312185
506348
441090
393065
505155
571689
83818
395982
449724
712621
122039
249191
41796
132476
28584
641664
416268
442083
738584
344397
208537
484569
642437
476486
205556
285068
111050
31761
691042
221364
523646
605368
267203
267359
550064
286261
174493
384290
667393
546996
623004
166681
701642
223884
317781
173445
639437
269448
528572
281832
377858
497877
169309
423030
407266
346846
225819
601792
17300
198507
434493
234144
742497
128837
204616
247226
94573
408983
86825
7724
63769
567264
90403
617555
596178
163348
425024
436507
94817
23471
178923
658792
645374
426534
248957
492443
570904
367852
684257
685754
127456
364742
154995
78294
533991
531547
77737
729636
178572
357472
445279
37505
319835
602639
89638
219727
344035
159020
679413
549087
132113
354660
725657
279978
109868
60301
94406
182363
347307
734264
40232
549297
373595
742750
646476
3844
37627
461091
547993
316541
34320
640423
361615
468815
257197
478804
736583
588584
330584
468290
326390
458295
535442
339595
656027
220999
635173
141106
399322
207604
578882
291037
667395
731984
342007
712701
63713
243530
737549
108812
433636
548180
31926
665084
104374
407842
722385
173233
295668
732729
93773
457299
676000
325300
170751
344142
75419
244095
396990
479186
372110
519315
297366
202371
1108
602501
327338
574308
307106
301088
284838
136821
657036
90729
315505
61053
498061
303697
472729
673058
83976
582429
154886
396789
666649
222447
573792
9599
650393
132703
350888
528054
507837
726977
622916
721197
554616
636326
308058
544810
398031
447979
501688
13037
395548
747888
322113
413391
118327
345577
409061
180781
500535
580487
112594
587621
211812
138934
57300
107760
652884
556765
532717
28474
90787
422567
437918
683572
180994
198723
471680
163206
494170
135754
103268
95614
187775
94322
489186
337285
436655
638055
306036
345550
188022
17967
618850
555080
92861
482253
544646
262389
59875
486876
464681
717582
418665
173475
260598
723663
563567
442370
365653
708677
452076
125765
361823
84816
249627
412519
513531
198489
427936
716430
699004
706062
749910
385896
226729
207230
376151
613213
228719
286323
603545
252971
568436
3564
543397
725655
451108
118309
26535
252583
351763
146562
216060
244505
431373
484361
22643
290530
568034
249923
724842
486127
207741
558753
204267
444839
68868
672991
84896
352614
731649
532493
358047
25180
317690
479860
298763
27783
49752
307096
212078
736618
216166
291802
330096
400185
167199
181813
87349
367845
460865
649974
322930
160954
646652
541710
419810
264750
92806
196134
525314
171223
612806
735445
57973
550718
636956
367028
481986
71806
272625
480070
569726
215244
625096
298026
192000
298415
574471
64117
311913
630408
702390
424230
613568
463609
291712
431484
18254
379928
438641
493419
747643
474584
505809
357262
715970
395468
436116
340664
106251
442419
177820
51448
242374
647933
680638
77765
670532
428271
316296
684184
426486
203795
695602
185594
451995
471503
115703
54583
188015
578288
363267
280839
505569
132365
108273
423588
652473
299956
15510
383254
123228
216842
744902
560539
746888
524332
407585
580592
356694
681784
208334
676831
199155
159446
417238
419036
571113
539348
154914
723514
80879
487419
308421
745297
450784
433512
620251
663627
105840
315979
253326
190737
143330
457443
641109
129093
685959
316934
454251
118488
745061
52091
712563
660275
202106
313846
498264
411570
297640
299225
307680
505082
120258
190521
191692
1076
448229
394838
125041
55199
96501
101611
283404
13027
292348
201220
625165
172192
176968
114945
350099
178146
681547
113630
129844
60491
487210
553377
307565
488028
718053
23192
628096
583454
387313
234521
147913
532220
735749
210079
717697
308480
715781
217846
719765
601923
57616
417582
392224
492130
438
307676
385215
94303
259367
610176
110471
691786
504435
586476
705280
529070
160409
669906
190508
215359
179905
243048
214071
308946
14711
384042
564815
545682
689364
649613
231764
626869
672929
249456
165674
613578
665068
19239
696737
68442
427465
661464
243228
286836
337593
333261
101445
474443
329634
92241
658942
134837
570731
658624
345100
105466
413756
642280
64331
103567
365243
274089
208489
345640
317540
102477
166549
108731
624852
604844
165331
10704
7325
613598
394981
487229
298690
234310
133620
428588
225283
8516
151956
375235
586932
282469
154927
281773
293863
203149
593036
686679
383378
423809
402206
710413
54515
217295
38749
34530
371642
533502
258150
50311
509185
262402
149334
512577
402727
333599
330349
499168
645084
257444
723303
89768
748139
309035
328960
311608
1721
568379
571931
50365
139553
425329
530588
245037
529054
246151
155782
524788
248560
57828
278754
711685
434774
50360
410656
624591
165740
231499
217532
185023
430911
141718
68088
97221
96604
37459
454392
321277
157714
466538
369833
243386
579134
51767
587917
249958
546841
157096
417735
437442
144393
90457
580383
183657
100486
282036
423179
384667
502830
628025
180247
110895
253185
578820
531317
171830
720034
276448
445895
306166
190510
385166
455430
134635
57421
90112
273993
550374
520592
34442
384657
678997
697269
570927
481291
597618
300504
155704
23770
457336
320757
255314
718181
560897
288781
236085
279852
150202
440067
507595
310057
170492
142882
245902
496456
42976
681390
493309
657595
239578
255858
309732
726188
252792
412999
155593
642878
393108
594249
707612
399904
734505
503820
391002
307588
580310
286348
242783
179850
40061
464670
172054
108891
289004
436824
168687
454893
548215
305076
251423
277721
188005
499019
644719
189004
12700
646537
46775
663269
431020
596209
304513
482037
241462
427470
121863
3075
318645
696685
309172
191837
195926
157509
678015
649114
359711
95690
737120
481447
612699
417176
57385
92064
625098
142949
115078
60439
317366
73799
56553
294608
133526
494805
222958
703058
293258
91114
324637
394342
206451
61041
311342
411209
531901
659886
405855
389047
81837
305649
493353
354001
322885
529093
582845
6164
324972
211684
233144
618778
653860
135908
345657
341449
575724
255437
144068
598813
669807
60089
553820
213814
66407
412999
393755
660152
193873
483851
127329
447187
610765
79984
547192
706675
317921
620813
444888
11214
512341
444331
234201
622123
467316
673737
416722
50892
355884
255455
22032
98807
398814
490725
367213
625334
380147
325933
424985
435067
622284
333396
30597
212472
728552
341818
511125
125647
384073
712128
29347
29337
174108
181437
24156
691554
327537
254102
602299
282432
563387
675354
211251
42440
224054
108098
100690
224570
727694
70326
638267
268521
511238
333404
234553
175971
86356
151555
267908
164654
460701
51852
748612
693161
18052
386354
407696
305956
499203
351610
661355
455112
188263
515448
305044
60893
62808
539465
255548
161119
321650
670224
402772
690645
405030
456472
630925
58949
621487
116797
613220
503272
176244
174981
569889
638811
682913
261164
738093
395590
734463
190085
93614
513053
477071
710230
646246
488484
335723
160809
460013
47303
432541
740326
691137
401954
619585
673445
19142
736975
340241
30108
254069
617735
459488
15374
523420
395320
347179
415877
531928
304648
24850
298139
109724
683846
124684
688623
171702
357179
611892
74297
145405
569413
238949
731412
578885
720643
606093
397577
335000
568129
66203
346195
22133
613427
171455
17118
706714
173089
271490
284213
619495
216417
277381
416302
459287
85090
645982
457987
362258
379964
668873
500655
391958
312283
298408
170624
462516
325654
52402
597874
702561
742011
253876
81632
723713
465571
308543
650054
645149
712313
522148
559129
654112
650879
531645
743322
282206
241886
683901
12930
603206
723545
620600
227533
378451
481928
453975
558995
642434
377491
614290
299518
82396
723528
462577
163741
128565
634931
93974
250342
609209
573412
30221
293834
58368
670835
64963
147535
219430
48263
251799
233054
571548
14559
196526
226323
637471
570595
501959
327988
644319
297242
338645
5573
218750
160644
227048
595924
367967
713430
154144
729772
318501
164928
532001
95068
179971
692157
651094
367226
108814
501576
77451
32156
333064
514769
636392
623674
86264
320767
106236
69000
377353
541165
396571
690391
196321
666515
705847
94554
300059
46969
254527
378847
321747
377187
165567
685660
480537
11553
512309
622299
136867
177047
371991
500287
675251
519550
499330
245308
373926
181950
560190
541869
306187
254593
693779
427180
298214
408198
415274
312156
586899
223424
527432
71793
227121
595342
440945
3020
541451
127703
510153
167431
568992
271492
362350
380918
168345
191013
313920
332907
56435
142413
263292
541130
463642
371175
50936
71267
301539
427405
526464
304539
522521
360541
474931
208167
635882
357330
1109
303486
245666
201829
439177
700699
138959
276512
349730
92833
228375
737896
53097
73074
608052
149921
579896
600613
186153
732629
140679
188063
636077
575664
379467
347542
214238
18221
49429
523179
62708
434594
66710
193488
85980
51051
213327
50175
651101
158791
527444
89502
476250
356604
694321
666223
123276
611873
736719
89630
587988
5742
66306
726911
58523
697261
36908
204783
10031
510153
729566
260602
735878
284979
26365
233359
658476
585723
53909
442315
725822
421246
122810
315240
412689
470467
228925
193713
83036
737860
487004
128767
44243
439844
415312
748870
689900
249802
133885
544236
673119
326377
248600
315125
252742
119185
371198
57368
298234
432374
635285
577207
126563
383416
240207
240390
99960
512616
471987
134492
55877
152633
476135
701684
682759
468685
277593
59798
418174
523409
251406
160717
240194
304230
690852
692427
602399
24499
574940
137608
504478
402346
89298
208463
560130
515467
513276
367543
202642
491541
199205
306960
542019
536780
110352
163393
387904
598043
702769
423568
453862
536986
370538
363559
6219
119295
581406
437571
447727
587610
358686
662348
704786
432245
554017
259496
92040
369806
148013
204203
328448
565512
569063
630684
366045
475890
51748
35137
175314
253942
677270
266254
351708
149479
27791
162854
65814
745842
643658
638281
740736
551943
236056
410685
591259
475684
468403
512124
35205
340477
313602
106618
350721
671689
488081
378496
588518
669361
127729
549700
5992
274716
507138
506448
291629
345982
25272
699095
128827
319397
159897
553055
109960
612179
529783
4793
1950
416198
521458
584050
96890
416408
406099
67361
670812
314038
541598
125006
535703
379896
610896
437857
726212
479485
742179
222072
606958
697416
341815
310402
424454
527699
73848
527095
528985
378463
338591
714043
639977
279139
183235
93812
262346
559385
541094
103521
446589
609898
248163
654865
637877
526965
671188
448872
537822
627856
74294
246516
83061
433872
291699
217037
677421
662057
716092
32950
171910
338886
372565
274157
335413
612823
28545
543683
12030
47294
210529
97937
365077
114093
13968
647598
611397
51937
233912
31213
500980
365645
28700
534008
558963
17005
548412
577329
170421
107837
646808
316786
356661
421272
464784
34572
10668
28202
311771
232239
541908
587619
395162
460978
117648
548483
738087
628286
94674
373352
58963
125293
361276
298485
294826
648050
673940
163790
67211
222117
568535
469698
151243
310431
234110
465172
710126
225422
367572
424633
360992
624880
652787
151695
590975
724111
253304
326019
184135
289159
595503
148207
749205
477531
750616
416526
606846
529301
690706
710080
643322
594016
241465
545017
400758
611234
572421
735034
393897
441943
705405
263801
111242
522198
479268
256988
82232
484284
588495
506983
64098
264899
537879
312902
612418
29362
129190
166855
225852
744225
130857
200669
513268
500978
40221
597150
391324
508554
489775
70689
142386
597973
332273
94678
58852
242446
32174
108022
267239
158103
299890
658803
707274
206208
523608
420813
472396
550706
633055
384592
209622
149822
517913
539160
239856
496091
375333
632550
48914
18881
239423
70682
21312
132906
438665
219475
625667
70281
474872
504958
76844
431865
412067
393544
24580
690400
482653
213048
48633
401496
421538
650369
686345
553672
630706
18668
695300
339337
490366
475156
63939
403362
368563
567680
10951
655676
151400
595591
221737
605140
122272
363537
303354
683722
592292
749752
455730
504856
293486
363396
165067
476946
224604
31005
709610
557998
102564
71641
266764
354633
679202
136882
40731
25923
128271
591324
476448
409110
355838
544018
373718
516462
377340
582276
527683
475048
698071
550942
425043
473048
512430
649480
228223
748133
576490
750236
350106
748113
511234
713511
69466
560930
459325
269548
580542
697483
220892
290661
650296
346817
365578
437776
342025
87373
61429
33042
274487
113527
273926
62114
140649
230357
371839
641339
495613
200951
712749
619954
417221
240532
186446
129083
347094
465924
77184
559645
726081
679003
750068
448338
701247
226898
442588
706007
327274
340923
152827
381237
255887
522132
178610
358470
123630
49168
405231
358005
629511
431160
415543
428859
473324
421596
30161
149939
342436
745525
368956
723524
666548
126482
635586
390570
375555
650591
470941
433089
36335
481262
480758
449723
150927
502014
704560
550586
470092
404467
731766
322389
480203
430567
271940
237641
267200
347129
380452
369997
217964
658428
297948
678739
267482
74489
405386
111372
276368
167989
56145
407663
491989
516567
58195
701616
510844
104478
711180
624452
267754
497529
585219
379389
395083
15124
673552
563277
113058
124485
198740
567789
546965
414540
166603
489023
725968
538225
98360
667487
570919
22948
729230
551506
686668
24888
534357
414284
185735
199580
308030
227867
92587
206460
230316
260065
33267
62859
707391
194009
79624
128285
709640
639404
355046
130589
266076
388717
269534
302528
462569
492192
601322
322367
747064
566982
146381
563288
479186
63450
272584
662486
63720
380557
636250
217296
383098
35597
116697
143260
647551
541265
133474
353021
150049
376341
379717
40643
389820
68118
741798
696385
311085
153059
335848
39994
274885
627088
261081
29379
545181
33249
332748
50532
508900
245249
66215
596065
673793
649884
327782
231417
282298
452523
618012
552697
405639
497632
109055
620861
227749
727202
397828
609464
324300
516703
520786
196673
343966
78812
633983
292358
145491
362977
744375
22626
750681
324641
246118
300063
278078
324615
472504
314188
438244
299938
353743
645059
438985
181322
606447
95907
723927
541974
742182
415392
529853
177591
546217
381409
690631
496369
409876
461218
192180
602474
743147
470315
160431
631457
683816
251516
496593
518468
665667
526124
434487
524652
4250
146424
328408
697530
718384
581610
558982
468672
93678
676113
395490
408699
243413
317608
532325
340247
342630
215567
422998
27868
88528
218473
197923
521600
75203
477932
572958
402147
683990
747768
338828
387175
749949
675688
16426
83235
391933
23003
457191
182665
129136
257613
446441
627801
369765
508837
580272
401827
175289
576068
742090
671860
644426
658440
79150
11891
271194
72400
86058
23256
445303
253190
443967
540422
630011
201682
515078
413484
413550
618251
264524
411441
258182
621279
197571
459350
252359
187225
170679
406294
676182
50715
470102
635736
53352
525003
168207
192434
88795
572633
4399
541694
725009
122871
101184
527649
158941
648958
134879
260430
699562
691815
78504
298412
399568
409446
185750
89638
178505
53342
734707
127656
619148
419345
328252
448035
155546
320425
625363
489567
652795
506725
248310
263879
70003
343709
384141
66395
456657
696241
15210
456060
359991
527355
713684
24653
526921
53993
383327
405609
407626
438913
411204
528476
622757
303716
122514
719650
485389
86007
560217
642681
302819
683525
729961
525577
699956
242708
609473
374332
360983
292092
232648
229560
257465
80310
645141
483357
556681
39590
231737
175553
716122
555254
633992
540912
236606
63289
659045
18587
721390
33894
486284
81837
662573
612396
229615
290834
101448
118225
365687
88096
293873
732603
350845
369932
658517
408918
189638
555017
473565
91978
20060
214172
320458
732279
131183
32169
493870
338437
65038
670354
413200
311533
13213
8656
128423
743644
571319
660717
116699
670376
468421
538494
659752
463366
94800
21849
372354
516010
57069
189436
709048
230764
232159
157955
562711
620721
725146
305771
599761
611148
38218
616836
157701
175873
542589
601247
282403
157697
676770
41693
571987
520748
225130
313922
331413
347183
362822
554051
701842
359541
37746
289329
391767
526638
448291
606082
238498
543430
187147
518964
553252
169436
91394
600930
328482
318796
44302
465273
353035
464957
601056
427222
203929
204134
524332
702155
450566
32447
566987
381261
530703
374805
576610
375710
662414
428647
138543
593559
343092
296051
369701
546746
486341
3385
70035
609726
740202
182775
93305
444216
335845
227038
545249
54045
187765
318708
34618
635959
256569
316510
372318
341555
291835
342518
180773
479528
578574
385548
10798
239650
711352
433372
584457
103599
584943
352030
245422
701417
399440
574801
64722
430042
189637
274386
246099
220592
541431
733526
663434
438798
354301
392014
502602
652048
532555
487003
355371
550967
723404
206866
344060
688450
247315
407908
209977
163297
552184
581224
265604
419061
321026
614707
198758
725241
219622
285127
137401
237673
701189
743112
262186
251171
129511
308323
675199
353266
687875
407273
359440
475417
284066
558257
49487
469478
212799
98985
624089
190286
472105
633782
529847
319233
265189
490761
717932
93159
91958
668678
288851
44512
6223
39056
484029
334155
177281
407349
613192
44601
523612
544584
82786
642220
94235
105648
596948
377699
722959
212960
269871
561345
488746
632704
312467
190694
395985
115459
74397
166621
375357
52212
709991
121387
409690
350865
495842
510918
363018
526221
266760
323588
351534
476883
710566
113783
686840
359984
291047
666955
629493
15394
734239
495605
212242
81523
105775
87179
578831
711806
415045
277022
677882
618673
23495
182070
407698
719294
550405
572801
573474
564680
475404
28150
745891
109408
656318
13391
162707
72702
665747
723301
351204
136802
515279
626380
263424
479215
458573
211551
503011
15756
310701
531669
590809
184676
640675
391501
26950
297302
306799
528880
359981
202255
477299
86701
13261
251992
487703
317878
472563
74750
28361
713478
157668
635462
40627
681771
164396
707773
440892
689122
316132
32343
392009
248480
178483
100310
388912
208550
2463
645644
109533
608228
270493
196527
63340
383901
588893
39778
644881
18513
90175
473083
560157
363275
287999
423475
183975
202114
538667
391785
125186
116225
570332
508913
308231
151691
529232
742659
515345
237657
183593
372580
229159
740346
526012
115876
541602
364162
81
93735
490755
174576
660546
632254
11218
310575
315615
375860
567973
598118
750041
440234
438162
403508
598221
213618
231055
650171
233095
282277
150023
306311
661124
477533
61219
536462
125029
717859
545053
443596
166549
539960
306364
359821
153823
691050
470752
291882
240707
272943
122635
204042
372732
678487
405907
559246
49535
498813
153456
30328
310565
582140
245456
709701
695536
567863
481868
676727
343299
102632
638710
524824
690318
164833
522279
257112
323389
210415
108764
742382
460352
743511
308388
308854
341626
196628
123371
665205
132929
656919
374345
743029
104282
261198
440781
644247
647447
32253
168646
13322
134195
750115
370549
189746
715016
671972
531755
55632
169326
629684
536498
531252
284008
686346
651387
398472
505519
706674
257985
572707
574860
455441
551618
302827
41685
358193
133298
151980
334598
314221
602613
369493
687384
123557
261720
525798
564349
237888
287623
329597
142164
286035
342588
534291
151320
232267
95521
372248
428982
627944
678607
190587
178928
728753
601801
672002
44681
280018
426913
288810
315564
573023
221350
651258
290268
205698
4726
64713
17388
299666
39950
439734
37271
220166
455021
459200
705617
497925
566698
84643
408139
132148
36304
404695
189625
450413
739159
119705
490533
471449
238451
382503
56150
591252
167224
462523
542801
714977
583767
162206
276971
734928
267403
186737
241890
707067
61062
372515
216902
737197
542532
567128
288882
388904
138624
486026
442826
566995
64498
588865
192479
305268
60132
170054
163734
340746
695880
124014
376171
666438
65399
744027
239977
560179
168431
560928
728663
46118
747845
164164
140233
237071
424304
184401
246421
237181
370006
485948
557271
153233
470321
612580
292074
642539
111408
543880
648023
399424
105554
459467
346016
370066
704459
650333
725197
31961
304517
324427
421216
506978
461061
260946
288888
253245
696159
638308
373762
69965
62651
660473
353678
125275
591634
2663
477506
708469
294590
205646
13895
712623
6102
109294
443228
716189
447829
154239
203687
198391
7735
695301
235560
209249
15221
186710
381786
422301
420592
335571
75839
429443
372457
195810
300672
198023
68956
688899
158825
567966
515337
211741
26246
314262
626132
714022
139321
40167
256652
383421
256911
121626
497422
639948
139920
134327
381129
671589
459129
186006
101654
370083
212321
133316
679951
499484
233677
389712
738970
704017
516787
195652
70711
220190
617035
295074
415974
435301
419520
579693
457029
496295
524592
153330
698625
201242
344865
209534
673474
697387
519034
461743
370722
525497
313427
243627
654384
353028
748377
398825
554635
741042
201918
278009
586874
483735
666593
294370
597873
615430
664125
376293
418827
75252
529359
128092
629260
496754
661052
221245
245709
9162
496538
560312
513548
401724
25488
392165
114886
584411
15440
220471
196876
89977
464518
470761
170305
716138
609343
712681
579783
735932
191818
15633
133393
619263
169764
463055
438328
503880
497012
638158
291918
145492
677383
639982
575855
54746
708140
666847
105559
466237
345352
15621
9904
37196
195811
390598
611954
497173
705695
736
163383
400862
382398
611640
140173
727753
573505
253270
613594
258397
91686
475233
658377
638479
116293
409867
407719
481432
734909
416339
50629
282615
454518
81831
723983
493334
467416
53334
55639
748373
187380
476567
150191
365397
627784
590090
561928
49199
287404
342304
472323
146312
290959
237170
285202
100945
734523
397844
405205
209461
139534
92697
81487
400577
582381
437631
570793
398010
635901
159065
485559
195772
672316
394216
529665
618126
247998
516030
664926
364743
351933
630729
659228
362063
312601
427466
209285
89244
214073
35273
449131
379559
156434
249941
287843
449958
604431
613432
681215
630716
537887
418307
347863
273102
639960
501332
230883
620038
72884
206529
351635
72352
279086
115095
155429
727668
135456
57451
44815
222813
235265
285547
328069
724698
626917
176511
471134
531105
102584
193409
444557
208718
568201
628130
487416
663913
244673
501057
182382
230017
340458
558816
26693
233607
574830
684906
147697
701085
233542
683816
103328
502985
609378
110152
543837
470215
414658
373657
316165
134587
459802
205401
488631
704340
159235
436600
197480
330329
660045
141671
516041
633255
693158
122331
401049
144868
332320
314525
745579
259828
655766
384072
386311
460248
95704
216353
446220
77764
366823
59975
658866
39841
215278
416313
147679
749066
358112
299262
698695
567836
677954
346443
381757
214965
349633
595907
196149
319277
476508
54564
24352
345642
62884
341779
630478
460584
665815
546925
610367
50224
128404
147713
119229
240111
98868
644335
729216
625857
461899
581793
281506
206217
59405
215565
612206
516432
238922
467467
65443
299039
540812
392671
512908
669442
170711
594087
404679
222067
397226
558425
236253
359618
310594
659935
716744
319528
243857
81225
47511
336606
151625
338650
49673
650208
160941
375011
287123
685405
323461
290070
386047
116226
645802
272495
487644
394306
530407
135833
560135
109603
547577
524660
297474
150977
616596
495366
740826
508712
392234
622454
6187
436251
258263
207574
164844
38122
159850
76413
233581
399326
269531
207694
451300
543854
565394
71251
523781
57713
399356
221379
36723
177663
521566
296410
198500
220984
603342
495069
374943
489601
56209
589997
125176
277546
384686
70157
729213
679441
182012
27568
28593
567758
652371
300671
304028
640081
521077
138436
471439
497512
348387
357704
331541
409107
34450
467117
276620
238589
675180
293544
355361
198255
355208
169433
113764
316675
263873
467587
597748
617114
557901
479459
692600
238231
700875
732923
285647
543274
244971
630307
591792
440206
370495
181948
143408
357920
750743
205855
637315
454533
468665
358024
222880
612645
130637
552
34807
315850
275174
54628
17505
270334
514175
625657
670093
391090
208373
724497
13496
69144
676005
299368
354401
442690
333049
368797
149472
303874
264744
142457
435780
340929
556072
549224
60555
147381
233315
87301
362061
453518
61487
699225
176757
750062
40472
604114
633993
304194
646415
548797
454980
204930
297396
706375
61269
484608
27420
97093
495627
460619
303489
556397
283917
380325
702352
598684
374656
562756
713503
268767
523074
608160
561282
33004
740326
319662
698899
40828
655715
479384
460546
268834
732055
743301
115047
259786
659350
610880
231846
228438
113727
75454
596206
679107
592104
428384
60970
449483
665512
675807
156449
192477
402252
173212
427647
387871
260872
328804
548842
710504
216106
748829
697769
92251
226934
427287
253783
187393
592782
593888
688123
87708
629932
525221
142667
404178
229826
349562
535798
689490
421921
162773
151458
416212
481342
272096
361029
237873
700157
184760
241612
362629
546828
603941
445711
12740
408722
646218
215912
338639
388224
159108
735069
338962
398285
413814
509831
262271
591319
10492
609898
79000
445497
107491
635826
539740
730197
485573
699601
81851
542589
13975
432214
715031
578367
496133
145185
529201
507202
384038
20174
664651
364133
724004
525682
245110
367958
38371
351162
427609
227141
66234
334211
744420
79076
587101
559263
27681
104406
709176
748311
60843
334516
429602
258628
604788
536945
321112
159039
651682
659557
181995
529172
700656
472801
257849
627039
39784
696652
198914
368416
112027
736180
729135
324659
295412
466993
20979
679950
96174
299974
204106
427683
677573
632894
663401
79734
560464
90022
266308
308501
127326
262188
619533
393098
41300
653769
493003
665538
454293
377978
548641
583521
63966
498317
512572
330655
330209
271965
449597
597463
127423
548037
186859
98498
572263
705652
221880
574952
106020
107700
368493
702014
330918
269445
645405
516081
390212
334206
134391
332106
220220
133464
469268
43185
471286
549105
59824
44465
416832
745843
439449
212893
749547
497547
92462
737498
706967
380272
535695
286539
387894
591958
432672
660708
624601
529221
419859
351312
196163
15233
28545
449767
162650
353939
265354
468758
149938
60017
489046
380088
468878
114002
600758
408391
72555
609268
539201
506455
669421
462174
472682
491511
407444
102411
467229
301850
594277
119738
593348
596441
353817
365775
217197
539638
343996
542929
455707
716144
623019
428119
710862
388562
36462
546593
590989
179437
635398
722708
486411
703278
91485
526088
717491
118227
703306
526941
600072
731514
277823
666961
628382
77352
125871
638065
157086
729925
609884
63302
742271
370964
414782
50805
114354
357986
517460
411166
550706
417308
501936
617858
239136
131419
682539
378048
481089
570532
335276
345159
382374
129131
138761
363504
540455
579360
341972
350418
346178
174510
300302
732776
213326
468179
451150
120245
46527
594993
273361
704302
748917
8861
57156
283102
459425
18533
206583
67379
444284
697376
125332
642079
211160
727867
288786
734556
478731
418443
621477
498907
688460
350634
492243
288134
138845
616647
607704
88882
672811
281234
105667
357704
634424
642253
551109
671259
192081
670431
182030
652550
300074
291541
577298
267347
615573
428918
632022
252791
244334
341270
105394
564085
118986
300292
574333
626569
650903
515246
10510
466738
156457
328273
551082
375112
647885
32969
512224
112351
154276
113964
258590
700253
409989
652927
485212
341595
563020
487242
245770
312619
532354
690694
191836
729153
536097
467782
418513
633629
682779
138217
720106
706321
214251
466672
200925
606921
513203
682965
449902
163803
69462
510378
78038
215175
619869
239639
111474
617998
238984
577036
115226
63976
145766
729459
1044
176707
323629
271621
493515
532379
222531
667816
416878
171674
443314
143780
471789
169577
616284
152029
221950
298805
279758
465647
35734
602575
555032
175827
464528
168068
272406
622079
307454
191727
208780
407644
578213
486842
632163
344938
607591
390057
300409
286073
669800
154440
534992
207656
33423
435470
456173
570219
450307
624690
529584
415411
360372
167523
312976
360109
682684
638146
329851
234982
682683
163394
605637
489076
136284
440170
89137
76381
239064
632258
536420
514462
556572
562665
431986
494903
34534
395873
176614
14
685521
304241
531242
490408
4051
307699
179965
354000
473389
658035
701727
258430
512376
529756
418731
44136
316598
673695
225845
194457
74231
390545
428881
170165
636238
48232
377769
714283
162329
5804
150692
179318
670304
319478
612182
272151
8140
196102
541316
641715
125792
21966
243378
417373
333549
143121
4306
336377
673477
201616
279972
103965
257112
537478
433417
733026
386876
591156
624158
530610
170348
466745
721965
84099
498298
290347
4316
294140
574351
546327
145637
298373
144161
174855
503313
514263
269189
156150
384180
69008
113372
392585
298191
123342
44482
742576
599565
610692
171105
431769
731080
225633
534781
86943
424476
546311
561655
586422
235841
260253
354490
245285
546864
625024
707136
41012
184400
517415
331793
746306
588301
401297
391560
169827
300322
25125
12912
443941
162503
606449
563676
393098
608265
495207
51084
592874
610043
144031
302917
633358
9970
469647
734835
601681
513794
35989
313521
621666
616794
513189
74478
448516
495524
510382
587666
713519
7011
717387
592452
713763
572234
20088
256194
350130
624501
166892
198443
259900
689362
561471
189339
6804
321112
439021
580900
409363
546584
438459
189321
315418
587811
202779
215965
25661
229188
564099
248108
436182
636116
642979
455681
495550
451100
521685
32893
164411
433276
107266
726587
108488
249065
321046
748350
153569
146526
195113
130389
648891
545272
443753
352036
308342
132796
373154
7975
527039
444192
110464
666382
157241
588726
293680
233770
465592
570070
182012
96631
7654
693190
523844
738866
92250
375032
248696
511839
274057
5318
422423
218616
201457
41176
740489
157273
271315
131024
703414
371231
696941
260932
328972
618792
311733
708182
89528
214560
366299
107322
560557
159679
77211
5082
42298
167809
421679
22272
729970
197340
173238
227912
508509
386060
472486
231925
497198
102397
455028
72100
481677
626500
590691
290527
415456
1462
230105
294193
104079
309727
320616
203192
193973
71456
110314
151778
600410
660011
413558
457420
368503
407535
563784
619349
288710
48305
571668
27226
450787
557422
730967
396406
119903
227571
152316
589040
111281
325485
592612
417262
366156
635936
321922
616347
78805
105374
395774
380153
489301
224833
196460
325391
396341
561420
32114
531472
66212
16077
89330
164941
171053
617136
125092
600217
15169
675589
625253
470343
549703
33518
259421
647877
153489
280972
196945
377854
11791
721772
115318
479310
122133
67122
95812
256711
648148
446680
300355
659910
610774
537781
320723
611835
590559
177094
17809
693791
393088
1962
114033
266929
86683
405270
608747
728490
14470
242758
601466
631692
199196
174330
535723
407055
369549
347346
229597
13898
708584
648057
291573
466522
515360
391879
152591
418391
718129
449037
328828
559588
60907
180498
650550
318867
456228
98598
431050
450753
541805
578810
669691
561648
8062
515877
333153
625552
318883
605799
680351
595785
701244
337384
532652
263846
645933
570248
305558
267221
367762
721729
221166
457761
549613
69519
200753
455005
188999
287163
254109
421980
73374
197981
461665
700271
312214
425224
526978
394991
459266
670882
429843
684071
259697
229006
689283
129400
68224
167843
18624
331333
222997
32017
410263
268681
326311
101962
577876
712931
132881
491515
564578
590998
343842
475724
169119
513818
78215
73289
318979
326807
205370
596661
702452
696448
272284
663819
678264
666454
664959
218864
410640
423207
574018
293891
684218
424838
157693
104355
608325
544931
17638
421539
190471
645959
53610
633484
400206
255265
123805
516239
353242
337046
110468
427513
518196
387812
664491
262149
205455
406019
272354
298942
215433
649213
535180
420426
252935
491227
77839
723093
68596
229278
644014
655892
432198
547613
112367
166826
441562
58170
561577
82
130328
404919
573034
672964
240447
470864
267003
212281
93956
502839
650382
586490
429163
268512
549356
407586
221309
98713
288065
248997
591571
146053
549964
698936
260594
627240
594550
601194
374048
749796
602733
206353
76184
725496
632995
367324
448458
59026
450305
134336
66770
228727
129017
55562
238417
107452
363515
285118
442759
668185
171390
392001
113103
701169
245606
387110
79406
551522
224030
515795
50488
305901
679712
668059
297274
424484
515808
546774
540690
713474
236684
633993
209922
486710
633894
318556
654532
278037
405731
597903
407026
192510
233229
699508
501680
106852
728635
164108
517286
641045
491113
268662
573203
171847
73577
182603
189383
42318
745564
242796
739533
684629
570844
721399
574117
404561
403619
265609
365665
349095
236518
438503
652307
438230
720331
579590
354172
478764
634718
73097
672829
647206
81551
672009
593349
580900
535782
158457
279657
184278
389005
165731
649678
201054
440345
186213
254172
183782
309113
604722
204365
309709
359501
546362
149160
71724
461646
550002
742682
515114
653797
738838
442195
424937
279270
630060
559243
543057
172530
550610
148922
335014
536120
250222
380816
250979
613687
735182
702836
681202
548551
350561
628612
367804
419468
518297
15392
661255
268236
725437
176212
583767
325697
278285
444415
364917
533921
134598
306007
456248
674263
193401
655954
407089
418091
9386
634645
38836
296391
130194
324183
149367
419219
631764
637801
79298
423332
81202
498787
267932
21621
297648
15719
601649
59577
282310
89965
69886
441701
213337
573844
279097
743223
51304
919
328990
326036
486990
140285
164465
318828
365391
443425
27293
535187
124343
337171
602135
431265
191429
208312
207071
708609
295452
621835
459380
574389
715146
614126
558319
525157
516593
508954
438366
593519
569273
391255
275508
721187
240656
229025
250575
37170
72869
555341
534705
83375
9617
719070
459414
561219
456180
503991
665473
427257
648834
82801
566486
25267
525011
565344
211361
740
613547
608127
548650
32925
53412
510244
506585
327885
621540
491950
625352
56721
436019
467418
535577
102690
232793
413493
149092
25219
475081
621382
296366
634216
199390
144380
632687
586166
230676
601434
162784
646170
432619
609445
612448
297230
270222
308717
675580
525648
556112
349771
542545
54799
439441
743151
537914
462189
656798
685233
475574
52991
183704
669776
263977
50129
110444
483008
599404
209894
409548
641365
138827
347288
688650
91624
454416
742034
49635
189926
716492
41623
216420
482818
661543
217235
289700
156336
426860
13482
527935
348367
426206
738250
660314
364493
239613
534556
448244
319739
667219
638217
383032
708078
490487
408156
381433
430762
466116
381641
445185
216881
481311
281839
274586
738185
334333
479838
167828
526918
582209
49896
404435
689787
215552
595735
73562
283093
286595
118172
742445
240938
631571
140530
235054
539677
447494
445548
69425
97659
656334
561956
703678
262587
337834
279673
574734
81434
21764
195476
141591
8628
90998
128689
454918
590821
183111
360879
427370
463926
276035
372954
227188
45639
63503
120813
563396
205876
70740
394781
682978
50578
130276
455421
442841
358350
741263
91124
425544
700553
608658
170495
377436
716070
499934
367231
233664
134342
134701
559911
367639
535599
467353
521027
605669
290238
411858
481146
645079
305998
515589
244179
371731
435604
399333
185547
84152
582389
177353
475185
285890
76334
581105
25826
383204
653849
171069
451247
565598
516984
86361
616877
684523
614181
696805
7082
10175
123600
629178
271619
681112
219263
236697
656421
373250
109059
437338
553672
516410
51577
172177
72599
701995
23479
7701
102084
47780
577613
550320
192340
14525
590354
342964
726879
641105
141847
425614
492258
260012
564604
37623
33015
555383
523752
639617
350217
349812
314415
99519
445459
110425
612094
32549
234755
110319
457118
325022
438986
677233
112703
553
435082
379947
227069
186798
151124
106040
425406
666067
457675
699944
62472
724778
461696
559154
385788
199627
2274
367568
385814
472717
559543
174905
48057
139488
273670
720116
503486
369892
453668
522092
500703
373365
707877
73869
346441
551462
246098
12947
209754
457516
229783
487116
595577
435606
267120
430675
732879
709329
469742
315932
144231
575395
643819
727983
196913
113063
693107
315429
470827
360911
96970
377907
162620
686834
619399
612143
242053
559240
690825
115590
651253
135399
424549
253234
255413
513493
36589
264631
531447
704771
732669
516066
176399
443139
226940
276278
701730
563817
664101
732519
644237
650712
349680
237614
151850
96679
406736
580766
437492
579900
78944
392458
446267
95646
36625
177885
433619
692428
316897
708312
535923
284922
521102
255043
518565
437134
120855
263986
312352
526502
147038
82448
420578
629200
97693
381866
246417
15667
175135
55568
451629
13196
433556
619671
335841
120572
543928
502544
717420
118176
56767
494764
547016
154487
643780
557614
539874
573626
307063
498118
69838
330720
674269
58060
653721
508992
414903
193074
624113
158279
447258
344718
272919
96474
690327
615074
743831
283514
586733
664926
177000
439171
315705
5204
93024
411599
521090
692385
358167
177310
338088
475094
728667
258147
504188
539125
342830
218668
331275
483999
395258
533933
186138
414922
277838
578743
174484
81993
351325
14038
135437
282826
469403
274835
37674
59984
20558
715346
625702
73529
50118
673463
218546
530523
60426
701875
229729
222908
676003
285288
221790
368840
219396
705302
596891
660776
530591
172844
654603
526850
565969
255590
76064
270111
431507
470157
735776
256363
431611
357096
176726
39552
88743
377262
195847
552441
70940
73356
112780
87981
300949
720523
254015
290637
65258
32238
234209
616969
68781
673148
231496
130672
139415
739841
649699
747241
51263
59901
45040
692404
715373
654901
325970
188064
82437
129241
223328
57525
375789
613197
176968
515399
720569
671918
476330
274123
27023
657370
668801
202497
568929
212063
86285
223759
366311
605886
18643
600809
401388
482886
229721
193731
594797
748815
682358
160856
747255
731150
718848
452477
473397
58787
259482
111394
344579
347740
749488
355473
745963
524996
639801
296289
7254
440666
550363
657778
359114
386880
701244
324259
390217
527202
533879
654847
151011
303363
58825
674414
567676
525723
84201
691468
149148
586819
9149
313919
220942
356704
172166
430957
502622
49590
660837
61490
258332
303416
433925
100191
293324
252694
415785
548309
734163
486952
342653
626745
368796
257137
327750
676369
632496
54696
24806
348927
422582
706873
653902
144185
677093
242594
673668
381462
372708
617159
236890
373088
122416
141005
193407
488694
529729
600419
118191
215846
236347
691063
592376
361715
448561
579461
277073
380686
707648
171632
245257
111570
503663
659378
731181
717694
67647
388727
460928
518044
126390
268646
263664
321512
19894
716707
314692
311585
188023
390719
101955
148071
170935
347107
449807
625819
586779
24554
143231
502599
297697
234623
728362
505984
252444
149330
194191
687858
55936
98302
405077
72030
235233
9941
241209
397621
435358
34931
457665
496549
354718
186032
588788
284567
315661
301350
18012
58767
720356
53688
502408
424444
361332
346350
618709
96163
172529
651825
48922
52098
231954
731650
351726
331423
77434
166514
714323
633015
573094
39511
517653
319329
526340
362592
718871
612002
200562
666370
180855
678076
441869
187057
482501
334869
72746
97357
65209
611212
209
424938
684860
581520
52166
551128
550383
57388
557532
127440
416437
5236
724090
465711
16497
643290
668184
636228
646665
74985
510686
643858
154033
410400
562333
370402
377536
71738
527714
535169
367135
174095
232810
704513
218092
276951
238229
746952
167381
590153
421418
715466
134185
564961
354155
690152
462482
750847
284453
414191
750177
722720
740413
562580
48275
416401
157826
46380
398732
344652
268304
463247
194600
282907
20793
6297
114513
362057
200291
445299
138149
454321
719261
323459
309410
37684
370839
725549
89030
193446
78565
310463
572320
297728
336
293767
572651
231250
739774
530745
379822
93302
390646
321150
147887
376434
548538
372261
667384
34154
445639
170534
474589
374791
461655
338188
273751
438312
179408
540728
89225
710642
46758
222421
560072
471545
125299
74195
272285
157490
644365
189036
459145
653329
197551
105635
569018
229011
376115
478516
448141
652749
638963
525310
55967
725405
489454
90007
524559
212187
469433
663858
350907
524678
208895
656935
25013
249305
226988
575659
716110
124388
194506
353785
264129
177961
125430
729864
236826
274185
90813
244272
351298
496027
182667
593348
197108
469624
449221
742635
268020
520551
263991
215579
635817
591992
137348
523131
284218
628767
370581
372507
166716
31849
601270
207709
340501
374147
507080
517963
450652
733016
445969
186181
671669
207631
146608
19580
118314
24905
495124
679803
505173
311406
135626
645269
227228
593564
23157
398665
465414
19855
539050
206841
280408
736979
298128
262940
64064
684062
163927
534182
155767
671104
595081
332585
639600
535900
719215
463356
228641
419649
181905
76577
371115
744587
439418
161540
154524
489267
156680
221851
24107
741541
417693
285878
315873
346341
37981
394104
746011
487672
65839
707911
680023
281223
506290
213669
102821
399922
420223
189878
168054
181017
277588
104443
580893
774
208382
31755
745865
356516
304700
686968
131860
553588
3728
298087
218300
165127
582803
378695
466094
698813
282412
713471
655742
650504
397066
734026
702192
529244
678788
537386
349222
67373
560946
287503
66476
444252
659061
438291
633614
88517
510241
532844
59416
616908
451971
563824
5595
122818
108093
136594
748625
284052
667081
511048
545245
724116
703634
286700
411607
159384
91932
317595
361163
364824
443258
220991
357241
360054
555276
64697
702979
240895
699467
718602
391010
613560
643064
75813
70115
56252
720080
486771
398421
202389
587539
417608
714083
537591
310283
130256
503551
665077
91755
636941
98500
47040
584112
183823
710937
613021
109597
649247
499865
329917
486334
529929
98744
576427
609765
572776
409774
586546
88503
238737
245677
416762
126626
659531
662208
256106
57488
183476
609658
116154
660597
534311
557726
465101
395169
38652
460232
188719
190222
470578
580119
205647
406206
225141
24035
150722
267455
342030
682283
710025
256972
730952
201463
740957
303332
590856
164367
514680
324870
1708
360025
440876
446048
83698
348887
155286
274800
292189
435304
557473
595556
610675
561692
606196
163018
158918
702785
731380
135377
238541
654556
284791
592736
113388
507614
651655
510830
624626
619033
629151
395535
648099
338315
179426
159640
612975
529814
593426
328792
410895
534896
619916
454609
263786
24004
324236
485685
504099
107252
241558
379950
313819
236899
701208
731983
289491
85998
227505
627206
72453
369063
455307
290376
642147
25809
731685
722675
612654
485997
618657
624315
411855
391900
687484
714065
685730
413204
440218
721838
132220
546701
516693
744317
322123
630689
677863
745909
389485
686903
706047
290554
193495
350009
511139
128854
342670
702979
277920
183327
548225
708367
149594
593863
180855
730602
373183
189333
520669
612345
397054
626224
750392
436747
604377
141641
121884
242841
315484
20092
223011
127783
38001
356470
640807
36663
549851
633767
574525
86598
264053
272804
24983
45609
118824
688511
151998
63131
455170
288253
667119
533751
244237
346909
551468
474187
670613
79658
397928
475248
477249
167863
491098
85755
142076
712988
184491
594123
463044
190260
88370
44572
371685
345536
550959
159785
58630
139914
637813
560669
596654
516068
708448
514057
44691
461861
328021
101148
87470
119714
131236
577785
613380
216859
85231
227018
494621
393557
412070
339509
714843
389033
324303
170863
668143
281595
746204
548075
590026
463518
594576
528711
318470
323273
708953
212414
412671
426816
21300
732418
262796
243098
463539
507256
572758
414398
190090
443770
584180
539579
391966
105944
499286
423066
576278
616137
456959
331479
669037
514973
745930
207550
375673
686998
544751
89629
148554
724034
414866
599069
246854
211031
511161
69714
581345
271239
547049
40109
350154
209105
541643
141243
602944
235672
184965
406066
489487
383637
261209
131092
228047
313231
448588
26241
72849
1081
344182
437731
50061
146524
120101
233579
377656
75230
228795
200053
651634
555686
365250
646439
534946
404206
656667
30484
670821
387738
698743
146489
294641
477989
420163
26105
621424
634585
27827
232092
335714
129104
489769
712936
509337
101171
688386
415291
635664
596945
372657
150459
15917
440503
501704
725016
70533
333594
163678
661085
360029
489010
180880
694676
108334
579254
51826
480034
139516
688747
260233
726036
187877
474836
493586
323152
663374
555884
635698
501118
436651
595743
29703
629901
39297
350014
676857
734070
152823
171248
663060
192175
283251
207106
51582
639975
561722
613110
81675
475062
434247
455405
492221
162214
332256
530185
275042
174046
418428
233450
304980
711427
369787
328050
524589
566115
748154
282881
480828
314219
174143
14127
745030
46317
109132
312598
279052
26149
667275
359759
366721
298734
495023
551739
516584
217053
70201
67825
592571
696559
727408
733401
179598
426304
546194
75592
194158
617862
190918
511859
538449
46159
642947
206166
589380
738577
28568
594291
232655
692284
653864
279917
95398
512146
431245
282477
432871
94457
97818
341836
645680
741266
654766
171000
317428
714374
216887
219247
647247
114643
131722
316441
187381
353026
214278
204216
209317
545574
200114
499985
10137
444201
169921
293861
727195
353517
498462
172497
62099
544684
436377
723727
63877
16315
401723
323630
500875
252746
309347
279202
658005
474770
673742
535836
168578
172542
33285
354900
48380
97337
87999
448331
524364
346032
655522
512018
442931
474195
429273
428227
272166
742889
528341
742972
573237
51131
267700
171648
432944
110852
427361
566195
366070
488538
345977
356612
92877
514037
54740
400674
186536
419951
298205
209529
211171
455400
241823
727370
353758
496313
602069
461775
224752
627546
625700
129444
356780
237599
567242
421659
324593
375870
16478
697609
589658
244076
363303
255351
292982
117047
252761
479374
548686
245882
39679
729488
411737
732030
380222
304321
702789
279877
36257
219174
691081
109140
297041
49073
66994
119821
474989
491863
419154
348415
267339
510984
282287
477247
213309
519358
370465
428376
686040
79620
194391
472419
158927
569722
291862
656072
314731
129475
65056
34360
596576
561125
581374
67102
602196
612189
709421
493177
462092
543802
30965
262851
319258
492011
618346
325987
444254
264688
105870
281607
354629
460928
210623
179733
373809
179121
404929
548875
381734
343659
82823
663063
329609
486521
384890
410514
280997
747263
61693
103690
355324
624373
386852
510555
583773
685436
50731
252315
388039
191959
567667
635944
742579
717714
485216
713324
124189
283575
186916
674859
687766
507285
242668
262147
483524
632366
567416
627859
11349
4948
739728
212032
14121
504532
620599
308839
251555
462916
265897
417862
523968
378232
596575
680710
167237
574018
495065
221766
557991
31296
180931
134078
740674
552149
710024
426750
2345
515923
224931
304599
59578
21297
14762
580015
533126
711860
16472
712566
520774
222036
80120
419432
629515
706177
195245
238055
744372
728472
237248
533211
351048
466314
460622
285857
290984
659506
273051
637050
238876
541193
193449
443050
108136
739768
246752
314861
405931
272536
578712
248179
59766
290262
330303
641262
485170
48111
56617
319936
390021
673744
541886
143873
69628
674965
416943
704222
33122
243860
136881
459781
621197
203708
43902
400150
520994
744609
446118
450378
652111
598457
341884
524402
642289
192590
117015
721532
104609
555599
74877
46303
640491
681376
446012
26092
455863
344857
343224
484365
693492
139147
333355
28905
201349
113846
182196
116511
358088
151155
221772
272500
725699
463765
329662
199304
423010
170353
11218
607377
479321
442445
164472
501842
419028
492265
506910
138589
396638
352762
705255
744609
156036
678834
688366
410186
336499
476290
691561
342875
53536
584379
469200
692727
522083
26679
434184
100657
335588
262753
529908
710469
294469
414077
191339
164128
285151
210395
575687
468498
23817
228072
553020
217463
465267
74572
307591
308831
74991
101117
683165
560657
238076
324359
312396
681371
34556
419751
644247
557021
534157
456810
428974
699991
676223
83466
682699
560077
660816
499234
349685
107072
351306
628946
592100
200253
45887
704271
81055
482926
124146
554082
98111
358930
48571
626773
717500
172376
680207
215834
43212
640670
526134
577593
405217
713580
673296
656635
440966
719283
530358
100756
183749
286391
106877
716225
726286
351508
652420
458890
329131
697726
414601
273905
114202
623042
74392
463082
153026
272708
714552
150533
237929
301992
212787
112589
210377
538307
198751
141114
5578
337728
697791
175105
279977
213420
50597
416523
713458
571480
2200
439341
621693
711624
256750
742512
589898
152245
9689
702643
332998
63568
401038
652354
437100
675296
151189
349833
51720
291493
388522
516686
384442
96876
357776
580552
574826
448436
319323
81317
315428
205973
475747
411866
119225
674516
506186
681620
550035
21317
86126
11380
148525
483156
21410
270576
643582
255549
526504
497472
455517
386958
398425
248867
58374
71808
69190
659313
734707
548400
658989
373352
386023
404659
69790
304671
533082
21926
700074
390869
372982
648629
694792
514764
538308
589893
394879
369454
184952
612617
429266
589793
66649
7984
546209
252562
611602
722692
164037
741506
362017
77510
629222
210946
552256
187107
718501
212651
566864
626095
644103
327667
572079
672275
3773
572415
560897
57868
596694
644702
354692
11188
334899
732573
71888
487729
519594
537120
576864
286044
182358
400706
355737
385112
677181
106543
79759
257028
338993
9878
231482
650936
188338
310743
647391
422188
149851
284463
464198
261901
573740
486960
610991
160820
660935
444948
474286
218821
444962
50386
338101
362985
646573
442818
61968
695772
101654
382492
703059
437884
70272
260013
108974
107531
655610
477119
483912
509403
202450
465643
310185
627724
368682
287662
400809
148743
351135
438693
230226
502144
437404
338392
133963
377182
18832
618292
594962
295645
626747
209384
301098
156605
33614
571842
634171
742262
152774
344531
238568
203877
112778
57161
378562
645217
243282
611690
154660
333544
313816
7374
512026
121121
536203
503649
480672
501062
473125
5600
182069
456523
700142
523390
55060
244778
201818
598181
205915
82235
639431
659837
392085
465433
560748
213277
330269
207957
701517
350778
80308
711299
640564
637170
278079
566056
679571
526306
115972
61366
592749
18947
430158
301784
460023
244157
622636
509045
204700
571694
247720
168508
61944
357580
408402
595490
81185
696351
63225
390887
702540
565112
323663
36859
330897
556703
144106
150693
589922
261817
388145
617100
270014
509552
504085
408260
544873
303181
500337
709067
304246
80026
117649
24245
36482
340263
668622
570849
195699
488140
188393
282926
420508
33832
309889
323424
319812
681034
13143
491639
81298
297612
303844
678040
91613
584962
483031
734467
398400
114304
303044
630981
584072
289859
199965
561171
223757
740360
357023
594810
696818
561862
71691
414723
389379
148971
691738
361671
433519
235688
276215
111246
405677
465436
323347
599259
196545
92356
290925
133106
741210
225531
232635
608336
566725
303135
435371
334314
4617
51627
598930
405268
428360
588718
740699
171558
392473
296531
68383
324884
657783
301889
596124
20639
589667
327337
553491
507205
742391
160957
208738
684011
180261
89237
455682
292521
644562
371943
479382
216347
311298
548045
220555
7796
555529
222788
737808
592002
199758
491069
260456
607341
382964
118879
738216
380304
730953
606053
385182
262230
392897
181592
299509
511770
111409
217963
384920
193742
744364
182564
18473
220276
101571
187603
469096
655982
451389
744635
345200
490170
555736
296125
721748
332226
658032
555105
146718
195448
600775
659036
139480
25084
484869
217396
102871
425315
369183
613929
564531
336427
62295
330211
426803
583869
697671
646107
361252
294064
300536
131337
320739
383190
264450
244254
67895
484102
102953
468688
177111
477406
693091
33718
176648
662945
204545
149005
361873
304649
423375
503501
17577
54358
216336
18074
218748
497170
232082
300358
709065
228596
52055
49235
197710
215178
482505
360012
239058
331642
451061
106427
611297
326186
244817
709649
188674
205648
63157
749589
16792
347598
195319
388077
548400
693176
531531
126389
605857
2198
377203
320335
105357
637139
226595
403815
678709
606910
170699
382529
247049
448312
547728
288778
487250
434690
496665
656427
533878
586835
623741
239162
379448
431423
686280
677012
442471
550425
466771
27681
163911
61136
429970
312094
27113
730112
367150
425184
2247
697025
643527
30259
335411
322341
118514
379464
211271
385758
495128
491003
451018
114642
602673
229437
251121
732186
251618
350423
607773
12356
673303
392959
599380
104246
52117
673848
139284
659887
499146
293922
77989
717166
46415
686517
450678
612804
532208
181042
348351
193629
548690
79319
112424
420888
750779
127858
514282
367226
647078
688219
546415
674665
244210
271886
726255
422610
502578
52098
714503
159874
626884
173822
323698
663659
228070
327513
321624
96279
327338
242225
446208
697649
416760
364848
256447
194466
632891
414713
614515
35290
64433
614474
95837
503688
534340
339174
651903
364421
84343
398245
230291
242741
697535
315670
637765
141562
649712
346048
32947
364957
668560
160899
17333
581444
692330
725466
713558
693155
463634
129655
63138
98602
117582
478223
598731
79716
122487
9589
57060
623493
569926
415937
386861
88204
458581
19842
327605
211852
29296
677410
709287
390414
136719
597917
41925
328045
137373
704014
696368
405894
193861
382770
238807
591991
463948
474377
165031
168688
695984
355483
386854
59108
521244
716803
569269
622652
526305
394793
335432
608818
447051
531406
474925
174791
622513
110853
273558
87815
501307
401601
128956
146852
660177
361130
45014
286891
384134
380904
30914
316991
274630
674666
253740
730190
105961
541677
492888
424973
700089
275619
23168
425264
716492
322171
674848
524566
619632
399040
585469
358135
89997
124809
531947
136666
135443
623465
443039
269357
568394
556442
439304
350921
697620
288583
486437
548142
311647
592986
308263
589115
234785
644659
62717
323311
478544
668957
681869
401666
333077
21774
372677
257589
452253
656502
497663
54688
501106
743943
221058
64082
552636
65925
66890
32972
737593
683013
295810
704028
497876
152546
567741
392269
100987
453524
247415
639576
689624
472314
699559
526012
567280
77420
35161
561861
19207
222494
657194
247355
690420
280002
450481
31453
609028
669671
90194
608285
120222
487109
283815
188642
598601
727433
176113
571140
276891
649190
195661
507448
6721
124030
116630
76585
715636
131101
67969
559038
56819
462436
105458
190187
366145
259368
545165
703299
730992
602014
285637
498008
352962
633353
204056
226490
16753
230974
674113
38661
570025
286962
478932
342864
252050
330013
286061
191940
504279
197638
492000
631726
36585
435513
170547
562958
350260
472936
326690
279109
318494
440153
262428
376317
707269
66944
545701
355686
367910
625450
734215
614333
478908
258899
706998
290095
338914
16925
144772
345400
336924
499198
102283
199438
719259
327361
241497
670360
164753
420829
191858
4919
499202
112913
683329
411402
17582
445550
655368
673677
106433
119243
437646
8651
134539
520756
138374
107196
589153
391571
642353
569070
569742
640385
701367
133264
378820
367885
342602
557141
736879
746851
524167
616778
344147
411726
452576
392853
441984
729459
250761
281703
628768
411336
407634
749119
452570
202620
651782
292398
342792
684473
182695
494414
157444
723875
375478
190761
98806
458966
701251
537496
183590
88401
440490
607807
641418
291316
307830
105850
309174
489592
25066
569183
526696
446739
110891
530485
71545
135373
362951
396156
43228
157041
210504
170559
99913
578290
403176
632058
376903
702976
196536
409800
4170
415287
578834
153980
386456
13442
86005
136661
372014
652208
398785
406821
503559
673077
150907
691808
82635
639741
128453
535220
348130
621251
424423
633728
462261
691945
608493
642068
11542
382776
117276
647846
378317
446246
397440
749775
368024
374620
74061
378499
366607
702321
409890
18820
536601
46690
25363
726007
388864
533705
333774
501625
515480
277978
130382
267577
180554
680058
432299
179287
122495
210542
438233
142030
478644
257178
371396
456400
590561
616494
383775
51837
366301
310137
30175
737917
589351
104099
93922
412748
147704
365569
345433
325877
202417
131478
656115
600981
150454
83781
304862
291747
243363
454212
376512
514664
91493
95218
22573
243514
700675
505778
15312
13497
550823
455286
674037
554368
240384
485655
293905
247936
338041
706315
58686
311148
544304
728533
520563
184370
248682
491725
572855
605320
224068
681006
133003
45970
354064
591896
506510
455803
606191
294805
612444
74805
172988
371122
252227
381731
6032
358408
711437
53238
3523
368667
729729
362175
684668
271594
223078
48903
211702
687969
191634
71768
419169
631761
150906
262662
271898
653536
322358
732455
268716
108246
473762
163125
448336
363821
392510
193433
554866
618760
648711
27359
81817
608213
116273
13979
307304
23102
536960
398032
206307
583292
637307
364463
25979
130774
484758
156612
140705
461287
375496
166376
161035
603576
391268
75500
191360
566026
444250
29764
335170
218487
676438
405208
710170
230813
657059
152731
555262
327739
208359
607991
555320
743213
594209
267565
30086
121687
118319
573178
36079
308540
716046
287907
301468
712040
17440
478510
439528
532360
565501
319871
609207
166915
69162
74398
133435
724726
173108
118561
65793
414443
234917
292762
133551
8311
96162
164214
136445
713908
129714
357499
413000
33915
20670
677544
417817
207192
584174
343195
393785
251446
247844
211447
418295
480323
137803
292936
336345
556827
672707
463549
200853
7869
693935
525551
689221
519189
230413
606648
466353
402755
730161
213333
50788
563752
358569
410100
503360
401088
37941
445543
464605
69777
115791
5733
43821
197119
670949
447362
211801
508796
212027
428945
380367
125495
634482
589735
641825
721259
240452
37348
346432
31115
133852
582827
542185
441776
273086
721644
455387
260969
212067
708799
294503
119496
438547
607682
40689
12939
316936
313184
630189
273056
699742
335422
500442
470893
242168
469439
459687
681061
17265
143858
286159
610535
194993
394317
721649
495175
255503
409313
82568
4315
596124
244137
464251
690278
150165
383283
78919
214914
541456
263751
46090
588869
386017
390815
683051
207612
255207
111224
520958
328226
181323
356650
562709
733214
251244
45356
86081
480181
364462
568995
733724
702393
408367
367194
96952
652220
599949
524673
341678
517676
458476
704783
613838
359085
524622
358819
372265
523322
278573
414474
301820
104930
307661
579197
690152
58176
33138
517137
98631
676141
380272
467195
401797
431138
421463
690164
238094
547523
282904
646972
153598
167857
503239
447771
739147
247536
151805
670163
450518
278311
119465
584278
402540
560833
345354
342634
303091
352285
310758
704167
303925
519369
328073
173620
441547
606325
621248
246221
58803
427712
1212
333554
520775
215560
163916
352347
686380
71392
39913
199575
92502
132719
644725
528563
396302
522797
442646
534573
101062
548278
280853
63097
217847
228939
59452
640500
35098
536379
51868
74651
275534
377613
615182
595235
71903
213123
384189
184112
70715
311796
642613
529271
137439
514069
149596
29809
540919
737033
234590
575164
623273
45960
620500
588585
368585
45802
309284
286768
540400
340874
449526
434835
246690
137926
165424
357247
671463
218369
399343
218660
173299
45421
467856
182223
337225
42219
476274
167636
296797
401312
112972
487332
553132
521031
644411
425562
198089
500091
467270
541804
568476
449664
214996
682346
210434
71881
195622
677115
350916
193089
544390
701580
100402
607030
235254
82463
475840
399105
574691
736752
278670
710250
324509
47057
106136
126392
233133
400519
438235
319338
348841
602280
360038
664599
522432
40269
616522
392738
127136
374970
44574
588011
463865
50309
632786
115613
638569
716
436284
736480
165946
575533
195763
676483
516097
692697
265386
695665
115669
181942
118312
55722
112626
643001
380773
94418
564445
430997
434623
127875
144099
420958
672311
221312
421953
726027
123146
579226
566861
739093
313878
323498
266920
263417
738280
480139
219679
286146
377002
214457
726018
351190
548825
684649
241032
418572
633246
28285
7238
18347
67589
294516
545493
272172
448610
717137
489015
734430
289643
536537
717149
512564
279977
136475
584118
100753
143926
653725
572853
477933
246410
536430
579630
393722
692422
504131
60612
551733
170079
53479
553804
424315
634526
15335
329599
164588
358636
382035
59120
468433
440048
73104
197999
293077
267737
675281
219387
437335
502442
1776
479475
233268
194065
18047
651481
123981
610913
645244
605900
715650
426185
385581
745694
470554
624304
605367
260891
686608
475530
250539
391941
339192
630847
400897
194250
589511
353439
698416
393103
199815
719632
507567
108105
48421
450846
403307
598374
45542
217167
375636
632213
246490
549412
641531
503735
445506
490440
274945
175558
89950
697303
39676
383837
570111
747349
186972
480849
411011
655103
307431
344680
628577
72974
269976
534731
135741
706746
241333
570857
231957
378460
182592
597708
10596
490873
621030
322231
497367
90794
539931
222211
745789
555900
163993
40100
70939
412977
45196
193712
710938
656714
693818
247747
291211
478495
634900
65562
135890
394188
23727
706745
29915
527980
73748
575044
388578
437022
620902
518486
634762
524572
661670
519427
154898
82794
656986
56519
255381
430622
702848
315744
688853
500956
687058
505025
420827
324009
698370
179401
165672
349274
160469
591586
649564
289901
502963
506541
211199
167800
524850
448335
439706
77267
209687
496575
724991
507175
693534
264209
391806
295634
600009
271667
310628
590426
103120
244589
304106
600941
615426
360137
629136
586434
350990
624976
238672
243622
279946
135656
747118
131424
541530
718590
290689
522253
21673
4603
617531
631855
124275
550139
618031
43625
320052
490828
481618
166733
625545
219853
346030
734373
416307
549297
449842
162946
416137
496424
207338
129845
729089
592763
197727
314142
499353
170263
528961
575065
297313
635925
466222
208598
94164
179196
696152
129749
282136
294793
673651
206800
620279
726035
285036
82690
461822
453548
71401
276950
54562
94752
219641
737679
699433
13291
341606
339969
72413
697629
192432
366543
336952
231853
228939
255682
525299
353154
366917
46791
31300
693902
338300
33079
50962
194380
556256
577253
405678
602686
746300
563093
475977
653268
273189
220224
215654
257859
217248
367755
381215
629373
321775
483282
568920
480686
187601
714695
420124
327891
347805
738282
297102
21585
350532
432757
138392
447619
345685
725251
373300
329474
439570
412579
406709
365936
226319
97586
390070
356456
273425
323482
362745
345477
673471
333595
287262
129176
540390
744627
188129
190455
624242
343489
9556
571514
171868
510662
513025
701715
619877
305770
494952
140228
525153
52451
192414
728046
55325
196374
68096
266054
103862
151001
374503
267250
671989
24171
502773
236710
731777
347888
343479
740631
354103
522826
691354
176315
115801
538153
381492
631171
522051
548278
65901
613371
236402
494810
281276
440544
149970
372661
134433
538888
198514
350429
92838
295838
407807
486505
282225
248085
724383
81666
129858
154
65938
595963
116137
245005
691902
630244
329314
213227
211880
417895
560731
650140
295583
619513
545593
655035
114071
687653
651327
380871
349544
218420
424168
566374
465812
249724
318981
26066
748921
712565
723416
712047
62958
20940
726653
462377
34946
288833
209965
300619
13038
733094
414342
274553
73829
558362
423150
663808
465633
611739
309838
418134
440407
175640
380668
122060
657879
576318
437943
30349
559172
210204
294671
92375
96396
144591
737192
418006
572692
733948
222463
107435
110151
122522
648373
594360
687430
20565
670688
600967
46868
662173
731892
437906
476486
459928
609579
280789
662918
107378
736950
490510
708578
145662
642275
49673
979
438388
223685
196902
530341
560295
645803
86019
93209
702060
618257
411619
382065
483603
396658
249912
518027
271776
272921
211665
482246
243317
676278
308690
17746
666813
364703
374236
121157
6397
256844
272156
473054
349636
522002
436921
468548
700099
193844
681728
380883
209386
151275
474847
684465
591926
430489
248959
596981
96940
653157
409958
387956
291024
306914
153294
239296
359391
71278
375193
728842
89739
666713
192198
742303
541259
9328
566590
533930
477344
375583
421847
520983
420611
28704
292974
510014
94155
598002
624163
493127
391704
322017
652542
670218
170356
43242
267296
532005
553109
521495
576473
385973
749036
536139
558187
430757
243810
576967
673011
82310
55109
134026
523736
720559
459077
684417
178734
742268
451993
538038
41876
309976
193589
479459
271257
186073
1920
165041
502287
580885
537804
510047
750540
71845
540803
230031
187144
446754
123911
635210
192162
556451
330630
4067
131957
566554
438268
300551
298442
336413
425803
153529
534759
222367
306441
487350
633834
342808
211233
152375
449280
80300
644334
184942
469764
311967
77513
626302
223150
183896
5183
717238
375850
747555
208013
126525
521046
542594
372032
641766
634782
406232
371883
126905
514674
226933
419166
346618
145683
304409
653024
176783
376091
685886
566710
703340
78867
43850
740884
469343
478545
324661
219949
86880
502564
4717
348229
219034
182196
400486
184347
435341
154783
12474
94805
46009
7680
584886
5226
54641
350702
620324
664165
442938
732899
123314
574383
576509
618890
525213
612046
334158
614980
136756
461473
212952
430203
669040
251206
715329
328554
186976
648705
421228
430319
62091
71788
258620
395049
202389
116261
576220
367993
303398
439898
456653
65699
415831
245464
199088
729606
24138
14467
675076
129058
62982
100682
212704
389417
593498
100961
46882
133341
382067
469452
364577
327444
268685
19287
169968
321002
599198
341353
480051
6962
729690
366803
724939
746146
378836
106428
22093
277709
169554
144588
187094
653226
169063
549640
82957
744166
407242
16666
678619
434712
47974
221974
632293
539005
472752
147751
682314
377812
143648
480127
320353
624772
636087
447065
576365
224887
63593
27809
741403
550933
593637
381601
509454
585084
74442
49727
712970
181486
113235
670771
393577
198809
593331
7583
345140
442688
241086
324329
688395
128716
399552
488242
472180
643886
566502
464720
451345
70745
442628
731431
536787
629405
261235
240748
41178
37370
435639
110001
232274
608002
478255
158791
622069
256234
643247
120695
91546
645298
576795
527442
273662
44097
667761
192489
694011
332111
650714
483068
399516
546918
47008
371852
124872
299889
456188
598750
29996
67375
423299
742051
377903
542398
471119
132576
524712
84462
689164
406575
291857
10793
54555
714773
157942
40727
306041
559826
640522
380381
564274
648400
312572
710390
396303
264506
61042
144272
341040
190675
707466
651697
665788
250972
700351
467188
200950
224727
290127
352667
240582
571006
77188
76357
525687
360
26136
690585
323589
7223
406827
430972
234915
460416
535235
257321
316571
217645
244134
1271
673591
515964
279672
578280
482262
335462
30436
725391
692196
250502
484253
629556
159574
143098
504488
617641
704769
466366
222433
372526
695194
223717
381974
426076
484110
633151
604107
670324
540953
580105
600917
617815
183196
387022
152450
47108
243530
225430
411593
679564
684306
33000
355671
278517
659681
214088
111432
126934
427567
265496
147753
325995
390381
160975
482330
459561
230154
418648
385625
594961
346575
471462
65247
660754
121668
698733
649332
589477
76932
82073
27210
411423
699074
135048
178387
388573
618286
152294
663892
70197
59398
155312
592502
706418
56330
405954
252327
650946
362310
174444
310189
417871
277760
600836
185927
733425
83064
121586
473614
183024
14015
556567
549336
746687
240211
292659
1020
55511
44913
272841
111407
428910
454278
261563
699245
61673
126945
217462
15294
295374
68929
114220
444443
145981
495678
18434
151829
239059
225812
22964
295288
148581
86826
452759
63697
23445
334935
467539
727253
2817
288217
560240
193219
126833
648835
599918
496152
415529
679550
113975
438029
70419
6685
190136
218321
489593
483281
196288
158784
624753
252176
392301
574557
627297
360546
702202
424433
338411
520025
58046
540669
118823
241720
139274
115842
648551
585685
652611
601078
649996
82917
231628
642459
738309
259712
166315
86216
258380
432696
302986
540500
554605
135335
172464
332385
36949
214383
142472
104652
262568
733409
622911
573429
472869
695603
20620
249422
284585
338325
182647
10270
199684
650962
652838
450062
302338
140808
389297
98310
231852
96548
416530
667833
52707
742266
615355
400198
565775
740112
424224
567078
557514
202548
64105
532810
140880
76641
3118
681693
365304
548395
200451
639523
749483
494754
516828
120385
255694
104575
586183
477141
465380
645363
335934
111920
640382
587488
264870
280079
547459
379281
103902
730271
381835
166113
483772
26162
440989
217790
316857
2592
186789
52710
491625
15258
662895
1933
37881
125464
300312
271103
86223
656352
738235
366747
705125
3685
555608
313230
325599
496612
299986
464410
668551
482453
750331
573624
452527
668518
420752
505615
707351
411408
300793
43481
560511
744470
288779
250050
165824
247288
491346
10823
240130
246881
610309
141791
509377
749508
6847
565691
423493
488779
179471
453564
705822
430197
600671
350771
640593
160203
628142
477493
625619
602218
639542
249242
421357
520772
730344
599948
488778
595358
298316
443497
718592
120291
262688
200583
410923
303337
290359
360239
637622
152726
270279
479418
38892
411719
355948
651948
296888
70186
578506
721926
308825
325769
285565
151419
736925
639542
347586
296749
737942
135019
568725
398320
85106
137874
259086
123165
69696
3104
194711
722
50058
9833
609884
489093
278856
383151
168479
291172
652498
707976
10883
169176
413356
435847
85988
703044
564042
125029
354574
206629
482501
74815
624645
91631
211451
465617
651896
234258
341887
689141
712145
243348
292181
601742
438481
281908
427193
624736
636822
734015
340543
703392
543447
326862
563536
441659
567718
469387
117905
529519
383054
409818
626768
2807
324800
138176
505429
112652
43737
562659
701223
211173
534765
691699
570436
246788
690488
282799
4014
121707
664785
361767
710270
472273
394118
44650
325778
316214
495032
46289
547551
264192
514994
693063
282896
393134
682656
567087
7114
146354
676999
737541
490692
69592
479307
592491
239883
534034
281442
77586
437930
380895
449767
698994
171861
304218
591730
212733
630757
423871
353571
639667
364201
548408
736398
457837
656594
416178
144749
409490
232681
106378
696070
699892
365899
76526
691455
577148
558092
116511
591874
259667
745293
226827
697423
256378
223550
678186
159088
193718
428340
127860
669424
88540
206708
152998
249139
451482
148558
101530
38358
431669
39946
43054
330272
322144
146842
406506
217885
147076
748331
434334
549093
166762
538907
29777
387042
457868
287618
259414
462784
171452
206622
83371
547893
385371
202350
163576
353183
303279
695374
155140
181703
38357
268617
446102
680008
381204
620606
580669
275840
461410
416849
519258
159452
584311
286676
479329
553100
463900
168749
507339
51917
530355
67276
596203
378519
670223
297380
734992
492282
312935
205387
628437
653677
336994
233147
580008
693829
105246
191750
625181
540952
657677
494689
461333
97254
108580
521975
59225
641517
39889
476978
297512
530643
168273
595215
158638
325649
386244
364588
458479
493149
437831
388695
618492
280197
427004
204864
346045
115134
209626
557426
572251
482855
248454
504333
441443
423044
332278
258984
115499
654909
657081
358044
403929
519847
180033
574799
104072
670687
636273
101761
520370
137632
37090
134008
658606
34540
503201
150194
629074
416963
192040
268712
746791
684900
391156
329744
670771
245400
692071
347060
592236
732676
391362
329564
656970
35287
313103
138334
117691
338928
159459
217384
509927
426019
276063
86223
689649
314809
138137
418012
280562
56861
190192
670977
665259
727595
365775
15474
278523
165539
583909
336941
379849
268314
637998
544032
338672
85558
520215
584908
670391
512767
440038
459096
652045
436643
162134
599630
429806
718219
442797
222795
346082
234563
73109
521278
659910
477617
672660
589452
193425
539162
289465
681493
345877
347324
433046
440751
260835
741455
486434
727695
595510
743250
128412
734387
334581
403543
332741
186541
473493
408133
376199
408702
4850
670097
220852
151970
76757
506885
350671
562081
315762
420785
683615
552134
601321
322699
511578
260691
381679
426755
284192
120294
228037
263597
749965
428427
95893
616006
535405
665416
315894
31700
671194
49844
259252
346168
470012
193381
624314
151448
157692
77748
691666
410197
556476
339331
79421
442856
642512
375710
483067
120367
269448
114551
265466
32033
711343
722267
644402
220139
62132
128062
650064
567900
299965
86203
578825
403245
368586
280275
505526
261126
172824
138828
45587
314766
551158
8046
517596
561009
26567
452723
456997
43595
604732
673745
175645
569808
251720
207782
324328
360953
314125
598519
108110
331902
695583
167153
455369
93367
444057
574733
563909
328046
568392
430469
139665
654642
39441
305459
316461
431621
305395
594923
158011
101978
275728
234178
595192
161470
422911
620999
472802
693558
175853
299605
204711
575062
188449
371007
497686
725469
150559
160454
573738
458897
467224
749601
414175
169984
386367
21005
379289
523443
365026
43519
744209
114904
382426
543724
642687
501939
308631
404404
363526
473595
94987
429738
645733
13118
175743
106532
251397
39605
202008
549148
446758
660451
212064
679641
17179
723310
304071
633565
100824
8508
664289
375205
687314
448156
476954
655222
582545
563452
423023
307901
582169
96857
464705
354070
684743
311202
681057
603750
368801
500210
587577
204117
329547
466417
76450
106152
322545
30628
72503
200338
80270
624763
411738
522683
676035
274058
206307
52184
285354
325833
412157
326455
178159
67086
136560
622735
365715
288502
353137
344678
280083
684858
291256
693675
265708
691999
272216
70260
332398
236568
425053
713042
180733
109578
397663
725646
126069
210237
98320
420153
200168
693315
508921
741624
183498
641801
147811
116310
544988
182791
69675
401551
167965
111537
385974
478118
635672
691831
43892
292954
398746
520823
612278
82366
647686
676680
278935
583545
108473
218067
208041
192074
136478
256180
382807
730159
445274
395996
272610
396857
101377
427404
348152
652278
576214
167017
402651
626406
498443
491139
176872
403239
134379
72099
432352
326197
153599
50200
87123
268007
320969
460169
445671
593609
476200
289091
706814
622893
331735
532390
153565
149261
577178
55792
423089
616742
657806
701644
612390
88234
536342
553730
200181
678946
310774
283061
262809
229961
447641
108053
631819
182486
295920
598746
661561
261552
630698
17927
738200
115612
351126
248566
586547
396713
165272
119725
225189
171445
514591
729640
440409
109458
254679
637271
321870
234115
613067
195685
478022
365133
273900
421316
268250
709587
343134
238349
246415
215245
659140
217044
57737
498293
175561
734446
186687
655858
224360
251375
650526
324889
443765
651814
351177
516254
540780
92300
508288
312869
432599
525583
392544
532226
32248
659535
93653
709566
264400
418578
376906
588488
221926
151869
69682
278513
160496
420546
513217
185662
483862
146828
603325
448220
561989
312978
316924
592357
611767
656908
638747
542144
37386
110345
71980
65418
604373
681143
190560
165432
101555
11491
488316
74424
688226
330537
12420
523113
709977
254186
617039
655642
139762
624383
315317
398496
564861
435768
412469
252994
746364
415154
163173
518413
476220
397962
566000
168048
450460
162011
741315
370010
61678
353107
534888
52094
584388
343763
312648
150975
327917
22819
607895
47914
276649
209066
635398
539117
42594
82991
502740
410542
343812
271248
195497
94831
83783
363281
276034
16615
556304
607064
725864
268850
712964
599372
201954
199084
126540
112512
354663
740669
515479
450455
443550
308301
57332
311163
202848
260785
619990
118084
506565
742612
428874
7996
127912
444798
512582
418117
702458
534869
186870
401747
204567
428174
294548
55884
96183
424356
300312
73253
178982
636500
621083
329091
150907
233208
742927
62964
593433
253258
536245
378802
494015
107299
687092
468693
356785
197305
549713
380042
575978
193700
543255
542258
260042
301481
706715
77481
228619
648603
246687
638993
733988
327489
543507
698766
609707
206819
473380
722545
557639
84752
478241
162648
498770
704334
73779
386178
667891
386905
382546
21546
558931
322004
218169
360176
348694
714450
211242
56126
413181
261335
134686
516082
653953
238533
616915
315395
588293
297114
50761
608967
249448
99963
543488
156553
200666
244797
227718
541311
347157
170465
386473
238360
556831
362660
724010
220748
547313
340466
333732
574976
204028
390483
462974
219167
439198
53773
313639
447519
554990
177009
334841
722281
558639
466289
685124
711245
72885
431025
740890
104517
86186
47513
466639
590633
421821
561763
368766
93972
255677
21441
139084
160527
671879
614010
637769
473076
252944
223402
550883
448295
314552
467065
161534
545042
718916
15247
394770
360881
551373
682869
444550
536779
550391
414221
656396
16758
131896
654659
25080
717341
564572
576615
222710
22472
51887
219060
44375
134259
554078
726865
468997
728213
596285
153867
67060
486032
478124
735452
382695
665553
78518
709597
727973
261351
425489
213531
706682
251248
478581
81004
217858
437343
654493
54263
705919
590410
706885
360213
316361
840
469826
239883
394323
723615
401729
51707
241980
656321
705864
578974
669119
325574
642665
749829
47630
211914
336090
697657
173925
545393
417619
167670
37017
356265
149278
548448
182851
44980
390496
183922
690156
438051
252792
205444
155068
287548
62942
318765
387155
254812
574942
706326
133768
437063
479862
494572
740837
169243
33070
230286
471322
319177
438205
590203
226419
438020
323836
519684
54622
107450
692026
610399
377184
179943
111524
466012
552301
248333
118728
372656
336975
567227
122367
14363
437729
726811
640773
477859
720566
19727
287273
98576
407352
381509
359212
368717
290095
221077
669712
567225
209654
46235
254633
369538
607719
107391
83875
256199
632140
671844
445035
179496
486941
170900
267847
16115
637618
441424
231632
307892
473217
547478
260249
730372
636837
677594
350146
539863
526149
444566
702461
614639
543438
679307
537956
305765
32494
61898
291485
214553
722352
324517
298340
190367
531675
433507
518734
352865
33996
39546
139339
506837
31536
91101
446899
258909
703461
667861
722916
436897
89109
30210
438598
148257
12997
196358
725795
624751
716261
403790
352433
326602
509310
204477
240927
475648
532405
542339
648788
672234
685093
464949
355446
29955
26050
546945
386702
153098
627887
747371
679053
507656
547612
161191
215904
15542
470333
536454
664196
368879
337782
694883
663953
714944
115464
730472
227501
275006
48623
4016
26778
351907
151879
27646
396164
646414
341266
430188
216230
518600
168278
670517
539133
161966
704963
78157
548387
635027
20548
272145
25279
39813
232581
373102
606748
646532
356458
209266
61383
207731
203345
313870
436055
504564
87565
374092
579028
235436
238257
546305
530919
358653
456592
464907
599504
335399
115560
369019
484215
299223
118553
660619
738160
711045
151270
634368
572444
18158
476006
7611
398017
98414
583039
579312
731408
312699
617883
614447
362413
350875
323561
326164
191508
521449
52874
131327
167212
65443
559683
40380
715000
373442
434463
429041
70065
198152
549459
404425
319824
649694
514895
695904
149048
453146
605036
176581
186549
355985
683871
319639
715881
93166
743857
212719
393955
17794
692503
381240
190869
69775
360577
103499
748816
229562
179601
282570
247321
733906
643656
566021
33250
600901
24544
164068
480338
744044
732121
478421
444551
441071
251243
47611
552053
176674
294489
492633
247939
709444
390431
262182
702282
595789
679087
522273
749563
509415
703859
310787
189082
194851
317910
39474
667906
551179
62833
75311
738701
616151
587825
102049
401776
562866
271540
737075
400141
625816
436843
652959
631737
429244
394012
672027
319325
46941
598478
136684
493978
165497
709342
327543
80306
254374
726051
70542
210736
580727
121400
706813
746528
237024
402135
193063
4087
221526
479966
301862
461859
688758
686544
467811
64021
655458
448884
221410
566378
309497
271486
272947
287758
648874
151280
170499
602566
344934
189661
624180
316720
276705
557433
236411
355042
692940
169083
328988
730529
422713
361723
567990
100199
55337
372461
417060
44854
536387
236545
272728
707894
70128
136370
333940
639377
184548
673716
552969
745925
709620
215535
624677
186667
430447
107821
26457
359420
508910
132232
377285
238477
722783
554336
224537
225383
734307
477198
217474
392475
565217
699087
206136
702109
81285
658676
240337
106028
593436
201116
431730
364347
12401
533472
565386
519064
559577
496015
532732
180317
323191
597978
209544
403848
407721
648357
383059
548420
269598
680050
25522
289299
645245
110207
252187
186856
143701
371442
522757
731195
387353
302241
361385
376986
384649
428562
265029
13496
611943
34151
497805
128108
195968
29779
425000
115059
49688
499413
442897
65251
72250
43115
266690
460795
508227
17017
544660
152960
260393
610141
697700
338849
545865
424249
568582
611148
166447
742297
13475
29083
407805
644125
5699
539312
443605
111924
684982
424500
55362
282725
481751
386969
32930
679813
714748
304405
230476
455507
226136
143452
571529
171493
388841
457719
83229
593898
229829
448580
231806
502900
465752
504622
443556
161068
741794
321295
454601
636254
301995
449834
34196
30152
31971
433205
92441
201300
673916
323399
71301
698192
79034
380465
723730
584180
131137
652851
212038
443501
113761
441697
502748
484538
93772
19018
269919
550313
587115
130727
233151
679697
99700
7624
590624
726693
636944
193582
199083
207093
262672
496249
205046
674635
144272
607708
604186
662754
72395
220902
491154
191312
643348
227659
201039
284376
121518
63267
578761
718864
713808
428668
300554
479383
302211
431403
684104
609186
508999
275535
64714
66806
54274
315816
353903
501043
237702
323479
650760
31045
19039
128791
274408
486618
728554
552977
236768
486434
166807
453380
499281
643928
555303
459535
129632
579318
89303
39992
192008
181141
556963
25476
69544
668811
157478
3141
164578
433563
151239
37760
18570
418386
728490
543480
241082
457298
341819
17746
277377
132570
304424
87283
626528
46587
421426
339427
717100
546056
424551
338326
55867
201422
24020
336295
334574
547143
56058
70613
717031
284678
614272
351258
127218
615975
438569
575133
230550
558720
199454
52075
80139
726120
346356
141888
476017
618976
98864
91883
11608
75574
691178
274688
468758
432473
471289
612087
604485
234325
704314
34725
581473
404399
239206
89013
425528
621888
613754
549678
160210
539964
378685
409425
7853
290371
564445
300038
571901
459720
404635
412434
304583
194020
36308
157724
262572
645191
399749
453492
495367
453756
356015
366264
392307
252485
556642
499960
24974
49618
383446
642967
599077
343048
217054
487087
627946
433490
99693
518020
281912
178169
563520
80746
563124
243614
250477
281848
310073
179767
497655
484735
301629
565228
436168
68430
603334
212889
130665
557181
276928
290182
157346
64626
258141
367890
587726
548417
56167
287720
383071
410066
120276
144595
38381
468035
199879
338244
663063
209856
283239
26808
274686
488961
388027
514392
155990
737356
82259
362001
290437
242726
567441
136771
114617
632811
527362
625698
513396
58037
140417
188637
395338
326006
47723
135358
144717
713559
719844
464083
684542
610804
82569
465098
434417
674679
663520
13817
85732
638610
62492
599298
353554
204136
325694
79328
652026
186851
437371
202078
562137
159425
28707
298253
176941
69059
648762
491078
663290
56600
132051
186436
466915
453867
296043
737668
406021
193986
684852
622736
305761
242220
618946
270052
10540
284692
84626
30437
6320
633445
502746
291138
390530
668429
361417
494789
101300
269798
132693
281500
205766
609332
308165
537868
114976
230339
313368
410625
575489
259084
222548
378823
608059
730356
581810
694588
546438
739278
293802
388464
189847
251110
321628
373843
733966
149435
622531
404691
648134
372743
156636
44350
747362
133204
709147
224705
659228
9364
376007
21704
54500
23169
60967
375167
380290
41060
718698
614147
9934
342727
192127
384589
728704
4930
705308
45968
350370
302272
337722
594855
316600
312328
702074
255750
699516
525926
322269
623152
280906
358268
564958
604461
450590
62461
659954
301559
73377
423892
616714
12731
149089
374166
247039
670828
62557
570030
400638
411661
685223
663322
790
546820
437904
624345
439982
619456
666457
674169
317804
197158
33106
13966
17334
691587
426977
515713
47251
484432
657809
55957
573808
624257
733953
379749
448555
675476
556180
276950
419480
726503
716221
284477
710748
583641
131622
720430
52922
604074
541569
216933
747268
58274
76580
402270
497285
481779
164138
614220
719228
698702
574565
450241
739621
223082
161154
123678
171233
442764
149627
61636
591124
408772
304022
499257
168204
578833
513135
326983
455009
223154
573115
315343
231059
184177
691538
181641
661319
163401
170944
216237
188330
394792
516715
513939
205736
569390
538657
647943
279605
558888
633889
200592
579427
439700
518703
725122
447936
481479
749226
155822
639528
27816
109894
166589
658657
399516
42725
328962
409009
695195
115087
419967
722064
630084
658316
217104
212547
625152
364852
412493
476981
171239
486638
299941
79584
224073
46079
152388
750612
730089
314555
276866
673737
668162
262796
484693
730184
223058
234645
260522
683521
71246
531694
428560
10033
9323
245577
577738
524106
604438
231078
181864
545210
153727
664263
67240
514359
283422
681920
298309
222424
421503
265309
38742
605149
714553
476241
601764
334727
486953
520077
436104
696753
394317
194887
454463
252412
158589
177892
564804
497563
92027
588390
562716
440681
679230
32866
738747
139008
605491
614701
741848
258438
740195
332061
461947
229136
427199
299893
738369
723685
742908
278041
314134
593681
370887
195954
166333
261309
541305
312141
17717
445071
495782
230734
477124
477932
253144
112423
342188
402274
234989
408183
711393
494719
346267
56588
503225
10231
33178
60359
343970
618623
388781
136983
72702
62586
316944
418617
421688
50198
733807
591462
604973
21365
624462
102389
600074
397558
612546
439863
189397
50659
495688
418601
556696
42765
572072
129657
734223
345614
161136
596312
389714
711966
62757
370595
160595
426530
192522
103405
118125
640789
619
495288
326794
372142
252812
641227
316947
163075
226548
623239
483682
359833
448745
233987
700402
190616
137844
608638
5909
678777
485328
577624
33705
738556
25706
559566
368280
521724
376087
412297
247090
748625
259282
262541
280768
182541
239730
566664
740144
310396
451928
104387
493776
472028
381631
324893
215158
411025
38024
100798
584912
156669
450760
22792
514056
609157
271349
130466
192044
241262
385964
184861
197485
298103
533250
647982
15486
739191
373315
196232
287688
604749
400311
667582
244191
27846
688918
509605
304044
115375
79721
728059
319172
581861
376716
646142
259880
478862
654584
728503
327289
42567
224742
592465
592297
133758
598804
254756
66587
293622
166266
325613
544057
161541
580343
529850
578262
261154
142825
438926
123565
211279
465864
715500
669649
268942
378190
575646
648223
743650
362013
444061
165613
265297
160009
696634
436337
702328
300903
509725
723089
551827
432412
190853
236394
566027
522662
575080
742849
57899
633010
196345
529395
579472
372901
362604
138106
726403
165155
468597
316073
158042
421087
172441
247825
707638
661013
494293
495924
509458
489498
273258
581925
561534
15072
646957
321417
238770
746369
163733
591030
124202
740114
79384
440280
391602
443184
99095
730707
576271
307513
609000
388915
274421
377773
338857
351862
314659
47270
288827
396696
416173
523950
461296
353542
406758
392082
526045
57510
266020
669812
303642
136164
443096
468528
223381
137231
352958
327671
505835
383026
244154
461819
252238
692316
529139
102379
321453
25094
169551
496044
163426
677902
522864
311970
403685
195798
717822
468422
641014
22423
236127
657118
76414
544625
410395
434361
320820
139739
400035
113539
93003
676727
237127
257387
70572
375490
403594
664868
724889
648323
715402
112327
64828
275434
692103
396489
172840
27110
215868
685379
681408
321406
536221
256639
733040
696168
295208
71805
720320
219015
233301
105543
708697
277542
160408
375970
460575
245839
231009
306669
341649
59995
158115
720253
176644
223664
579734
580046
510017
77604
472974
277248
96142
565075
410769
26531
396196
540810
90163
608422
380481
27955
711249
135836
387720
688474
558654
18898
124509
623889
511225
286275
17037
33705
557407
181795
307122
151911
554257
94069
465949
374274
444959
204461
585504
258594
685316
723873
631788
181741
460465
208308
281091
280083
198600
144288
174724
608164
303419
197268
88725
549333
704009
341125
635934
564853
630085
211130
11544
425949
80010
327085
272767
683945
687266
51188
343621
516560
138800
662465
627479
348451
197513
111769
388593
35055
148862
449935
259865
13576
223381
502849
181794
247842
348196
535062
660556
439659
243731
448672
394832
545855
441072
181327
620209
453991
269297
109383
513404
290006
20757
546181
289877
57177
53471
83815
196415
170964
2674
648817
421955
272569
84087
659457
542608
208948
741161
471378
581318
694311
723315
693534
176063
455264
587265
221670
430074
265179
77126
129038
676466
249469
126204
350807
242757
727712
355438
587112
261425
457411
671329
498137
444521
618381
549277
39446
40612
339712
443303
389907
146412
332310
43870
358640
207814
589736
26646
285470
602476
562953
620107
561793
177474
268043
173994
734260
442711
258827
292611
274979
710442
347822
743849
508463
412149
549852
476881
4654
729908
247857
354715
151502
109147
670660
700379
13949
398118
177023
231944
176251
683730
412970
654156
676542
193404
325641
79558
420128
182187
725702
633392
224576
341105
229007
20925
549759
447083
225541
662086
75682
176339
133328
166192
304360
590382
414137
674675
585553
356377
234306
263880
388445
528514
506694
165006
444730
268711
622190
610831
449322
708900
4453
599258
350345
409015
682680
707794
362893
726628
433697
735575
624618
349999
540893
335822
694405
532092
652568
163513
433130
349919
651856
180177
23918
174261
17044
479761
718005
416625
650686
128891
130145
103852
302128
726430
677495
687664
5131
448506
686109
403861
658966
37453
354984
16225
116715
116802
75776
268514
746520
75571
514202
644014
692393
482901
573438
351950
507391
291419
428962
164443
36219
275940
218188
703111
117615
156963
575199
245392
578278
446610
640347
45273
727575
681808
612418
400035
666902
509538
198500
295580
228505
164520
147686
702264
444400
738750
622121
196826
671198
143727
127446
326411
452779
264693
73683
198893
282975
51006
578393
396443
548777
104350
470911
584872
250646
355902
382152
699107
332299
303675
164311
127377
270191
421044
285637
387322
319614
552019
108110
88853
320869
732364
502751
438090
60260
169270
466775
59823
458868
318320
567435
434730
388660
628796
27145
686345
77745
535291
514209
116184
617021
283929
156935
532657
492124
56961
610004
95793
501032
349871
638754
250348
206138
330929
392590
46391
511577
363538
467630
405636
302580
224443
728924
220999
314366
489349
680035
224642
253807
586661
371458
378168
518570
279780
685210
383915
638771
98665
161982
330109
480843
719824
570189
681116
230630
310861
99688
267905
308526
54850
132157
198860
561304
527172
417932
102675
142776
221824
6290
170403
209848
535776
739565
427801
138294
633467
31997
498728
222636
148700
181726
359513
556650
615230
100970
252108
306322
62506
59401
447860
180227
320017
317752
725636
424553
159696
353744
531281
66862
649723
589605
632313
212285
503250
302501
91894
237662
442484
393539
598511
738844
160865
277090
75125
230128
565040
35326
579327
27383
502138
288148
265871
740010
27418
374934
298432
726197
721650
736867
418982
592927
626552
148647
595278
519693
461322
630958
259674
460146
477195
513183
518829
321762
323682
68439
326623
136342
359915
102328
432363
521090
551406
398596
211340
698459
380005
489834
250733
406521
721832
656984
422707
33826
532825
5936
649773
449784
404362
287378
251685
503452
679130
178224
744787
672482
291668
368010
215461
16658
442637
141411
37478
696241
204414
227684
279999
433294
346973
378767
184288
663784
558876
310846
711644
675724
164694
202073
119254
441817
535474
133778
475268
36789
148
577927
533884
600921
450964
45452
260002
113103
644592
36585
616631
694667
441144
410318
728217
694957
523466
48948
254069
277297
540838
97000
742265
320458
625317
123388
732778
98821
223736
721557
189555
135584
421721
343465
714167
220345
172855
344339
589907
353578
420117
74909
197144
325397
322614
702294
59733
250411
282783
637500
625525
60592
678216
58925
136075
356379
217856
452524
578869
381293
638695
477737
597915
329709
114754
403753
648168
134612
672595
17486
689976
540000
73294
596786
165266
637880
249363
103474
592050
65779
274761
699169
243583
219108
275151
37503
743807
538163
174634
574811
655991
362749
292198
522779
641280
564378
596506
510829
510178
335180
293486
562441
315761
503030
202078
287348
709359
333913
95862
374918
202395
570828
337499
714081
634875
8010
461440
101044
517911
366643
452384
220557
55899
644085
303852
651352
546394
689000
378857
706381
445277
51328
637913
615674
391248
741268
484186
154716
579387
739930
172852
441449
448232
148601
689985
636556
201374
83354
156877
410171
569625
342140
236220
244594
726182
609572
550335
647801
146248
381163
254677
359144
14899
559621
639173
102252
405666
327622
249493
218413
699936
669983
200523
183573
18811
665282
263888
369671
551466
407099
459850
425146
3630
577114
254381
505194
262218
655157
702239
83891
268637
159825
524954
505394
32992
315517
459196
237546
496449
187699
214893
700250
409326
620816
609361
47754
362488
389652
124483
467121
738854
368784
406417
532428
516149
483449
625261
367967
206333
287876
719683
720999
516070
231388
703443
340369
488909
386634
436772
476946
286336
31623
484488
238921
402467
495334
738316
138985
275487
654359
569929
67033
155619
45344
270035
20222
526598
705973
457467
461153
429799
375526
272743
277070
569206
84698
518142
374985
222038
77992
481977
11973
42205
521159
279601
744237
518856
500875
175926
634823
525959
18386
454653
654527
741940
722913
709817
420511
108638
93262
410232
220679
735978
603779
67689
121544
410806
451762
735025
749342
526237
680548
306282
518811
427183
237647
49897
44244
619020
675881
340983
529580
386286
75518
528718
431882
132679
456979
225957
437007
715008
137477
313503
433072
590940
562710
306228
622402
370731
373468
310443
471210
569876
641484
311008
429225
347337
622284
735819
273578
218220
747929
99265
117510
663817
411656
655150
169200
30633
59952
484943
420822
718582
455365
710840
574593
279988
2539
28760
731803
319780
618874
271905
340579
605241
158615
55459
530024
476178
364518
474300
175299
436977
581437
714340
718667
402955
238647
570782
299142
728845
107301
216621
578764
651704
662894
573281
7312
616049
604649
388834
538863
88103
394658
83924
414217
644777
349382
698380
499433
425819
2314
111880
426461
462165
602461
30722
25397
476511
265860
382644
127375
209259
218083
226366
731070
561884
548866
366176
392897
254216
364750
573039
293576
507483
661089
383610
308322
438841
735522
2110
747046
398578
493105
581228
596914
290687
497117
514890
209432
644290
396439
680000
190015
294836
146475
501028
262197
240050
276681
300908
45537
635730
625290
184175
159599
188585
227376
320284
330317
280740
327850
458257
125719
448382
660034
732995
154911
263281
509434
14864
596026
551325
660561
646696
24751
46737
274147
292322
574910
420261
181421
150752
539766
483508
677546
403509
481297
255216
499759
534162
64044
711077
206588
237732
126242
596652
403548
196134
488228
246803
730236
384050
228172
83997
626911
578316
650325
561704
573216
750588
738263
414435
390141
22179
685828
517269
742675
408069
30902
540526
691378
696966
509180
688980
618194
695287
87174
246359
733195
394520
55887
210703
451562
678663
149178
625921
478325
100278
508752
567797
642006
647579
688441
646257
702741
100816
162441
644667
58613
420204
383382
268625
658931
701373
70564
730566
419665
612164
68578
185955
196303
58394
277699
372337
10467
528637
215293
473187
229584
642564
271749
334137
298746
421163
731912
6591
381467
245241
466264
491480
132959
414149
390459
590928
160374
171025
654220
471577
552533
603499
396804
95634
231058
446748
7468
651665
215459
300299
290701
506221
410101
302167
325044
633616
698148
737462
704358
596365
332501
2167
342477
652140
631411
661052
633098
323995
278682
740569
557873
209481
549340
701562
332322
242542
398146
717722
660083
451825
546903
225712
453336
738877
720669
249945
34912
338201
701931
500135
575285
425890
236490
107842
175366
20064
672076
39984
61504
102782
584877
32239
722025
290491
194493
673512
130952
526803
469400
178145
109104
515022
193030
130615
43841
694925
629316
424522
96324
249139
306222
586242
415751
119731
693515
77994
245760
614814
627950
568674
92895
416905
588616
511233
253385
20509
130375
672184
627537
414933
310457
671629
201504
693707
143802
165189
436309
720256
73260
8886
274620
370041
302236
588241
688667
367362
163032
22496
413046
322816
584429
285113
26984
600985
678981
743083
666883
393510
164597
691575
348950
531278
297682
575854
41621
657366
217829
615671
263677
419134
210970
108012
655156
699439
244420
620567
337281
156472
613788
389341
19203
644712
116351
247013
451235
153277
407574
606257
532320
96409
559236
183260
516523
646690
455909
370783
449678
519829
396790
144458
742492
735295
685371
115936
286651
10306
464233
253851
518984
422728
739741
479866
287129
168904
503447
56787
414873
378804
349552
284611
461931
308469
615803
400576
406645
372826
80891
84210
38926
685214
527916
129296
589589
731582
494949
633997
297913
693165
415525
331663
568681
432477
557268
61721
709831
647192
79761
639536
639680
528570
55560
242201
233898
90983
282051
443839
741041
273704
443174
16577
469341
488056
136139
303003
654191
381568
67195
100443
711843
220430
22690
551585
406530
457786
180366
314241
701553
357663
645780
623861
610449
392442
46312
82298
618131
291939
704447
606520
181560
302701
551732
369178
179769
666126
620305
696345
182660
602980
124655
729570
572328
445100
597094
34123
422347
237107
495976
499030
682605
249598
112285
644777
125177
465662
124157
29251
333906
694072
228787
577367
114695
196844
237259
367390
401075
160857
304720
636358
70614
318930
588080
629618
675003
343137
458015
494157
387462
127833
93125
671347
169946
53257
141803
95139
332332
181059
641009
244209
533901
88664
289679
86801
206378
443280
573408
515788
357192
428684
74983
417237
163238
523221
67857
155868
245756
664629
737867
381068
61944
591472
318758
453211
716550
407009
517944
556642
237373
39118
170208
704940
545536
619175
171092
727383
13552
183063
720376
164382
629245
183006
438920
626037
426457
508582
220064
442391
414379
479362
85619
212693
743048
401964
695764
101191
406343
246032
21603
500198
259586
2730
162400
317384
103614
580902
264337
320876
584918
536460
457317
84921
394621
13600
8696
616439
512127
683657
534655
11283
607805
549901
528570
477804
697581
738950
604480
164563
521897
748247
496775
710503
590841
118638
424929
340386
116106
739652
687213
390550
556950
604476
127241
713919
278216
259236
153201
550134
60403
98635
157184
38741
734081
724762
321206
209858
95248
229497
36081
574741
436314
577177
525394
121478
248300
694847
547900
228674
305678
434179
444782
371333
204549
125989
328393
480432
685426
745992
80188
260153
300580
608442
532174
17779
611210
10430
245626
475354
406468
671713
352769
648130
439223
708295
170174
534243
734840
700879
681549
589955
428414
722930
181064
228922
601095
316339
667423
366423
66059
555699
74383
337166
222473
338381
741055
137277
671536
178882
493097
353119
415927
292226
113916
422425
367789
128263
208490
167031
621095
287949
315955
501497
637413
528775
144489
557537
569448
270694
602385
108345
610299
35505
716552
522729
15425
12342
262287
670911
108461
453893
155771
646592
300520
407912
175667
469935
81542
64480
8247
85890
515728
682778
483680
582319
742154
726556
594204
633543
738447
29267
122145
350187
547660
374978
290954
350120
561162
470163
279370
58322
504334
656684
143265
189539
556323
298872
656548
103560
684206
508719
178125
702141
740366
671842
365902
214435
232448
116558
248546
380558
652849
352475
219316
182626
498414
280102
472834
352473
244902
396680
581197
238912
384357
599846
25851
17418
132204
127493
615983
425819
508547
742928
210280
241485
14420
590127
543461
162237
716709
727485
402561
9872
469087
686877
245842
327680
347387
327108
643174
577358
27533
656545
295840
671804
23450
153453
477854
693028
65635
251645
505974
504410
708266
503804
624365
624242
556379
725681
566072
279587
117093
118742
263596
516814
704795
297646
235118
623250
277381
124603
464466
172328
324702
86160
549958
38366
62470
93832
362829
46254
161921
745659
396381
638837
301603
80865
235580
346307
9474
402843
244398
583330
599572
656721
17154
505547
304024
55171
334880
425433
483380
295818
58988
297688
399110
73185
401442
108574
562115
602200
281260
478153
54308
513453
105911
278605
405753
695422
377542
376678
595585
426330
308967
399723
95368
89849
131209
570211
639117
423154
217654
498091
612433
268307
92611
614619
112926
498530
282687
238117
45797
462453
298635
387822
267652
234229
331557
12478
632001
477766
139327
288519
296890
576842
354497
515173
65726
715763
234705
152183
403375
530547
709015
53136
265171
233112
593225
4670
704398
117201
96538
90895
411305
283959
195113
630576
51425
324970
32039
73911
272643
235255
78973
725989
331770
595556
277270
586438
41187
281355
157557
197560
624730
699124
89209
380122
351808
720076
231562
448585
548754
704073
646978
507359
129513
415227
343012
243769
669967
4545
394972
215880
722769
733901
735026
411322
307635
711766
472396
541429
420624
267744
453347
619483
383990
725291
144035
505759
161523
43529
261640
10029
212610
150885
502393
178985
630116
744036
443846
92864
698655
109646
420953
390395
63514
203022
727677
388726
455430
710769
125346
418449
225146
146831
708174
711615
488356
749295
705820
313907
129849
396802
77402
81328
705692
645941
601346
9928
147536
748600
534191
523745
548888
127075
150628
203890
281351
393
512574
206143
39537
363287
550497
652530
347557
643257
457488
210544
490284
612904
558098
334864
660757
89304
655128
576829
714475
58700
348678
315695
662842
532535
564479
511979
97454
746186
585342
82528
113280
155505
195534
605235
211531
282800
412336
128587
35983
374153
218196
151629
492040
577981
136272
450635
470753
66546
578862
318744
507254
125412
35581
517899
316272
575019
347955
432935
128555
743929
104015
355161
152899
26160
120645
401830
503507
425509
482699
623775
364172
58259
116621
280892
224681
335701
591941
227651
389549
151527
486486
294929
124621
648729
290017
524522
399332
560559
352232
493274
307948
401056
709991
655263
107749
716284
336042
105987
499276
109695
53752
155404
564678
571431
710021
703085
59236
530454
115136
259446
10369
526116
701350
197074
642939
86843
73528
228515
563593
740905
9411
181260
678178
695844
642634
545398
666345
382880
28613
509092
430965
143008
98610
231499
71148
14698
131206
167312
436488
236804
69720
473896
161703
36939
65312
415661
16826
425396
180116
686048
640392
28320
11412
225453
466695
420578
369965
220118
9974
495968
661959
614552
326145
347896
462960
77557
43592
359474
458905
661137
743389
195240
688074
741661
29178
649898
29415
393137
273939
710682
486191
403909
220603
548493
480771
275103
693925
239676
308535
241483
26784
261455
570531
497034
336845
630177
263391
683986
513703
486568
110679
652098
695534
376043
556044
552789
740809
628553
350501
415720
495818
73904
403500
325722
334547
166599
707958
124009
203745
660774
599924
270401
558027
239924
120362
124003
237399
220522
731142
230989
397152
271763
143569
509892
260880
149926
272812
613497
555140
615487
523621
680106
576394
676448
393905
307222
135803
98254
697050
589683
583821
248183
132033
588506
209691
149739
359268
618327
28538
210196
19502
245198
182360
442601
557949
155853
39757
11953
52593
14099
721901
598929
630647
661128
222388
691834
686142
97136
236932
390108
74211
563132
727717
198113
656816
39529
106583
337140
49437
225335
203154
91914
178949
32282
475835
162496
235827
285535
386278
247191
324084
722818
606881
111716
670641
481187
481247
475248
193965
563978
426078
217936
721612
739839
601355
503834
526399
706199
731027
338177
396835
671509
527864
589701
331085
196749
694573
723308
110138
391630
152907
590078
183825
271729
418121
341169
265965
533639
329265
230572
1730
61488
164944
727938
149940
17953
411851
406450
504142
300770
483927
589264
370425
277936
228359
345666
93622
604632
361661
211439
616280
483223
643385
207333
290195
407285
518995
285446
664033
607675
308863
568096
151285
674915
745739
23631
43072
333005
386564
92306
35699
393011
177527
450525
604956
717076
438006
659296
300304
521480
688622
291551
170088
33617
518810
218532
624448
168747
149517
512878
301957
118949
663281
375415
33584
403536
498975
163870
732309
674634
668316
529612
335052
49597
380287
397776
376033
599650
31007
176771
444211
21324
393055
360630
23387
121461
737446
315721
168508
338212
705771
131966
19804
269229
273372
490090
602120
459182
704622
243182
605929
526488
688734
420751
421811
293743
212554
573523
612987
721308
267158
84577
51310
688397
24822
267661
610416
110150
653957
721011
445221
450352
521377
136650
487290
283924
248655
651669
599833
59466
592465
506224
259711
701701
15571
594846
149440
655603
63350
563376
704309
13944
67020
491486
588428
254014
726177
620047
409128
15244
426394
256962
391585
122512
295531
642337
73599
349476
685261
29
363087
304210
730332
522548
492942
119500
516610
29502
532035
114599
341126
312646
469496
432410
361986
298867
639776
311114
197356
608928
190985
738952
571797
680014
207690
46287
696742
412862
432661
174775
147946
261877
430519
46264
116237
665021
628370
423964
739334
504503
630415
42191
63906
156368
567089
656534
320322
483330
614395
58039
111714
225347
512901
669801
364639
179582
712423
587256
249279
127518
593399
475727
567569
563090
374542
356669
569250
53380
558563
454924
677983
465971
313189
729008
675386
688686
262585
476254
220061
72156
550404
416303
610632
528646
651304
643321
510654
322710
117154
429489
120831
572644
505428
639626
48912
718823
208127
246320
282449
398593
99727
305209
567018
273620
502858
721468
609906
283249
267215
404695
156822
185100
360751
507834
323247
127654
374321
604540
297977
315913
600498
511401
250895
407458
290493
704308
526991
462311
204803
212031
691840
583532
702324
160313
309298
349392
95027
631220
504743
275749
54149
565347
242268
129730
356199
172626
748898
348048
211864
724895
50066
413386
454623
265743
169190
458130
190825
41628
183605
161912
85055
547871
110325
747089
433060
201813
530124
49265
503223
533094
532569
657966
710390
403544
628113
134467
9626
455240
491662
424924
159108
66216
447353
516584
565370
349725
293063
738865
733633
277608
99241
69568
706798
238513
48388
481336
10988
465491
99450
749071
33134
672232
698300
710475
500203
243485
249616
459954
163919
45592
534850
582976
666592
734588
185101
26599
201585
555203
214192
264512
485265
269477
82742
646155
695367
652050
373876
88129
616215
698241
21864
168264
472561
336599
587242
353526
217787
554546
353004
80234
57818
225787
366243
199588
581833
225814
163746
601254
88132
120547
631958
14191
16566
170116
166537
51259
330603
557141
163156
292804
570002
713946
608811
521178
349202
722900
39693
665092
592348
125840
186404
132631
678919
219982
612343
66373
482710
186120
444685
557240
629270
361430
140648
325347
623351
118191
126237
282037
309866
563059
261078
128775
637543
241703
15326
401631
730863
144455
373490
341333
73867
554327
645362
601157
516794
247894
230793
512328
330039
694392
34151
381802
577124
307055
112214
132249
573095
143766
290966
388826
744285
168614
206069
706862
143315
12709
423943
62297
115632
189240
438092
618830
196071
57071
630512
94584
401846
437446
18621
707695
455139
177965
375821
554220
247628
404185
509461
708939
719725
688304
100362
435882
505403
287482
107051
615271
429353
411064
133198
105177
644020
241161
575988
500784
207749
651163
340366
364589
431397
687147
153948
628625
415283
326647
79652
283563
198193
695
215027
276171
597135
456606
173083
689591
175000
248023
311740
340324
590796
418731
450765
602996
500787
425268
374644
385479
365434
544348
3416
689387
476141
237854
377509
432067
52401
363051
684194
389495
469753
16889
87900
262213
118103
460678
291981
454590
152689
531946
714717
245791
659337
220806
451833
218793
230253
82069
373326
410539
63639
499966
416947
222475
625543
603687
76759
649370
98018
16070
699474
505802
157964
153839
30658
311413
376588
72852
541521
322697
117979
161609
673452
733917
550188
308577
595068
262473
5840
265626
636977
2498
701153
113508
288252
310042
89221
714908
229092
319436
498574
293432
9611
712168
234061
712213
668977
707465
177388
193879
232100
134099
120901
727582
397362
71424
483497
608183
45751
205175
498257
672540
636367
673119
673213
671437
34777
308758
121651
719222
668439
73878
105993
599339
333337
496506
362881
587827
567715
69225
646162
80054
377257
452181
531241
574916
433811
461055
313661
546136
3952
26285
354176
2004
521032
418496
728709
705470
674760
724364
399119
657189
97163
218942
456430
138762
155756
360127
579509
425932
79855
641660
525288
549910
4143
371125
549414
230478
81826
629661
12264
588384
724800
651702
701221
463891
568451
252164
195631
555160
419611
177785
16620
663215
418283
86348
314226
721461
282425
168299
583527
53220
345075
273353
230976
737
735174
247686
323694
460549
382816
244286
209045
697280
660448
465845
339651
696294
459285
666290
481277
195369
308119
232521
725008
17351
106920
654632
65798
407676
609170
446750
167415
38154
243054
361007
281287
12419
104633
709900
192566
179839
676804
602672
643780
723911
125307
409571
378274
95244
256960
649584
163997
686390
534709
28128
88562
471635
253036
623089
78323
669861
348688
626295
590160
393927
646832
476509
196507
112513
473543
230633
374306
303127
105515
572249
128102
318577
63924
730341
248433
233216
70948
507770
740899
358225
662587
255569
573563
731872
528912
123319
503475
456620
479957
627372
195722
196414
461677
262081
456029
746836
572916
158681
101450
708250
252838
742093
657710
9133
378858
651449
287648
614999
498293
145631
568551
44124
699370
48200
525383
245104
729869
89308
344901
719067
686731
488494
205604
425639
729039
17238
320980
260305
145735
139931
22479
577953
38387
310612
607067
672335
174265
188757
564538
77458
239891
544848
301624
115404
713671
683982
640961
613974
289368
59520
641869
440381
297667
577677
88500
407811
257608
288059
4964
586391
612185
220113
406164
187510
132122
439571
537418
689990
194690
425963
717461
694052
283458
416993
282759
674303
469786
442834
129940
153712
443658
60808
95881
251582
708379
361846
375787
366822
549754
552934
51405
93390
526322
202089
265655
146680
242272
173322
5008
71674
371575
358801
729236
167159
522534
38841
6625
554332
473477
315676
62176
230810
719550
500678
370703
353844
240687
323919
604676
287383
54237
376002
162507
676059
442569
142498
696294
664099
633159
537689
200307
5434
556896
104959
334209
475359
452853
181718
576857
338200
616578
217267
120227
673685
743937
38434
337149
624380
118439
59362
436299
324497
704819
456834
674216
494331
51363
725553
86499
416616
597873
424510
468440
47740
420322
85718
208904
131060
227389
27686
721143
341919
737054
100360
66889
173550
359284
312869
77242
519087
427414
292681
610313
564956
210108
57901
495687
426485
150343
1417
80068
405818
274591
654839
124287
670203
205457
307942
368252
480061
198864
220046
703812
618967
517664
706599
363167
141648
749859
643006
457863
630896
647677
545391
408924
624429
684241
341740
449037
36123
268840
158064
554389
60945
738192
585448
434808
258007
673502
466456
211710
277792
729244
226371
747562
395848
183920
38167
63335
348991
336888
581190
203871
631431
529656
498423
1721
630744
367812
61898
300690
243105
442904
247887
163274
241757
462013
563093
659688
637569
548499
272193
189330
44875
223420
195722
670214
173619
179403
104738
281600
540675
420150
677533
41456
262109
433038
66117
223163
659315
376723
480839
592067
325005
16742
672983
132231
352553
253862
363629
115523
146349
655973
382748
600189
531035
677953
345279
505715
235714
397295
137917
154848
365191
59294
194739
681823
743425
47399
400416
546338
203755
697860
287319
638694
93847
234236
385792
422899
172907
8051
473692
300783
747832
328573
602271
158848
332239
59592
249939
409027
194921
222818
65668
623633
258756
602782
152806
405165
564043
307029
646890
637162
227339
401987
120460
652037
79750
638350
564463
747198
556972
743332
361515
624442
77654
682134
564644
326024
585559
11960
475453
637802
731984
367446
698188
491205
485713
54248
531955
733641
289744
728774
252497
708346
391421
369839
659548
717176
514081
491582
93320
426986
643245
497267
561233
691473
148927
711848
576707
91719
8181
455950
635641
190617
390894
552806
56263
77917
407166
951
247938
317015
626061
179245
137013
697116
140149
445410
681035
367862
615885
530716
737884
732748
337539
543313
282444
401957
325828
356967
568649
472922
684495
194495
435429
706812
411248
605225
188589
402216
680302
199532
367803
201541
326939
639538
387235
266311
372539
449866
113326
197412
696328
252739
256640
262977
224438
241119
170164
308206
555077
314274
655594
116442
620964
590048
177812
578239
692584
215038
30472
645191
597398
585818
137123
347336
303828
364346
466965
656165
62166
68536
246727
501293
720060
426528
465993
681257
558526
212173
659369
442506
195650
310808
490255
509215
303664
559200
733112
412070
395975
651403
134859
741412
123903
354875
566767
579750
657494
37866
722039
709193
134781
578833
375895
673199
276557
487679
565408
469068
608013
628724
628460
370624
737394
302311
739082
650878
750517
161226
702938
461125
233544
244313
374596
189608
369113
628387
516171
345505
152243
410893
499984
130364
564722
4017
687159
241697
569358
314933
201902
602673
382897
530339
200919
51701
164441
197519
67515
72000
585091
672691
682368
447301
173739
55712
330087
455726
716371
479320
587558
528721
532175
97998
524686
256752
666194
437679
225873
52969
175186
413508
456164
71559
605795
221098
542087
708247
614354
214422
98347
502778
281622
148192
313773
579142
280150
446615
470420
92224
340677
324398
320331
276790
83873
82949
406687
133430
145350
413578
71424
656084
552426
427702
68748
134766
740000
569094
692546
202240
508136
699644
80765
704679
87242
328584
239882
52089
240760
554052
217970
128009
515856
750733
700169
516848
654211
277080
95621
208365
222069
157287
210709
554853
552608
725281
406646
282520
478540
211920
323945
598667
636730
653789
346435
92615
703935
103186
302497
421919
289284
357903
344534
518614
320519
425726
546556
527201
120087
8334
550687
644174
286669
125492
29855
623115
610021
178843
409170
190927
394674
67038
741049
594959
598039
30234
618878
687521
687286
686641
337983
461003
426645
385903
720106
357412
304457
346611
195544
666413
302925
137467
323418
185811
469567
74144
589170
117373
563199
739787
423956
175826
53633
312240
364819
126102
711828
374681
32022
116402
88235
368744
490409
159931
300123
181463
490413
211780
188802
147703
568841
140066
616781
314625
524870
62097
238720
103355
128077
177108
546871
514986
624969
558739
702894
224205
747719
139354
591368
488707
306807
166392
326490
401638
291438
531858
437321
403633
14086
531943
260764
347672
339078
159664
243301
743106
36593
135111
244365
455466
450260
241685
668543
35488
82065
369186
184255
202863
437403
52284
362903
357167
345750
560860
604459
283327
441104
305364
632446
229283
566655
79706
687414
299191
379433
602722
136627
714098
75856
222878
401030
217233
644935
715482
545405
238065
130337
533171
568371
336857
342469
160401
14296
110027
724582
558597
627805
290642
370724
354470
519883
436852
492762
218344
587229
616835
170624
272446
239649
41690
701795
559775
75506
331873
412920
519904
262019
331786
350284
461572
640825
357904
153590
200231
200320
185164
426429
656813
136043
443785
636935
361079
55555
147762
407915
146815
478950
516839
81586
221732
129389
191189
204129
495773
504594
651761
731548
240528
749537
347676
334203
603744
29937
241551
625441
123576
391567
744576
622510
317805
42967
117784
127723
269497
89854
728349
395908
594690
554480
476123
651320
444668
369335
205949
36168
99425
445173
449019
723285
214973
744864
92652
63385
54880
717398
730459
253344
612093
397469
598327
709558
406838
315797
490208
206527
642043
273248
609160
718405
132639
547768
477966
524898
595678
710230
703687
537658
341894
22307
382987
431796
264979
92943
649048
501615
561508
248294
594303
658520
349582
673993
99249
130452
168951
109102
291657
6579
694673
700429
56450
618139
257223
123237
129191
126231
134076
75606
481140
660451
272855
617876
380029
202303
214415
541241
295684
283770
464883
67931
682367
570722
494878
111065
624124
456222
552793
487665
43678
455929
30413
174137
534189
705910
605999
653030
392066
609151
685852
95068
649085
258835
131577
13609
687781
290704
164255
676585
349512
174271
159763
699281
667592
478519
691766
684647
552896
306071
255874
428580
199816
386065
133974
572604
60975
252927
722206
534352
187342
88006
452874
284712
247604
627099
207039
697701
408800
729351
356662
396511
706658
111141
572587
316679
79618
539416
137303
708260
320704
451887
608775
22013
72828
268608
388207
684486
204404
588144
706664
297009
371156
164140
139980
419439
244331
561796
413973
689475
675527
389311
505304
506077
399945
285769
564281
87757
150880
10842
484025
675294
380642
246997
325312
104496
65381
593729
275035
323513
424491
182066
454972
257857
589738
725122
280519
466243
498223
41391
382811
406275
542449
580523
471851
341164
195497
386289
308457
559138
210195
229012
437993
526675
30572
647627
539805
400399
579400
420800
71976
549484
135511
623958
338152
681956
266115
473172
506617
456733
304766
556593
487366
325888
566924
490536
749972
143193
44370
378636
587691
562772
408021
546475
296753
490627
716569
224655
145641
689185
341786
527180
588733
532879
1807
440808
599230
448997
195559
376452
145520
293486
499937
434304
22898
682344
330229
679991
738332
671162
232825
102406
230284
180434
121306
418770
209331
387853
425045
329725
90757
31096
704272
212008
327911
78359
730212
254313
109990
290588
616749
523196
227749
475400
684493
657476
645642
390965
571105
327814
487797
724224
467536
646628
195967
332459
559609
30045
49621
120171
648707
535062
364458
644238
70494
536164
69305
399537
60244
313338
697311
262290
111279
673856
562927
452295
100986
715496
299145
140935
473489
397352
709162
512409
80410
739819
93821
143148
328762
237118
648402
326535
671645
324250
101183
320182
115879
563171
383443
90792
382618
88843
681102
499495
383504
222568
96641
76219
402439
688259
196713
557124
98711
8201
647453
161723
665905
325448
394055
265728
70189
254137
479252
272647
74188
137824
506108
133515
45867
191034
700380
342379
583167
740147
117234
330975
14458
325808
173221
538167
391288
448809
521142
676519
86975
160846
372477
38936
610123
177886
24192
569186
571589
728557
703447
149787
119540
705819
559559
170141
486268
63372
557681
146604
186927
339058
623643
381679
597
112720
290871
268466
110220
46673
274291
52993
113153
177743
151943
349606
83534
479929
231134
340588
295429
195756
293149
394693
679759
714890
166860
271750
282349
686308
97937
485540
541948
438201
274393
433632
512802
622598
646010
287474
431320
748528
544153
167569
594739
69439
415143
618825
668748
312719
640362
389151
389580
281699
622658
711449
733769
40196
135889
600186
649819
64572
233131
410324
381151
165508
224949
662386
136656
334236
385506
99692
611230
600
283458
716823
126154
296197
563282
65375
113812
720804
518740
724261
577865
286209
484712
311542
708956
294664
463592
289804
603469
400528
733326
512027
464215
375296
70434
605629
537085
749754
6052
404785
121716
294313
205133
203666
633290
408088
87130
434990
295725
361490
715849
618754
354657
667276
476055
293630
670725
123572
414621
176442
338667
240484
278064
549675
7772
448948
333676
455678
176943
434506
569073
315422
190450
222012
660842
238679
130422
669338
397251
697604
252424
115569
322579
230179
248448
633694
279468
222953
736026
252481
428075
711932
551104
138764
130190
211770
237692
93772
83185
94566
462315
721947
323811
525191
565722
730699
422074
473711
86392
107686
440272
268000
18091
552040
75946
328018
542205
722949
649035
415181
148545
191777
511261
37680
525456
392892
581043
270355
61387
592915
438131
689347
262021
462300
349488
540603
634807
443207
479948
663340
357483
593590
188699
725120
732165
355044
405880
157193
142290
553412
344296
524107
396926
535206
84562
523294
435762
565478
277821
601959
257135
427600
451867
730723
395329
358283
169280
262488
619572
200876
110707
730336
746727
588527
460603
265372
91736
308877
25364
624615
274083
633527
501939
689995
534267
79667
582847
600373
549815
686544
200427
135785
283770
652507
616063
599957
688374
593005
346628
699529
64911
275679
469016
351444
177242
744523
414127
285103
653880
374968
39256
597148
147036
464250
564426
252964
53540
530556
348862
673074
257086
684761
369443
410873
398221
24412
232556
426356
255336
315138
253773
351024
571204
330461
161917
448492
160496
12636
434593
509995
131537
375866
98594
510734
25092
65094
258069
223950
605848
501064
258563
446652
499151
353977
113819
21438
339
106245
153048
655799
628044
238494
509884
688563
396226
67587
75838
92671
68426
126286
507958
143465
571474
144230
421969
508002
350344
29534
27834
638254
12870
564747
684589
367140
532922
151901
336919
125425
746596
687644
188964
360054
80145
414349
180235
481598
471935
457442
743880
92553
285984
184741
379898
409585
137572
449264
322891
685390
152780
77427
183692
628162
442478
710683
735654
470994
318927
207369
653559
136997
145588
503254
52173
234831
257008
566648
4843
683318
422049
13416
433780
617322
287773
184210
691878
81418
137767
2959
691573
114781
574016
558512
105269
476349
112881
137230
554849
584361
122838
206988
216864
438191
470546
467484
420389
455674
551494
109849
638350
238286
673879
687788
137607
284761
731597
117935
229494
249870
406943
41623
739592
666927
147895
693132
230188
105506
327804
358579
9742
144171
497823
362324
496221
301384
510671
374672
518320
8918
732165
375933
187736
484702
353718
268143
376305
243751
152153
548469
663663
684279
485997
445359
571144
223532
173190
354183
591202
364176
550413
678685
102326
252506
114517
415937
499452
102695
635762
358637
1062
99570
688592
441127
17176
160866
570714
176278
6250
659499
205097
175192
711740
119745
263800
673727
54473
81551
199312
630168
88523
428199
187077
481577
494676
714312
71071
429954
405693
19146
606921
393839
616461
693532
454218
333930
89398
147916
164859
254492
642653
392142
187376
52807
62739
748726
59605
626054
73898
657540
677317
657707
76025
586384
721326
670827
27704
328127
249029
510495
248047
266296
481522
219360
460323
301370
335259
80827
726821
143429
234612
609824
408241
658338
157828
158611
561272
314276
645827
661466
443992
216017
22251
199667
178283
607598
716097
155037
512884
616498
455090
449891
383108
470004
228297
675417
94549
99114
554443
158225
662234
331571
637014
511964
113937
50205
728879
150979
630401
493830
542055
298504
655062
243047
164599
493469
750051
615831
494005
303835
219196
504538
254298
340746
413613
670111
725736
693189
550559
88881
208049
160863
175932
66982
94079
356074
644536
382731
133952
333904
90314
376649
702439
199050
639220
278740
604879
359197
596373
343610
599356
617549
283068
139056
659148
630486
169765
476391
410749
721070
565389
129301
212360
615687
728372
183472
121090
564536
470863
328806
673359
362848
613955
396131
250730
571768
653759
607805
585491
339947
514998
732284
49812
215402
254249
350767
420220
105198
256158
342002
5148
16583
99343
387551
265551
235599
535371
451744
548864
709394
211709
271999
106469
376642
590429
717747
181697
245341
190177
309489
168364
502099
57338
372713
562376
574746
666949
537552
227871
353904
245906
48230
518545
477240
338820
236064
555704
559375
714198
445969
297468
120749
106161
425193
628735
24183
198216
330885
60819
307844
268075
547217
493894
148258
335476
371415
86477
338126
335916
330812
146102
551529
189958
519649
336317
360056
3494
682760
588850
124736
114097
555879
454944
152858
36251
396711
302752
331224
374528
517163
480679
28613
740286
61034
584895
149634
185119
463028
685090
485083
481454
267448
248049
654169
295409
43915
71871
462130
292508
97261
223750
396118
357420
230106
249095
150558
225203
304273
446312
278000
363575
645253
497245
587590
31037
171540
267135
339315
8584
231623
612729
602108
78452
77135
362227
188263
130188
151916
72713
263845
509771
218680
541004
280227
288556
587113
552890
585396
640057
206813
78284
275788
73934
246687
36429
503000
464309
110571
310452
494121
406555
530304
104757
39250
75226
61200
551307
307577
584115
335545
457421
121790
602960
137436
528916
572097
668384
589484
23060
70313
104668
604815
66356
163811
543151
601813
613862
189128
459243
390713
663379
426264
110885
169686
606780
147168
237515
241665
497541
588618
604325
520899
658504
453989
628707
719120
208177
519775
52040
281768
643657
672101
348048
178564
417178
556688
545408
145444
566971
255638
397836
161870
356144
390242
530595
30438
138000
695866
7326
235580
36504
167607
379593
349641
91884
706894
148251
274398
325313
189031
329313
260352
91168
663555
572923
553627
591163
674430
283290
507798
564662
30175
416603
458253
92170
8692
387291
67923
86469
30483
604257
449305
85138
245269
592732
166460
6646
235227
725185
362401
624721
262607
135974
13697
447830
462635
371341
711543
61474
228893
132172
140282
236024
11251
479765
534773
581969
544257
521836
327009
707110
267445
77176
391867
83054
466897
217020
730765
392280
90402
38188
484812
22941
388082
247937
533151
557087
320410
199823
359121
450189
467359
28841
344740
736716
720898
54706
553760
348930
581320
142577
223596
455032
727501
276275
524139
571446
412429
102945
480969
649264
233305
110389
109431
671571
622007
381479
511089
601000
559452
724360
429762
52165
612271
398791
262082
273026
420348
84213
618636
520769
60983
163317
550206
571284
160996
609245
352100
489770
657695
696716
625658
645639
542884
77145
312595
372038
406962
160057
293080
563937
673309
215373
122719
266562
387352
130714
395854
543488
96206
39892
151083
4764
709868
545115
456731
23905
119336
414787
151402
490794
322953
669623
443535
525127
536456
177838
226966
293825
205213
639409
130695
615800
92829
100579
232429
710936
476614
502201
706637
687490
657380
242458
386588
455471
543612
278644
35078
44298
180040
248654
335455
212162
9442
565658
272476
400839
500698
122526
439407
498651
7080
696778
319913
279742
417133
347597
351529
593917
644277
745
424242
393760
739792
582975
602268
68651
462715
499842
582561
53703
118978
733271
413122
443970
446526
727405
240925
673626
466907
564362
137130
271842
712499
161558
96499
586907
684472
284599
625154
676160
88625
571876
583257
611424
537399
223358
35084
571135
624757
356350
115849
358358
591561
728754
511122
257940
122426
289155
296019
609828
188992
670194
76188
103199
19968
25547
244290
555149
481499
531056
226083
61322
136565
163584
681693
284045
109511
172388
64865
543441
525733
85425
68401
101460
594143
488698
170854
196555
633893
9521
448427
512177
478935
396051
325428
379292
139417
214106
493001
64686
369775
683157
634900
680677
647454
322544
486893
273642
708207
235358
116306
415875
504695
251797
704110
339741
281778
219538
672515
609363
265568
333885
572676
402366
91434
576400
310004
280925
601567
340081
171045
211967
180980
51512
220984
394756
351584
66603
266502
186544
409875
477590
445639
553424
586257
198452
33288
263133
744742
366777
571221
454613
57993
203899
20896
656159
150837
32488
553321
696858
434197
247835
629255
240344
484074
591845
416886
209533
728523
395812
674719
306017
16437
194457
596594
87325
72768
612135
27462
178578
552686
693662
457249
34578
368146
126826
321830
629723
35396
634335
72034
710270
124787
256230
660696
491177
578055
435612
60936
149344
595881
414595
153702
71505
249166
734957
249524
566806
674328
366310
528556
674835
640402
373778
606911
305823
364447
225432
238853
334530
36642
353466
700723
211842
384838
300704
616969
463198
200949
105945
746803
526644
552766
482943
636161
429785
552126
733503
413132
352817
51175
77909
741374
404858
293493
111478
591263
519096
745376
218310
18728
549063
108405
691037
207381
549792
624577
10738
683466
560527
614158
312857
290228
34077
489648
136683
371494
106472
212037
435224
284563
371704
225566
11175
509519
579254
325764
540429
67586
650857
142192
347569
289628
721681
569952
556536
703944
248959
317602
425667
659492
750237
434631
423972
45842
500707
358098
165357
688230
106086
318837
74281
487469
648647
330179
70285
401070
672880
627048
580359
152684
346481
16864
412041
444180
67928
583476
149599
444874
349699
322679
492147
285347
218368
85253
572604
298508
149938
319393
614743
300417
339723
38635
541055
615785
575314
206957
331963
589429
267508
655378
249991
660584
696687
508538
547637
105343
664303
511299
445460
657667
601252
531641
371652
60631
304628
537053
232133
633170
361087
557045
571021
628615
203749
720362
411415
498932
743934
15794
227747
508668
452983
377643
384828
284145
46339
743121
399218
666464
549142
511765
7290
661184
141251
428975
118932
408355
392062
545062
694858
750142
496653
116807
282889
167258
330843
471774
677058
360361
646118
313347
102609
185379
339224
404569
655921
623675
124548
137464
730708
99923
472620
325524
319689
418143
462588
658646
402321
391796
558356
362189
238366
10980
370235
593147
521787
193006
691894
476951
679897
427891
277315
191248
367656
197189
449779
686488
732838
618127
125096
344149
336247
176015
475288
434956
675449
32925
76896
337946
693154
641728
142852
376495
33366
522905
97177
528897
525549
569062
198443
33213
21575
177577
396303
644051
547125
76274
547393
147055
436490
464715
718127
353093
83371
682676
429380
195872
68473
550680
145521
420915
557222
429993
218916
346572
123880
187530
566618
484182
30926
336957
56929
65682
430079
633446
96708
156692
582804
371807
228690
504132
187706
729112
65263
326703
605781
543939
27523
285829
710521
92869
402194
477718
100841
557303
541641
603846
367750
302539
204342
89540
704335
104791
19734
56232
481970
190948
481080
193720
179922
330953
25889
89541
438039
485761
608009
577710
436333
224114
261054
153696
548240
505009
187349
405183
190117
510548
433609
748157
420674
96499
150369
560812
663884
411193
438854
114291
724632
488694
723445
240050
157280
416680
705427
550955
100535
387137
348963
528139
632564
633937
733470
601028
252012
524098
225663
619182
123920
300030
741204
47946
603191
224928
556421
171957
182062
120055
217777
564246
651074
170877
462038
134066
155294
19281
361398
633983
8433
178042
302212
45723
318021
33832
536650
713711
498404
697040
100729
618248
116319
335232
529924
555169
711038
298864
742639
44463
567763
64996
55324
523717
77508
473859
441952
297389
651908
113475
127303
700129
711676
132631
389084
527589
639560
724568
403388
460927
413251
211873
164198
683948
85551
662759
35199
468284
22221
55656
581151
440634
50600
98383
270124
726503
90118
469736
326688
725855
445578
62354
5957
561395
413328
383796
657711
428054
90932
630650
34337
449797
33048
64757
544973
454545
706938
367324
271043
75860
586888
48453
371971
141379
426780
32774
533343
304412
540918
576860
626616
652137
237062
15091
463926
67088
628758
655067
678692
285360
253822
77882
193400
110714
683485
188490
290453
133727
527163
517026
26460
179940
652539
645187
94839
735287
541995
398558
405983
454473
8785
387043
28845
289772
586817
699536
71115
72180
231086
333952
147555
11390
721804
161692
11002
178127
364468
605370
47384
54821
73924
256669
375249
174918
160519
640514
364703
165266
317173
671494
737592
333450
672000
59230
318535
647844
587610
272901
466354
644590
458057
148284
29081
368641
48996
27387
20308
668247
527752
651963
520712
161466
608418
375265
360037
92295
621619
175754
298267
369789
185350
67848
537490
40201
290065
725844
443900
465052
603276
582767
535087
710422
132156
525141
592410
729265
397598
558004
425377
110063
135619
374855
189870
610094
650783
295017
216750
105942
541716
109016
51044
417158
672544
454125
219417
564874
161889
179729
457361
10069
372478
698697
187575
714803
341306
38686
679498
108719
153006
370401
61059
331328
700999
90635
95206
255303
15982
273968
522084
26809
254401
587372
672752
361484
334059
64770
419503
242194
204377
306124
15317
337368
663404
301975
259165
12389
633924
139189
276709
53934
615685
607758
674970
379640
391657
49332
320756
525604
25432
553401
2258
68597
218487
664425
722628
233743
471956
211405
479595
60186
347162
341510
74532
94912
302439
421159
392303
649826
127775
247583
132899
633341
454220
696916
565247
234547
522786
320070
417967
537359
353353
361501
679955
511718
681984
636008
197644
489953
665633
264507
499943
484334
143209
342502
376225
501060
352678
179878
690004
104047
413651
82109
371674
637986
674062
359194
748437
383391
93053
314520
190072
416462
663149
344589
447262
663248
403825
157422
399444
104089
605411
348366
583211
119953
541735
597481
598271
707646
364235
150036
747313
327076
398396
387360
173722
530036
507030
109504
707246
41900
70844
65645
286424
244845
124395
718311
639681
213799
532029
103797
341225
580993
315023
414908
542635
624879
624271
507373
535695
593679
193832
384027
501003
481350
135575
575869
633223
339981
204240
686109
443706
18887
155001
261622
670626
525572
361797
24096
178464
397567
129835
395845
221056
438545
287962
446568
119789
128282
360062
387581
676064
677634
305777
98240
305786
508791
86307
327896
433480
449
248540
748553
175429
133131
667364
170718
646836
15227
642835
352567
531445
4584
600555
686485
450089
356948
315496
522522
211223
513969
122765
42317
509638
168953
653036
471844
500325
127556
49789
328073
743229
225328
538499
691975
541832
74160
462567
573826
317617
56877
388396
90459
200604
24263
282160
129883
703895
104473
342335
588848
387924
507199
683392
739167
524597
105776
172697
549498
345474
23721
302124
99077
118689
541739
314709
347417
78587
154337
102044
188557
631302
651740
426795
245602
669299
261950
7647
742020
735628
592175
621474
23859
594882
346548
92015
239794
435393
500535
196460
95910
365456
54515
157131
686273
296460
219595
649340
61153
118562
66546
209399
491894
201053
415338
699421
345336
122637
141162
312377
73930
524365
514242
529382
32528
629604
548884
58930
20472
311001
348772
507222
530955
572711
576610
619214
167620
144959
42822
399761
50711
114400
684463
254994
36010
613133
725378
157231
118909
366973
465411
119773
564271
93017
341857
378938
419803
683718
331046
113160
448457
532964
172527
283489
42408
707761
627427
152570
631698
245346
326061
530947
307712
625573
125682
210830
221791
744273
544991
271343
482095
47250
568423
108952
198043
51503
13080
450109
186643
268250
269488
414661
361623
214461
147863
668309
163404
424715
689137
581923
351640
674664
338064
294176
115686
182244
115459
323543
328273
658441
206468
380559
132084
330471
146055
394079
376493
211167
449230
385795
356433
522886
39299
34689
313976
682080
66141
206228
187102
280661
646535
566530
665054
460565
181543
306892
462929
543234
43656
687057
308176
302197
48858
408883
285661
539966
602206
6590
487238
43715
392045
542090
249824
310760
49704
88528
337604
470229
291812
589257
182233
302937
26227
95426
479653
337175
677158
524044
444254
694016
672207
283217
138404
633224
27669
14067
547040
11837
677820
406669
182954
40901
637412
542025
95844
641023
415523
680025
326440
27562
451582
679817
523405
175082
19833
196656
322507
570067
160160
518514
14815
495524
376916
648460
201883
163428
212291
630766
19987
477094
678984
680978
438532
240214
288629
639251
675049
458373
330260
380373
342877
362055
571952
726449
115305
722487
123161
535495
90253
339943
207942
738219
65888
637541
305893
155104
306665
553028
45606
418691
143691
413132
464788
712205
669522
125650
191423
510103
119301
574097
540288
65259
282510
436170
368884
561974
373101
739944
709407
304709
334088
478936
79411
581306
15448
201220
670495
46013
737226
285264
731374
597566
481509
312370
741050
348393
598598
530421
476600
513000
651434
500358
315133
48775
671007
549569
285329
377389
230068
587478
165046
154526
317148
256801
274115
41080
482751
642455
142332
691749
388119
246215
496802
535719
580422
569396
40718
52487
245377
159214
201798
155727
416631
545607
715183
22141
306437
134570
432449
223057
115505
738915
252227
477859
719819
726101
511360
649491
675107
699103
492180
376552
643757
482392
536466
220534
473525
201340
202148
126637
719276
737455
84499
14482
422988
238683
82623
173139
396480
161245
735630
319659
434161
474385
215018
112137
695807
223214
714460
528705
508319
391312
382730
623213
578939
675967
32316
527860
22009
706211
354573
187244
328891
376220
95616
164358
270604
495604
703791
11142
690842
719132
220779
206187
230550
18595
377363
175444
376111
522096
681599
349047
594714
358111
48143
692836
368872
671386
656473
148510
225574
297986
594994
410107
55796
302393
341299
232227
395813
618487
429656
72064
669654
339205
342932
233274
299824
639066
20322
616008
57346
156138
644152
246795
225687
441700
388873
384785
464332
482217
248112
591279
624646
195574
42891
678754
712547
559820
457118
338272
363014
648433
604221
499149
215235
55239
610382
683948
101559
127013
246776
490751
293446
651457
175635
114141
350954
622588
238058
749169
349546
447710
71680
377760
221996
212467
357980
572029
672797
31899
650413
506390
507323
234057
74892
739487
676579
5581
165432
532330
467618
38865
15800
480008
516515
265675
591304
263208
103043
573205
483921
477221
549627
144489
215745
8268
570752
616167
496679
448507
719590
340273
655057
627204
210823
646752
369703
431419
485215
97161
312327
657920
613399
559984
96747
440321
65664
294273
545369
484017
437271
684567
739845
689311
742339
9162
426980
564634
581337
1673
739086
117001
186834
234286
181644
167339
324887
35825
119521
109079
367324
68582
620302
435568
351169
139489
550255
475186
80064
307620
417420
66173
91260
264146
308802
496864
215167
338282
546284
152733
397825
274417
641444
99776
539868
318841
607996
201104
619584
548803
162426
492606
167964
468249
555473
51778
210835
104115
368851
272389
270887
84812
145831
417717
692262
35711
197756
615896
116729
298905
224905
379477
112747
472421
672805
95938
413973
187966
646067
304699
397697
705540
708549
140948
694288
419033
485803
107731
493542
679274
698292
159465
716322
106517
104795
394179
37116
618051
332008
107765
110254
4738
15187
125342
209598
217103
143100
261673
276497
443641
487243
575493
621230
38693
580355
180858
587354
651864
579693
430722
106486
423502
433168
295796
384140
61208
616693
297073
399556
274197
109342
23581
250669
446971
503841
231343
406841
472685
584890
230246
396524
233196
276882
83500
66790
523029
131389
689344
264307
127521
341141
612847
568192
429217
667894
629474
695347
621550
52319
738240
112339
559003
184634
89631
392369
510038
347601
189325
604958
30938
398689
585281
303732
628001
645294
131789
522500
361673
624879
395011
124072
637127
102400
636707
6368
427938
446869
65351
35796
203535
385715
305654
633750
47133
179524
89943
507684
579648
298951
148378
544857
686479
189750
582366
463281
119061
206875
692141
20053
492846
423980
174929
568285
470248
250936
697971
592962
56690
126621
555123
4481
425979
234907
710963
265686
743729
574847
319447
80883
566352
364698
620021
669114
569947
574969
289150
280215
427257
171510
504468
535393
411435
666808
128802
717549
214343
295608
321683
296531
260320
714811
592916
498921
565243
738
242552
550871
55509
142503
663895
715465
739583
696514
251672
178689
30449
179109
586138
222969
711112
407715
607254
735347
121977
470409
641283
440271
352131
554257
388837
657694
150578
510998
709426
572900
365435
157665
592896
558207
374117
97959
334147
528758
7664
318067
310026
417726
620936
613562
611553
14900
681263
130474
335338
25423
542485
458800
622712
748539
709736
49907
235662
606522
232862
42292
441828
205429
213275
62164
476668
111941
348362
286513
243161
607096
363518
6699
292235
467904
10659
100687
264004
734958
741447
134196
373826
584751
231478
51013
228346
542169
472002
622670
87943
785
690595
159078
613776
154117
311581
443882
396285
282131
201088
251287
176124
742973
352322
739958
330279
630515
164828
301970
455399
706931
746657
665859
3578
56132
55323
592236
432542
170508
410846
161457
728795
356661
403455
598731
82835
430806
689776
577545
474291
612549
702781
421748
328517
149082
220628
206477
177580
41664
112691
255918
747362
550764
723411
648928
510803
488962
533865
259485
623973
721620
71629
456187
401065
204603
36365
187595
650916
436102
521208
278963
72879
400082
538513
715218
298192
25258
122548
532812
471995
274884
734683
745348
423543
672430
736715
88015
256354
160124
702989
272950
475512
286827
131280
525475
682168
167899
296010
299697
685444
502988
211054
467483
359226
367535
212614
276441
601512
605940
273218
273726
358600
133709
5647
364521
291056
43053
517005
575494
414905
323566
651139
595050
574060
257730
347335
113021
609750
393957
69942
394421
347361
603788
631919
282670
220553
193873
522217
543475
425307
442477
674608
562238
225254
750063
59993
535855
455038
244592
507776
677977
555017
461880
296514
351840
267428
48784
609475
215761
280637
385204
480248
141998
466514
515073
465165
711919
374119
83382
331890
25592
383617
61069
662284
533745
234558
101152
747599
472151
358911
613609
358536
311528
269641
84536
732302
653154
528146
217501
350019
555411
176436
401665
457974
646006
479092
743676
271660
562790
412259
404368
618101
650907
728275
364802
170100
371517
361639
232966
225443
574512
451495
125014
354928
142900
494544
423865
546553
350246
589037
711563
713183
200330
251924
470888
401554
218266
110487
293307
659055
230433
153436
432158
336027
662634
40098
446335
517121
178803
729926
584550
49254
643483
528478
382456
501885
341456
14580
549090
651166
267929
351192
188448
414426
326402
462939
746678
729980
7380
544149
427048
325233
217460
106440
610555
716092
644386
319252
28331
130278
482763
243854
100216
632521
105733
707163
79768
77314
616678
633361
727721
685100
664214
426362
722065
527689
341482
690291
245453
363549
107864
153105
148968
317377
395739
70677
143108
566617
37539
183532
46406
54669
373805
511433
127022
10918
29713
230916
115645
496376
737379
706951
683608
262267
180762
501782
229764
212678
102118
325418
250867
652371
141473
83989
446051
707898
291401
85108
432339
297004
41534
745675
701322
687192
284468
211782
390884
362970
559297
231398
171065
451063
19215
546697
2245
408863
435761
47129
629592
614136
498207
94105
269262
366734
417516
500355
519092
514202
332592
655084
586974
41243
359222
43085
598863
105435
233712
25107
585723
599639
387587
173694
396105
199035
201523
112780
363040
113361
250077
634842
37409
66109
412306
325564
544983
29467
435118
33145
33877
113981
194877
647997
304033
300164
332812
709756
330242
5190
648163
722977
96885
234038
68366
676546
655224
522259
643711
143563
521104
149020
409017
294990
229490
200352
155424
139224
483974
112388
102073
173333
173535
115005
499428
211209
529013
254363
718924
166474
578023
33336
522032
101671
693554
657835
344798
142380
15332
565437
286124
17823
716439
77709
91493
608544
274276
712120
123792
385372
68655
32436
454974
476696
283357
258654
337859
264961
464785
230423
620954
697377
515941
115019
563392
617897
443078
176112
346564
561318
311382
232387
244822
443699
600764
598373
747704
285518
263323
3725
253989
402381
306491
110061
644072
93069
565301
213647
288769
672791
102007
644950
586490
632904
59569
210336
254214
682249
603655
338934
449775
18917
745716
124356
327575
432619
445208
473853
34739
672360
649309
539124
493773
169553
176937
261279
742634
398288
683413
319220
138940
505361
447515
710468
332824
338075
542554
94371
163799
309711
201862
491013
159159
182754
227395
234682
502991
277220
176258
497444
145532
269210
157527
601827
551377
501731
433464
467588
177208
62385
335808
385116
174253
329603
562421
590408
179281
13582
550404
554649
474234
227553
453768
376761
154584
160267
676434
730046
656707
715161
678747
381544
136976
561781
424199
399873
494411
504174
344928
451957
569990
584194
37890
210218
582229
420761
224175
553804
737875
563357
307830
104027
343503
589241
596732
691039
697193
194762
334852
470958
118431
705886
657943
108902
640412
623194
430220
111059
358541
263755
252164
647425
609634
182685
255948
381906
579359
8014
642730
402646
37627
330001
79303
425102
531527
204229
648749
195054
433641
429319
169012
463827
32286
744246
101167
283453
351395
48519
164514
632971
481988
74952
362319
468153
418919
384058
112651
68034
303481
304160
517246
35405
373520
706272
646390
701596
183366
255300
432644
70448
664848
462610
608916
429461
455362
243339
66602
609889
176238
643460
602665
598373
270403
216556
718471
337114
93143
655095
554398
432783
419061
257619
363688
419660
192273
89233
679851
593972
462612
91848
531216
723982
465403
634608
337239
561774
702274
173345
498714
422931
37091
85378
623969
704739
162367
399788
557414
638942
469626
50803
210685
514693
359809
322259
289417
692867
464020
99152
401676
169403
381299
498862
480210
691719
587628
414445
183523
475732
687412
511621
222423
658209
519483
690473
320724
690775
396752
747857
742942
336477
554369
444300
464846
546241
544727
716887
94954
1398
425821
351746
295056
135915
744651
620580
10300
337961
634549
435538
421361
163268
279372
653505
251148
667234
196344
285726
511543
587086
11331
132561
161433
162742
24892
703696
639093
735008
80656
221417
120186
27702
658233
41826
747188
325035
304228
324948
607862
352472
521534
602458
312181
17090
427091
708644
585632
194483
182450
122258
24287
748669
391272
481597
224508
312066
251901
633755
165324
313280
19347
566452
228025
573159
476028
419162
2934
467682
580339
605790
649500
636533
195702
470800
407340
472923
476043
512837
564052
144088
378201
301490
225715
227002
400649
406563
735449
216185
534373
273441
353712
184524
312362
594957
520607
412617
263844
294854
187913
151298
620717
185901
223044
546771
706934
658354
547872
2993
614016
601276
269620
375395
189839
297
677645
400514
558832
5057
129455
199250
275669
402968
446433
351774
325493
58417
93822
290335
465497
286476
684231
36760
200272
307853
460724
237469
485938
436716
437143
346058
589161
415553
649206
123173
279941
38412
433157
741079
403009
25034
44730
655669
190367
245588
668563
192735
34011
457437
258863
85223
200511
399492
236979
559267
600465
101599
128216
343097
313569
720807
236973
616754
508631
9965
124629
144362
193890
630876
724776
231772
327301
241647
398742
626752
675194
342317
627925
432470
464415
670277
195257
470030
133974
337119
427177
455840
38282
615503
384805
391968
301008
313090
209757
109067
505661
189883
323289
169074
612993
185329
560886
59779
392948
51779
124694
205835
353118
385274
2179
627389
238137
511771
134941
623339
665119
638803
494654
503287
247876
434897
21376
736664
386760
557265
217658
164959
183452
120
668979
556109
731523
121118
336882
43056
68012
39129
120619
744228
9173
96936
596468
728382
13050
243731
297245
36529
589965
81973
147590
106926
191569
615643
247643
15806
245784
538175
32786
515259
375974
242495
707783
105605
66025
375193
328924
709409
100394
437126
78753
206604
514351
721033
249643
478854
612977
289357
362049
406930
560702
504853
511842
144095
141269
32827
151572
34928
200632
661476
600852
319734
114583
159015
199253
209830
287950
61030
308662
726307
416299
88295
194166
703924
696127
200358
730789
582824
716693
629301
643497
235429
603796
457658
22627
50661
357747
577854
320114
696907
321378
742956
352271
669101
749783
491433
497660
603804
82075
497087
378328
247892
122223
115717
659381
333679
516479
416130
152301
616689
692799
354449
524300
334146
185962
572738
195557
670835
280436
689156
64858
490704
321182
685373
649389
65534
144586
657242
410893
250104
425491
431199
278791
434816
556238
2226
592220
495576
258524
332116
240914
673748
254698
508632
714940
474548
215104
590391
296489
27288
141530
496343
345606
151577
419674
497311
550853
738119
662668
651787
21993
217396
188321
48405
658412
737129
437173
142839
288986
540936
51385
521573
388748
113908
748499
77354
11988
317130
407058
423716
44533
279007
487676
6142
454321
203182
678051
59633
391095
218456
53912
392278
460615
11268
147716
433315
204603
378466
202415
690194
493258
742767
49955
650493
135452
382030
130149
444719
59609
556737
250201
689853
661838
601333
645632
105463
124785
745898
25752
571186
168996
352237
108991
611080
198013
46435
702021
658152
19221
725900
648199
379251
738034
739828
185104
561741
674745
673760
581903
381171
565126
704432
103783
385069
163009
130492
118883
537142
223042
44648
550709
529599
164529
594173
293674
702208
121661
696875
28100
424061
379921
124075
218062
642863
324064
130727
306553
217752
477790
136174
344550
462066
484797
266693
57916
41159
462872
188676
575829
563490
554024
399210
21919
735298
345890
470278
589660
477123
679062
295407
290698
176098
298839
294454
482077
65349
334102
534607
226729
371817
80540
84237
470151
158756
58757
12356
394638
375391
658298
429385
632228
157864
59982
44354
254411
179971
56427
411676
508737
590487
598647
449699
395680
623326
226762
87937
661225
485101
365227
354705
129045
497639
115673
315107
398523
630020
545790
305123
695045
430534
317502
685095
478057
442132
633333
679700
238752
69601
129622
511232
335685
145041
481541
182502
477351
577500
285333
504255
460358
35376
718501
537649
152789
573483
569566
466461
28654
382210
40095
258494
97569
349569
413408
130249
447175
220592
159502
266714
689071
162759
139587
280132
529816
471540
219360
177782
749832
52803
1355
725409
602164
413460
78393
100946
431597
381531
503098
290657
412705
701351
591167
508531
488803
403752
115635
470914
359303
122662
364905
306997
250822
437513
273960
639753
253436
140862
299038
532082
93407
547593
320935
254714
46412
247410
85219
734538
62774
561745
435570
640259
593768
33349
605476
99889
343592
584799
166865
257975
303781
750339
638278
548501
400106
239919
83344
443196
548202
301527
382805
99738
307561
439880
603895
348291
245503
517621
120057
144613
226176
273261
333910
707085
580908
135579
539107
506676
431201
338090
107169
360762
114686
522746
682986
633161
473617
694416
156659
320641
429334
529445
666058
141951
685192
664062
576011
404637
426084
614886
749461
98239
494638
302469
284787
698987
431441
298272
490119
359458
179629
302688
221490
44181
467629
715335
726097
253678
32594
651260
724685
488201
379116
144834
718566
80266
508002
734763
12885
572114
344716
315923
252459
719425
340457
16320
585378
456731
505868
237284
6917
547173
385465
741503
614922
407371
620079
32637
492768
124338
10029
271919
461217
290313
258261
38370
353853
417222
654520
560340
390695
56991
318890
524882
7880
54711
88554
162027
365653
226038
563645
95102
4491
451317
87876
740031
503140
51169
38065
192680
76750
66872
130352
486365
672696
151835
616015
278163
531209
244521
259971
221514
308360
31510
254714
659140
513190
675308
187574
403680
241648
156098
47273
306660
300581
40899
507147
196963
718897
423274
377757
475599
324525
627445
204842
429277
348874
2940
748613
9496
96194
366658
117067
268940
742579
166179
71463
304749
245326
349998
233624
192758
158161
482578
407666
101770
347670
573352
608654
40840
410207
227070
280550
22975
110797
433325
540161
78645
507728
135233
509262
79192
396629
521686
474339
318286
78595
672180
72242
185923
178952
575086
158083
188850
678786
210144
539026
499027
278715
121013
731156
595521
408816
310408
182621
229404
145620
49895
270794
147090
741367
332120
414160
627674
663899
392168
741213
66632
547313
417750
599047
95444
241604
314981
83260
551435
613904
525404
490564
397273
319300
238351
109049
239326
733609
208802
408962
26665
640036
54657
115587
41663
566091
661817
361202
79456
186542
384617
739657
342441
528847
640124
73497
416971
642638
673142
185587
743684
104415
524556
372582
444236
737048
45185
665546
375254
171730
106037
488391
158047
129677
557355
361970
477730
571512
288269
570021
112545
252591
245777
437308
588148
475075
580130
639405
728045
203723
97287
640059
703133
556138
691717
335656
175276
503730
521482
7947
541068
198392
258188
223006
509454
539388
321078
5264
42440
425951
41723
242682
14789
360849
185229
205340
4563
480389
422750
219649
188519
505380
110262
79363
248072
561504
512763
286825
123167
133484
171935
161806
283492
169408
497005
436415
117356
718462
637178
84534
744565
626006
729134
682928
416358
336702
681079
102452
683085
445538
312730
370210
354727
483062
112381
512795
630588
321447
588630
136082
70290
655226
508281
396068
693171
602880
274035
18711
278772
338954
385569
389233
259092
35886
418599
44955
588891
513645
706748
534928
301677
497371
136267
737966
26040
536348
381105
209551
690229
219686
458289
88194
508671
343570
69530
250449
424534
122124
313655
571778
16386
635874
684990
81606
39671
657590
463269
137512
148477
475615
208325
435912
544005
278785
195882
733731
739355
113468
53220
304143
403334
304585
622738
56321
449721
455959
316202
45334
235276
404682
605401
197625
342044
162606
146878
710035
626545
575402
693464
382035
591496
241233
89422
529119
657816
325358
639199
684891
568489
211537
27759
249050
30273
729923
579362
367071
386347
304596
284494
425190
501471
535218
47096
430353
516693
745529
19300
562220
477269
367623
701050
446081
279829
245970
579964
530294
687134
395499
160775
114527
14418
608420
385117
564034
253947
642208
251637
577751
629658
746248
375689
564263
116437
588588
131252
216425
545790
198506
737067
141279
263635
536780
442367
34986
5823
434798
64938
371039
314404
31107
292312
644667
384278
49943
178606
200743
357439
698626
241461
731816
164543
580576
731724
152566
641843
244449
247140
137579
83725
86167
239506
449017
215843
53935
130447
516570
9305
688463
100857
495281
46174
211129
5874
262636
734044
574966
148196
672882
675633
657577
508718
484167
741200
250050
71440
742094
328249
738793
94004
55085
351951
523506
228637
118583
488014
57596
181565
569838
559984
215159
734374
471311
374222
136167
461800
439329
733157
266441
445625
458116
717617
345969
224874
297052
595367
215151
683281
677398
285401
572679
231811
417247
240552
193591
261359
167323
123226
301805
606589
408718
422395
272721
53911
443226
318251
96163
612136
726496
630793
189661
77904
100572
719136
675320
439737
691436
724875
159808
569966
506102
533734
25740
168734
497465
629953
184472
438810
297757
365160
275794
194268
390061
285348
57148
131388
553659
346456
579595
402621
108712
615206
141423
445526
148003
699675
580744
328093
157831
265608
107564
599380
119498
541783
271016
623436
423135
8840
648718
612422
276290
576207
113719
681902
613545
504635
338958
30996
367543
411356
199789
351318
204515
295337
261097
275757
627338
517924
306967
624840
95393
509721
449073
432760
402710
693948
336893
707915
223400
105178
259898
211528
310572
116628
179891
185752
517851
513925
132049
301530
545396
165906
514888
546431
7646
89249
592323
388646
139338
154624
2494
644713
723274
530451
748411
279638
714851
22967
747030
243042
653007
281749
434229
462231
464861
314051
170579
450836
591630
454267
366966
489723
227379
545094
205852
587028
425043
521142
78406
725587
725596
706726
168268
475
221979
109731
648771
111911
117212
85033
659727
471812
153667
357612
212607
56112
518578
54558
654257
380576
708351
418643
516351
116901
488248
608186
10649
13820
287948
209280
338239
59660
167044
190277
101269
403245
193335
467340
299981
337002
674794
257662
76067
277035
620329
267600
694139
207245
176056
710017
149746
732949
588826
14176
166885
529455
93533
383449
495889
275893
490718
441462
333909
206410
301286
20396
407705
529814
226198
231309
432605
559128
651036
390039
60229
428984
99137
258363
606793
657945
324925
585874
85308
134379
105845
748280
507659
131919
163305
280829
253506
249452
200593
580666
601771
504002
12950
502162
55289
737108
555486
354736
229306
669724
47656
737677
455238
607430
148865
363138
359820
201018
338113
167172
715625
41747
372600
19146
526590
455133
593896
457743
104274
471449
376664
269000
218201
528782
488617
423811
637318
464832
273044
727004
745727
450879
20722
675922
38071
551464
139191
196226
631106
12683
398127
142175
669528
657841
367331
146959
207939
508105
182346
264092
302300
246548
377455
37846
599768
698569
579541
657675
78559
324974
44271
301032
676012
536554
286756
586883
435989
692807
122744
283876
204300
276454
294672
543216
360734
233087
718044
30729
107947
351483
561670
731128
205302
311038
734444
262071
85178
583997
422471
215869
349790
554147
513564
697246
733104
725310
185412
268380
270175
421292
80058
525988
168895
566292
748346
293045
64816
10391
732685
414848
75374
679516
38005
120252
656880
634810
240813
518536
271485
739383
364110
537723
163908
388689
44159
737335
336898
729878
157451
585644
634414
278108
123359
246282
210844
185969
453438
724974
473706
257566
167572
574610
57274
720817
486316
133973
530925
141202
522661
367986
270602
567387
287036
7771
436564
720302
175754
652791
132583
286964
632782
320620
721874
610866
650744
53979
703946
288090
600179
326200
342626
736145
627219
263077
723971
523206
687109
607630
41473
633689
477253
706106
629555
4456
391370
345453
662210
694912
600987
657322
700993
23396
223337
239639
740882
432359
82469
618402
167314
703613
231105
604005
2105
345236
80842
541037
397322
605763
43818
300392
71522
512407
135505
539781
683285
315484
639791
43669
198152
145787
747942
73671
257112
300840
427224
29403
677855
92865
350164
465061
127863
24522
406586
629906
415975
520924
148141
296545
145511
612106
34598
566697
319980
727166
38967
423229
727848
119279
539021
294731
645736
655268
705889
268866
122334
498359
721108
431215
92701
354032
537211
456032
71406
69534
414136
403235
512362
538057
586349
136914
244044
566753
244274
12566
706757
555960
724506
184901
199804
737573
452104
400832
374108
152664
365220
681881
657006
548981
221256
35173
221177
117886
684963
558566
362522
87702
739484
722026
32956
500373
333669
383423
180245
695822
311191
470650
591830
165187
664218
35349
184583
718752
108041
110771
243644
737891
285130
449979
610834
188976
63875
722841
361602
61706
410997
664997
494625
593004
504355
70676
445322
404595
636750
481314
287192
12388
487032
214109
435759
588592
738314
579578
267772
387621
11641
35026
21951
277452
260910
344456
14166
387091
358386
42339
216537
460935
24573
353505
702768
53002
299630
709246
37035
196856
699793
140311
684026
53210
10192
693869
303386
349532
460001
679545
9964
616948
227026
749548
748162
15288
426538
289219
636301
482067
731916
204004
201414
329565
468535
85876
551942
134585
399715
191414
212853
447744
341955
643895
365809
694385
383513
545053
669314
171880
308299
85420
327497
749510
631588
543274
134990
106962
612871
538245
578612
101448
93916
367577
3662
573739
395583
205751
745736
542030
649040
716460
542471
54894
226132
721053
733604
225587
589434
321065
441906
55080
85038
438645
471015
81218
56025
274802
9703
553692
222428
120820
544085
76479
10694
59453
515454
49451
405176
124617
390806
170898
64163
598642
486873
402461
405501
12223
425005
617133
680057
192172
614595
443482
255005
132235
106391
120678
164393
658353
307196
182718
549099
313209
609856
386343
69929
738320
95978
558820
26841
136068
573956
439622
534855
163934
58079
585698
518207
687802
94083
365572
39467
616250
633609
529564
159134
497587
381654
581259
111745
76818
636135
464687
667762
3321
115551
2413
260735
345851
641377
14758
287867
500557
98413
291260
215096
500299
540887
619489
294339
210778
750066
576814
213188
641391
628712
519680
289874
642211
466823
673052
130677
587362
693261
571418
251776
102550
82177
648243
103079
89569
77888
562672
26336
695888
191657
48289
688593
332097
83532
147926
466185
268841
557563
633768
711794
219280
231384
483622
74863
345459
6385
450600
231271
619081
363979
314799
679542
348495
413014
522219
116911
413523
668711
509973
462663
356451
529542
553696
365873
150148
207151
135319
491139
709850
635944
151573
69802
15937
122434
486170
186092
278220
136143
242078
44994
333443
119319
688895
312079
116706
406775
736534
224583
680146
325305
558547
64735
306594
101941
164578
478651
344545
179258
718697
331695
316281
228098
572237
108240
415170
722581
593270
509328
206206
393565
448484
208942
174426
168467
418349
715009
130852
407498
573589
672014
97978
309773
183153
97231
251105
705934
542707
349659
541136
443354
7388
588048
627103
572256
195683
581067
383745
136457
543519
394134
43170
294718
61621
119936
394867
245325
309532
45423
369984
434607
435953
374887
654287
217367
335885
732315
521255
364347
9123
409692
37505
179220
102823
312373
19595
655510
160385
65221
406047
429896
736745
742842
295810
549763
4485
135722
585010
700026
87190
353071
298867
51047
571278
140007
630611
607129
285680
442538
305728
552447
183246
519795
589651
663246
413118
290230
281035
123553
431757
600259
268593
607461
70381
269401
62802
50608
547102
421175
706397
631649
203927
105272
244803
394618
470532
425269
432158
502054
515481
638775
152546
727518
637145
361133
72502
261974
741941
245628
560226
677388
447229
2625
168152
172240
231962
579287
421444
562991
152151
735972
205176
545844
329824
650473
200491
351357
458000
503103
564858
664127
645638
535028
626444
24830
653116
176252
288866
514089
437020
272208
259361
7028
484526
159498
715044
229275
634917
540503
104196
155907
133171
240155
653356
437285
421314
314381
552980
473578
737528
123498
519106
715122
630749
500572
459070
199852
393558
451949
575886
362228
363416
168195
342349
34003
390112
729491
355134
193758
670591
200053
150069
319522
11512
64940
613937
86212
461553
25048
390615
64474
413669
129803
361080
218534
617320
114112
449147
194883
450753
265234
164323
372974
699627
570074
26726
96635
633761
15785
161894
75691
466717
669438
524640
211249
347746
597862
459234
141225
655360
461652
564878
415095
47966
693997
39444
420524
544174
684815
105667
564063
200524
203172
166551
397768
297924
259469
337041
617667
58592
88007
82521
172803
634849
111341
94884
329962
596743
212933
171830
163416
429929
668806
57160
29175
437586
484822
120225
499743
187751
500803
8738
257383
398989
106358
701694
193917
466668
255070
630372
359409
114624
150790
436339
439645
283631
614376
171193
325193
660385
51116
296782
152519
601860
527236
111018
283219
514202
213547
603968
694475
532953
686657
1868
65741
587311
634722
724044
580394
10607
567725
705302
209366
21924
484998
149609
515124
275615
88769
8509
31827
453894
114760
288875
438470
682538
90703
574576
439039
314127
242191
526999
199898
540130
741500
626137
530918
548053
603355
229063
223334
526823
669461
522406
392718
213071
473922
187664
434269
503876
465549
551274
571729
82389
391358
274924
377219
192124
335801
510191
575181
122634
360792
423169
688433
125846
749157
642642
158882
203977
738597
634798
28641
153045
140967
527728
269842
564223
531834
317033
290564
357615
556825
391744
203267
325932
535356
166247
425076
346984
416597
79112
235665
136357
499805
709383
159804
724551
39348
139768
316768
638516
11112
384211
25187
246373
746395
322581
408908
85422
728228
354067
495526
741371
79867
658245
92801
15722
497583
203590
224354
217695
504932
112552
84091
61029
467962
191538
355852
387997
147887
381375
323628
648459
286644
395322
260937
403655
590672
349270
613204
233377
250603
382379
167614
582181
434391
567053
498157
589215
313700
256773
424592
708119
292021
275213
550328
298730
302441
654369
43736
5970
279405
201293
203291
88106
562705
14175
529017
203505
277681
569842
329444
348863
448169
621911
217985
510083
87502
37321
138225
694815
321611
208093
510566
198310
427224
246024
52990
668501
4563
708074
365542
23137
582197
536866
138440
455911
461744
379531
542232
237490
333992
40919
174610
488541
223172
425687
585648
13061
684007
371303
44996
624549
131213
119247
60137
533202
741292
54207
37191
228554
507334
13271
289224
348495
461070
513682
347889
176341
14179
344410
639537
302706
728590
462916
59205
96220
260419
262880
406434
227996
171082
249626
656928
314361
533471
308474
445500
113861
447647
730285
564177
233365
135315
25353
93703
389347
486369
433765
1507
67964
100789
303055
65531
85709
572095
705392
537344
558153
253446
394897
596676
86411
180152
217135
542049
713043
187859
124916
54120
673111
353475
94294
668227
471663
567707
318918
531556
53437
162817
583579
458083
552767
255044
69469
161081
210950
257989
78742
111104
223971
21070
644557
119624
712130
652124
637393
606054
248579
487287
302087
327085
206041
468455
292951
576347
210672
100950
137051
639999
391781
183490
24198
56805
406008
474088
616001
230911
349258
556020
19579
581153
189669
606814
360645
682523
489327
71888
447231
609263
257149
340801
49332
150308
37060
64179
427849
230680
194952
120624
172602
464798
118203
334254
515424
540689
364758
672956
745311
554462
89951
305130
12183
643448
172172
648681
50804
47872
388013
360507
376530
244817
130899
176465
189947
409998
111003
533915
14105
598081
306467
437462
453768
59950
720472
8777
576651
338598
30333
593504
231356
217706
268932
353325
169438
116097
72961
555971
379506
609263
609207
52147
7755
133103
227057
87262
645015
103956
19549
494988
140308
313542
705750
441639
37324
164857
382699
399269
675731
453080
288997
724316
49627
462423
448936
391760
100173
574624
580926
613584
495142
448286
428402
687327
266014
442091
107335
104374
485714
641236
288598
628890
600763
263736
645990
306320
540625
216689
721353
690587
155321
231328
152196
41349
590119
324859
399276
547988
653906
591468
572262
660093
404336
314294
603029
718045
280802
242107
526284
298760
643724
309371
545829
342265
145749
21014
335680
34356
540047
722582
709720
44838
211280
260767
618486
445701
225618
439641
61153
61424
538391
401043
170368
679017
137899
194458
206223
86779
102709
300386
162165
57455
222875
682848
233533
448705
567554
423894
237769
362571
545455
188224
682151
123105
391173
457176
89134
689742
275317
51076
39472
137363
299527
1843
611388
379179
745782
53524
84712
461366
226888
37209
17717
167659
28345
699304
215800
407757
121821
534808
727418
182314
255635
241325
728189
235611
136047
546520
411716
459326
279001
715317
374489
498777
344850
479315
332099
733185
146220
712088
661337
46198
5373
480253
100907
737678
326737
630198
26467
740688
495430
330779
677912
130696
417521
314507
45527
256125
605480
8835
256212
467690
265306
422348
126053
695730
483315
569442
97633
386473
238498
6399
5813
148122
333180
307911
135138
740226
14595
146348
638185
710374
413857
122009
235191
149788
499897
138798
538628
16713
670251
609942
732568
383352
521437
718491
298340
98033
151828
690495
621956
606188
64697
10407
249204
502632
748817
177610
632008
675002
457799
318425
487537
89795
547195
326372
551063
578141
83687
251388
430512
576659
257068
310323
244740
580827
694384
167556
172630
322100
254424
548138
742967
50470
389760
606976
132508
178021
70200
740000
686601
225664
344566
545661
562099
514665
721126
607679
165297
305084
419674
103887
384143
242773
41302
102782
275809
30517
431005
263480
605720
201652
392475
46061
228571
26105
710730
102880
167900
541902
231318
723368
360024
469113
144770
580265
640026
101789
585087
735733
260099
393764
489517
172542
71368
222873
349863
681035
19480
356743
694948
563226
513179
644013
570655
232627
16423
301643
14796
537458
698399
446924
221918
682731
741141
458596
101318
171329
273238
180765
624231
295792
620371
368268
731251
73576
615159
600674
61928
548679
174040
52621
681855
392015
187997
494449
438849
233134
327503
150071
610203
156994
345981
526021
112044
563225
164646
334357
21397
277683
173268
444728
246644
381579
92421
314274
462188
471296
218476
621724
654982
240945
487698
203056
487943
701412
48592
109521
209127
154861
314521
612231
21796
603520
270131
333004
225594
446552
291213
221853
251715
347969
426971
554595
429599
747666
638933
422987
267487
643811
211376
491190
284966
619966
512489
605158
57871
384130
243847
440970
493488
30661
263601
405454
598727
504410
39279
621520
699047
50006
313343
36045
133225
485944
480533
84382
705853
121481
244926
201256
426814
476883
378682
466976
416998
661624
546382
735488
24775
725449
9944
188385
535368
515964
685994
563657
522107
172674
697743
79077
234717
521777
91290
570895
182305
684255
633997
328458
100791
314380
289258
10531
690284
657085
141056
337211
495011
197896
629621
492667
633126
86367
656264
221463
109248
693028
495831
67539
104150
205037
360956
13943
597369
53775
521997
526638
67434
139242
186528
51381
227100
460883
345874
403023
481279
394714
726714
649421
141396
244521
106095
224973
184115
745693
741903
669553
85645
645351
29298
701352
110134
79893
671754
507463
372985
441024
356030
629211
282425
383768
440433
661039
50446
607847
78855
696993
412790
625592
659230
209114
646827
255981
324015
360846
1703
128737
592789
343291
664630
564501
496400
78133
421548
706757
746141
445373
159443
380605
262407
653727
27047
622955
649736
341110
649889
554099
306159
174413
615377
59044
315184
744219
227584
338527
323145
37594
333989
236626
376358
573870
179262
473451
161727
295503
430823
301344
330847
163691
431249
327577
646126
41439
579389
232681
393330
323331
387534
413873
720275
231137
556988
42333
82463
715871
577421
724125
262943
535518
512801
160147
131522
533242
469236
23870
520202
658438
658299
86781
164062
657810
487898
385720
352336
345068
229947
331274
156393
292436
435606
306954
833
569360
157396
123356
707215
397692
370142
639859
88136
397182
157523
408721
238611
107707
710310
15419
442407
598134
238580
45342
31372
596995
750150
212520
379022
200152
114300
400283
123964
65473
59274
77475
107381
179325
559094
376944
547
227702
650253
432672
604424
291012
558458
664194
312777
607429
709032
667078
273191
618525
279809
402115
332561
504364
588046
724325
595511
203794
175244
397825
706578
92957
149538
356421
528088
695894
65817
573049
571263
590876
353252
11344
321124
180954
69929
275613
91741
352785
625719
250719
614678
348523
579394
738552
151822
596706
223979
320884
547375
183849
135070
375341
484617
627340
288771
642601
15806
259539
529912
33275
411756
43067
83228
151959
212546
364705
415249
458903
373456
528842
564764
117551
327028
46030
388627
572236
194109
577818
288267
607967
668717
392258
216012
467927
592386
654161
155059
556812
233546
617596
688630
222771
187677
174634
697435
240298
349216
516969
664642
708846
427698
507991
466687
123275
296376
617948
391169
312575
55734
684537
191542
243774
646486
287776
341617
559302
400563
589006
399175
33343
486057
425779
678025
276189
188780
330216
490775
260670
77084
152505
596482
441253
590105
62977
604790
638862
84578
663948
261784
645210
166183
173072
391765
512659
30007
15777
735793
59159
309476
685638
453476
222376
231986
173046
286098
316044
85368
467291
91571
554334
430645
48790
721599
516119
84669
298583
738573
750037
71683
341397
196272
458201
659592
411370
565753
328463
283802
250774
84555
153660
515019
505320
370348
10052
558424
509189
335624
734290
258358
607313
277864
170831
13336
664628
705908
439000
265806
648057
302959
127461
283831
553289
641228
451779
706415
68468
46813
532248
583447
322266
346474
372385
36221
230321
563583
727387
442943
703571
682607
547223
734957
552789
639197
637399
501333
284969
91052
160349
9444
235347
519089
446114
588942
725536
690089
226183
506594
749860
205119
257343
213960
466074
561813
623671
368014
108495
596999
615064
464729
301526
285559
714961
339366
349682
92903
583611
127534
210849
719366
544590
216125
563572
520187
419387
693883
177845
162883
334421
305684
180612
444529
227418
556416
521386
697118
179533
506754
258279
67685
56160
342983
430878
235863
16505
338326
22494
233253
128339
35355
60694
19481
65219
2414
563593
267000
637944
175967
355389
249684
21729
72604
413789
200237
67136
737824
467518
286992
698543
719625
36551
599155
624884
282765
374596
96479
16473
722067
625694
426888
94170
284253
682996
361700
684795
267349
554804
557292
89241
650157
376338
489820
168407
666192
684183
249083
620291
354268
433723
474595
406943
181075
633980
306912
348503
350045
458586
233307
487465
210494
600791
277487
54915
60452
707388
686871
187278
536490
430699
77964
22798
273638
427970
265716
489038
746990
167855
614919
653786
285918
466224
294933
720023
571324
500796
266652
660113
298903
136097
101401
205916
40353
133849
506157
514565
57401
148127
702928
31248
675781
327737
470273
322070
487272
737674
644641
716343
618143
542430
161809
8499
391479
95529
704543
201870
407931
462645
550539
183016
378359
460656
750554
565596
122468
384518
437117
525066
307802
59243
589018
46659
174342
153663
724681
606707
67451
257552
22905
88824
711458
491250
20274
194822
366903
133770
651199
302527
246503
218774
431405
413332
715876
564605
480096
296417
159178
428587
298509
86114
220049
206948
739924
125337
499659
604545
749341
183654
622551
634235
67124
96565
399308
610802
172532
250156
653962
510374
65181
303351
139219
5491
328472
210485
385975
26032
717761
420115
735320
545560
227990
181421
69278
523848
378630
308694
639253
12875
44932
144990
395357
569570
159690
687358
9812
453303
582995
98130
701785
360410
591578
256731
362207
750495
410209
278604
670346
214313
748911
622230
101139
461735
384165
349390
383803
719597
329277
416149
661589
478171
78520
22656
642295
191715
589775
735910
643231
393195
212648
712651
445465
428512
543644
241876
509399
540699
559926
68196
623127
416332
607415
591998
123091
448835
95604
262977
649961
719474
748918
388459
624382
92331
1625
266930
715863
169981
371864
602173
711888
243064
350119
224063
33875
239397
359956
496629
33780
27044
619555
40275
611435
162481
183168
225695
725329
552497
23041
45534
443274
87299
543427
674138
483192
605455
218530
311299
386603
9874
459105
228259
175129
362929
107391
713323
578460
297500
193307
665850
280229
396871
218166
120146
258837
448831
176085
183055
222176
501906
601151
99480
1614
336566
233746
80441
407200
183187
157729
174330
188625
74607
114716
550578
511143
26693
620408
438783
498390
244346
672657
500287
196001
271402
101084
441367
333439
547381
52701
227378
695300
613389
213386
340053
365294
195676
27957
24963
687096
70724
103866
170837
423443
446708
510020
563523
306372
258128
397146
302931
482661
346358
109092
194955
409362
604555
226247
324473
173732
644441
187305
325786
591844
472546
437240
301520
554384
269577
543641
430912
685107
626453
260990
628943
121721
162853
474387
535032
41449
279626
559304
90791
138441
158968
212408
367235
307302
328732
382129
368899
435336
82491
73298
722572
2058
168764
14834
596156
448196
583437
520570
604792
185903
608820
214254
425803
444096
734192
340997
692575
248903
640995
197763
303857
40118
88417
528102
478930
423993
725541
345970
570125
65497
281847
50941
283714
247765
420129
293713
268900
501140
714213
4518
581959
681945
11907
395597
679273
89428
349841
113850
539477
636657
137835
569193
627936
434502
663666
416768
238315
409873
608098
297802
73363
551630
548585
15396
731530
85125
569289
39105
437059
421629
468278
509395
305460
53691
455831
510501
605811
197447
602904
369607
473702
116488
735656
620615
711000
128600
425998
712500
439580
14795
657549
299984
553665
472785
577218
511364
704495
318694
190024
411241
171349
667134
11055
89550
205412
22727
530256
143214
616139
428122
145270
688355
556793
316778
175429
459402
75332
257054
189541
687563
262866
165058
51551
118259
234328
444056
670501
272630
147268
333072
501537
696018
349289
590482
170149
599584
266140
26793
633322
485019
658944
371599
694258
435315
131475
707130
321374
705167
212461
270744
426290
235862
344152
411203
238304
345273
559665
258218
279397
712397
262915
326748
39032
584490
75189
299928
74002
52343
169099
525714
673677
128939
131266
208279
271980
524511
359800
337300
536478
585593
28178
684419
604381
420687
725248
587579
269795
428525
54736
624126
374496
86077
16235
717676
36937
575057
540630
629752
9588
160031
62379
329982
23052
56432
461609
233076
258948
328813
383326
284713
443452
742623
343338
226686
194275
497207
395315
231191
649431
142216
624156
642756
57892
428630
593561
616060
393792
675092
609697
451232
185385
173377
37772
53446
555610
512105
458632
550569
289010
485113
169300
652856
252874
524919
132714
71283
492793
215561
639754
505028
506760
290460
474829
202270
155839
17140
264925
407785
164818
503546
96657
48810
703154
267029
3224
35680
600164
321369
374380
395297
28092
464223
27628
257531
1794
17399
396774
501414
103338
138536
21132
549352
352431
63810
674960
289983
589351
229690
90539
82990
186541
418354
713026
461421
466057
673612
635811
124755
149295
569969
647265
586185
505861
27871
215526
537264
618301
396119
428243
228059
676812
724242
337186
707406
727774
439365
529698
545945
532016
187401
91527
606093
397403
253827
1330
731957
496584
211318
242655
554401
642411
704456
287859
158323
228572
232279
514783
176528
347779
15192
282515
314608
168863
293013
195737
589820
230344
552273
255719
577074
399332
548093
659675
350072
604048
260981
56162
114973
232961
592530
59366
464716
177258
117444
291095
738551
681628
555560
43829
685218
712465
354929
253198
742059
578589
315447
135725
185872
648540
194495
415759
589980
430135
307809
145087
474776
93438
63257
137649
83905
140415
723976
662578
16883
377195
736065
352006
530510
727540
44461
274319
556176
353712
699564
267168
544502
497665
728443
304512
671886
123357
78034
129125
729638
296374
178390
357765
322080
433964
703664
307551
507066
493066
578072
5745
67778
234279
243761
708387
590307
278199
435215
158845
651928
216522
37747
294154
237277
95250
47633
250244
673723
471811
397159
580354
403370
502047
445551
713608
95586
328350
106927
510682
509324
97726
549689
238965
498598
267207
451587
67919
415755
626617
508496
328931
686231
121222
500898
749763
77903
220045
625113
259662
175368
675701
183530
459541
174784
683887
662014
375320
255879
156256
309102
595756
525936
341133
158444
497889
301108
362619
684974
86206
385471
378150
292391
183584
141460
594064
80085
548066
733612
465230
718465
739471
73774
410351
534058
274995
215149
91021
44733
519979
146642
528130
38633
324605
147617
378775
263106
691680
147759
366550
427951
431446
104533
381141
568263
530900
6551
177969
329911
477690
191027
169943
28014
384394
176201
275756
238360
721367
58251
484506
299741
451588
428256
739767
239297
59750
324739
190844
604693
432824
630427
656146
70153
361271
642414
737635
547991
740741
658962
170183
557567
237699
45788
166508
14791
547675
354734
463236
602250
191402
647038
474730
64870
96779
91757
422644
687220
725652
461641
510655
424418
731937
462579
266086
281919
642379
30509
70536
748291
444175
51256
723718
651557
18805
98585
323306
404763
538254
648899
164060
259851
501027
693977
249909
489676
361218
177956
453602
440635
603129
317226
503420
332475
565485
333064
714907
203923
527786
480966
186599
363142
380778
110959
748431
488933
164306
51708
99577
7441
515169
52590
708820
450280
680235
709182
496270
205209
386731
409800
735777
324016
439689
472318
357818
163997
4636
353079
245693
476163
237426
640473
710571
416156
472371
220135
26839
458258
656757
257949
405348
206528
506590
474114
633961
274667
742740
219188
733689
148862
204622
44891
661440
58194
701113
650813
721454
119840
485829
447801
109293
539463
298627
76141
417373
547357
280784
656119
126679
297255
14300
732066
522887
229048
356350
93395
507765
330190
422880
70118
444360
134815
527051
262019
652409
701226
204342
338985
290815
244579
630667
458665
226166
448297
49448
468658
249067
13893
52129
108039
599378
379243
736725
594130
343482
494816
121097
479126
285334
464035
97802
284833
508754
158892
443674
230901
644574
198214
41804
664434
517283
255962
392856
410273
557888
315958
250051
569704
203145
323834
397102
4557
670135
330544
713472
287807
289290
617165
109129
635422
362639
186244
463919
422282
245620
660280
199981
708093
527837
344602
324244
42692
145734
571408
693429
388652
702437
615521
191600
124367
674853
304152
532719
352062
477892
448378
121537
736338
277105
640580
99378
215675
20555
86093
495346
151071
357673
230848
717664
357152
255204
69336
357170
267790
623735
601493
675699
513158
43494
304184
90470
50125
34350
510650
605978
66721
428380
166979
508422
225615
255074
15360
279825
639794
604711
572453
689254
300466
289245
358166
335663
570797
563845
202305
283544
117223
143470
92935
204130
344774
526781
357368
605574
181632
524649
716407
666614
579700
177860
147623
556175
432226
516577
626255
153414
400433
535305
162070
49946
347547
687620
330934
319679
723835
514274
729344
674221
522030
93817
24846
78611
488582
80811
465970
48999
661098
67782
617348
228630
561879
291910
640652
290114
619815
294676
87332
29600
348360
263448
580382
130982
675962
541785
503904
570479
29437
175041
167307
620144
18967
707416
688579
200628
579011
263863
657775
499544
346787
235898
632011
389088
133990
526113
75916
748636
282241
120698
727300
613978
198051
231278
663758
713748
102579
249822
100400
515458
24935
406262
53639
152023
442790
364487
283934
64719
453538
665281
629606
233662
654759
696229
484635
154403
533158
435239
351182
492947
397392
92987
532014
749016
462131
223840
528580
664855
158532
478468
238020
595423
541992
687108
544876
74337
159921
537259
292850
319853
211302
95096
473844
562517
23496
114047
13780
665530
533237
396609
39316
381714
188900
584149
71842
463935
631197
245615
80967
163970
88562
78901
744316
22168
475903
413846
70104
2156
293291
100265
599263
746216
311556
611369
280873
663831
29835
351777
194681
336658
676762
611963
400385
638042
167896
274138
275898
742370
606805
422638
730303
624486
696758
37223
115537
572182
68913
501697
357423
707113
346007
571796
112813
152891
696413
621388
184564
130635
318727
273490
382588
670861
102166
28011
191174
558744
320379
303567
718111
412715
681648
216215
282592
280625
502895
269708
363959
37624
296921
2755
564357
176405
501322
77955
332206
248058
495075
295290
126895
323489
721283
277061
317576
259362
584238
130308
555342
7058
640330
677881
104040
446368
645789
119817
153864
200197
201708
394248
232784
55065
590706
28956
512032
551099
270084
660124
330878
295095
587259
121976
143473
109643
34002
435282
319222
298209
92577
716695
74314
643226
173172
236061
697835
433154
625377
45602
455730
101481
108784
23121
611658
480313
361695
353037
539555
543972
452405
686021
527721
158772
26420
271077
275806
431823
474396
523438
484562
521443
671537
59439
738625
695701
726047
138583
743828
205410
158815
1527
178140
369228
107972
685450
310429
425183
430675
52937
233370
109392
79812
382007
352649
127369
145795
661820
233204
409310
721563
408135
709159
681161
405838
311997
616345
115052
133734
603282
210349
652905
290243
135671
165360
568689
606905
178780
347078
722686
465446
741401
579963
574077
328205
73076
392693
606751
434174
726021
470569
196841
578394
625289
144728
531449
635858
254302
682987
389096
716168
223884
358142
564893
450264
392439
519174
172681
686144
638367
331528
441337
485506
413101
192310
194820
78254
226657
8966
91817
608474
108244
663169
654608
498690
538201
308537
295306
208920
618452
702523
393063
74171
488652
140856
482695
124079
629512
124525
446140
707581
412196
596546
455803
111589
387138
129879
142377
669924
23954
683307
598240
741969
210007
387711
175546
427797
476945
521887
493101
281440
254665
730496
521711
403731
391423
728615
420789
640419
59949
421907
4907
117599
463108
206363
715177
403168
367404
683457
55758
288713
543113
67494
527415
450779
200217
178309
403239
652115
109364
236462
382101
284317
76957
472753
665650
704282
398773
296739
292715
360882
452325
115996
250362
698041
331074
709880
697294
719237
278841
440411
254698
333670
179004
154259
17092
650806
122658
526516
724169
433467
378930
584882
452912
647298
420516
694251
112374
135563
586526
223623
308028
489172
257230
724890
164942
132415
557282
201491
41406
192315
639640
138044
172253
164780
645274
728523
232038
653007
579126
545537
277438
46968
158117
184369
557389
219245
190627
236259
43626
551088
186725
572760
675068
197297
489781
564245
160615
350793
638957
171238
494219
411545
531870
480303
679616
588423
395579
216900
41258
269037
332857
749709
169980
88057
216079
291984
685611
686082
526764
374837
451721
567693
471437
342604
59290
234954
17975
627209
658844
402811
628562
540686
309703
462169
56168
714249
512259
243702
404057
88405
67715
114677
371596
151792
663699
448994
186158
688712
322341
689048
602008
205164
90537
382014
552245
528989
528117
65168
146076
175274
77038
429646
686399
741263
586086
128396
282771
426054
566468
291611
633303
630196
292311
221501
304986
74775
247455
693114
484964
486465
309997
664883
698851
527087
226447
228069
500786
409163
663893
549919
209530
477117
725770
320502
97400
47523
637420
226603
695102
357061
487612
749905
681660
34574
732187
741310
162108
100243
616446
120258
195048
440212
617690
391443
204746
271999
546852
533178
647473
355344
393239
606326
306813
405418
325166
249925
352588
150453
609441
391163
664683
194528
348908
527341
85425
120908
496733
669876
333405
396702
282989
297095
247755
710300
81435
659557
686670
126851
205120
35298
482997
20863
605978
206544
300291
135846
432703
542658
645653
131576
367332
320308
701471
116404
380493
385410
513942
451507
463552
451778
672847
244341
7988
255248
27432
133505
40407
541923
692632
378549
602540
528153
612852
388889
16866
415935
748509
38970
74603
442583
109292
659901
76232
177989
70473
577093
147091
391077
26704
44331
652560
391629
116220
174709
456615
1650
421417
580354
447198
208854
459063
516394
374777
14717
647507
88142
97863
37799
312415
305789
547841
175123
414491
229095
180667
611151
84718
341834
689428
681582
396634
671395
533021
529462
511298
680902
454885
475466
651027
404319
353651
430752
495200
339630
221998
407857
522600
198973
417902
283711
251478
718496
637087
388654
11372
381905
496924
129202
240306
500374
633914
357087
151090
499931
313668
201889
627663
82426
741709
451168
749765
526367
189838
661397
271006
174008
492488
576869
7916
529150
730083
404754
490570
235408
42460
365924
703496
13341
151909
59716
330105
274330
9691
351167
239476
159095
532235
267590
676235
109666
165586
222798
653014
24738
604517
151114
485806
514903
593392
627302
349302
605976
385787
456581
273504
320828
384282
74683
421039
407740
73790
7510
233255
313337
112096
119266
179349
129849
655656
13918
548516
637
38691
562629
507642
464736
586126
56106
687241
201399
709476
660126
316532
221887
553619
334344
372392
546124
64759
476870
313180
353512
83168
678368
567843
8183
337129
372445
287959
641205
542567
75890
630111
439006
307730
595321
84118
388874
22814
689014
50802
200379
258191
549444
176995
670100
311744
289459
65285
463340
662030
247538
245556
110276
664914
487638
173459
221749
662970
201488
44648
373880
305008
570620
337990
415079
94789
53052
531362
233251
333773
250102
202397
678214
58535
141573
235693
579336
509352
540630
681928
63166
51042
732331
580217
78108
626229
475372
181728
12846
606611
218812
309022
366827
24844
52502
448966
1778
264123
405474
325714
295271
200617
224983
137522
594969
144696
489704
119025
16226
710067
748649
458508
349822
166558
465711
436359
157120
36024
242515
673600
391403
46761
640625
83449
479080
137040
600190
685266
372179
381007
746398
334466
579608
588015
519162
648792
130078
322339
657322
575595
30187
598585
705812
57484
271338
33206
410910
628473
614537
185328
451903
191394
329030
224344
508630
112119
406651
635740
88859
636970
20180
92858
160218
138218
105114
556362
466408
725091
267812
438904
740295
746457
727633
45323
353026
683225
666202
729157
63935
695778
339794
634649
69279
727582
372730
102669
67935
213847
68200
444445
701046
127954
658539
217592
120187
225582
537571
597027
465238
394779
434435
286485
531242
378748
160387
471788
122896
594331
170022
318983
53443
663139
109266
119859
536608
591725
525524
499655
599067
443999
153994
472753
444007
36903
144328
127848
142429
637222
658525
583569
418842
519542
599772
656176
473927
564021
175956
590562
339119
159407
490784
352368
196124
612381
427722
447669
614989
163733
632900
436393
341990
580803
267610
115897
728647
613690
77537
697989
664954
728345
138610
745076
570400
532872
604751
329856
313257
724545
468266
722467
462242
707797
459568
198296
347364
436982
196369
452959
601144
689864
115943
219275
228314
579088
63307
323197
47768
646133
628918
400238
450969
621811
491405
416450
406045
67540
22091
439904
128943
196377
226959
118213
704198
718605
281143
63735
47898
55959
104088
478212
332869
650705
313208
264104
126224
715567
326604
158810
561291
443500
164500
534443
209699
244825
79739
110243
37468
395730
580282
414870
608871
240652
584721
62225
540430
546352
601271
531429
335678
199280
386461
85089
653960
136719
387575
532296
162299
334425
126396
116090
128788
19507
662411
476067
225967
737789
449371
332130
693657
400599
540332
678071
433595
633663
269527
629598
141010
511912
572954
506916
340971
750433
145721
436742
346994
734912
375624
643870
459726
308037
684551
58808
301227
611650
115913
436462
241758
183155
750039
76180
669324
146229
415664
631670
97929
246705
479983
660822
742269
427380
319212
632963
159643
170719
216958
129172
742365
327623
260473
157613
295928
727284
723346
601581
671859
480238
52065
398637
81844
462785
152021
364848
366974
378712
656675
95224
247613
721972
226343
201085
378423
223834
748580
227812
296594
197706
70331
123572
184602
722233
720468
724751
163174
713829
96415
213601
464114
479384
484721
655360
41071
250659
12298
262673
246261
529161
46138
331241
744568
419389
709895
717259
116471
690536
465740
53765
140714
81106
137035
640886
574718
339371
440129
581729
61538
240193
274864
177711
739716
62042
391255
1964
307042
598854
509144
64757
113139
19935
567578
743960
344374
298938
49455
178238
633077
451664
205735
59742
565972
36231
709115
712985
496595
208925
418462
612142
146669
87465
420711
247371
693288
702590
10643
357529
579848
626819
261536
427490
43087
32382
205222
276652
157347
269743
564272
459301
647326
68747
635220
704234
142849
399807
23748
691361
424666
743890
69587
621429
179551
437974
187692
301225
448305
625254
626876
583980
453209
544675
521860
382392
65714
16349
488430
353975
147318
700762
103893
179789
550103
411587
290566
505024
504896
442052
609790
436510
363154
511270
429911
702549
100690
542044
744901
564615
57296
375625
284088
546528
324413
404620
579148
165701
491050
94145
639664
325529
434958
703181
140798
10531
43349
119956
40413
271972
295275
590056
273954
213617
118132
16599
562891
426946
536161
675502
390079
349912
719139
646701
604246
333499
251570
14569
296044
356355
330067
112859
428799
4512
446160
382931
56331
723063
102190
715406
596192
115186
402851
616304
162483
67399
97401
353425
108424
28207
318946
235981
457374
169884
158604
479894
118115
650420
616823
484850
140876
496509
30428
306527
646858
212252
382838
479836
553826
191678
333389
437862
609290
236817
638088
694135
407009
337564
46737
575544
515543
449439
47261
571336
475720
647195
46379
239917
249460
340646
118250
22224
118154
632041
446595
113685
154394
635516
288835
523336
740455
354757
197892
44430
567829
504900
350415
360755
284423
184674
618742
534453
458697
61453
527980
712578
323743
470345
390850
420138
693999
269365
571903
98925
411891
361774
636551
513859
192113
584403
678363
434983
337378
227781
277762
117646
215026
398804
694323
511405
5121
165539
563202
285606
186283
65735
164065
268499
266902
124792
304357
354400
312916
421374
279109
355835
136979
576312
74373
484732
397882
198394
632299
303551
241205
254044
670440
93407
479563
716025
592681
101089
88166
5391
146742
152589
463183
645825
668173
606938
359312
473884
316785
535208
84370
746734
347156
132714
279185
284944
166236
368527
125207
432071
172818
306736
6424
531901
391957
734389
263597
146420
32059
715806
593793
727382
702382
313824
442904
283883
615300
403590
68839
462977
320919
697105
634490
136815
162490
274483
90457
138407
215067
373247
673833
120359
579013
692856
377948
454424
588588
310510
251556
710116
174638
279610
709303
193175
714186
599805
399010
480305
705969
47948
330759
132988
92320
226688
296125
15486
60023
468882
648397
131976
454239
65324
251248
471833
627278
546779
356753
447406
694238
261363
307185
747353
290780
433225
213374
122504
88863
80140
653034
446525
177870
574262
365210
386954
631595
540706
48688
106140
524965
196436
332375
419055
212845
509616
720347
482792
6772
434648
260003
351705
521933
454402
11488
618683
574170
297983
602648
220938
360210
455388
167262
169279
118638
225542
237641
67687
106246
646462
388398
301788
133719
684584
377245
25581
582570
125435
490146
255778
285723
502781
528273
721120
498213
678125
677785
521016
400217
663010
46219
519814
317067
125001
728355
227072
431948
494512
573349
262696
373541
604989
8246
303763
43881
43635
377502
576817
491183
277749
661088
421036
179621
208952
589242
415721
624263
658501
371458
691602
216738
92604
394660
322299
509711
294725
615212
438480
273653
243560
6027
406455
111659
698384
252219
617148
540614
280335
54350
292760
677869
461572
669748
683209
390804
569678
661305
516851
279167
549090
739452
133768
236391
187659
698354
288343
51021
598939
345997
501565
433599
535292
527112
531649
530934
491266
384911
181099
349244
363095
129567
377033
222038
495751
421628
387380
617073
551288
724001
434081
516489
647368
585998
368826
390680
288234
85737
52666
629695
664411
311541
62360
85143
630205
436994
253108
516775
95321
590025
557305
284995
273189
7119
591980
469700
415426
377077
527428
440126
385946
383899
50607
253364
133958
257267
348210
395287
75347
347199
473344
342702
207366
315692
71935
673378
244229
81836
341218
605222
547193
179740
361070
310143
149259
167051
161414
17618
609468
434008
502837
75733
190974
262439
166828
618043
189193
7140
221525
233132
531456
188846
42319
218916
290289
725107
261492
346006
3184
404563
528643
371458
750543
77741
348522
600143
556850
591415
385988
342566
81870
342497
665896
248308
307804
308310
593383
537305
723579
558492
640489
360225
100716
135626
642066
14834
382356
288911
426450
583332
531090
547275
152565
387340
662319
270804
648061
746490
451090
606512
349196
666922
154016
563569
30524
410180
408694
529197
68781
21237
286308
164192
444572
35688
467138
449215
570663
375349
202042
718072
594931
406147
251052
645211
314221
133117
449658
193774
114033
137070
581608
75882
355683
30931
516041
47571
23963
332986
278402
119578
225358
506417
281016
572015
469239
145946
153651
37079
729851
25798
285757
447886
194433
705059
26844
425492
337614
391489
571545
430351
501225
476008
160510
37801
654085
363754
375653
237254
429144
50280
257618
230126
101827
109894
372496
110874
293909
624342
192347
336938
538912
569431
428661
224621
689018
28987
652994
176110
648543
229069
483506
736120
222179
597202
570772
565448
106770
382034
235811
243266
3
745371
643741
736066
351172
98310
436186
478459
265208
334598
73600
174687
244592
536821
491800
20773
472797
689955
36339
669246
250961
550496
317053
494584
484415
678373
272381
71962
709930
725219
707779
170813
729674
276344
62315
177102
25718
48222
3898
498641
103092
372387
185653
328179
452097
586275
124054
302923
484719
534018
208220
711869
539692
687321
310711
181446
395002
328601
707441
210382
421047
287362
189800
32389
267628
89628
182429
68492
103196
503795
736487
414633
543314
714870
190166
606456
14339
395771
32592
199414
392397
522824
436105
7356
184347
42619
475144
158006
47830
296782
638504
62899
598163
104607
563545
9188
232768
582540
252950
382979
225435
365473
2521
299680
274948
534574
179200
644839
266647
538022
92568
384138
555509
233341
289009
487089
598239
245772
154367
548964
277594
658207
153872
25993
449743
163048
511533
604932
745621
546602
200584
344060
78285
319482
653476
588404
99397
410738
287114
392004
668517
663845
562019
321184
375991
253760
331623
614593
140327
279621
661414
246634
170060
172585
70544
317968
203955
146936
391242
582866
98218
651531
529449
532530
681521
396233
343149
561581
58694
508634
602811
155088
36269
285147
507800
175726
46418
411828
395514
175227
176178
150709
579759
481788
299918
610982
255393
233864
289830
358068
301127
714578
179692
579121
486299
479075
555408
319759
267678
64893
289817
604041
162055
724495
148837
610415
453485
406198
246979
624437
675612
44463
112729
591902
94907
589038
532822
616474
532467
28652
413317
215683
334513
422481
432100
426009
638721
162379
156023
715223
219290
328076
593059
696198
554649
355523
383067
246809
632936
31599
699791
93704
10539
510406
642366
287710
364256
20065
353710
214332
691448
466295
350598
612151
676730
81389
317129
445784
227847
567030
117605
23523
295715
672794
377602
536534
177137
247034
132457
653461
52924
179950
716669
703829
697513
367644
218877
20387
30672
648060
487522
250079
555185
434639
98999
272923
294297
40853
708065
621549
18550
359563
705882
424276
362713
109560
673405
105863
643134
698576
333285
69190
83482
744214
115215
390055
546418
289144
292704
440128
405266
252615
653870
550899
488738
544126
397522
396849
457493
684470
416599
629647
70773
38814
516628
379268
659368
542785
186433
101006
609553
227335
605713
550934
705998
442940
680802
513697
141511
285525
111439
508587
460469
576077
603924
81745
345062
306273
295110
514619
212303
615542
744885
603193
158692
226738
183344
705326
457491
587106
748451
585985
543436
2992
114298
642097
723561
554185
246722
58366
220183
241533
28874
399113
22184
217078
105924
548566
262719
249362
514630
626931
172631
558345
38200
184823
194809
514672
60494
567838
406402
518377
87911
270469
679264
290450
544991
384775
446069
432253
183612
112232
50985
537607
196897
657352
311754
562069
265898
20662
531695
153580
735273
203452
688700
628614
513806
62112
376199
68040
25550
702860
536753
433236
737559
219761
138871
686483
607110
23619
183937
714332
25067
157713
628665
525017
189624
574078
511424
111794
489769
321575
360395
394024
67425
641259
473308
566703
17924
279137
619470
214825
688915
719963
616921
402987
454937
77702
134867
607517
736272
474465
596723
111668
367951
692339
632365
214832
179702
13841
736578
731541
430619
277197
155728
744113
113412
371293
239748
440588
213414
479789
193992
398016
332
466734
367390
39322
157958
381649
82477
636451
652759
690204
451595
323534
728158
56350
281288
304970
580937
203490
68749
749575
443928
565114
384816
500591
439897
337722
572541
614656
5810
178580
612121
296833
742220
320962
689515
576450
155814
427992
199979
187228
254079
278353
526760
134248
592054
412455
254338
647124
222830
292548
637676
585224
573050
375116
631957
255372
267095
160949
320392
9241
221402
191793
576658
268231
533482
654557
702649
98651
35348
97828
354757
36897
419888
183470
194253
505542
535529
569141
123965
26217
291259
537046
437906
466012
43133
516119
566728
296501
449676
407746
346533
493479
113585
87053
316807
434269
335680
293102
217187
570554
84760
578316
297758
315370
228957
130386
568034
209298
216126
739975
697976
405478
450029
136407
576927
59917
300382
123745
353296
314671
398392
103513
577257
545646
165803
177466
576898
748647
59186
507924
145343
560923
571474
605377
644607
290782
158201
163747
6085
548786
229287
295489
56763
339104
95025
614971
139572
692158
287721
86973
706769
223059
514363
608681
703753
5061
568368
271760
709246
157705
448536
679281
683684
232071
646038
637066
389531
42855
345115
259873
112120
104509
244977
536422
180269
99420
112272
457644
190422
176158
333056
541313
80168
107939
99483
50811
107102
475744
398638
585938
120242
559964
366486
689629
580879
335917
70739
692845
558225
604063
279529
420392
221529
478922
257351
306632
33513
395320
427699
4767
458655
602058
432445
92806
102314
89901
742421
292477
138010
248866
248272
186711
291664
61908
629334
561433
347739
352587
95263
727674
240820
686833
301200
619889
138227
376319
728380
366230
58380
650128
470332
104414
94636
660020
479644
616244
36794
708790
169749
532492
524666
181477
730525
668354
141445
597272
362810
403906
385150
58715
113912
47641
38676
12888
286922
479901
84483
22529
225970
468077
37280
387028
606500
406371
241208
629768
449040
482304
66360
263566
504198
396175
716440
553654
419976
234633
590453
337577
466610
547244
242938
502433
176136
334723
184220
602006
740447
3788
653171
115865
190025
472780
731420
680174
482735
570893
667173
261722
638930
21899
314353
432279
337411
229772
679729
310606
689428
147039
252873
279928
221779
517928
726499
386666
568958
234291
440064
86039
286857
232814
33684
422758
657982
184518
714561
281077
99329
475903
43761
219068
166059
152276
131368
293614
646620
146751
480068
294183
638570
136742
586358
333007
361188
741332
448397
199818
214345
170320
418433
624049
520516
394686
264421
396584
274843
155946
384518
295160
620726
4922
238564
432049
640197
14957
181979
104440
383853
154392
333322
577664
110565
592559
300445
111756
25805
257106
662562
42673
271852
636375
640821
565966
661222
449484
376070
515838
410014
87652
686020
53815
240622
76717
32632
595737
202779
537757
182199
632304
518715
466087
76840
193657
126213
425186
481741
459608
469407
605641
20773
354678
248950
282586
100684
720892
208931
132638
560392
277161
468506
741518
58906
414445
720063
143237
694857
345098
634841
631124
596800
403512
404141
262287
317006
689071
625622
143020
592162
178549
101946
673247
46295
587769
57673
621517
433825
625896
245529
662955
351793
624989
247094
690935
597470
80438
722913
666437
374563
15222
747622
546918
674822
26356
352962
279118
537878
249476
747095
55584
446201
421615
494328
403771
15904
141807
630902
252038
531234
678191
727289
592634
135504
238120
151591
744015
201522
538718
448003
290234
748799
516999
491855
225072
472267
213677
464619
631312
225932
46279
416370
565953
199266
326160
511823
517507
555769
221862
532477
444277
231693
454116
394559
659236
31419
624776
735817
596338
84439
531943
599726
327325
199996
102759
665994
37814
512463
175925
352431
17447
479553
157325
493237
289355
41251
103148
602054
250471
233781
112420
471430
448150
68962
63325
456582
185294
565378
415098
223395
344373
305882
364233
228327
60623
467294
268003
638711
682603
686388
152988
454895
63326
435985
115045
336976
1204
101601
456229
625104
114090
714215
253005
559210
422847
11118
649137
17367
713589
147438
352330
18091
563993
149701
493366
297092
229662
351752
678980
582872
239693
658743
351786
585318
346717
484212
31236
516708
548419
700724
576094
57070
630590
747845
386512
574826
540910
176072
490734
36465
309976
291704
490887
199765
39639
687102
644839
5978
651615
47294
252812
514562
230470
86309
714072
521895
245701
411820
455612
368146
371573
400843
465575
92623
423883
551326
415996
304453
251451
27157
309317
629934
319386
423563
488484
695745
170965
83835
87670
631032
665464
453753
602675
731430
260477
468384
550176
733933
264068
62593
130758
359563
442378
702042
662570
700406
342913
704616
501004
675561
197153
12015
58785
374062
520958
330101
532538
15183
748413
646410
479087
46022
698193
624172
337910
447935
646301
172761
341768
238693
274449
244323
745397
315273
575157
640268
64265
283026
474290
502125
614137
80610
420599
738924
149082
296567
420534
266428
467995
578268
132510
421850
255154
285012
602901
564485
561399
565541
739932
647815
361050
126302
416430
712398
660671
407750
44648
135818
410358
530295
7836
440668
192371
297118
22664
699586
473049
239230
73145
365715
68739
661799
451766
728921
722751
313002
257892
447650
622295
749155
153906
479127
573196
566471
230410
113339
469699
617882
264995
468462
167338
300938
190403
273533
348788
148497
58032
300178
705503
197392
18906
235990
232376
181239
410778
101841
587858
112790
209953
687677
316484
220637
690037
704735
514743
557619
1309
243816
182478
685402
28884
597952
105774
613463
290486
366786
43549
62024
268601
298116
329587
387732
654284
283465
54228
617009
524708
589632
458455
661693
537770
622613
128449
631039
291906
25865
649950
291118
601246
96848
497069
713615
213482
536550
349147
61329
251394
204671
184687
43348
348561
686100
732999
638238
228314
242866
184228
458354
680736
31487
104484
72074
251355
401904
378003
75367
514108
687988
109589
61535
588622
157523
726715
166853
65642
467732
485947
410737
314721
399083
275360
707179
719115
25013
58335
187582
277648
424632
230364
734842
14280
5739
243642
717606
233036
351254
238383
593881
107476
644572
695118
176878
509987
555827
113694
387983
135613
559705
586170
542410
310778
699794
640330
431464
353540
435940
40817
157091
516453
417046
512420
718532
594008
16782
602671
619762
314477
169048
638902
524584
572507
567505
714581
78827
736939
323356
176295
477336
548138
591313
367850
717807
587966
11733
535425
703181
648460
674677
288369
270947
668337
22529
189940
79376
110182
634853
253241
344119
10740
746812
467767
245029
252021
291884
342848
270175
188204
466133
278666
217465
224223
8395
350452
141994
748995
716378
379513
399137
253860
117970
479441
716160
749051
557834
596671
496965
555820
566453
631149
622292
664541
21971
189872
22260
313233
22656
122148
499584
591264
125980
556781
486670
456047
477530
159785
709040
442922
691907
157922
115957
456555
653751
420287
623212
532049
108160
405914
77350
275746
645177
681672
271606
172767
61405
397738
39571
79242
266254
144234
175142
368935
472202
233134
622203
43999
238145
592927
436231
294239
677893
172886
613944
198865
476053
527107
379161
366166
295010
579430
559801
256009
742045
215660
25245
256135
20151
362786
619258
199654
644095
664307
155875
17293
387289
452378
657256
426425
73445
729137
394222
460425
31726
561978
443494
429705
386415
91517
154825
227943
413313
647512
563012
679266
496172
189151
165627
162703
658374
344538
422637
418014
623909
511830
268919
200198
532621
415477
455266
253605
338442
222935
744546
578521
736313
183890
125727
588923
206226
678433
615048
555407
414485
435479
380047
239351
341339
652890
669849
373297
240178
538174
409901
136650
463966
510781
382994
651568
629408
703150
305327
149948
190056
478680
294880
123847
658241
507943
224832
210064
301366
522440
253780
444954
630439
734596
550968
702597
723137
504002
299176
37737
711024
7920
604852
699713
76313
134433
601503
321613
191709
553865
100273
88139
736366
631432
273727
64509
701708
270993
23956
130288
615699
674438
701203
719497
589987
642732
169842
614420
162354
390138
242283
667695
632302
394990
547316
684166
281808
686138
98030
375232
176167
328392
264525
453581
326563
674245
504697
744404
437587
443965
265075
396331
257836
147869
417235
99587
426844
352606
374007
292401
276945
279954
522411
248207
231606
212935
689003
207642
140252
211252
588093
298791
340194
117186
47073
627594
487639
510508
498710
509419
363870
745802
283197
437636
343474
692228
404157
664037
564546
98127
686544
643131
470781
121297
367876
523729
378895
564313
174315
453989
74074
454384
63181
649574
257307
632649
146309
70750
570610
707974
115304
255319
747693
15543
504973
474774
452884
368738
50454
566490
597456
424536
581613
34082
186797
101899
421381
564811
563846
653553
471801
580737
629563
49959
611691
289476
224292
177738
137401
465608
725991
748074
71854
79712
604942
442795
637390
218764
604235
509649
384953
357755
36147
501425
547150
700305
477350
390598
740671
322719
45387
746307
24551
114048
415836
468017
711288
681979
567983
149178
234332
306014
105319
125550
84282
644257
278624
157680
599696
89120
85165
683850
302817
257064
364865
490362
679360
288817
628705
650287
13322
326573
747751
711186
562133
662228
56583
228752
432678
142800
569600
478029
390229
712879
355940
135358
491540
173661
629651
100076
212643
291030
550967
618624
437757
39264
168034
4053
467417
111398
533452
146502
416767
734987
209901
625975
480286
304353
472938
77948
26249
448812
240475
357863
706389
459666
643383
344254
52041
443856
716663
544487
656497
523026
573478
108847
404633
148072
206644
98199
640346
521659
548366
181840
335042
319374
432185
501720
320614
215037
66472
281341
309281
675181
57673
714185
161006
121193
479796
711486
677251
89880
651350
239942
437429
46349
475977
530995
442263
422563
265672
704844
26972
745471
190828
135482
570492
615095
558959
707678
620308
572227
293172
155996
566129
397988
457863
285248
4524
207539
375431
120413
521507
215666
478297
487996
642833
599449
495230
720857
231877
285890
619679
713273
16864
683181
617757
387664
530573
32873
668292
157872
86975
112327
683178
724019
104887
125510
252624
636804
116392
598320
624685
130726
60295
196552
228059
639977
207571
502173
331061
444965
289428
748234
707496
152888
431817
91160
610582
603422
261006
149341
129770
661055
116816
596331
212544
67847
344873
699494
400311
655952
115400
508046
695919
78323
492389
672944
324800
318409
354929
550852
82183
57211
375615
164856
88785
378400
396083
37391
580223
481635
419054
658044
32
230431
350757
560932
665449
227359
540838
748852
281633
558807
179918
563007
603798
448203
209855
25383
52422
479486
493354
398909
508058
505480
445151
252591
534789
540377
376850
111248
6707
450010
37095
667755
428408
146865
32667
554887
23711
132113
471169
203549
206072
683846
338216
61228
283447
672908
158234
500946
114803
202970
541449
234747
104035
166561
670951
303668
417928
652338
268926
668553
333961
64266
710707
681670
330466
153220
409924
155803
34278
461039
393088
9094
160396
714566
149163
497101
323906
656403
470928
353838
636749
708085
702961
199425
163045
153168
392362
277933
454371
204105
492887
372021
486118
549041
38823
723770
285887
136514
52709
228904
401598
135763
370264
294713
194541
101924
583307
713099
137580
297843
276837
135383
7802
327251
88260
618888
542172
638971
376545
737485
690994
461868
634665
293883
531627
550787
88332
604371
406836
610615
353715
567893
8335
651562
79656
297675
348072
88418
358564
675107
602449
65727
325063
222307
116713
709815
190175
574610
202898
52899
340798
384450
292066
679930
417389
725969
155311
27069
361949
723805
173656
108967
582607
353370
511456
653286
47435
11517
293488
279422
336886
672244
78364
483658
498529
579202
105521
378682
525513
287461
91832
217017
589422
443167
154291
666856
545696
116499
519622
111609
583556
611594
42627
178011
80492
56468
310495
516764
717133
125924
192019
388638
436299
715305
197347
497590
739810
494595
595137
732541
204397
24032
320579
431481
374589
582785
748567
582478
291326
659719
581275
706942
278849
184825
96471
393834
338506
162999
137141
523296
73149
507073
12093
584539
746635
218579
222
278807
328421
494407
158016
718302
502324
546992
323026
595589
261419
124243
250087
140816
227512
645682
715335
94222
51135
563075
252646
575966
736010
480411
554821
588816
592647
69582
642297
495488
626611
208011
686854
24868
712364
347100
222356
519768
580579
108155
742282
634348
632689
728589
77007
723561
450026
637895
717754
621726
24892
604486
618385
543388
663359
219692
596915
63657
456171
5131
71633
724280
674722
686121
389836
741988
265451
183603
460453
710109
494145
333229
575213
699898
252859
59851
33094
591251
352772
701265
260086
513824
246038
655443
174655
681559
328815
666897
412862
629542
427252
23622
589685
643568
495327
65288
510255
279174
289015
626648
91121
679684
442022
81940
218290
363443
183489
483233
105436
466776
272844
439203
659026
639557
533139
212966
480443
643992
465602
169956
219044
392562
520768
647497
350237
571841
22432
466400
190190
392524
270518
35576
49821
155463
459016
719723
213353
510009
287079
377668
329274
471065
464941
508645
306092
368744
439200
601959
331831
630953
487433
83146
496103
214033
600381
584357
13688
242773
368395
344139
679659
65256
693221
367334
545364
362938
567517
75570
505551
436935
630392
682048
456171
284646
657188
192228
38595
545749
140267
661003
247581
36422
619651
361846
289623
127238
188459
541777
265249
375879
599782
76571
313977
50466
299174
645986
448987
583696
51567
5861
18036
98221
430973
698130
669892
423231
62658
623007
517369
224305
130401
254531
285574
15024
92972
383240
210727
604768
4194
62287
279826
243075
299686
740895
470177
685397
698270
286016
459086
514286
544650
344122
484403
708598
272964
538063
54557
640510
687385
699212
525847
372949
508719
347629
187408
685392
283696
494641
69226
221122
143205
279100
501270
55555
682206
386717
186541
337355
20152
246554
415850
129140
471009
293872
604506
614084
744985
108793
123148
389394
151364
272977
135099
395281
371798
414861
604371
687035
515129
526574
304682
675376
172654
514999
599985
387691
714344
523227
226012
475692
11314
4460
428249
585564
741246
263959
531118
592164
653874
203606
213712
392197
201115
158368
296110
258396
239745
273614
203946
208776
292675
645078
304618
293249
646075
195488
441773
247386
418802
65655
699370
127290
601878
709381
269245
229532
341392
699754
632273
46288
64183
11307
476597
14543
390647
253469
520424
481012
739682
68239
269334
732627
476340
299188
348912
506522
41488
375557
90829
359709
298640
357368
3492
553804
643359
259505
325406
554852
700699
344726
264812
503419
712578
491206
391650
396518
373911
187711
227152
678463
373301
177088
55184
309676
360656
101941
480895
230451
506677
68343
329197
519338
486943
405474
374921
262412
405597
146532
599837
86214
290616
297640
41793
525026
615083
148671
671472
133358
446359
339843
712156
241473
114377
742259
75602
388841
133542
319956
130486
21299
391159
72536
592084
121963
749140
224433
3571
121977
470831
608421
415890
179277
434142
441106
420269
576834
55151
181044
346812
100528
186392
30950
79660
358154
633318
616430
566697
453568
41774
638038
145129
369816
106369
375164
33062
310699
117817
237854
617899
408374
17816
25758
323968
247880
594723
316423
726357
471519
561535
447115
420976
419449
655803
401766
91936
306176
466485
461748
656369
200351
173533
558051
190909
541035
505369
539791
222812
66483
10979
742240
232473
20279
595588
209452
745368
451242
178276
128162
67779
484551
191852
105136
322493
221615
476021
300987
60737
283999
249326
183889
54610
127641
13252
409127
299592
65364
106852
319933
177931
632890
534189
586559
174251
202239
393192
305832
490166
685714
611670
273293
436270
362314
331446
58584
151780
143356
293907
232473
98336
562994
632662
191415
44246
59720
127861
503193
604118
361378
689378
287497
483500
298514
468370
29916
298655
466955
260836
747456
695005
425820
149686
474633
530662
261437
324308
484227
720833
301741
376378
539532
658122
584810
228303
597894
551223
654980
38503
174218
664604
737809
16514
491043
583834
200350
68474
392843
663122
294982
463191
578117
505016
75216
262806
528446
135221
638805
590430
421140
637954
749731
44856
584603
83143
244095
391518
356664
545792
418307
45806
492688
417632
681984
306266
202206
653245
613164
329498
608282
104124
305198
181047
202279
178864
694436
162699
326676
723353
665853
187134
488149
624326
349626
699215
484645
738235
718826
594532
164478
624940
738823
38249
487257
428251
125503
27219
700578
476086
241758
56682
183969
487117
72245
307041
177214
242789
698927
539600
117613
65732
56069
145114
459292
670279
467133
722264
748376
312194
594706
627205
562938
350093
374707
635608
97725
96784
293647
745325
374864
283263
11122
192283
636358
486120
557526
693017
141337
159789
408641
630141
283209
9668
70026
456371
632777
316
83788
594302
4191
678444
485774
655705
298621
564796
507212
446713
703207
133265
302767
56166
57830
569304
23752
5683
102701
731697
561058
266873
282438
261158
680304
224671
259781
208059
716289
425282
484051
486844
741604
57308
367220
218594
30301
181797
447335
477772
407237
488194
651420
471357
77622
252909
709678
654473
92756
134993
145316
389856
126485
605634
340017
393014
329231
605174
621429
560278
571142
90638
44321
504999
552092
565656
705029
632078
65069
37041
93273
242013
554216
42575
34287
26206
89512
699708
515863
263948
359945
242064
593195
34610
265012
135116
340818
267380
250866
645364
32036
89760
409776
365792
724890
560956
39459
31449
89942
2881
603777
122730
125692
590952
354938
427595
147249
710993
476084
20823
341322
296400
951
566686
646290
650017
727722
83678
503051
674666
50157
155446
726946
155683
220745
364894
421017
5706
715581
60371
470782
86865
202333
286944
637151
386386
650044
159883
66815
352960
489196
578963
349325
144102
321329
120232
2373
475424
386487
461922
58150
190157
485351
560085
462280
90288
306930
21492
390249
336453
361585
194706
509434
565032
711053
390029
680761
408092
441305
705879
635848
266827
254802
530424
287514
95440
8652
122448
130284
398718
519291
87263
241385
42404
76979
18840
354421
318133
320821
591352
254365
342402
374625
227619
364270
523737
708712
256013
572926
36089
40209
18779
469911
113523
635702
455062
288496
605741
582271
462637
58581
611478
430112
426736
30230
740827
466232
206616
681095
291349
670632
389514
193313
172460
364816
93933
360339
228232
313283
304194
41859
179022
633799
370012
534889
648332
716821
600380
192498
696545
549355
699871
334762
203897
463255
704234
409435
671722
90839
237617
581465
177176
315986
393295
459328
25840
141937
130570
678811
464520
648282
490325
365059
258696
618650
657789
452680
82719
653970
544245
739191
616042
5518
299036
600092
577161
32027
238992
67474
304505
396800
526329
541797
246979
46277
399886
420208
261178
250868
353437
617923
183397
608066
238911
307638
11479
637214
506839
491247
618602
276426
198937
369822
250987
349502
601305
729289
8849
337657
580126
294415
709163
409386
473121
121399
532330
423396
144315
356452
70737
352281
496491
374685
349932
550775
143422
239403
519859
147998
652680
186900
301358
659697
175764
177471
618661
375502
90541
135312
350839
415090
442867
644654
460569
397657
509275
703085
315264
144485
203239
574221
346484
86947
719951
314658
661177
382923
695350
123484
377386
377991
199766
728214
554695
616057
37436
544221
587905
736923
17509
289117
687749
424327
131960
160995
634459
531154
56291
549738
629587
648231
248587
241801
106453
657254
87734
369368
731303
628597
187922
240268
629877
738378
498266
680711
159701
86656
209797
420992
695576
554695
108393
77287
699596
181971
326728
485583
722998
558656
393600
673900
700936
279666
341197
244289
276498
481726
710913
613279
605228
482801
128928
73062
717759
589334
627135
713366
69915
658749
484778
160901
115811
264977
478002
548636
694632
49833
649013
550390
28342
167921
38041
391834
672562
591251
317076
111643
374133
65855
48359
344905
378818
494911
582009
264352
316633
268953
749302
40350
184801
162973
121131
558307
4313
622630
534659
264129
43646
656652
70045
207429
78016
452659
625929
744773
201992
416550
63255
683776
218818
226353
345236
424820
140025
692085
29310
102719
289072
155844
520738
635807
576567
311519
21383
624715
739822
489833
509207
590394
11806
97777
531914
528768
161372
690586
666369
115673
171740
355826
524801
299824
25659
331062
89163
544500
721522
572868
489404
588497
467314
455437
537742
192874
254201
395617
683297
87452
91276
311644
47769
127985
324302
217406
441917
424025
484483
490660
470741
486505
398086
605300
405373
572549
506796
45001
533107
203381
632591
587644
33565
225605
110320
437215
508209
231328
337091
548587
397221
593591
112929
537743
670636
178513
429345
647570
640579
165661
369021
316135
384571
445872
458160
686884
433175
221197
116364
406048
456171
196675
182503
637335
144836
626994
467229
77229
418262
588543
666809
377110
48126
657046
550565
628308
735253
626526
5136
454458
89722
420812
508865
320406
214211
559174
630041
93285
597436
92608
321897
54797
405320
510306
615925
387344
33190
645429
94888
159122
296456
481122
718058
144480
425926
305920
53850
692992
276285
510128
109535
533365
379789
453604
507149
340032
106462
122624
424189
473067
355141
531097
245598
62401
65958
468752
353115
257802
434166
121490
742480
585736
477717
667379
327687
394815
347425
475759
656982
169550
480959
603255
268488
651675
343188
545999
327021
198966
214122
211359
252414
53433
480766
480165
593661
511185
579540
706106
497557
13052
456849
742271
611414
464727
729911
191767
695307
59977
601724
173035
508662
317903
292566
454615
468872
638807
229981
571202
680319
321146
50598
148263
179579
44503
36449
447228
231222
535298
84400
725949
272587
185394
492477
79156
486013
40770
334184
253868
224785
584377
97609
516196
256761
344095
700951
131076
143527
516828
584858
174313
435441
243516
679706
207947
80644
197251
635574
232056
626956
327344
186921
627488
532397
636282
416416
173646
74633
734967
691366
326666
177356
669242
424314
635894
422548
225080
453232
702336
617678
499099
476721
463786
52270
621465
309996
336102
370562
638537
351162
131639
40629
215879
335803
18611
732584
145031
391389
277796
40645
509986
330553
517296
227932
169107
704329
23746
166163
575196
632789
513303
552281
15890
574922
237191
705403
700328
227193
639335
667900
286129
193882
634790
527249
56463
640589
263350
499325
63245
206153
435197
165838
33627
14819
180698
116623
28968
497865
223973
258797
348862
543984
337757
123454
32599
240400
170914
94914
63955
322720
190486
269666
730876
100162
587996
201248
72433
724762
679611
687330
580812
320237
721509
130578
518154
618097
723628
305604
228746
259745
169634
648819
272876
317499
64139
400865
75702
640636
118252
637542
46620
368572
483868
73633
238406
709811
643482
14467
409593
452196
546069
534905
165557
6872
581195
565326
134402
146869
215167
341484
182788
746105
736980
140392
193725
11361
628258
241941
483521
121958
250816
138483
104784
449052
276226
469142
591132
570914
698319
188265
186766
18750
548378
408451
402304
464544
675555
745186
639292
714676
638994
285498
21
175374
501668
39171
381145
573665
646669
646774
561202
444151
691879
187905
290820
545716
105812
610253
354264
500563
539999
402928
620972
627819
675441
401267
703113
379190
260886
609095
395428
36915
421025
434054
276955
483927
720000
27881
562938
455860
566711
675071
503903
506399
730255
4879
537976
179350
406405
545929
699671
338151
320601
536824
346569
501744
303048
113287
681715
526910
136428
224975
627393
182868
298732
25494
237496
660003
636296
178206
453272
86023
45749
108648
682758
425742
250486
549456
612961
306240
708432
399725
195169
116493
402404
143017
662109
497475
72487
265279
646971
577747
183962
285453
303488
38238
685590
64431
520846
449780
453059
287640
272059
427795
523233
708662
501224
750531
274151
292468
665495
736044
506910
568149
653925
91629
372150
523014
630074
500488
198672
416296
18184
369129
532227
402085
283105
467754
74164
700045
38777
59048
565519
580785
171391
385468
69508
494030
585714
407486
589443
446161
347467
638358
98327
172046
515762
47388
72843
596251
264614
124689
200420
670302
201604
669121
387801
548742
682436
322433
208391
302872
438079
98985
58347
506371
521986
664729
37548
542066
362333
655377
207385
173739
301451
155087
129594
212955
223243
696829
565891
565489
111884
319052
666285
447548
404458
529578
223025
44010
733370
202901
259075
217322
163366
419646
449246
18812
341678
369034
230245
323385
406628
100051
245840
741706
322294
684946
425488
658818
198927
302515
486521
278778
203875
563300
616323
77171
736430
600043
548849
522690
316171
268174
355519
552425
23377
296798
287008
268715
683844
216381
7057
727011
346432
462175
191336
229883
679619
738213
507307
340871
157612
587214
413899
2048
242595
267743
293869
104951
312559
606587
732718
486453
190332
62611
29680
550833
478109
16237
694988
501921
570545
442332
152079
81691
669569
88213
266005
561047
484521
74302
106646
443904
721353
188781
582266
700807
521432
192707
266703
523476
189443
500491
108299
577554
88331
562158
675732
423676
648457
281482
496765
147030
530659
491941
436573
443665
513322
314026
159964
529724
201051
519299
387380
654120
313978
284122
694553
253312
68385
243786
155423
613781
527780
37657
311205
635175
1547
507426
204680
140017
62148
90217
505368
685528
370726
160274
562370
548718
41208
199738
634330
653823
300962
661707
402765
463423
713046
86143
604945
272299
428434
209677
521999
608992
719770
284759
658749
578308
172371
701420
551616
615698
260802
320458
49167
488684
582566
737953
362351
358408
108853
596959
660629
679327
589634
638961
350581
375180
115889
337994
319104
229823
358209
738227
161804
562797
345981
370893
728319
502656
484138
116775
3337
2679
749181
496992
632277
668738
92225
482252
116693
636263
110854
651181
105938
240362
207813
223536
272676
234500
31167
289609
286874
50242
73671
410071
116682
160763
734420
629623
276186
708272
3966
551842
289035
313958
202968
221768
246908
555854
108646
64346
118507
417347
461759
102058
734592
275614
579293
623204
733655
421579
241534
653682
188982
532856
725529
139345
131054
143199
429332
570006
275264
372783
91814
239267
658113
541970
139846
441063
460118
337613
569644
236443
696727
182458
83171
575551
438002
735399
711886
184873
224427
76161
342318
636582
244527
198237
153167
249472
122383
385652
506096
746848
12357
144600
598722
334114
272123
638621
632013
166047
167896
443507
607721
616460
61967
23609
129316
306219
521656
730061
360842
367572
321382
39984
469484
526500
409137
357191
65308
457126
675700
223833
371364
393794
691066
504042
211922
266650
683669
389432
236180
706729
69483
434642
736557
261473
399067
569044
555598
589306
424024
711098
245354
73465
260137
60781
443616
579855
537744
619419
504703
502280
151104
506961
327055
441441
33169
206340
717379
421839
398436
408345
199833
156104
267809
19861
384173
475374
567901
159902
545829
703543
618811
302530
686248
260599
420950
689227
62138
510200
108800
648747
465443
425809
77684
690008
183646
203006
192187
355065
149015
580927
716292
368539
601311
49816
194300
486830
594541
505301
535521
205184
279788
518601
62170
118830
232045
444658
151098
575733
542324
402707
304790
288766
223986
235866
386605
582342
156237
495634
681860
539166
612489
547481
118383
136531
499774
605567
670183
538522
71175
305623
322257
447574
24269
398619
618781
440392
417348
135526
595301
622962
601777
692299
444987
194217
418298
327658
558188
312409
83427
77498
122934
593141
179174
534438
419438
194775
449909
320926
703910
101093
620388
354913
481129
536899
365700
701532
417286
603532
75072
53441
598107
314528
747869
670044
110870
427607
111968
594256
318841
345958
203436
533900
255434
428563
211932
468818
419014
8377
520157
132499
685391
2656
78049
237006
515798
46141
532520
335809
43830
669461
91318
637092
539065
11017
209814
507725
457341
365899
423739
455927
396327
232947
421335
231934
719783
640151
397558
7850
652965
306658
427886
155658
457277
289207
88953
373890
281006
614481
466292
629259
145386
527811
411053
313284
424256
96229
329758
311555
376302
39461
709661
20054
326570
17826
734520
416479
630745
178465
739099
373556
106871
96461
272556
83324
530858
132147
166235
139760
657375
351633
616723
279614
635964
131939
639222
672611
499855
449553
524770
126183
101379
441165
84211
741942
635235
9710
285402
584739
156834
84360
333198
4513
135542
594976
366290
125196
544928
219996
595840
378067
235859
620029
636287
685369
563578
247890
94751
531642
570722
737566
470215
598172
30191
299978
302529
404075
589395
376343
137670
46956
7058
248714
519893
551533
474442
589076
154249
650651
291617
604469
335436
739475
478676
153492
689912
322286
213219
45792
410188
414054
331122
69935
102990
658856
542464
568602
364375
375650
48976
721618
435496
455402
127716
316610
297988
246169
37057
135107
191402
346903
245659
62285
648163
537568
19817
566516
747405
260139
514895
132426
574061
648437
118078
694172
409700
602451
388093
630938
455009
300322
544903
296732
154608
622978
10888
28512
432359
440917
383146
79668
68780
334837
694946
420424
436534
120068
192586
673231
704240
327490
522320
68548
478437
609419
218460
195850
204823
669412
228740
607790
474360
97426
742328
612946
263387
39591
696665
582437
350114
565403
237183
601123
310307
684354
286506
418595
532467
629697
46106
488879
347321
41295
494400
334372
600050
379519
186645
525758
408373
177616
750250
395997
401154
602636
91028
125829
108590
535088
383766
376776
158038
304960
205722
634588
496113
262572
728455
441648
458669
349809
14103
426370
47063
526568
545374
307063
75140
659199
545419
6566
536240
743655
166472
36793
183848
243834
204482
272231
738324
162810
189316
130290
456681
18384
279554
330037
661765
47312
408585
365675
19409
633376
430004
502202
404496
552850
399494
549863
28816
543124
587610
356942
691990
437569
681352
70019
156344
338958
478918
405523
529650
629338
237825
270207
196398
339119
454461
358243
254990
262988
259594
718264
344885
659603
240038
577402
228686
645068
273098
648795
549583
129606
551848
117674
143299
298091
700344
555743
430497
583923
373622
529543
424554
431329
561932
619932
240966
631883
686716
368144
250025
679755
592897
460179
74080
394794
92263
566429
43385
13992
442168
581698
464236
360977
455660
39335
737838
255734
734471
629888
657801
734699
250661
305180
89306
111632
45719
194602
726923
314696
565028
466467
230102
59561
393714
609576
65547
684293
278182
744533
127669
708577
523502
581770
275850
406887
302894
396991
499866
273619
609675
114362
527146
464562
492344
412227
286595
432375
389515
36976
726415
593000
371648
594108
302767
160937
522057
33899
511488
554104
455648
477271
334641
281905
411660
255325
501103
210531
250859
411822
404734
722063
189189
585188
525567
471579
489427
274728
122547
719634
516006
305098
69750
80501
342958
308864
171208
409395
681358
456456
727538
462887
197586
560079
140210
330377
570654
320713
708054
359195
357747
46857
3768
611832
394954
214627
188747
35388
335181
420035
340503
4481
536098
329428
236205
536897
497155
315657
233706
365550
564319
55832
724212
86787
63211
27423
25974
548462
72484
174424
644676
475344
717825
601758
81070
345041
147643
467785
270284
468684
121989
635806
637005
233179
331984
724397
261367
560985
328711
555215
23623
247105
89973
117618
244754
567047
672038
292090
325954
680702
580236
671458
258268
262005
245370
560676
708989
717531
177582
696579
581084
120140
224372
69235
676854
488136
312108
120544
530278
117663
641014
442533
40521
366725
528631
64645
286556
121342
701619
249415
104003
404271
473490
662650
472551
375057
255524
327001
750651
606880
300130
381344
258420
322352
614147
658896
127370
192310
200299
9800
126066
194549
740941
706490
551006
198135
447001
33499
117859
259415
231779
591637
492467
480430
44013
652196
528503
179464
208696
584822
665149
734842
451405
709923
17327
176316
335771
38508
118809
426896
557800
221460
567271
396968
247231
577842
721828
507862
396455
436045
1548
738981
543664
275277
222399
489890
407870
554416
480045
603111
448662
280956
155386
368631
314777
461367
616502
97373
470911
683264
721361
696979
622351
496148
235768
67716
625583
167545
421234
305834
494543
483206
494727
76767
680115
220368
625959
139169
323986
431686
544785
378338
242421
113040
400520
285315
384286
730254
651179
330842
724690
79872
610132
742471
107715
476
31522
276738
505644
388175
647851
13536
181971
684873
440536
282400
656040
416727
32518
167508
402519
493717
268058
493514
480048
735471
506264
235265
182349
194900
389221
703047
701771
146904
72155
683717
532998
232673
685668
452689
147725
170324
398096
681545
591295
201141
502975
234180
583761
684583
610832
718238
526707
528442
664234
516843
640975
125805
290360
115450
349535
209768
128836
460036
392444
738494
13013
203835
476024
360920
68533
290776
542980
404274
601019
636101
244053
382130
142087
271086
689362
252718
387585
479478
407677
371915
405555
133302
396049
738680
343351
359447
642298
236777
679819
691367
54238
166943
116459
424702
390021
44446
515416
266034
320960
328339
729222
105751
99309
191181
72403
738581
113952
20038
629410
383655
358251
697233
256995
360903
240371
94446
231608
253894
517579
417193
448235
473103
624786
708475
521554
364032
385685
34900
662914
442421
591334
504552
589581
289175
182003
623234
15798
589808
539285
212370
732406
722702
704741
558609
362056
242183
141425
662722
60154
364414
140673
422626
361600
212301
226467
136617
472522
710046
172380
225638
683472
349105
483158
67970
493439
306215
633597
177152
334037
310371
555557
381688
117272
539336
196551
15718
354511
430589
244474
178939
288301
168263
77894
345509
436359
78856
736000
576470
593730
586931
645052
356356
456255
218370
81110
749762
204966
65270
459945
140686
92027
370593
10769
422252
101135
406050
77334
20271
423910
521519
46593
565098
714457
363888
377075
410358
458359
239870
80788
363682
389995
291481
68441
338365
575593
215349
23517
333472
592154
385087
723055
460217
126759
535516
519919
207927
673472
658256
401754
468082
650767
602258
31504
189450
505600
6214
30373
560301
750152
437282
59204
497158
703479
126089
9462
104551
268024
554569
110399
348733
682195
326033
77172
614610
314959
365965
200278
123495
269120
7065
691133
436390
397331
44331
45883
633332
142455
273496
268896
112261
81733
712044
364566
312981
437353
164693
86458
156638
574494
161941
509321
580101
743051
272645
454243
682748
81203
544433
675724
263863
442791
632295
307927
405957
98568
187337
477089
68067
166003
445868
280959
167773
469101
421242
547050
130280
216210
192386
590015
671745
455069
196896
126400
458803
669034
322433
655778
170296
292201
504263
645197
29816
476558
168462
67885
621014
478598
72779
261840
54867
743964
301807
431783
466699
99441
355918
36862
541909
327386
313183
355675
506066
76643
193581
75116
433725
96198
260953
576198
618110
16714
443671
466958
431712
16714
391101
203893
601019
476236
119443
372643
293880
145523
16943
339359
248962
664056
99769
341998
127583
63355
442615
42575
241465
461651
651209
698159
585919
585800
438126
504189
693167
631385
29200
619159
482054
317714
98398
703042
313880
349547
163383
644140
97221
107429
166350
618495
744338
349187
540385
266105
106713
339211
21017
220683
378133
370954
665162
630599
536804
443429
296667
252121
318514
741998
399971
557311
146146
149171
164843
689052
432448
342849
302946
47724
104392
706709
360776
482101
352648
394173
430764
362913
479747
388197
299610
10995
193755
568047
707933
371288
610040
528659
190925
505584
532455
648539
216850
284601
220900
747985
540104
409812
706272
716610
562498
384863
259431
221321
110683
698420
34536
82586
416595
350792
268844
23007
168021
594189
211607
130615
615465
695664
587234
173546
685066
750308
152650
713072
741179
230690
241009
67667
208260
167635
112931
512025
726706
219583
572336
433593
597492
101651
231819
315620
359732
387408
216340
204191
179392
508714
451936
632753
540160
97572
640762
228654
103432
497848
662525
398411
746833
78379
455558
437457
486038
528718
62692
123939
492250
64717
549240
494792
81242
496869
321036
370188
705023
437696
34450
560907
656253
744451
120075
692262
291863
655297
402111
699686
590627
101761
551332
162254
483757
171582
563166
541982
74350
524388
151664
228704
694152
566255
58775
491423
448655
62683
699260
699042
8357
461807
546004
481003
236253
243805
465431
696142
166876
437449
112626
667469
649531
647815
584391
127783
245397
303408
29602
567738
296606
12675
386377
521513
707294
615623
403359
336943
414491
520706
410155
355239
24490
474926
165082
370477
716884
120290
705969
541915
348124
585618
27285
498527
725723
376181
439325
307411
663487
618916
457569
525280
264133
87059
269499
733880
266951
107406
614795
722311
542943
673314
721136
629905
162820
24371
707565
522546
97119
471647
749736
492791
251959
629556
524417
629070
188411
655746
71646
293046
278234
387083
344284
479157
665742
635125
204164
163941
708075
416910
423777
431010
513319
144469
579937
25537
119996
543473
628718
328264
64031
622270
122452
637856
546804
490859
539327
119986
240592
404258
112362
401404
81495
260378
354646
52721
660878
160728
597513
544273
402388
280697
487770
449669
3636
640353
748662
259336
34535
241838
585758
708408
108438
281954
342828
140713
610691
688195
249857
203335
701781
652591
674116
275008
374035
315030
165630
393930
517560
593347
732227
185390
373604
143726
520989
129495
627375
301286
156061
539409
28200
191907
531676
324072
216848
574566
466252
333064
604316
191432
345710
126630
364905
355161
73031
273001
87686
142846
516820
470922
521906
668493
666996
372389
152522
737263
535024
338253
338193
556373
705064
341523
116769
405771
26343
407402
661951
722762
460043
505999
748863
651854
689549
249208
108990
553243
324812
740868
237257
462737
76189
565884
389250
321035
323935
462219
501966
24482
373271
393002
113584
459988
672966
148628
224031
45420
74436
478862
62361
23232
369980
275863
681883
626256
67656
678174
344199
562740
581036
350279
385133
514996
211315
535835
517150
87993
234600
278841
695728
342864
190863
178841
28630
734245
673244
80994
417941
7778
434547
626445
662988
309718
690100
14419
138026
736313
449790
239802
305780
402171
580947
342949
174234
319447
356913
463483
320537
353164
280419
98410
571516
207427
665189
647153
279955
80493
285211
109291
666725
218194
70827
589596
104297
262237
172628
607023
542184
547798
665863
72037
74023
531302
472680
86971
516724
747636
395493
264917
581193
391169
69059
636505
333030
78369
58612
655693
142690
319799
331017
259823
750667
110712
377006
384647
658159
48074
345066
223909
646178
703004
165344
234808
5116
701234
619882
443703
304679
638797
374062
118754
310615
385185
160358
294439
679085
414293
544706
295990
161683
208840
624437
150873
453750
334732
65661
15798
86642
534982
703266
420710
31955
184192
204411
523894
668378
169057
110115
564531
624878
205117
499379
567311
49949
296391
436394
268745
24760
156092
27145
550139
41508
307579
538548
514316
130171
566340
730467
443330
658590
545677
362222
609450
421178
528943
106766
190016
354314
385235
83191
573256
152094
576027
646179
670885
545362
258878
639024
644750
414501
570026
350887
255789
492884
232031
153784
711232
30650
98590
183747
469550
720337
464934
614275
164366
246301
739552
477111
120653
293118
352100
679803
105179
126791
291460
566961
359645
52538
425998
664230
179879
417285
273773
217842
418375
281169
112527
291539
612567
525692
644445
654394
194205
403946
471982
458131
566805
12150
199319
50592
681906
504936
308397
541520
728809
284609
343219
62366
172988
518460
468020
41835
97673
699747
21764
293058
364714
330346
101364
115847
277178
65376
209673
720323
586739
700777
304938
645422
373247
214709
277089
576640
723930
574468
57606
396710
201481
545891
243827
568463
670581
530538
187941
191527
383192
421922
253633
178716
451416
489093
540993
493349
170540
93539
262156
396914
134958
467327
696399
106683
392581
52155
665711
228933
678883
412603
408490
399527
195843
647881
280447
612583
737241
359878
226511
576373
553228
44410
314859
428037
151138
240721
590764
635295
644997
461467
262917
738806
15327
511151
482489
413293
512251
565228
23627
435470
364299
45702
264940
87942
622854
2615
436655
615884
77515
370005
312590
134791
533538
417507
513822
566958
10829
632412
543519
190311
268749
693370
517439
571350
375126
731883
701645
200974
448394
62331
5678
640495
89260
479357
491752
681825
402902
646154
677612
38529
671371
625143
33146
290288
690692
38581
344530
348600
338009
556906
743889
430248
614475
305157
623125
456210
391979
566837
562301
223336
397005
708653
90804
209442
413174
376206
687435
72304
629066
298220
395767
224652
741307
565384
319633
515524
728124
429232
16349
17677
536941
750143
553497
700411
659560
570356
602161
591229
598436
686771
601461
61316
99913
264343
199464
200233
714469
274176
235767
306549
170810
96569
557880
587125
451590
267660
82563
247695
165084
160108
281364
358244
564672
620666
662065
48016
695628
197247
486593
613686
395433
498934
352895
109930
565806
451844
509924
51380
322842
67497
143127
100469
12461
431168
204684
411039
707779
198355
118841
706675
30626
415939
23928
176910
271068
413667
360747
144542
86428
464222
454241
209244
437425
275163
178794
552866
714837
652907
122513
85971
646517
158439
360513
657361
407848
618046
448294
129377
414911
179798
695101
9389
194850
52348
270348
732759
730065
331246
273638
486840
497081
400895
369537
509898
452107
432425
471212
110782
544283
565731
71213
551003
127764
124539
269388
535628
180956
444120
85545
506146
73186
507403
368689
690574
674522
680779
53166
442110
303871
93975
219572
656147
240652
91967
512896
310438
264004
193268
325985
558212
563576
47655
654519
492481
431899
268850
190485
728600
729878
245693
297512
670927
689111
440749
737174
197235
450142
517859
156752
265622
639445
150640
56278
536471
358243
159090
163563
449193
187225
398229
716006
46081
525613
508134
595464
134862
260687
499497
332723
312780
733924
414931
746966
380789
363932
144246
692748
259935
61613
455033
435084
322096
472802
739137
551778
223644
395762
291911
20441
161851
610627
305223
617985
490481
310319
460715
310428
567936
552738
305529
301843
613197
622794
202910
696026
522317
679223
111033
304987
13154
631780
712694
586456
415469
225458
523738
374282
320786
7325
641158
119200
395479
88344
224693
487029
505496
70121
122791
278597
590883
563644
311671
695698
308530
267911
238798
704937
491735
10193
389867
696543
107187
288750
292975
256536
319565
669450
341277
81935
368565
514714
750190
520871
367369
497824
113214
287761
482429
550462
642730
305758
105097
446936
387671
107693
182654
626843
110702
136552
245626
180130
593978
745222
220456
380384
476118
452882
587547
742403
282207
236371
519499
245650
363667
684338
188300
405046
743272
181435
99618
737339
117816
367350
665264
224774
617163
93077
370462
24115
369305
66535
476536
93690
392372
383206
172674
67904
478022
302738
540145
205365
135569
209019
352970
218629
679790
22761
635927
168227
490395
385156
280613
420301
302408
538833
27138
507700
79271
327626
399159
156017
683966
319344
697536
265546
301824
156845
229112
584750
442140
656688
165631
88542
580083
183658
501574
352370
416789
161333
235647
208071
564727
739880
179495
730801
451869
594589
168737
572907
358651
165834
145303
412155
315977
392442
76763
628779
341405
27551
641625
169765
262319
311080
124079
688463
689820
640831
74296
733621
137014
87751
466150
529655
171053
411594
98350
402160
368901
508080
412381
131360
381345
169083
317809
901
24105
337181
293301
448570
109621
464536
544785
20624
589470
518774
452629
142656
426555
12730
622944
667982
328887
63096
499863
479365
496150
656034
313227
483172
317400
89985
457685
1261
238224
46871
635086
134480
135019
360325
617452
157137
382666
371918
2403
549612
594811
14579
716376
192337
543024
401814
164522
106450
419708
91299
462129
144292
486836
40223
101538
345843
58263
41664
746203
734038
345446
147512
176241
322988
258011
705055
234172
55131
155961
288175
648399
321488
513601
366681
275419
684283
162368
50567
492034
637328
16637
435593
366506
618235
156817
308988
61244
227501
72161
193409
40321
172523
246510
229619
721027
81345
604163
193312
365338
550246
504585
546086
712807
298121
728106
268999
703243
599247
466813
408745
154543
134355
697221
115049
70121
479708
371784
377033
146261
49185
329963
428945
481623
744838
409654
260239
571618
47303
726205
366397
369790
741413
102219
743736
688730
223400
317574
149780
94359
205058
210226
681220
34932
40006
144426
476845
519599
274834
345801
527234
273878
530889
465187
387377
386404
441757
379634
197395
323317
347185
612091
460783
228607
159475
200767
285457
565575
675146
688534
553786
716210
383276
186357
307322
383426
600434
21448
560332
650097
305924
259587
663853
123354
125459
85621
226291
474079
558674
101553
592578
598819
512022
313841
124772
3937
331236
145933
26618
338180
718482
649808
215328
313203
362734
257623
690449
65371
380201
598655
666237
171514
423406
42635
631862
504104
501390
486446
289842
156355
50983
50649
651405
230615
181060
116873
707855
146509
746484
619114
389218
128357
287816
542805
666279
133011
115223
60440
99516
258898
558976
252855
746881
689320
519549
715883
355709
146939
249210
160012
311428
222723
283763
283506
623991
77844
135961
585057
644027
497807
8896
149906
361106
138778
272945
650544
24683
496241
57669
423344
448244
609764
268029
363307
430736
195204
706020
686030
558308
211288
105149
269777
291944
81133
287730
261514
98740
152255
274939
682233
664729
66550
710826
128411
478417
107100
184790
629473
334681
117572
135764
256595
558220
695466
23652
551609
419254
56337
700837
475393
100176
433782
12643
498945
214547
14594
717557
692965
95936
313972
462361
393270
693657
179531
588145
111494
31252
121111
152359
713762
726935
658009
238518
68470
87795
610539
329484
570071
178127
405204
565867
624173
118185
99946
125736
648995
540154
48992
508723
364254
243358
457529
213684
453675
141757
570547
195400
667583
169149
706406
639164
606965
404188
364769
591553
294923
548239
701890
420465
697782
467600
294447
380942
588107
338415
694324
130307
211772
348416
625402
480381
709990
736303
234426
65231
415390
467267
559809
74187
138392
409219
149306
122570
226612
701278
749238
466047
670178
21912
134061
34768
567253
119624
410834
328433
156891
687751
56001
518760
227152
604871
625164
473554
624104
692200
18752
464329
661967
384813
17211
189170
132200
472107
468505
217252
30413
359624
228529
719976
727913
133747
738386
378774
227654
714474
95888
419563
281772
631961
572128
48421
558783
59869
461413
290648
151217
296302
313369
176437
109709
125810
540468
534661
713972
147057
591297
489049
36638
746185
456571
287638
357060
241772
540867
729334
583034
636987
43776
346291
629716
21730
25554
543810
355824
692819
366779
708087
141865
744552
51725
356202
337412
55057
743206
244553
72345
665439
338191
740057
589857
649103
345537
275121
272929
218166
633257
574373
418517
159533
362778
296702
559584
406561
641758
102683
54612
302800
304452
65443
383349
254710
314661
236669
496503
661664
441098
495440
281236
138228
150714
636522
692650
566544
324462
273763
172966
575290
691817
282372
76889
630994
64933
393768
262717
67775
73662
728329
424213
160278
179616
568529
556658
347684
325909
651339
89511
464961
493690
588921
499076
381504
724044
490984
207931
624540
721504
288555
435674
126081
574454
675948
637895
240095
483018
526551
426669
351264
143351
418692
451641
529384
58959
493424
129452
397125
600810
17897
470003
102199
141826
587940
540393
694765
289123
470068
101961
225991
378541
7884
548633
401912
644059
34987
268815
559504
13388
380849
443742
45974
205987
97028
396534
750596
19092
196012
277058
528845
670559
297197
110858
404479
425756
303360
332049
512280
225733
669741
501284
227759
74488
476101
647909
135287
9292
233723
587498
7634
647740
716932
175910
459791
521474
245241
682546
99469
634099
75320
604183
348555
741603
405255
444082
225115
577782
35440
377936
342853
183862
562686
162769
161362
397939
93238
492583
280439
709278
715942
666504
305915
119721
41486
450985
121196
111376
199551
124329
221606
576804
170670
109393
43920
719662
85327
677045
59333
121982
168555
454087
540073
556035
641877
492889
293757
42667
145202
440766
317216
35346
325379
151865
335595
578803
98393
173732
683391
613535
421181
81532
178581
343245
555006
328719
203158
46503
274680
13297
253250
438060
334910
517370
489884
202476
464843
12160
218767
557164
676341
622416
429993
509531
93145
647112
583292
9421
172226
157943
563931
10540
454709
539610
154093
472822
708894
514083
22497
349757
706698
465807
526431
287103
377431
130249
402905
388517
5676
184979
549256
377414
117765
14538
629660
708376
109097
730459
67211
142321
717319
668587
569788
489480
63294
590288
651934
34674
32637
76383
654998
143052
425079
111957
81499
94147
661016
529589
499597
733122
722509
19244
673877
358013
123624
622578
584131
82603
144258
106377
93982
349428
381182
354965
269399
198560
522063
308681
633325
678669
178767
238345
485069
55505
708328
218986
669725
584177
505763
680814
468659
31057
199467
687627
81584
488565
553702
299551
228637
716033
597023
420410
576882
606164
327287
670644
183522
485306
54076
651089
593010
271972
86920
276738
48688
674167
747818
498991
453037
265300
418445
313194
628687
2531
633288
600342
644477
357053
75893
19326
478088
39421
629241
546833
465256
634838
684443
718839
217847
79443
636848
456430
338351
388770
526199
308860
297124
650288
512925
274246
591566
318834
521254
107126
124012
644179
732361
638394
225817
260461
79217
191593
745575
153002
568672
724407
272442
257768
689026
580415
531433
595174
177736
601748
631594
268325
3338
456140
498371
663683
159576
734506
112877
465122
451069
648093
608874
496188
176651
706496
231664
426025
524157
343399
283529
436370
748554
167978
194637
113382
261789
349154
592746
636054
225585
80859
172522
356692
153320
211310
507310
659986
710184
274183
153291
169448
418860
534490
685875
107992
547299
181021
40150
171343
364693
645849
112175
309704
569119
122442
528627
718577
575347
695859
586018
457734
429490
660841
7552
326824
652597
223383
194787
320915
169223
647264
423150
174627
213648
730856
80294
248952
361152
461377
500931
290655
157911
750058
309570
50477
542662
507797
522581
411059
317241
324274
220022
83096
568310
550703
324119
711801
311142
654193
391969
153676
195532
696522
474766
433639
6921
581993
188388
450189
388266
473817
706232
385969
128927
575425
679551
676538
320819
549088
203875
13919
205102
316778
603431
122524
116569
544592
171508
542689
201968
456911
92156
188275
492472
305261
34343
674712
736660
662297
707422
688720
538166
531582
558654
653307
98461
373960
508056
166976
228375
610337
55701
675077
732412
575826
397963
386242
748358
358245
64458
481231
159494
286991
542056
563346
93751
244751
749030
227859
470684
248587
217713
528495
492328
582346
344377
674707
553240
451316
240241
446984
237924
551464
477000
287186
593251
220763
427125
724610
449225
504548
534480
492850
566207
211002
46687
499926
87641
124720
489502
360283
595949
101920
401682
616746
197232
265380
376665
466919
373916
77659
654406
319871
517122
195863
358150
718713
378989
643462
22407
537188
429557
160072
143903
665766
353286
420694
504967
205080
230233
727466
253631
178851
308659
522754
50571
643648
566936
507242
11940
178913
405847
465080
520445
661900
34112
282170
353856
325181
437053
112255
663263
72423
114639
192748
676398
225650
646643
204089
671902
682408
469450
676557
449286
688307
414015
596612
248759
222353
86603
137738
324546
374683
137284
269210
427904
286352
600247
610517
445741
222599
512230
689339
194741
67704
247368
413449
373433
182497
98783
286466
239629
480230
519859
75010
629883
382537
37684
113360
100774
197176
665166
36439
592222
606686
192357
375276
225899
546631
321142
121208
236729
445153
220277
285873
653350
460539
283842
470930
594847
571182
507965
700678
462780
374759
193606
365253
692622
86655
163811
655752
182259
394107
43921
68999
214959
742333
385604
232131
12254
329753
181628
716493
554058
462257
678838
361640
235733
165853
330601
596472
416881
535398
235771
176291
52291
659776
234793
572657
379218
59366
490614
101672
349188
435329
419967
320839
199648
32917
172497
153285
71773
664764
626807
665569
552375
259906
219802
243382
29022
165265
265974
334881
172546
20803
384459
133698
360635
507051
338605
397879
303887
680496
229908
658767
234309
234601
228653
601104
479922
124940
451681
446893
678238
683379
570682
224097
533205
105377
57823
412649
207663
194898
599361
94285
162904
517799
591635
43517
62796
329912
696817
80485
153560
750574
434609
348211
324387
275859
700635
138719
113134
351043
532758
196705
749183
193789
555294
723795
678800
576101
234704
316403
589566
371519
483966
545693
68868
310892
180324
729035
699664
176546
512988
525652
60403
725006
300859
338356
461387
252323
120855
646649
749167
210572
394242
608481
581600
473395
225943
271935
337437
289021
100934
397301
106110
677587
553383
7004
30252
700102
626175
621357
444490
465331
387317
207032
589939
255105
8587
65557
438331
530633
195608
100980
595107
601677
552250
698114
675694
113479
30219
718946
25127
733456
126502
435586
706557
451538
485978
234808
741913
128507
397069
459675
229840
338211
5861
739635
230161
193394
532709
714173
270983
360361
523799
501061
167661
451181
316020
468808
618031
432462
58170
185078
313213
563913
557034
666460
652934
387404
161128
551347
662608
716342
733847
602782
504242
644166
292902
255622
303242
204882
78742
152899
448779
474475
380126
87484
256193
23884
627969
397492
112837
301341
480114
76055
410919
387228
194756
57062
90886
739109
358182
18760
286593
458911
230072
464222
198173
60656
539121
714234
167237
174168
607317
457250
445482
198247
591933
133970
166272
144878
43286
272079
126074
459711
280035
176025
588746
391216
431062
172914
424048
182367
82275
511607
69297
444365
691013
364061
717013
537761
32005
333385
453348
441401
661786
558044
310958
442874
15079
87867
462852
421868
473948
657887
245269
379321
647076
174808
450836
709660
481443
746245
185709
703790
429137
546252
702476
686863
324968
357252
268610
186192
334707
260683
407723
381376
39037
688566
555786
134491
639411
564648
359809
609468
424422
412136
119618
283979
195757
644108
208202
333716
325625
84110
21445
691915
209851
737168
617712
252803
478920
380387
748205
406164
90233
728191
118642
97675
252545
184519
35083
591958
2592
476027
55597
296606
378430
176862
361051
695057
333101
351412
473200
545413
750035
126539
244919
226425
632620
102727
59953
380437
729290
743695
75468
70500
144388
420879
75813
675038
28477
248029
33360
657476
186375
268514
113950
263124
288617
380000
640527
404474
590801
185616
442922
428472
558145
540776
12897
519205
455770
294087
340270
66253
316641
466254
53398
15630
157956
305488
166391
633038
293441
630648
175274
258349
613356
109851
187921
257513
706216
432000
442587
481963
720333
721612
728464
194546
548474
526038
497047
37875
192455
181968
34799
352006
515977
580645
261390
578673
501552
101943
25811
377503
478525
397913
40463
57926
491555
639578
668164
108935
149647
506015
652144
466884
705383
708737
77160
395381
75643
149210
130194
185768
632132
37582
269148
691220
180095
215244
211026
292364
673076
289152
441845
690918
314482
514530
690593
662574
733668
589193
63966
418781
339242
366548
209226
58785
318276
120089
287460
616128
542611
594272
553275
247115
620123
522096
528535
611183
744376
517491
435619
268644
712638
176573
677325
462490
634864
233138
358062
363668
748774
360240
729908
212717
35447
271927
67765
263491
409466
504809
322246
627822
216923
550669
587589
330911
694773
674812
63464
342138
128554
715209
358238
501025
378282
400341
235149
212724
575112
642165
89343
106812
552570
419809
682546
26193
609754
715892
371681
509254
28264
742901
557249
292297
558391
359728
705045
207962
730415
247808
129556
593833
190358
255283
265828
72738
185701
418114
435252
182255
209128
451639
14573
339660
60783
592365
693976
82871
345681
80438
354509
57675
665051
412799
730391
443661
489497
277202
500371
273303
467614
593197
637992
34716
328914
171814
643357
641395
443249
106868
201152
184051
347150
548338
329191
469405
330363
68972
738859
745046
319966
318802
612047
617721
564736
585034
48245
545092
368447
744604
284083
14513
253906
443667
231979
393218
622789
250219
225974
95095
294422
413464
644225
219322
706418
184045
189334
180302
624737
267695
401954
560556
269691
173948
304154
10315
333088
48606
134407
21709
319065
43947
421439
257646
88705
196294
368384
486363
87241
355409
11885
498857
257216
46862
277709
116314
32754
194164
458735
545962
432765
693762
526626
119592
560195
128912
277268
145972
494825
227979
81110
643502
422766
92720
289698
526434
74951
234171
316353
354776
94784
418711
301532
93145
310778
313230
164757
304442
208554
750668
106602
630164
377190
294412
420832
197305
314668
164503
195223
429636
360528
365414
675358
647596
420130
652880
25809
417536
701554
594168
528296
566061
361560
721711
442104
262784
158794
100027
55735
240262
496872
277023
672978
550249
520130
666961
510027
37643
152495
422926
567305
376786
355440
333334
89654
683586
194598
102289
91921
163610
688646
729573
592985
537502
457811
70555
646909
42106
437303
532927
49393
67441
311206
744686
264645
554579
421392
582399
497221
632532
596367
595474
579112
185972
472383
189045
290074
437901
541903
343314
166575
190106
67452
680822
36003
708600
531782
445223
650689
13686
139636
208469
382442
409838
618317
696843
449244
69630
599239
648772
688723
46780
472165
123413
506268
148082
295618
366964
76887
246002
278678
50226
224809
376782
588295
229869
487002
123931
36941
202323
359274
326157
175057
600195
407792
180663
427270
733746
555950
386620
493379
47502
205177
624454
543382
659102
466814
62650
40204
435319
742383
70952
603478
695943
637978
190775
104364
706325
237511
610342
331555
94783
399384
161908
432390
492702
277062
614016
166047
673156
314764
536691
148577
552225
310814
470548
405603
227943
209672
208663
310924
361718
276027
686439
7646
293112
510345
309683
662203
247875
449287
451504
740127
468814
66258
494426
452025
34554
97361
81979
357857
476865
141306
430080
537131
644075
377867
378
649074
321746
220052
80946
414765
43770
585832
484388
306133
11874
620164
433292
630412
222585
605924
116152
176226
443916
425757
266906
627963
178750
491769
91579
305781
539925
440372
252747
410414
208803
415140
120869
91857
723919
29398
348461
198407
205658
653684
15798
233985
279115
600747
516020
182735
56553
343485
698961
469669
352471
620084
258574
193885
140853
667295
70756
61710
429790
235700
74663
472151
263908
135090
440903
709844
255957
378457
301798
71863
642448
577401
293729
643264
654304
36408
116121
242927
436821
409022
390465
739443
690525
552026
342003
366603
155877
295429
98294
135052
5681
520708
320671
614242
142627
647525
482573
401678
545721
172560
326882
69550
229609
661820
314438
123919
690425
460491
446610
319203
40141
520403
547854
258690
412789
510202
409392
700277
685802
471423
154753
362927
371938
88420
96270
44146
617422
359370
346859
688568
607362
624936
381179
542143
389551
90302
680560
524068
35967
10564
600741
558888
571228
80891
569820
620773
264384
391224
48233
403857
72666
408427
664352
181284
734016
473532
187115
161908
477354
444936
641690
10666
680241
743048
192172
262397
292850
273096
326614
191041
139556
172782
28853
404434
336991
238143
62092
704572
619306
235346
143085
8608
99272
518721
425999
176817
250517
319836
99772
453313
56611
72154
312836
44929
128120
485416
128904
116759
384536
509647
639149
133496
681591
405777
419448
169391
250459
333556
740761
576535
652050
26501
16092
675976
145845
5668
544917
291982
136980
32418
585280
535400
87786
732962
709323
332831
334559
573711
273357
602722
500009
525734
227659
287408
315996
729387
20804
338184
476415
410165
725430
573822
11437
470998
223605
702868
46619
402603
114382
631535
41896
622033
101899
747618
411394
391849
318975
293374
260234
445341
607214
345944
412784
340905
385604
119700
689345
363774
351545
621732
595361
38795
247594
13884
671222
338314
352160
463323
204072
630199
634155
455530
426965
10524
595354
545235
419167
607470
39256
452301
460970
32878
290875
533005
400862
309963
671340
22921
432758
369273
253008
254726
602673
304155
272120
251549
564711
558961
296480
538471
537584
526665
741549
375889
77424
246312
691478
59891
152649
282263
245294
541325
477693
451693
26260
606491
651669
105776
338114
372723
348588
487114
118389
710926
593374
300589
68803
97320
335884
12833
477586
327807
474424
513763
550965
307385
320695
52397
162592
501896
742922
241070
132656
622649
129467
464080
551283
245029
144272
196066
666877
197827
562540
514434
608416
338349
564848
743027
560763
157123
464842
6237
150801
69372
279249
348592
77000
729771
28106
705765
91829
180826
236210
490690
269011
543182
209766
449550
340336
289053
124151
583311
607953
62152
674115
224707
686594
710010
73628
101944
433442
181860
83537
291176
746356
103901
436019
392429
575769
506183
176378
13285
606398
740505
699660
108549
512066
587127
514044
472056
543591
582132
311040
630001
544757
234061
273412
117049
557284
67936
587264
363365
588813
725995
457402
271124
746485
28287
609777
663265
719513
539162
119285
625914
198171
106604
83289
570424
633093
128862
420430
696702
664906
111910
183238
182874
532825
93862
18272
738251
43089
107977
487963
96104
615093
214245
236388
637746
471334
402241
454521
500737
414341
125310
482199
64890
170404
71139
317148
447462
305983
233443
534535
393618
345910
688752
546226
213961
290874
628478
112019
397162
578724
42195
579134
638619
318116
363889
69889
298235
561284
436176
432846
515794
300685
472510
676851
39847
33159
717796
637430
553447
187648
688157
221346
719762
422679
188749
448249
575855
671286
474888
689749
712914
637208
600963
390245
8191
90438
39081
278392
267102
733223
239872
618816
624047
19315
289133
705962
304810
530807
584449
595742
505965
23096
424186
658299
227052
209432
307039
178253
525743
599800
139016
210207
347332
128059
38270
304674
419896
543674
559439
287715
649115
486708
8727
520105
1009
238083
29070
397325
84761
672295
707682
241226
19411
139790
271048
556859
542177
24847
110391
24752
80512
745447
677467
563892
72723
698140
389463
72739
19389
115768
233489
489615
659553
244910
74546
349334
210437
89178
155787
735472
286810
183942
514423
707209
6035
413960
490590
295172
481825
305134
719943
579782
654775
239904
215490
45233
249341
670785
717795
709257
101786
248557
143187
418692
475634
478844
581451
358751
481029
168933
471919
33480
65715
198211
551376
108116
312911
481009
605073
538136
214558
496916
389303
376368
585289
190267
305921
622635
519221
654995
235571
749720
438387
617918
77784
16100
486000
601018
353376
489359
662571
355747
259941
169418
153916
126814
538108
487597
189266
275974
41007
296103
315715
613060
16659
749136
682527
332831
413185
105743
101234
192130
624985
88097
56408
291085
705328
429507
395485
226344
637406
84098
361309
48535
290136
31770
304523
337974
636857
673161
318557
156179
609242
86323
281870
234655
438646
446889
595507
140510
180141
268568
462868
189980
412967
543509
725897
10336
744535
334828
337873
373873
114154
635068
686900
75579
448010
347007
561473
149817
283485
194646
584977
106811
126652
117920
377956
320469
663552
683226
554099
686335
230299
705014
558982
701289
646112
571142
486063
681948
70437
561161
7641
35136
481646
18987
109373
98367
107202
565714
528007
578322
454852
114367
328095
667560
318350
191404
154761
76288
644465
259289
60099
486464
397648
29213
262949
607309
470842
481007
745582
570249
222280
455619
671617
53872
24340
471517
364040
64009
349881
95026
507322
635501
470835
499611
434170
257105
149656
647845
684384
96662
502370
506562
55019
262314
613574
82301
188307
185586
743666
112210
442210
527494
538962
182766
134325
111459
104755
17300
690537
93117
425105
145577
529068
579112
412513
338733
144596
428761
154639
652081
576945
511832
735661
88250
530734
48996
587798
317642
489906
43269
597402
569474
234193
219193
390636
741759
459296
720544
227719
461720
480612
359744
694838
232220
68574
287606
530916
449417
350856
586128
581456
196820
709943
639997
545597
78451
320777
19661
443559
441780
473746
741355
364089
509681
295672
115089
573268
707029
100219
118801
602568
175178
687277
73478
733929
175159
296339
554548
358791
714942
649335
689746
695519
717264
131273
273680
379390
519763
476749
148189
362078
167158
428308
187212
89484
608534
296877
466047
608103
451009
370289
267023
621363
292494
560666
676025
87828
676816
220747
161847
460563
152050
225060
426022
42431
501911
326917
28831
569808
165332
108401
117591
106430
263689
252796
531881
469779
280689
496049
170374
730438
266276
365946
328217
708739
417371
391968
651515
459264
610159
691542
410088
668744
573392
167581
653314
129835
571890
318130
573392
581036
66653
609726
18930
69969
418399
426493
658776
410353
462773
733694
689002
727681
353368
30268
395120
574156
213413
127174
546078
596695
96704
5163
128910
459808
459350
252518
274982
392227
26610
528344
280466
336867
120903
592419
457332
430838
443444
400918
45214
552312
637542
207956
341265
745831
676158
679689
467981
175501
38662
75799
261556
326515
745089
666365
496082
371263
12250
689599
265135
260693
11896
457903
102156
585436
436571
634203
234961
133589
42087
613810
749115
218151
392590
625168
226367
379007
81541
168534
463371
539203
688427
307641
114785
656229
544312
431008
351578
511960
222288
183939
175586
102047
502106
398186
707780
599992
529057
463219
401358
702830
697665
553974
12472
238830
165285
203074
720629
556674
89547
370436
625773
380304
350364
609123
279630
5126
318380
251723
741929
453423
579515
27119
723815
414134
14553
339125
414442
348913
565551
599032
715541
406186
512077
591325
105620
265287
701476
550257
565342
400040
119095
600564
366552
384785
347037
169248
266926
268751
425153
578388
480967
387733
132921
245396
77527
570599
223928
729054
302041
494280
423640
629588
342328
65032
252994
563748
309061
138043
257064
111225
579482
369516
466627
565443
317659
336185
517985
266478
520320
683063
163845
393861
195932
183271
293786
220358
57316
574556
179095
50618
151116
286248
668591
219442
129164
294692
34283
142798
365220
130820
683339
728358
481048
24056
467419
554177
652912
195885
728333
7212
159193
85779
701498
440501
147474
660018
470941
215203
616928
233530
316930
146483
33399
517078
386167
403758
196629
720332
152325
499744
481470
71288
272825
17334
597264
312313
317833
220215
126571
483005
358921
64872
520957
130984
152097
641048
643462
528763
396573
599074
97741
611324
679102
329351
270619
564675
133037
141163
714539
169745
524422
718583
549142
74686
154629
383197
185584
80653
554400
9315
731484
707069
41367
147291
536000
372404
227251
747228
424878
326007
448720
607803
61056
646957
355510
155892
469476
236550
255941
610912
167026
366022
611118
112442
335867
181106
383148
159913
264223
3228
39824
731834
227734
454024
5936
625733
409045
414394
59701
665498
637165
655419
237786
498146
150107
502370
387997
668805
690589
714927
57016
288562
597393
474058
421857
194847
51878
203726
324931
295610
292720
622791
522333
179899
448000
269175
354493
207960
662601
457682
283671
628546
434496
496142
729594
220504
643879
238476
449295
359505
143396
90867
628836
414598
239656
366701
597355
81186
201433
692007
574027
199554
34581
264715
334980
702646
67720
738367
693896
431823
618288
387409
199239
346113
235515
477237
635254
549795
467216
225532
536854
251861
664609
44802
71546
676204
702020
532056
131022
654966
34633
450969
645915
703113
485458
508241
611057
273891
285330
297045
670550
171068
517173
674436
196848
669123
1357
336873
231285
538103
677155
518644
213442
125441
387674
662615
618545
363084
135670
700526
678516
143413
7024
461983
615901
88068
518082
426379
738154
152847
266101
154048
482180
73203
356570
155573
185041
370746
529870
683581
608320
434562
357312
29929
386431
636968
67388
364202
59916
466953
251700
567073
224512
740240
530311
119379
646463
513904
697532
76020
422407
707758
217215
1590
703876
256214
355824
306707
180081
245057
734747
207249
575814
133476
176741
250603
722008
456936
645819
730728
425394
145649
686595
457314
413455
97962
664616
618747
584087
505573
139143
351355
47533
250886
169859
650621
238270
737893
708192
574733
626706
633362
715628
75511
474263
592060
653951
7466
335281
373840
60852
251667
278058
91243
175419
79845
475588
340956
81725
286791
250557
110890
600091
645087
648998
38808
528894
469401
706269
415807
568079
734675
108718
442154
392492
685532
442288
559478
515162
551777
711023
656691
107437
609666
186648
486528
734751
47028
313244
653946
726212
403539
342302
392509
438418
495460
201300
544901
379798
312411
391616
87937
622272
109035
665362
277812
255573
742525
276867
505903
217546
26157
220903
571315
620324
611462
197881
227083
116177
342213
601268
140059
725917
460432
111428
97907
540326
575066
294847
482848
142108
718156
183449
574525
266079
597891
378144
487444
328800
618127
145660
249736
107962
628909
226645
506393
737670
226036
285284
254795
299288
560757
529006
189137
746691
92027
749718
620067
432933
590710
531154
62332
434751
421077
431178
150962
482329
586881
681778
563438
528295
709653
382845
404231
588658
642127
668757
89585
313095
9672
665882
735789
421623
728378
308906
252377
328863
669267
489237
673382
261262
517729
455918
9696
142261
330093
113153
363095
111055
46587
463000
619981
128699
574165
176657
21477
406449
133991
726602
617501
19191
142826
66980
138886
663959
155691
35237
261661
731925
563224
654023
274135
740602
401746
39452
504870
430592
649988
462173
404609
535175
462833
117967
601625
327785
70734
438218
393248
310685
181453
224354
134927
409643
132128
11809
537245
547231
17665
585851
241290
264206
645493
60813
544795
85022
712817
25452
383479
289039
449891
251589
233034
74224
702291
352635
150819
204849
204047
725229
679900
707396
221492
467466
456748
429806
127117
190034
381376
326489
597926
466152
168266
610365
652016
709570
76787
480664
389078
575569
368811
256766
503584
687550
655072
440862
482089
446531
271284
700814
231053
236423
607104
80928
103212
186896
460958
585104
747723
598149
111053
424390
220564
660157
325943
295243
502738
144424
1859
527382
90308
512076
334179
217718
695939
290820
715848
112626
277809
299267
273642
514905
412568
259389
613445
160908
145535
725202
151141
75863
50744
200672
699702
169576
85061
594057
109904
455244
108529
117072
135038
546253
479141
336405
31264
324992
709044
29015
35389
166105
405993
193011
551499
196220
579289
553166
663812
426660
116249
558214
425391
673948
431299
472945
214903
67613
88372
430181
190766
32850
106223
712758
186783
363963
381397
551223
273475
317354
92233
1158
634767
687016
370684
303857
656941
726654
522048
199771
241462
32983
308680
460281
200403
18026
45410
50027
281249
207273
352367
306230
373549
190381
266062
406021
344105
670574
715841
374300
452410
72061
749417
490150
542645
737633
144732
618308
43262
98706
440159
225571
34562
281900
729531
508614
238599
461849
310610
143161
1674
28976
298975
708235
458120
446125
356726
24493
77984
382904
371098
432484
602281
293664
435063
740144
11888
705243
106251
277473
603750
442366
258309
323451
501361
683192
708813
576096
503273
249216
31707
678926
443749
216888
286119
453721
614459
670317
414732
216581
610403
134824
659890
603209
470712
555638
520025
570745
385700
182102
203766
669848
569188
484901
245567
515228
93765
290385
509853
281884
487756
287275
543867
732667
126803
730449
724770
134588
295848
71107
332966
556990
46670
535726
97854
594697
607920
408868
139930
519636
659936
683911
67680
6172
437986
180712
510548
7713
440404
183428
717101
692303
357908
157683
687740
444729
664144
201114
366543
132850
99322
619484
134809
190852
269088
516705
530105
47407
356713
201367
310983
346632
347883
226973
481782
180968
640969
232918
639171
439402
172109
86929
64306
83437
198352
81632
316841
710203
131553
66970
185400
440798
438456
66761
693750
179113
745223
529005
184504
9684
594656
9137
723999
377144
72993
311345
229020
189043
522616
121169
208869
530822
451241
186711
184347
631738
728608
673266
436636
191038
156162
23832
8369
349467
413581
688147
448860
264212
533181
697057
417839
583737
661716
428514
538048
504340
13944
179538
339136
549196
656951
234654
422894
510866
1821
360380
22377
572178
641261
55541
98432
292074
5387
138911
653797
400036
47138
497137
54990
633652
105376
590999
60168
497405
368636
8513
586818
93154
512544
644493
728245
720563
346451
365672
723357
243323
5907
156716
738050
655122
46000
229700
74813
84875
742168
9424
292960
49392
154735
727498
365839
522332
582920
701435
44700
717322
656602
543836
406720
420623
323721
436704
614274
477808
486483
443011
402483
206343
707211
39215
552173
303818
674615
525841
511724
15220
267995
489015
321055
224505
119277
622419
277743
551837
457057
586278
420096
60462
280240
197280
174782
515370
625997
176444
232925
24655
204220
556174
466642
374601
720570
692215
585410
341781
735777
569062
554270
635554
640175
215274
420256
172523
482196
156249
679693
325561
502328
505083
105979
361938
323958
340338
747044
25690
444659
389463
630059
630113
26754
616863
394814
651349
676154
324003
361491
119789
594960
336881
22198
457311
128452
479577
69229
41785
417687
70880
266554
435171
320929
139316
13614
175825
644637
605248
21434
693420
7263
634349
718002
490044
409994
659491
184147
177555
560166
310792
385738
587034
724758
211237
271258
411515
662151
300015
408194
747487
56534
581994
695433
219048
202835
375214
624129
323785
141876
151541
662039
48918
441212
370195
704348
266588
329133
637068
184350
452198
595854
516785
542243
686200
136993
747898
322837
370687
338288
602885
713847
606223
123379
380449
9674
630756
482670
197878
434553
125677
187516
454776
579925
70792
575333
408391
745417
120644
37770
61298
359582
130874
487304
166303
170895
738250
714972
218597
58440
505200
107136
671775
451417
587332
219003
335622
435735
235523
70453
48145
114911
538116
561685
38811
457428
23491
223013
331537
691084
299881
457075
698459
665397
305987
421022
45014
642327
184451
621624
473414
319392
599353
328256
700282
345230
348504
87652
744995
563403
238184
137461
483852
171901
112058
132115
77988
442976
150934
713289
685604
670667
342382
204706
586942
521143
406787
692359
155062
586269
114279
326822
423888
368170
258001
82858
718711
459750
737246
702912
565611
365973
186133
613577
725821
491178
470224
131255
682259
200111
740506
202413
504757
195405
133994
620918
596961
281810
282874
478538
662717
136160
665469
178238
151748
482408
492505
531538
21170
363389
742086
416708
654714
255189
106595
224934
463415
303829
491336
408005
126808
721131
749070
229598
55656
280685
170312
529216
348716
80068
601021
723443
8588
41747
117550
62764
429453
456121
470676
289184
531340
420613
700490
483366
634059
699382
676923
375771
266072
421161
26925
167153
217868
343725
234645
247989
614115
77319
471038
712324
716618
496547
394591
340369
104057
732717
555759
586183
247583
332269
512953
222238
736743
76884
648556
744680
621779
493080
735098
351904
16786
134855
696493
655035
667802
129652
121544
659690
538843
179776
485040
720839
629177
291229
366700
366590
55859
395912
384944
475612
495632
24851
371212
175695
221925
408781
1940
414156
594610
359359
138805
469475
156094
671989
427301
592689
711833
253344
172560
304444
610325
218185
735543
169062
372122
388122
46991
301067
496471
356595
606002
300542
17637
625413
663443
403799
226168
330555
607044
478355
430180
402452
342929
234895
509214
73114
486247
596482
343382
1922
420660
431673
231001
83472
650212
612501
630785
400515
505480
399114
715883
136468
10181
589698
323118
344702
702407
25269
306794
46937
244762
325618
300170
730542
636842
114946
546684
87214
483362
50275
349189
88675
409918
309816
603432
601578
613878
686758
231030
557745
490074
160545
619214
378149
176970
325987
204386
731854
306532
656004
389890
246441
103549
304108
450337
446825
667651
294097
586175
669892
16462
55830
580817
224106
592757
142801
57777
385052
16945
578155
749383
430911
469207
565898
609219
540294
203071
156364
88129
519030
2985
313651
330853
483012
134967
237200
553055
178028
404329
339223
39176
631489
667631
477832
293108
200232
402443
241620
21665
674996
725147
245356
196971
102237
268763
556556
483485
39833
520968
202236
433154
725309
417454
399252
675746
171072
747195
352895
379503
495924
747425
25175
472608
546427
13863
546161
128980
742184
102467
708912
102844
91510
219627
478665
559995
210728
663657
549154
519838
308291
194042
726105
558178
358839
318794
724133
713218
118108
248261
401812
147499
517869
282706
71505
680970
565304
206994
558812
508515
638728
141114
59680
637915
558666
151924
230275
113502
123321
210308
347970
64285
624670
685195
652832
380873
549336
64267
222273
651384
641675
427892
629155
223997
671026
491763
596108
671487
427386
307932
431280
656760
236962
310989
262170
501690
605355
266283
638952
102658
198080
577391
462770
736771
534156
395993
646768
246966
498357
417150
149275
302110
152654
750037
442660
284043
331346
665857
412380
156043
668796
724736
114658
399056
301967
711001
648599
302317
579381
734608
61458
482691
223647
1744
56063
728107
744376
93092
284724
22651
677849
328133
130502
608220
551395
346037
364635
455472
401519
691960
11462
188894
690638
134878
165300
90806
544070
239690
559383
517885
379025
268063
601408
734565
16574
656210
183814
506397
521145
332767
316981
344183
24778
286582
209134
525580
401561
737470
51785
430220
385973
11200
276990
411884
516704
168986
276831
509695
118964
535855
557827
191819
608157
571895
91267
356798
86930
200820
722917
445599
749426
676663
151732
646307
649065
464648
628165
423846
593162
584251
195451
141656
283414
275263
114709
107283
516361
240464
302681
237919
24574
299210
467625
15331
273676
667566
646772
216401
22262
731618
430419
317181
184143
479824
492772
19555
704017
312415
52260
502809
608675
512074
239904
415568
565218
547984
27709
249193
153135
180989
443965
551997
565061
391202
140417
203180
697636
102385
358904
377612
634158
626073
22092
406427
618180
300636
525499
5348
639152
23913
224026
171352
436307
92935
735508
538067
28905
428676
254048
89618
145164
467805
63831
520352
437944
25478
365780
478610
671354
560147
679049
438734
43401
65413
706128
276338
73889
559252
396579
79893
537308
633538
678527
385212
204002
526659
402300
511978
31209
300761
729863
170575
630811
290007
592493
247456
579909
81216
37821
360974
307731
355643
229495
546190
725516
449545
135484
302598
699660
446453
296184
186975
692236
235717
375600
562970
21764
683341
242451
325931
60865
547929
590128
277019
443614
283822
285808
492017
292449
56463
704228
589247
188356
245390
467121
98685
295816
291220
685304
332471
216648
392708
18328
444810
551907
688728
116710
140546
660431
169914
85360
647674
622103
519067
503903
233895
325582
93631
365897
448158
691222
640492
453245
120691
289674
427439
291031
544680
694891
187885
308982
445906
620603
446745
601634
353198
546655
467807
67125
122429
597541
534473
67822
104849
358275
147818
473815
184924
674606
310404
292375
393317
56246
121330
26803
552879
442786
461805
487767
113279
428951
281593
47007
492945
618258
523199
131258
121742
387671
242047
76884
714239
658457
115124
282414
223695
569521
294609
168807
554614
163302
474195
247365
8810
472770
644427
15156
286041
183709
685576
425331
502889
732997
162686
425513
630371
145350
239113
696892
471608
154859
556180
273375
632998
141304
90404
34708
200608
177281
289121
220778
354505
444178
103483
130072
654754
467987
34986
350761
43237
534808
290198
293011
467794
173680
8095
502257
238837
114029
293423
656035
117958
515540
677309
29680
216684
622623
586868
65585
651748
112679
578994
174740
662359
604824
298620
153845
614570
527893
297640
450683
544423
147186
526803
454917
444794
105867
658518
689267
376749
400689
714813
39769
506398
444236
471915
227785
286694
533923
637372
504491
495119
738823
337992
721191
501418
522369
121157
574093
596656
89708
639573
431639
426452
445862
698444
250618
9208
677531
205505
97596
597349
348433
576234
748359
403987
694846
230390
434457
201937
620241
130425
311127
287329
95977
274182
42470
19524
275370
73722
424133
692414
110593
290542
298228
668708
240010
291532
329257
297600
498613
31862
233949
105885
135213
60251
66178
663957
643596
336849
197985
281834
263523
117955
462976
657302
196189
748130
137359
525388
401437
486420
450032
673408
153526
95736
689247
467180
246194
237058
227461
44219
168391
65382
698399
229608
377933
440622
343769
476205
584639
699495
276430
291778
116328
91054
560430
694954
409133
688337
449909
127787
587665
374734
238869
168053
247738
96072
677604
358775
94600
478755
249261
478054
351916
225044
300429
73462
219140
592406
390114
11049
259549
606756
36401
549582
229391
630421
499773
678247
144022
517129
613548
224099
163616
357285
523494
63943
699560
197898
745736
693288
371549
713217
491533
623032
5754
297670
428700
120456
227461
73376
235457
430863
490791
554883
408237
12781
36984
364844
354952
386305
737530
691523
577127
575969
717523
444338
309666
602869
124818
260778
400486
230818
684060
133751
456354
659503
272933
344917
377127
83080
7136
265598
719393
134113
343469
556942
240151
262879
173242
600204
448548
134755
8977
654303
597503
295860
718973
522667
208371
182224
739042
211945
731692
611428
603101
354721
259747
247555
451237
165247
598733
156174
537473
433013
448651
159640
2261
389488
326619
137621
416778
214796
204892
194057
597559
562707
505108
28850
232229
103319
7539
645269
387387
154177
581936
277870
568156
610117
462578
78514
547247
676120
319274
382932
584497
664724
4769
497155
107771
187970
98153
669178
1664
525512
551609
472309
440244
668513
414476
311638
1324
588682
398168
92840
601472
393509
426431
168154
594245
657754
622962
299896
118781
131522
513506
116349
628955
294369
145222
55369
324019
229212
374747
288984
640300
171238
222317
125390
83505
61450
430352
370584
79231
37363
184330
398393
718694
564478
405932
237408
437831
341141
395511
376682
207054
398473
725162
579114
52792
84
32877
425968
70659
702887
225366
111532
18342
323311
213352
433411
683087
577203
575472
598988
143313
58437
415162
612815
390462
388375
200463
308064
53453
411205
531498
565157
23198
335891
359776
731199
44019
423403
437420
337791
245048
150366
143403
187113
135712
569443
692742
152254
262530
318016
329111
387967
435047
682897
53610
301597
663791
224029
472131
721758
593397
517163
478901
431554
517939
558074
476475
477585
256511
11626
290058
557954
1637
648376
107211
493102
457310
26710
455353
275769
308639
130073
746959
56472
721895
417533
664318
499439
610334
448849
652370
90577
336434
735646
490424
650203
227591
262729
435164
72601
583757
726456
148316
670636
371634
518735
645207
576533
660034
575013
85016
482623
168047
271028
391821
207148
414446
251158
185821
537640
402531
97080
257675
500294
322541
262927
721910
312611
115740
381327
2950
512228
472386
494860
137528
644697
41411
451786
107020
64698
385474
37734
373061
744259
177373
590408
324493
603647
238013
649928
76147
62403
26519
281524
515566
81326
215176
653395
249201
714246
163721
36169
471801
742025
610828
422087
407585
351149
636486
172219
505356
156746
681821
206145
672153
298813
355864
22786
345587
372509
579820
535642
577327
419201
275567
330865
18451
312880
647098
637780
454661
521400
124787
166067
476032
514973
328117
571890
749181
192265
261678
658540
284729
20204
13547
700008
501964
492822
217441
558053
585107
425849
95443
406272
450571
178025
365666
281082
644735
712036
544846
570085
35450
156023
574299
485442
656207
573469
110817
542921
321132
352299
607624
482166
481639
412137
320481
116156
253426
514804
22146
232964
671684
253693
231844
529957
42677
248934
218342
168315
664525
476682
19466
13572
87351
218776
23241
696260
272378
341055
416766
31015
341453
184518
463698
728972
121519
298709
705479
242942
266823
490253
703281
555474
508287
617821
414309
112172
640079
286957
265580
142130
282340
158647
685825
581739
604282
121162
196074
87782
455599
172441
695089
30244
513895
664433
270486
634036
60823
54232
660216
690197
684712
550205
305093
500623
440165
304018
207001
516216
674963
433214
481362
606433
614960
474325
35049
604863
573833
712035
33974
671856
364963
304838
372999
591029
142018
13987
692378
157546
130040
605144
736281
110850
25300
437388
207
129590
197605
175983
499098
137326
297419
596444
224446
384503
75277
222589
102550
679034
713036
254846
687571
189955
121875
739218
111646
305806
366187
746542
142494
203090
249957
73915
361675
520289
351161
102629
68834
425563
290808
146840
494312
142286
700518
651195
7642
9624
716472
717244
106195
613335
738844
216622
503761
50378
421067
538542
561563
158528
513119
383277
33109
52989
579340
726520
247271
240548
151051
406416
698834
608482
349293
735206
9142
435619
53198
630308
663872
137697
476522
607076
119354
227958
125609
200211
445912
431194
272648
558377
108558
539191
409432
228705
592684
604157
635365
711392
46087
183849
22145
494471
487646
202432
28608
458589
680467
2903
642963
276011
545301
212404
632365
163965
173940
22187
505523
513831
529712
173812
707468
723574
245618
482504
395264
24620
264622
38377
294545
369516
317895
393530
626276
216886
376150
3641
388176
404214
24334
248696
340367
324524
55597
369740
573411
643912
435077
241030
501123
739958
626812
534615
153267
195999
622470
665820
126711
407296
592245
447491
43158
188095
584017
684944
297442
148392
129410
326007
259193
218592
437391
101069
670729
711488
539315
223651
57869
748961
551387
723661
500543
144665
263461
477300
732032
55584
58394
420697
48827
498084
712821
117198
664044
250748
670889
209947
660371
681873
149241
163766
106116
458450
57527
61592
395500
358634
119634
173697
119455
298487
694849
27609
224980
672452
464627
371667
572232
232202
634933
410047
233857
26638
716503
452025
665270
121909
559905
544833
454704
224709
678586
409124
231359
235911
113159
531541
488802
729241
397007
626417
264268
543521
402190
342178
719382
173585
201806
117672
171729
179794
261987
625950
145423
90716
327326
270066
203477
312338
262991
524263
647450
736678
114618
248486
431684
370081
689336
709830
463743
427994
563169
132278
456465
316469
294935
511678
232879
513549
397425
316724
41637
688751
471679
599130
572966
102129
308566
644988
580548
12055
501838
20643
564778
326030
464574
159462
331831
314497
334443
631837
438494
680040
566868
211087
629796
477477
173962
394760
478878
120961
521695
283444
574458
187914
517805
296486
639888
421111
664555
491548
708745
175358
410907
222687
458971
306043
458479
346051
715445
725614
88669
174913
745980
661341
223209
516832
693370
491177
361864
677518
496386
489677
598107
480277
284613
584554
280562
535540
423230
187792
115992
702979
477514
495117
537843
151164
467779
737905
488240
555330
54301
31675
100099
546929
535430
646442
362693
192018
634636
533058
186456
369918
567637
510530
336415
488356
136419
40919
149642
554486
442096
133182
9102
317243
226870
88565
311984
246779
551969
483442
563717
353913
166550
750850
585225
421569
113826
120219
381763
559202
21266
591115
80960
445306
202791
171095
591518
217762
316682
651175
427830
229912
110950
352912
654570
204924
555899
378996
40862
601873
198790
525776
745698
174326
602121
219508
155798
10382
30659
250606
56696
534494
114522
187089
205175
32409
233902
486228
559307
264183
572684
30494
303170
237963
390008
699639
2552
571071
457772
540623
278064
243452
310747
150844
593544
498644
23198
495996
397708
613707
341245
630958
31828
715644
499830
531119
271083
688884
181993
514991
734600
594750
738054
291530
561815
272913
190426
313221
525624
541898
599583
69434
702421
226318
66095
437605
67498
631988
361505
56098
203761
703446
116050
702376
443214
382922
307551
162837
378449
577552
715007
293250
560825
418693
445978
25493
627332
359169
625362
34404
673271
637839
453987
57400
736582
528132
388045
409290
534587
57091
114485
340983
169370
242057
262045
324813
670879
286698
67399
655640
139545
476474
297426
150079
722526
205117
372068
178005
485433
21800
254645
650928
433031
723594
415689
411363
106086
112869
161240
516701
618541
548969
41016
107922
2490
230779
654256
205020
311086
729621
593337
296123
580785
153749
587496
25106
65315
475659
366902
393475
476035
205034
580390
339754
382223
121399
107391
736415
207183
608784
693303
104954
734432
349360
702946
503229
426843
488891
101723
463536
86888
655973
694785
17867
727309
352730
461375
183290
186837
65207
287584
261985
627820
719376
536477
669451
187552
102506
507444
348639
421024
477227
27109
622770
66547
501895
479843
484659
688034
315270
49412
679316
43630
413338
489872
250244
55968
502722
696242
630432
667718
520742
358085
258170
480170
451939
379366
578252
660182
203582
441700
656476
700783
441985
431748
78612
368723
211837
549734
710639
380531
324989
648492
28616
587877
165554
344693
666405
356426
645383
556848
156003
278561
647810
285105
128669
345042
517657
582527
411080
144823
423706
408177
517725
270073
382438
621624
616701
205836
685197
228626
732711
429624
120413
99611
224244
449762
244979
457375
643600
262500
627189
201165
609367
509388
234920
674524
424974
91815
154536
638249
339483
612309
118542
297670
25439
726194
618877
131905
391253
734953
334526
748267
625049
254960
561885
363217
375643
657344
617298
666295
238818
413295
87259
291436
191301
557616
297388
674445
378322
44541
320869
541436
100057
457644
370456
321205
495979
742646
497342
527898
457237
311448
244405
432031
454456
73392
13006
714980
173010
447520
631794
480511
158952
628595
559569
720776
156099
267447
726380
129372
375423
700496
77578
14518
270206
154589
433830
167493
599445
607640
603097
277681
74115
633796
260058
235456
525898
704431
684427
515112
640584
279050
300280
175512
604984
739599
185427
143243
2533
549978
452020
199028
143036
552876
505485
96422
70279
226016
378904
646578
43149
582787
208791
535988
640627
44111
271691
84570
38719
290913
585738
334451
170955
61905
291851
565939
525261
274565
719738
745582
204935
694972
283457
690279
677778
115593
540948
387723
66779
371087
519834
672955
150519
99078
572806
163462
285892
198230
721390
714713
538632
615986
145982
34230
20
456084
279051
550275
18185
170685
550553
711136
188026
132862
29631
262508
27720
345751
574311
95206
606643
641037
57104
527213
321541
460240
637242
601572
54981
11132
238381
643510
336992
674490
531292
505164
266771
721679
295580
460627
525205
670940
600391
518015
8849
381427
35892
188114
188081
274413
280218
671588
637099
204521
605188
436482
669711
748211
536806
193977
400106
472579
376335
482451
717592
252868
103899
46195
596325
11176
166754
738570
364897
654263
743381
197626
352212
278016
230081
220973
269901
31262
740278
555421
508973
645348
640267
517421
233712
320791
530885
26480
406766
155395
502374
497592
569087
608333
460691
724180
242732
440332
351294
315388
234931
460499
535903
499976
640334
576703
33883
217385
479181
193851
669282
643631
601160
281099
317535
501449
283860
253212
38900
647597
735917
597337
220787
474352
171132
360597
397042
167108
683988
53855
637330
347415
132506
78406
498284
215251
54114
429416
642819
269794
131563
351157
704691
325366
452282
627048
497271
278724
121812
718649
612443
376508
582879
203984
264792
715676
567814
612115
243666
30958
48339
18617
608480
675575
507692
562792
516260
262256
572618
104753
478768
216970
243447
427711
649343
62852
352682
253990
628191
741242
314154
150372
236888
601420
208257
338156
107427
324886
490662
380593
42411
749741
644033
633735
15548
136681
711133
66561
750245
42233
114633
256471
330230
589932
685919
621775
265744
336216
321532
149961
107609
739592
308866
151694
316985
463959
556147
680462
468443
205133
426428
35620
568304
152040
730245
241238
737832
310345
608247
367348
605130
612776
594785
720323
560878
19228
724792
448576
590639
141036
231049
372754
470399
231998
50969
21389
5150
129544
522795
239216
494814
269787
646062
502863
407221
51693
69658
211340
347876
465809
261935
741889
332112
552513
389811
441019
519061
465438
626059
593879
87953
267819
76433
527515
7029
79627
504710
193553
477943
291718
573536
638982
615277
704394
336424
464062
577277
296584
506149
229217
743674
27450
659504
144294
327386
400917
358041
524708
412661
371881
588130
533898
449718
453802
425776
344938
405566
57362
131323
638968
725198
386987
149670
694608
737222
493806
729458
7929
357251
555489
740914
364549
109393
25643
104808
359068
18357
194069
313973
113314
566453
148385
53655
364386
588645
132791
679395
588301
719617
353378
405740
102774
270513
705204
294916
135604
17960
710648
278038
570458
357027
424765
216836
665533
398794
559308
629466
86645
91030
725344
513392
98523
21348
627323
444153
478020
177645
629195
601770
721518
527949
587903
111590
222524
383931
508966
702523
593618
417456
463293
379774
233658
637060
367229
274078
620055
103178
131366
120992
397739
370154
643229
395691
50711
272149
500550
586741
736139
344847
744875
225268
419244
698236
319106
692150
112338
520877
189503
385342
74425
413965
445441
485820
700552
70787
165007
193108
10536
326432
304710
699452
29225
6646
487352
201430
614943
638182
453013
287538
314218
312300
618339
119597
4466
696484
285541
220722
512609
195432
398336
558799
406007
736807
611559
484353
310274
426716
91887
606810
208761
272786
186337
712173
356892
733661
442935
380700
675683
437876
329089
421732
329663
325278
248943
344832
82747
196373
558761
394724
114019
559027
264625
87857
470416
686874
68566
262182
714092
244296
384596
433492
189893
500451
575661
341630
733219
633942
278611
116422
192017
684107
470737
293392
650802
153463
107046
329709
256762
600588
168831
629958
402240
187560
338447
577094
254523
262825
486055
344357
700717
330765
507563
55140
161950
383743
606151
44491
534180
694052
529288
459457
564070
333053
368980
491328
288419
399693
636815
657964
726555
324609
209253
593591
278614
410705
359481
553513
199802
119632
148962
686661
559988
690162
424094
605621
604366
3912
476010
463853
334099
575145
212930
238045
325695
103923
652337
178487
274648
380062
66940
433359
424965
479064
319354
121977
13279
111584
469046
287024
523635
149610
236985
439061
134343
315849
114925
394433
559734
272837
472823
116266
522937
271152
275647
431668
579546
365272
41650
547172
177065
187069
143587
117774
98161
449000
165815
285681
420665
569344
239440
626047
66340
620396
81808
629949
101796
79567
405241
261619
393440
327647
335459
427677
545529
93963
295894
557621
380659
70850
518230
650766
6018
271232
671371
74989
749705
455448
746231
661315
431023
693860
166457
616165
203238
167991
248824
725988
460860
446858
749186
125775
395139
181050
226849
292473
254782
21030
239497
90309
73443
594295
220140
748990
322552
82955
360992
416769
204783
426672
15520
440664
621133
436
92315
365964
141035
13432
725272
101428
393267
158993
254410
586381
212607
505075
133992
652923
617243
83163
71168
502558
223047
562634
195128
344540
45986
487012
122755
455068
51766
681452
376076
31868
471399
599368
531267
443075
64040
543549
444847
277488
120828
538366
612337
394371
407251
489361
59572
685603
435090
57421
604451
599183
199254
205169
343647
644462
155718
649406
55796
615007
729026
230904
435039
212096
99541
367915
277231
27888
38646
441149
547168
198056
456488
113905
324660
288803
312770
314508
264890
313393
84312
317007
503049
109159
203215
554477
606140
3884
587371
641726
599907
438001
361612
427498
37381
675246
315143
503919
383072
502906
169614
220053
224070
713594
537266
358137
27188
69189
495672
147796
262712
719590
293141
623313
69433
488025
540034
633195
654689
227846
576888
262621
368405
151109
279791
370888
55865
331700
264868
657992
275988
157865
311062
614373
401435
331006
512003
265105
540206
291950
555911
73061
568998
490171
735067
152751
196752
321621
112274
252825
374623
188278
186890
723704
310978
134892
89821
519831
475998
224071
411969
355880
138409
522769
255921
223532
573915
15806
685612
719229
516416
188426
470820
83383
429731
403429
675318
86160
117530
84184
560022
609926
736380
746720
570350
613796
154715
63254
442662
646089
210356
456600
43697
716358
614907
406578
118713
372558
748902
100492
652468
341965
13517
502929
374157
676444
543729
1649
128599
455713
544339
88566
248394
502642
228291
3251
167262
657937
481912
598078
154774
247135
109130
215366
681342
109656
60765
491148
259472
422342
210361
50977
76602
342331
544085
395577
577346
389059
482869
198413
155573
104858
362150
287865
259294
10572
611223
485616
228808
408776
351745
148879
608070
635706
153979
337184
452080
470066
518346
72521
456179
647256
563903
158490
320533
175648
667078
281337
582117
655086
566308
526334
484675
123487
245471
605373
435459
63543
570243
528906
509157
221433
928
613786
686624
438737
667228
444364
530586
420530
418492
10846
286193
297144
519075
45246
240258
220267
436865
538260
379606
478681
741794
444312
211906
660001
30635
637207
181048
184278
163208
595760
254705
680060
269028
454622
729211
253038
395615
320554
415941
293750
302334
327221
517673
582482
699400
615361
354566
324288
591833
423240
264618
124470
22252
82996
535585
361710
489472
226452
389025
283992
290136
309228
490480
65131
659584
363120
258626
708233
19527
149934
535361
183746
274521
149166
566051
294812
250437
22829
280800
719047
720452
160029
383503
39571
650159
554553
79561
198911
373243
355773
534881
378373
5510
86729
94827
546614
487510
299304
654065
387700
248296
559167
515754
651532
11381
423897
606763
479621
150064
285006
363313
482901
111497
213987
280105
679543
572053
257321
175410
699349
743066
277737
641555
509201
692483
465653
342240
109397
714134
23488
391525
552059
370696
180927
266005
51475
264639
6097
66757
718785
78576
156495
38110
636848
248936
733833
615233
409360
298411
242874
331074
310311
513407
410333
190178
73645
702236
450619
298609
331377
386046
77989
658630
252776
749966
439722
531109
400088
309988
565667
152984
26182
538637
476636
512348
337811
389159
79502
461586
202413
347329
302936
196045
700033
196854
85459
240681
632777
302135
63456
344112
739235
258671
657005
235334
235927
534567
629708
582983
143568
315267
499462
191570
591911
365633
698118
308462
713998
376887
103667
51313
605616
12019
248811
25013
24399
732340
573451
70229
223231
461399
380574
355523
306647
3654
284078
219838
237303
311742
51722
527653
726574
272977
283244
579211
49681
275840
4963
408347
336025
180828
89649
306062
392732
516858
24094
713767
204012
55230
122370
320162
319175
604516
319660
404283
233854
394630
302631
526633
147169
95999
164471
443463
44749
513857
709065
721401
430214
750682
602905
82337
520709
588077
263885
34789
602166
501541
490383
370647
716653
519144
317224
175500
532057
410366
654995
409189
70053
291423
390733
330883
336003
355571
242702
412292
645649
352937
255492
316831
444275
645410
305738
318455
723062
705726
141149
656590
749580
171179
321516
500522
150059
542546
612444
604343
132518
613697
19359
169059
412215
594163
215581
30458
745963
566740
290055
76182
56996
370097
135137
613877
504494
715674
169661
486343
527895
247735
719278
435411
617231
450931
449152
73387
744458
659250
719924
29969
418823
330043
530339
291797
740845
407967
319646
546087
83300
262984
178493
511241
501429
183712
115880
602729
275710
206349
161544
158897
750325
66711
408315
73762
292868
648633
5941
641589
152194
174130
456023
671882
542577
551060
608665
468477
100986
477003
417104
81032
354845
37393
635588
420258
467066
146978
178933
697962
157755
523760
333285
735294
539672
259363
194116
18961
462134
262926
102402
76114
309082
604510
175783
69522
405892
572906
101977
122220
325404
388095
317482
186633
727318
183530
42128
542695
407613
433063
477968
518714
9298
94890
307205
719459
137273
609506
175614
276998
115760
600006
635306
434801
213551
629877
680984
533647
86526
390604
470810
289282
519339
694107
104768
318159
683540
746743
613834
605461
678938
103462
80471
544651
430539
135235
600586
697037
453438
308484
439879
149167
619196
127336
240508
186851
213365
184955
240762
354435
558098
352054
742516
338180
737979
450761
176101
111577
504755
499295
272373
325189
69988
554725
45877
543912
310121
181659
624562
220722
395403
116261
385372
149639
407880
695543
423581
741090
749490
387451
27883
599106
224350
371955
665189
283887
411424
33571
656902
451564
427349
526729
372824
202340
742065
350612
569933
429128
583373
716952
464535
281572
689327
539390
382237
342626
28873
45675
709529
467561
599505
400108
159456
501417
328557
389578
175578
28984
455926
388744
546166
523978
655832
198976
736445
392806
602845
335488
41436
184005
408457
372001
668691
250511
321006
40418
703373
133647
130467
367323
315968
97881
653611
95123
4368
215386
684911
598843
429497
478400
481483
161002
131178
3406
255668
538048
519581
385226
629296
499623
544302
711674
690062
386871
155504
459354
281838
520192
694442
324856
264212
456977
190163
256659
333728
533714
662539
691978
693809
447289
64284
98686
718750
646469
693678
396277
249434
618129
708905
676697
382645
284867
199155
549837
264792
494057
285524
396457
653877
674391
135207
696655
415739
485255
705319
415023
672801
230995
432391
214331
698648
184290
171744
248359
361736
746091
106556
260396
112285
500079
159255
118870
331497
738529
320793
277805
88341
221644
431098
129254
437289
180279
47233
642797
173379
271
197285
168834
195751
262193
746402
182313
630131
173218
403122
309595
722260
593753
281514
411909
500390
2472
81718
382940
397420
690506
62573
743227
453905
472692
461487
654456
623003
14573
403497
277871
447620
222508
681250
514111
628068
163300
131332
223202
344432
508689
117018
213596
715509
717106
685043
165720
45942
480736
103388
270409
463458
657059
476045
240317
273600
398578
425424
722919
660995
637844
208459
606459
684265
147813
117470
701531
17455
243383
59984
36864
707493
459863
4859
150722
93253
24219
559493
94798
291417
449654
369370
248265
701535
617355
295708
24790
473284
163448
16465
746539
664225
742127
307560
684972
221419
323710
373857
209015
366688
36253
237512
625197
44381
51283
119329
261536
398009
627147
485793
526837
733238
459204
124521
511237
239490
12589
513022
537009
156316
406221
320103
308886
215888
305893
595317
6167
625228
101317
637310
287535
247677
459294
444038
257441
649722
451549
653726
545834
566632
393145
654986
280413
645848
254145
552558
316987
624553
470692
709645
646451
721096
147179
369549
747004
236741
702261
477761
706566
248362
610698
223137
69070
402658
50874
402391
35029
339307
230789
4969
181471
459484
270504
473360
175954
254897
163850
471162
421582
86950
106495
331639
157957
480563
624147
382973
690604
628850
524577
115904
628932
56655
696450
260224
637805
538534
584284
194194
7930
340012
422733
39183
22232
122729
514275
489881
94873
30001
246000
346202
117321
607990
746200
546807
400301
705998
466867
653281
131634
657619
507994
211644
680862
495490
686406
383890
404671
71283
562254
619802
442229
54874
605447
295038
306941
572304
615014
345302
251226
378199
478287
322221
549092
621435
388801
617329
365069
68577
516749
501108
478869
88370
723454
199709
82605
500086
688381
676045
682837
488547
619140
447637
356744
570154
250364
98667
503022
25651
233812
679903
644447
658214
678579
718568
3673
335481
77366
599140
89944
572876
9160
630500
162974
46880
215525
506287
101903
460695
230225
231015
318964
357286
670452
735206
65925
59469
39150
547795
588314
555443
401095
223793
367685
248990
240493
568136
270958
685521
529861
395379
599270
590733
123330
66368
517194
95387
647144
406548
292114
461446
249088
579668
530760
314997
690644
465370
155588
308971
581981
325473
625823
608737
437094
153210
270100
282849
287441
34875
270994
206008
526392
293272
356949
602404
479065
133430
379072
82402
312232
157021
559594
418736
342957
322873
655046
200221
734597
406003
280774
64463
204098
18530
165728
350955
697999
669717
97354
72200
127808
205963
239841
245512
537326
172544
8377
443044
517421
613961
571244
626894
445902
283488
405852
71557
571846
84732
141741
99272
368581
270743
707692
73827
371814
536286
26937
657232
714432
293048
574944
40675
646149
491426
654988
737895
386133
525635
93491
606498
686863
670915
426918
582424
146493
87869
233619
497516
206725
484797
410415
615217
559131
727054
443312
657240
32154
384759
662578
535768
71829
51341
457858
717893
749889
601813
54970
552106
85936
299632
730972
218269
154547
544931
14004
20325
724802
517517
265788
477173
702518
480135
734507
252374
306677
121933
710643
696202
347723
387249
670617
340615
292293
585376
692654
319138
223180
363187
6435
568098
354663
601432
68053
9972
231266
227736
643658
230652
283788
291487
327462
467789
177237
397036
85172
121387
264673
651770
635741
337213
24756
703144
560261
160674
666032
564971
473711
556908
608312
698707
581442
46042
392550
429554
209527
6665
466693
129793
527342
734091
255134
283742
541724
55259
360457
691909
549914
642521
261176
435331
674905
717683
99590
230590
213111
97851
187393
41314
647882
18356
119252
217011
282289
375739
38385
408522
114941
450824
325381
325478
89656
201316
383160
612595
699646
374317
448787
357972
186601
75411
518058
210620
666627
356992
62395
21474
247987
560539
364182
746316
620449
680722
617802
627576
577709
156497
120057
640220
368030
362367
117532
317810
253518
218575
660540
606047
330922
166660
475924
413849
152785
52620
89882
228377
174632
729053
267825
640373
563705
429233
530488
564655
493093
344758
345140
614612
177068
542505
708697
699160
553622
48015
722411
123761
56140
175565
390880
744309
318736
22015
699946
407643
483742
476166
597443
249477
229215
539954
369597
239952
637965
658829
240112
674469
363626
393320
723332
438020
131272
561783
600138
87883
592707
628981
468557
544712
577235
155445
197851
229111
723835
353939
78170
713002
260823
316241
379536
231007
216414
655661
559031
668976
330081
535738
260705
534080
344105
316022
380388
516002
586206
531436
23748
361296
467338
100904
722007
217833
91577
607407
233431
351122
377967
347404
741837
750798
257664
28830
445247
92890
327092
510195
724568
197013
593612
673712
265013
545448
696921
586691
738276
333791
301206
349772
135519
583075
362437
646941
183288
137227
228105
425051
201113
486900
322440
128539
314781
317414
442963
459519
682924
288445
725500
515387
614974
220621
618042
487779
398906
672739
100011
606906
335749
244871
355802
303775
580872
282269
518428
214679
12561
648730
134904
624307
236559
692872
610003
86236
346247
330098
723563
203109
648329
682554
324247
329474
484636
352366
677563
742630
376462
328008
293369
626882
679554
164140
745874
159206
518003
428650
395790
92322
1913
409105
355953
165631
174473
663857
630953
26922
133406
517812
261595
169655
476156
557532
437270
406477
411895
307047
381373
614326
369394
612124
750317
261735
253272
126774
455720
239877
665282
209006
153654
535924
72786
736006
247701
31741
223460
452791
749154
370825
256337
42678
392851
546382
312003
690384
23902
372369
162591
44731
652865
735488
389711
106130
614504
115592
128252
179891
234021
694773
664250
92993
34216
266647
73776
512716
201213
588432
582709
680802
345715
740669
17910
517975
17064
507638
573096
37686
107433
516134
353767
279739
452691
442780
638879
546725
66080
311043
34820
18077
652381
259446
345476
364172
316137
695854
149440
62812
693162
467535
710253
530221
315142
563394
732234
738748
80426
340195
647874
480810
51707
111182
327209
232509
355023
454447
646305
647821
620815
580237
118452
217937
493648
71784
123626
515422
70490
276861
591557
152451
10823
164626
318750
564330
558686
327442
6777
132455
713665
668467
186229
610580
593410
398402
120519
252808
146968
456499
253674
48729
227520
278152
550260
482945
218086
99270
178657
165766
582862
550592
377070
553180
691044
559468
364962
362670
508152
153877
122673
351317
500065
707284
748735
72139
193417
227881
567083
49212
273067
747194
178879
230303
198777
341126
721602
274779
506922
63369
718777
527306
493702
720646
237936
512831
52439
248893
215334
665294
95871
238152
76366
270416
432387
62350
38831
368224
738433
21722
745685
504463
114880
368285
322331
395200
457337
1828
679816
420504
566420
596383
388860
367887
516785
179718
256607
499451
177296
166845
728614
248991
205247
298298
316157
187832
23105
720951
345931
519507
205499
123114
33504
458533
277316
626617
515036
203995
351003
95730
42204
258585
110122
460382
464161
376770
109200
445713
32501
261620
384214
748843
137884
302514
110115
233046
245992
421161
373584
678008
708867
703404
379568
675428
739961
237325
690067
175613
4396
313228
178118
567041
621366
258259
451384
467932
554535
251307
485974
504951
652125
345804
419868
430614
478365
340244
272792
715372
24522
379083
27356
303285
638194
40468
176968
297241
330520
707670
230438
648854
285855
689128
165292
357574
268382
612958
510750
461777
684751
419323
343665
715137
10650
269352
526114
153271
458569
305811
62350
607662
529008
606464
246697
143838
143329
302505
566323
635645
31523
114478
366120
320498
131954
464123
408250
217835
547387
238715
457193
741156
390866
87541
304359
493142
580286
19385
204637
382650
183941
556068
204511
616550
670669
451012
488263
750341
358241
733375
590797
484861
274127
450611
545918
663342
579520
192458
687406
264115
662978
34192
547446
351844
332217
16173
143023
607594
628102
744497
13361
19258
447807
248726
531218
3794
37575
82654
21133
656917
127643
348697
76089
643538
162971
58178
330133
16658
95599
642593
72384
416176
100275
318672
68269
286460
278160
167893
109176
119521
707181
729432
629967
307197
540004
422661
483053
612724
14014
66816
594170
107729
324851
58171
590045
85379
321474
250351
453805
731542
641295
569532
513316
32743
321869
501235
548339
730773
245783
483595
252537
509466
31821
566651
160445
89488
122004
489662
319496
26653
371139
317763
549494
710298
538619
706024
222317
311033
407053
631483
54441
657440
365554
363959
62629
24407
195272
144735
414266
384430
453255
288973
546787
735502
8772
724458
56285
726961
503090
407567
694358
466754
23566
747343
550622
621772
654073
271954
611522
520442
373002
521580
312808
514277
376028
593809
261019
673566
461854
665826
645103
739015
6459
450528
426815
551255
469323
576914
368794
532865
425257
673119
326124
618592
464109
395267
425957
280827
363052
237729
99275
741960
649064
97641
238278
592323
339057
536358
104543
260109
623984
345456
618709
458725
645446
290243
706403
368245
344049
599921
52862
443927
649349
47143
414661
58519
224974
202876
97808
114684
715171
198278
58008
716920
738950
161234
745943
497637
156540
364937
28099
641562
492806
478869
144983
139253
674351
509515
681924
231591
56447
690992
448650
638201
29554
496459
258683
341326
470480
264754
507826
50025
431901
622195
592867
258433
119692
434550
744538
123756
85490
131948
748029
257610
148060
721858
328551
42225
298210
589204
243396
460127
233026
270109
559168
157784
110407
414533
642348
227778
240633
353815
604180
582047
709665
667368
120040
222942
596052
462122
471172
20337
685923
251725
274952
406525
712834
451851
202000
650841
350229
80883
154402
451727
746766
300127
3049
651012
140963
436495
550968
529007
251045
743461
234172
745422
625969
301113
380729
174294
716031
332477
501779
13183
731365
683743
554805
221788
642203
170253
293081
636855
40884
160081
700079
314811
649283
472084
744551
690477
274840
519673
702896
681611
656436
703127
62599
611476
493605
207876
712298
239785
46292
135574
703369
538629
366563
473312
267535
620907
346158
705488
251876
425354
432771
441233
445906
1056
647415
356845
314620
289997
393447
636361
537250
571978
136420
617244
13213
339917
208781
115010
375659
231543
533886
358483
424554
268849
342495
454928
253903
702040
178123
116894
613678
548320
347375
514219
644096
480890
442991
620020
512925
359551
604139
244095
323484
188768
367681
169370
309543
699934
473809
97921
517994
206871
679888
418434
483784
516787
105959
724626
250222
258715
719336
12829
746837
446258
724430
339889
443633
14500
499233
147890
208922
527053
577415
548733
585290
107853
652089
747095
387167
353962
274812
423483
596345
183306
208486
651201
410475
9783
562011
509828
427405
326181
462488
322099
570143
357062
110557
412487
428859
741480
26532
542024
697909
536069
335781
72092
547986
158513
680935
666597
742202
165438
51546
389792
364015
416151
270727
742784
410328
478275
680431
362970
461042
1169
474060
186077
197815
553605
373509
570978
164649
517746
281
206562
559752
702807
569097
527365
673464
404827
425410
4971
223767
196888
339193
281601
201933
720901
105205
185996
221713
157519
548683
710617
721458
734702
185880
100601
574208
156238
641282
87946
12074
694656
590125
185925
226584
292742
287989
627079
571519
471874
507861
670655
114571
118359
395871
708588
92064
468336
14965
124713
84882
419070
398313
344585
692300
33866
69559
631364
12169
676290
746658
724681
68582
680847
295883
707775
333808
348635
154897
306068
648608
517040
686579
53626
84660
385329
157099
738132
518410
184463
563317
584654
469454
461148
749071
484792
479178
277280
467220
214898
686007
41750
256587
200245
445296
409758
3077
22631
583195
704246
614141
638660
717362
284940
303930
341076
656198
569175
55835
63294
561590
46660
475150
154268
555566
633642
152106
429794
114146
273936
709092
58250
34116
10556
91098
214666
363917
630068
642113
470779
48070
354583
731619
256638
322620
52152
272887
344662
696598
724152
462457
160510
434513
649427
470899
719325
306158
436148
591
593189
673155
374784
629545
49123
304918
7115
606448
732378
57428
122595
670178
745774
291166
606867
177900
481631
331541
744720
661101
218719
590624
346069
357312
192570
569214
418431
397482
352256
100102
421490
243598
10245
170787
489488
46520
620675
35462
82124
114153
243935
581207
246162
601853
50822
115990
217078
200801
330044
358909
482282
500012
88340
182692
130492
120024
389516
682791
536806
734864
204931
493687
623332
166081
72153
201362
509761
193955
659516
462625
377392
245045
450003
395439
350153
106185
271589
749489
170326
653045
610008
540987
715997
512813
144519
372900
52673
583652
302592
4703
537700
187501
354099
288215
460125
47015
412404
482096
430876
224211
287975
387417
229716
279666
627242
684262
162631
672829
548748
451180
234938
5464
395036
399412
260774
313138
498707
428628
702358
235347
469164
100413
705044
235500
301411
405247
365449
535040
159753
208416
103284
196976
408657
278540
81794
356543
548601
16950
225908
379851
455792
319390
581949
230317
294228
482213
199374
613908
99821
45043
54694
678193
132611
691420
480169
500802
748163
587952
585873
514812
181393
577928
674958
77541
734809
5234
253571
720923
627943
466512
521314
112611
540468
681409
601
729396
354252
82399
28487
460211
21406
385933
108105
170604
157460
538722
223290
115398
458993
196742
120522
309908
330480
502236
203733
638312
361388
688374
262286
213898
296815
143712
410066
445525
478334
434042
159896
232141
614325
108273
434058
494112
576229
369040
356229
452407
83731
632752
704739
593983
701024
405849
132012
501778
608978
110935
102139
730054
399741
559862
430729
442778
305156
665360
89090
624158
712924
443723
394809
52310
247697
450362
499555
37947
138615
361905
731934
574569
590152
66691
696853
382861
295043
419600
561550
135419
457350
47863
674719
642039
287726
222984
585377
348731
436792
84252
411922
356063
313839
106860
301512
734831
244147
317644
1199
20610
190946
421064
372832
664482
4617
363189
546195
668959
236813
127897
644396
577915
622508
535017
213287
140635
314193
583754
716290
707935
517196
103177
598696
296930
712903
479941
335348
738884
313344
70626
86504
612501
181695
136926
711881
518314
687056
329657
645239
699629
462001
292403
260395
628556
314344
739712
475008
622053
92599
265415
62114
540485
402144
114204
230731
274418
170356
309288
543015
610991
625678
104876
382068
230001
204545
386272
472020
449009
78009
507305
698124
734147
692914
597633
342582
313851
527096
281730
2027
183500
531873
287689
476359
236366
53010
521845
544621
749097
537135
406383
729050
61465
637332
507368
431062
107514
490547
640480
569708
285258
189639
167745
190629
538630
511534
22424
392167
363156
240437
662020
712732
423297
4515
219925
344667
560581
329799
705542
741682
396955
615727
617635
93960
341192
455497
69519
248600
431614
424295
280785
664448
37456
399856
183778
397231
367751
295513
534212
126459
547851
738616
270134
153991
620338
187595
160559
145585
56438
84994
556777
735288
717486
572094
283366
650314
672722
496834
636359
566316
113640
465794
662443
373954
392380
232991
219418
263043
174560
274618
85352
346519
4558
182729
695981
184101
146228
636309
506153
240944
255983
258076
404891
32981
150469
113080
635189
350728
240905
690166
642756
303696
185095
326680
641493
681368
76946
624484
68525
263351
132258
15136
184639
68652
524699
70756
342122
272267
300777
218882
509363
593172
416004
723573
68139
596618
102050
293924
59712
128886
367754
476150
267925
263634
473637
552557
683765
677761
298067
85414
400317
506461
460486
613234
365866
506537
454239
682807
740234
707692
680554
129179
730416
510118
204101
642406
435100
158546
359463
398241
746704
282125
600919
691611
294188
651291
235079
69089
266725
213637
59208
628057
305246
433340
542168
56160
701390
116722
631966
2115
296552
479687
12125
81272
371118
617147
579081
570274
667988
255331
314225
127572
7146
251997
391790
365907
199327
468612
617650
117124
609194
799
494684
750567
167120
241576
621952
619913
607410
729997
76994
16626
725764
697313
685689
396908
368074
81554
252198
736999
492369
86005
67106
308290
640712
613314
137054
503074
229928
389448
449297
109814
410670
594255
669626
612820
144584
49060
224437
488759
87908
522152
500471
568310
277657
437639
741937
664305
643710
312129
247784
744884
350644
84527
167537
149722
160181
555330
472083
142572
230747
232287
431291
462217
581682
681966
318542
346782
454955
17023
486094
717513
116708
424299
523603
364748
602805
600763
306630
160961
384944
341258
217606
154735
687065
238028
459547
188130
679840
442670
62365
705923
618343
609967
434941
679156
263609
312181
7916
402019
466379
269700
614294
438384
81302
13837
281405
258416
192343
583168
263568
620069
562601
368308
7612
321387
726236
152862
283111
209200
518521
307405
657382
454569
356502
467609
609382
171803
609740
312533
397979
666552
369182
71981
544808
365229
99974
25098
40931
251307
392902
631231
161649
206221
508208
530891
461702
46623
651594
191324
200016
193490
407031
426349
244423
578912
387443
495604
204604
30143
239112
536577
72377
689558
684280
205125
431306
430068
79495
453825
474826
228224
487365
342674
597692
483277
118316
491612
530655
211211
242542
64358
423825
219180
253762
276228
358835
275095
41016
314836
686675
747915
554360
54456
120545
12156
621058
112368
197965
470194
600582
138713
220209
512593
655532
213435
652047
720343
5391
138979
356805
170056
175249
154524
514729
296218
189605
569724
393124
292410
311443
497643
461501
482627
487450
380490
253600
290654
322885
188872
561299
301869
212095
188434
188002
392528
199790
7032
590632
671630
420420
584379
664955
660828
442390
258997
409595
438330
352444
89435
102070
344696
178769
380075
329059
238290
466356
120400
428922
283759
671206
585400
84225
628195
335478
648884
474994
616232
445941
523090
397740
423423
455337
692062
17661
164137
355053
627341
527579
397213
205263
90052
730140
9164
158322
286647
476952
188975
462219
83578
621328
188516
96805
744042
691773
182310
21213
498634
728504
241594
163052
146584
734014
166679
65664
745772
255770
1541
558977
545696
185007
662903
695718
698278
287142
78105
216044
500241
236976
497392
183374
241715
472808
132879
73481
387654
650005
112082
254183
637070
250431
446680
646898
330993
711921
423919
739384
308851
51334
661746
232364
438393
702085
102057
361785
333824
61979
136473
471229
594397
55703
603425
611164
88548
536795
53187
562718
566391
474980
593586
333415
483167
12663
62740
738589
152297
4792
539491
617420
421508
311782
288105
670087
215431
295756
115928
382724
175977
677753
335662
564926
709166
361870
61437
719629
236774
568761
262056
293199
674534
687510
439341
723
164846
62078
522753
107876
414651
12807
581289
169997
132983
384
389852
235664
42806
275619
185589
745528
266904
525715
90227
237790
405657
546345
179951
619773
550382
592214
739819
11296
749740
117024
726273
421270
699559
270309
239806
362228
544896
675589
604769
514001
409038
621663
483467
33866
651434
248208
534139
170546
620661
278328
117223
383902
33257
664329
351205
591819
180468
97327
568893
297343
692928
100198
308088
452569
532334
618230
618907
358740
313068
664496
229071
301841
682753
205595
63911
491368
277238
346191
748165
574856
681750
66979
469866
221718
114739
418892
203522
518050
338713
321023
646062
293757
63861
703083
721806
502551
445421
655236
362790
257009
352921
707347
222830
459389
276984
491610
113967
379182
710742
342277
21396
405526
304302
519397
90181
188861
177210
277387
400254
51035
540644
67163
417521
309372
474526
362620
644881
738871
61156
653096
276352
398455
267396
604305
265402
484776
324058
570700
539838
368868
488845
212330
598042
111740
729053
301409
173442
70255
457678
357140
128723
28473
467793
624225
233544
98143
142013
188041
1189
462051
570686
56730
265675
80444
559567
77080
64528
513595
167521
508696
632871
734814
528146
399679
203929
465637
677931
449508
409311
649092
268217
58208
524671
743849
621296
717922
546564
214402
124004
70624
673717
468990
374891
491476
124269
318027
722201
440015
388163
310076
646107
232216
530289
161700
228226
130882
552583
669090
237964
197146
589493
580548
700738
675938
164790
373701
737704
361261
15253
567080
102294
726465
316986
174346
91302
418976
562137
481631
730546
114360
152990
12125
495541
307214
62634
353697
24267
618434
107995
100124
620773
410405
280618
387476
350213
149943
294960
251267
457779
376371
282521
713154
506792
198410
49163
458428
296480
148824
102541
284261
330395
659568
645186
446689
73784
642908
125676
519393
215737
356125
163034
430851
298473
251680
583618
177454
530699
609428
381855
515894
397370
511379
254069
157539
392951
166678
196095
733004
158384
157991
711731
119869
220794
129296
112611
258120
342782
388580
279928
625621
632769
46744
544269
552884
623801
533863
687420
50396
87764
53464
516838
7979
749866
660838
620807
672499
657675
495124
186516
110024
526753
669963
726346
285772
312415
422272
40931
574742
715694
479178
562197
42808
474475
492254
714618
221380
440770
294766
344896
354223
193414
736652
37442
436855
379914
293134
267235
171525
115702
250740
123384
374048
225750
3844
616489
87833
354958
705077
662850
320639
491315
275339
3426
116555
126554
371365
120510
63792
336213
38294
200915
252427
469072
395242
261408
610129
403007
407122
565619
448993
725925
99289
306027
413022
397456
733262
230466
205275
296019
733381
475694
749223
165482
544436
385159
542506
558514
387612
636551
37578
333437
574081
375961
351068
495317
709986
199753
16886
570601
591264
96076
283385
282242
87326
285713
398546
362524
116086
713848
474712
349458
578440
13511
494878
372344
370549
238498
345263
646189
392625
671222
735099
513649
457254
10402
285090
225156
370611
331880
41229
265082
404873
680581
200493
263009
327478
177307
575924
322031
420833
278680
353191
517632
704298
593946
745924
177026
590267
365048
552633
513821
630868
496104
97035
61738
546821
317268
428433
689483
6377
151906
190966
152301
123497
707528
249272
550873
562518
743997
413894
149470
526550
184647
415809
400112
488070
713626
460217
43959
371963
545795
34613
306117
683392
384739
601488
586806
220384
244442
638055
