189523
357972
357123
267939
579823
574206
407157
217225
42867
445977
375551
494596
102972
299717
368940
17398
335379
216039
188376
153928
457780
330196
503900
26876
388454
75917
105121
272587
329725
166292
183649
486896
441560
229691
58444
385881
197059
99878
570562
155565
69995
453835
517618
770
361819
56814
184020
184322
592950
455251
535773
516709
483950
428308
416279
353938
20714
330259
93986
272230
168076
551047
227462
128920
349574
154735
112684
182875
439836
457718
77598
483629
570810
287574
52201
291955
504653
521897
523244
123783
400604
45086
245889
113495
549501
482115
517842
304188
438046
463033
223790
314182
206385
129611
35684
117493
568495
375156
19568
385102
268293
77785
153086
410686
405612
144090
557923
576524
540812
368016
60521
212799
179856
415963
68920
423074
345260
218247
487170
37694
98863
79236
426167
342809
298276
316898
45850
234189
335621
178010
413902
326292
67261
23260
554037
287590
249620
329669
321598
244405
257836
418371
280033
60180
213209
19924
175016
427766
528887
187813
575244
113343
389739
193675
419004
1450
297866
472170
437056
585343
326565
403979
7887
470362
522025
264999
126163
103439
217124
149581
395611
170728
45122
67217
39782
60040
498891
101243
174715
229819
235690
138648
50945
151889
123538
334986
324995
68999
83210
248140
228943
329571
159877
130487
435432
473730
467524
562387
479400
322371
568416
359245
1454
166534
259754
39993
27578
72758
109925
37292
135736
200116
338004
436276
385812
58976
534863
59576
500746
429570
235198
492655
517340
255690
392345
63827
527344
349004
542069
233304
162844
172671
192007
443005
180553
165750
378409
294206
18726
61133
25223
281928
202131
228524
486207
8865
433849
535295
545644
81260
585438
186927
262225
286852
539296
17845
429031
259105
136598
180930
222450
386368
159032
413607
366436
564921
56231
215010
223407
245599
514935
430008
44803
184871
348357
479016
216863
183752
97224
307411
494261
333698
104117
294295
77266
342330
218433
563255
440106
341731
157778
336037
550487
45061
539903
539608
115124
388217
425961
18130
422566
166733
56899
385767
162460
504770
488682
319284
475027
137454
496349
360646
191846
11379
418072
330612
564965
471432
231543
569804
103921
343530
346534
432123
21466
396160
343398
57543
123224
497009
349201
67856
439256
351058
458722
167986
254432
322941
493610
168058
518753
28557
87701
462308
243366
489253
354762
338086
426604
382452
494569
304793
263695
149860
93820
488744
583810
68907
16956
160564
293192
408650
192519
144620
526557
490127
487947
3367
456933
215404
570830
35837
145446
327350
48654
47397
285710
385809
234637
339891
6469
242178
517224
259582
558562
308035
572749
410520
553417
394073
371465
574704
341188
85856
365248
491383
71653
254621
549138
293739
311342
492391
583152
77226
195832
267844
65592
1678
45817
188422
114446
56901
352168
275174
93074
551021
563012
510241
578868
573146
249718
159915
101503
450824
316791
292092
522518
470555
89990
350355
338401
103509
166645
293648
197327
381807
371895
517890
379858
100678
7730
565227
365554
452022
453847
547052
499401
56919
135857
453854
515837
467583
181090
167377
227521
201706
352941
180690
428667
399597
546081
150513
36357
571620
459063
206849
344287
253012
502703
58758
274974
529172
369809
587074
133098
498019
412049
578263
41941
188734
534208
266913
342300
395051
116976
19081
324152
547755
384695
93874
448530
8710
21875
224666
529177
554477
178947
190507
67155
413657
386101
509869
57700
143371
163859
525454
364425
48748
377575
517304
561354
14083
284937
342055
409418
283259
374652
511507
465875
213598
137678
235144
299642
161805
371366
169194
108913
367107
513050
73092
167714
506686
160339
179753
447013
338837
67726
382650
593628
434347
507829
449874
593274
571278
246012
511562
205815
134248
436042
534947
309645
507342
18611
235718
364278
434644
316408
500758
560035
133468
123200
506170
259846
66763
223807
83157
466195
260645
385676
115281
206909
298627
9397
14601
425270
460694
500320
51626
248913
594562
110645
470746
7171
516566
32410
112588
75645
98629
513533
60407
255309
297620
557850
405062
460547
8230
523476
253114
497084
105150
147900
3220
551659
360942
223989
503693
555496
47534
374283
421279
420363
540398
239452
449783
303200
114189
472394
337425
463987
399247
325231
43624
202670
588314
171402
104551
358184
162199
100422
255602
226726
462592
570340
128015
18649
12235
207333
554586
423961
551296
142138
527726
390589
362775
136682
595136
34224
281697
50686
427314
416332
378347
568492
200377
362762
481818
584898
90719
305928
404751
188148
29228
330133
496310
188067
535092
43412
190181
351396
145065
523874
172621
415529
334412
409487
165145
336201
245685
506078
336659
475867
153627
119739
327817
96273
460802
514278
476586
162555
197937
227891
482141
426222
140258
101128
257205
262694
144043
520068
227356
121495
173714
329637
273882
103605
232706
176483
551276
308139
192469
219927
354520
262743
462711
444467
110749
400628
455900
347164
183017
275270
541535
284106
89466
54105
367954
454250
493962
343179
14904
187120
131451
93516
401600
409687
402668
520580
218123
135332
478533
171708
501487
467221
313070
433549
71021
372010
491246
257330
17314
478270
500924
101684
420954
7880
238756
123014
363035
293037
4296
179041
452302
92837
492837
31366
237831
31159
489178
168250
547783
171486
346571
345474
273690
210074
315991
32910
145630
213114
575020
321619
511322
198274
590646
159720
9416
175535
329425
244667
356628
525493
78371
479572
387507
178352
379298
534283
326737
553973
321405
541751
507813
247001
240031
27143
302647
226554
495945
545466
176045
350514
97846
304857
420805
436031
366265
367701
405509
426863
403761
274284
408928
198672
437532
6959
136238
519192
382345
488301
351749
344768
492640
294232
86618
166067
514437
592183
386802
128978
294737
182258
23524
66583
127062
26239
70635
490220
144208
531184
498209
354544
85774
248461
308875
448218
123195
238540
305930
187057
502242
98339
161961
112109
434182
567071
374286
282287
232547
99143
415923
587011
14559
222546
293561
241758
488956
84753
138737
387681
40137
79485
278831
108055
221689
248353
248668
575306
217403
463758
67855
200191
18168
486784
327170
568479
79172
548628
45184
544320
418746
419089
146088
481001
121387
306302
87418
212474
550768
439446
92318
188015
395212
251850
493778
443918
538506
105558
20553
365884
45373
294015
568254
445955
247304
346660
456031
33503
22155
349105
196508
493606
62261
477438
483370
264962
455122
581614
535840
78064
566471
482050
298100
567510
431259
367113
567313
184112
551836
382113
778
442086
242121
198633
166999
39412
122889
197562
26943
317277
288116
298511
137846
83747
367397
297456
67935
180430
196608
49793
505432
231750
71794
445250
108449
487317
87088
555891
1272
521505
14263
193740
556962
300309
337075
140539
70961
359565
301346
535816
470268
167084
114085
400099
471141
445847
46809
545580
271147
303434
396267
560015
126338
217770
362296
339021
61591
347775
110990
92073
47897
498788
38140
436994
206621
477199
578079
450369
587359
508791
88013
283371
256261
366255
455000
234833
235950
585178
218257
412160
295810
62057
142418
570597
47158
22167
260726
218539
459975
406826
8497
243601
77337
50393
16955
489339
515447
82095
174983
299922
426273
77351
327778
298674
229562
580759
173489
582446
407892
340959
6374
553768
493584
366482
568704
62462
119702
406788
85852
81867
407076
8430
267395
577090
481178
366436
156179
7339
201694
52939
246236
258104
21076
157254
328471
588266
560682
63434
174632
148397
77021
370144
517613
434316
217887
232960
172834
559491
26064
566729
67433
48367
337438
53365
204265
200944
329210
217384
535234
241875
88663
288171
361210
79173
19216
98321
539510
134732
98567
422574
41684
428970
7591
251363
346917
455859
438013
357436
318532
164987
249260
104089
152151
587880
476194
493770
136186
571783
140304
144487
390422
118582
236148
572569
90078
391072
261520
588334
417206
571033
242070
341436
258271
518185
66112
572824
82493
445484
52343
164079
9297
387456
297349
482336
6344
466174
559312
173014
1097
240063
512256
119079
404599
11556
94583
349597
129314
340166
95172
483417
133829
439663
221864
209877
384602
452734
582744
218920
176612
315949
126356
397665
315008
299731
487952
181386
526153
213494
50028
283984
179854
253982
53863
434119
490268
391696
159593
50961
538321
92866
521765
503370
220897
72953
136849
244203
245836
456922
566625
581459
330246
472587
6966
27946
23182
432350
172322
361242
184543
346588
394683
460054
156405
596115
504231
505157
216264
449224
198726
4654
413773
83689
124354
482556
338457
454317
507243
484210
534147
239360
33362
256555
131977
49748
228638
386585
65661
195561
567187
91036
210562
227305
441865
121802
281179
115973
59929
116265
231021
198271
138074
500467
343085
270918
552111
573071
286067
316653
345237
386550
125322
89452
332004
411625
44649
165723
533378
30727
389478
55969
453489
593617
240675
13784
482779
98265
174939
277847
539552
546724
504251
372919
218190
542223
245711
85852
577169
32201
234174
319692
422970
209505
96981
228846
444810
514241
411822
229744
490909
436843
477074
134545
480743
402344
460542
308445
408852
62481
16357
312616
269816
587751
18910
276767
268589
590331
574465
346716
358425
256104
525176
287215
100368
2903
307811
253125
269901
504204
76964
359566
60289
317993
228129
168028
359533
455586
153838
342762
325281
115019
372418
1505
87292
290213
118010
304188
300409
61874
198603
295083
592031
281423
96758
44153
482566
371170
159213
254443
579342
20506
480809
363994
283256
492131
298134
350262
169683
205641
119293
184018
140092
111107
483494
428945
258796
269611
428138
71668
318936
318770
467058
242041
520062
561500
214161
530096
531277
169139
51053
562440
130120
478082
277258
572492
150635
248272
86509
52881
196709
91454
74433
55091
295090
338417
78082
158252
497416
457472
473889
544009
224268
29915
351096
189196
429651
195157
2015
333854
323874
499137
402083
275665
456211
289190
505068
150414
29958
560923
220428
591174
162347
445822
296160
401970
562593
21788
296289
123234
431229
169409
380588
224944
471192
89089
94396
375439
400495
260392
522408
449009
469871
298872
132157
123591
425328
555515
332006
384236
4506
482582
13223
344036
322703
174422
460016
454950
497080
386368
79330
237315
500427
168421
9132
249995
288776
555290
13395
445038
371397
107802
254787
386041
90547
218427
42431
530030
120937
512692
384267
563620
73392
172690
498336
98930
148888
120379
357289
534320
340241
56010
133572
195624
321488
138868
324697
572697
167640
589623
582013
329619
37046
153183
555868
177957
122439
108067
161597
545668
189911
82114
84278
280313
454424
79477
316210
188838
332409
201035
396430
56937
150539
65354
572745
122857
581935
391192
490704
194639
229245
380283
350999
528090
186132
66010
359859
378634
426831
122895
187329
378878
445728
401834
208357
371902
541787
398455
552714
390464
28313
343772
307313
385488
144326
271147
28077
315028
514878
594216
463503
44688
196771
155772
139638
484630
306434
547950
147430
109457
195701
317331
431035
46409
295033
171009
544457
80892
215256
400694
370402
111819
579133
24458
333351
491840
508240
431789
317565
575209
578478
398229
82280
507875
380498
290333
125881
274373
342167
475218
425239
103274
7469
12521
23918
40193
1
316979
15691
311542
24015
131
494756
508929
295656
392492
77098
373535
439121
535396
215297
117121
115554
345006
414481
347179
274354
384883
212369
136022
201445
26637
41550
336677
50433
371954
214532
349772
177290
287063
42053
318939
315316
365547
501416
166869
501378
93
163245
67123
197421
186819
20169
506539
245409
481507
35455
159482
314082
258078
231922
10522
326710
76910
232180
271212
135520
222517
344446
566791
110168
402045
226053
19090
313125
103412
69289
463222
297264
405035
260790
593066
172920
173712
275267
355559
344568
397356
515294
420104
270271
559918
457758
338615
420410
529640
473850
203491
461114
10048
585626
162390
592710
326986
230236
488797
165403
284915
61335
229970
554447
469824
93553
192617
548075
350857
39384
429342
132558
220463
401997
32569
392057
588614
62811
155831
334352
271077
93818
275087
383460
577629
120690
199121
323401
313095
293434
16575
244725
207287
389543
204436
373576
427848
21931
273514
573261
504819
492299
323442
448450
285024
560306
170153
282458
468488
177428
20979
389314
557657
354558
193896
104998
268206
375126
482593
417450
298334
369493
442721
281441
159090
145191
94368
4369
510793
164407
371492
52692
505621
400248
377882
514985
312523
87363
172432
280206
447033
332752
318672
81420
405864
476082
40469
526736
2150
149519
594504
502278
194352
536728
429122
1172
354242
420030
524112
594874
202619
386828
196551
304267
330529
61621
314811
472002
444270
191321
46149
436148
68707
381923
140072
4290
64095
249766
577324
576778
552827
399808
29241
231138
161662
293922
558886
574388
336541
402207
45709
192409
22996
267315
412304
148095
53085
582234
590139
188051
514896
134695
465174
59665
523249
273249
28729
531372
423456
324579
318369
331312
177498
484033
517632
761
510768
490445
249887
442251
80327
107580
50027
156511
494610
42075
86716
204556
540021
195705
112358
325169
532898
364174
23724
388528
164762
146393
1030
371477
163179
77873
45647
249741
216296
502345
425569
309265
362901
520725
159612
94852
495083
170128
213618
445722
109695
170349
58125
4698
430480
536674
561074
434009
170173
519957
390436
121096
72554
463918
298837
280044
520458
557548
199802
91932
308292
286243
214796
139769
550753
200425
504160
235732
422384
470101
517003
536700
164129
441992
389771
180042
586965
58437
4250
403948
376041
377143
481933
197417
493761
284616
289609
342660
370504
555457
185700
4235
70872
117382
335032
12327
162086
278962
420229
550485
418600
254483
521817
67566
491663
87056
285723
469907
570066
308618
176880
181288
588652
374287
164891
571045
555001
386959
486448
170736
462943
467720
83525
28633
50066
487263
65508
249120
343350
295261
165915
307444
478734
165303
54019
291775
584810
215200
87985
432744
212297
227894
319940
49449
156998
218641
329062
88500
265657
515630
576274
95351
338278
201856
307255
472553
9660
435284
94099
143755
472270
309488
93812
286512
501225
188414
127068
195877
395303
347992
529158
553052
98406
448631
184395
466780
240577
536594
390261
298246
135112
412272
270952
569887
384168
424778
73217
93211
263981
168649
12131
503593
550712
16544
213668
255888
368680
361185
171639
410677
559960
234095
368997
26826
482486
370872
347775
59427
443753
199178
269732
8874
492409
42668
483302
355436
529448
429352
167940
301380
215959
353081
549094
555900
105991
348986
23681
46573
283776
173164
162069
300249
219689
506158
587080
584942
169853
252080
466932
122540
552181
569734
201967
346178
76514
64117
270716
285398
489166
4504
290883
505795
176386
167662
518626
23431
574940
347593
424076
578540
173827
449068
391644
380678
94695
159572
454677
25236
447496
147804
63690
61281
64492
24450
534158
67189
186113
306485
107546
558488
447211
185603
572267
401031
142690
6845
434018
427938
155927
91347
351859
268029
128224
230775
304544
221976
177018
307048
255044
105549
291664
255850
229602
249583
317248
239354
565734
257269
169281
20340
435488
362841
108892
129714
292004
10410
178960
289881
393125
434209
313923
10126
58642
393584
84768
541229
199756
513936
174317
7606
290148
43243
573312
528626
165276
37318
428822
188222
165034
236831
561811
472001
314143
343702
418355
42971
493344
175746
257277
247511
5487
158167
526729
333898
158750
393468
136772
215466
56348
444574
459067
518205
418950
36666
12859
29927
324873
410626
587343
422062
594230
460530
305200
339595
356446
282868
75793
241580
110249
481677
167868
510994
19328
86295
150327
213138
224532
472223
298557
190831
117943
337672
101530
567454
240030
585926
196085
341043
420482
390460
126937
508108
308505
163972
137864
119651
556613
503469
15988
447493
474552
498997
33787
59128
106488
374213
240379
345934
357200
282429
216339
409547
177612
529662
305062
477448
547075
317922
112060
237745
92793
528069
252385
559107
521009
64732
24964
28704
118519
216713
510162
267619
185509
54830
451999
519664
274069
512378
75669
207801
393081
573371
404617
469449
336099
541625
301709
424415
397233
162491
324128
564890
390150
101286
370574
111468
498622
420935
455508
22929
541547
568373
167506
587580
86019
211602
480762
586920
587574
262036
133620
314390
451391
535549
209605
92685
182202
412258
373952
439784
425067
9566
151055
343447
390180
556882
94868
203642
357208
556029
380049
27196
530683
416068
316401
20066
198616
479878
554514
471061
36636
581154
499844
26036
469033
555507
153065
531085
77626
284285
261205
263280
264578
127332
260346
73624
415913
156838
14345
243995
517719
51838
573175
320937
202594
403342
371126
21232
218993
143708
390189
128017
295650
216833
580409
496549
508832
562443
372490
232255
279001
278789
292976
396053
140082
283997
576727
353724
499477
118183
416871
21687
579088
321165
385220
485908
551874
13869
222213
290754
559124
480301
181616
49315
158885
184410
53745
316072
311350
15171
1279
517368
408884
285118
486529
289655
402038
510622
408067
340970
338532
555205
4629
367211
57185
127182
86363
555017
576159
38328
221531
469523
275560
424016
396167
589887
34166
500092
80383
146578
310205
299017
125765
291118
228115
134562
154447
99729
561834
563293
534738
97701
208166
178106
305044
238263
47059
430701
437926
494309
227145
327460
246509
284362
547284
586353
401692
114437
272490
157250
415887
483825
550984
220131
478924
128725
392354
147197
69970
265195
221641
341019
160030
278556
592684
475907
410449
399083
139357
361637
255369
519797
252520
289429
450644
14204
494020
295831
471430
329615
147276
356551
387538
1416
14570
492670
562179
260183
192047
190544
235828
585844
217194
189449
83971
32700
292818
467521
136676
475689
403958
173255
18473
455141
73711
521425
410512
322245
462074
70678
127475
325149
252202
456330
89420
360067
124952
479071
439568
13285
100010
42548
576989
310868
209981
456080
7466
239951
492274
408441
446438
54570
33395
42788
39665
132874
193302
471012
533589
385990
521364
500567
131068
413177
314002
566055
26045
279082
134357
351521
105682
147255
414744
474923
360910
517067
533424
100183
109309
3488
550201
137056
568984
562418
286837
229773
200071
59966
124365
207342
256732
504591
511750
364384
140980
100053
577566
492674
404981
100331
444389
148432
485413
115879
537747
576428
374113
468660
564749
103099
589521
490420
538870
336643
202615
268442
365921
304813
97811
439633
194684
218688
116395
304206
517218
292956
356268
64582
593214
390250
170625
343466
406195
335984
500162
443832
399577
560962
446978
6704
29906
202094
284114
202170
282566
310560
16972
527392
71711
381470
524193
349075
523402
5294
393884
135272
364162
308881
103528
79196
183887
382181
313595
390751
340755
332210
51108
240204
570916
364101
459104
209681
225263
378996
280302
418250
325832
278506
452767
318243
248968
54412
426951
327952
146393
522622
593343
144369
18698
59315
177295
169894
50050
28378
114931
100772
82163
348152
81333
211496
166712
132063
510775
11337
542491
462406
483512
372189
44419
499285
425251
66570
28227
287497
71122
364419
383241
286095
330444
262782
420474
146799
58968
240577
78059
53296
118854
261083
522643
334902
187722
550372
240489
75495
298531
390488
446760
235529
78156
107030
140410
435986
59625
273267
423406
357771
162027
12024
3281
272395
169159
241515
148218
463220
516461
387772
395088
48689
384239
18596
205696
412299
198928
420489
558786
399638
529953
328976
571809
356616
214074
316516
448328
386893
107738
580168
263109
553870
75821
276710
40305
297986
554365
168791
211790
553667
514460
160650
406195
187396
107631
538138
369021
540208
422241
87597
323615
453388
448881
335841
44577
119038
118462
533809
338366
331777
185958
483427
406271
285097
131870
388548
287873
217899
566639
117457
496676
156236
50680
436810
586
150856
502444
388083
561733
168238
480208
142261
507123
136680
76837
548602
545222
419867
271754
249349
354940
480680
415275
528090
589145
85822
548175
232700
528798
257886
37259
432120
411908
226579
567517
197005
25960
189585
61536
568444
350208
315785
382117
570377
375554
393154
510268
594020
533282
465060
389496
298416
529012
358139
569322
80560
89238
550629
265719
345429
287331
284883
545024
2050
554146
463821
431013
401594
247736
184059
266350
573067
283150
118520
571250
531827
90590
191820
557310
301406
232302
127664
295949
404872
589089
76010
487604
127615
169755
153393
112650
504645
439135
435347
486545
50127
585177
445084
123930
254958
381602
257946
503940
216010
417780
547473
365953
9289
124699
151075
425639
483024
411599
410796
329407
217988
374584
416089
570115
89613
232565
395314
514293
534663
97308
134596
227691
128740
255564
318566
65973
483401
316801
539313
1710
219462
295873
466724
504799
355431
71048
301795
431541
236066
53344
526562
81408
428143
224305
215497
569259
488199
367924
317887
530088
329730
423315
504133
259699
308704
117867
460531
416377
93549
200872
489428
198929
107427
569221
107441
86360
176197
375198
292242
404910
423116
258129
324794
201358
177333
2729
571738
584439
108788
62223
248275
500680
503167
184967
373882
481815
31356
474721
559592
204711
324314
495179
23808
28859
365297
431702
560255
5996
73587
28616
213505
152655
387840
236980
274335
222750
573860
507853
495840
380706
432145
338723
492692
402279
428244
254226
32492
153216
460287
480253
118467
325842
241227
471889
265052
389281
257068
518620
440879
281277
379524
126604
343885
527555
363986
71258
325645
403431
137911
479542
164290
314008
590961
26685
587498
400462
3971
570973
148539
223870
366914
203932
248609
487843
533418
352302
394303
48570
437331
591395
546457
569103
101135
36383
511090
530784
572873
114984
251798
466551
232360
515869
21707
320313
69432
166486
433947
342875
262619
360365
119155
89817
170485
574370
50476
70460
25539
33073
235274
482281
175411
551378
208952
563098
335
556294
224209
362412
240267
381062
244880
45583
416928
117329
352586
52261
427539
432647
540393
558335
117974
435975
46321
262315
476481
294591
100320
412080
474773
76860
60133
38599
142718
213742
465950
233992
427684
459276
92479
470044
350497
320689
24356
59861
369587
32935
200786
367510
138101
394623
362593
105376
452652
405190
334430
481849
58331
340904
162600
119926
233039
273015
270482
376532
232672
530562
240007
313665
384857
31382
209517
64972
346677
302263
405036
513437
19460
63155
588211
135534
412242
583719
134728
240045
251278
145513
338851
250363
378737
433589
234050
409744
45583
287622
545733
243609
20718
299385
591513
463442
514913
336588
575702
185316
230133
335631
138703
487689
568060
274406
371630
284197
556715
215123
477169
588942
513301
202354
145095
5191
478843
124349
529719
340739
293442
348966
17667
30519
150100
355389
479899
363579
399881
12055
420508
403381
512720
188497
411396
241414
364046
294243
18012
346401
254521
542196
302585
6924
112130
409202
71190
311238
316337
95808
119047
538904
285750
31226
58718
451516
543232
582541
156331
218994
249609
73029
183553
58148
493648
523520
181979
105889
192671
402824
35910
228148
136416
377926
179304
251489
85441
522585
322776
159180
410168
263112
25942
431247
184067
410286
530186
113610
496754
22396
95633
543532
504296
153450
151514
327858
587322
231571
489205
498127
346189
53395
573940
165413
515192
295506
153503
196458
564087
475060
499444
550896
363324
415468
89513
356909
90948
341899
86693
352400
25119
276459
36427
338747
376645
300932
388048
134757
120108
318581
138121
415821
181444
321806
436025
189356
509734
486687
555396
128391
517397
510970
327502
463928
193420
519952
300185
520861
384837
523850
74136
380647
330911
128268
391771
451599
20755
153024
279429
41800
313061
411349
429271
60133
105972
278245
336551
67612
24991
425963
561779
475652
412181
174256
462145
278967
107930
275527
446407
347664
58618
235455
555197
65937
141020
486511
338654
465074
267958
572199
547695
440063
377276
170406
4075
567897
372566
360888
117153
254901
423925
487127
114749
184782
12024
447356
304820
77727
222811
218645
290885
294778
247711
139994
142741
149534
264596
35039
277025
74618
146018
492106
398140
181929
420050
412587
365589
320950
589455
383568
463352
587125
547879
555272
98943
391199
342145
382820
160177
546601
154717
412066
513259
142314
525216
557670
119976
247204
462615
182299
274495
538619
65746
459057
27498
352453
260017
104195
64901
6431
201486
583919
197705
452692
581549
515659
338786
41213
296320
321527
361336
438268
16350
217270
350665
147181
243137
526797
182793
212485
288804
52787
564596
261089
160728
89414
94417
277772
457651
440031
367000
203756
277989
393488
489681
162565
261776
459147
193317
180450
265917
338738
394481
109056
268609
240182
391858
522063
578345
301102
310032
259260
328
581148
319014
460453
370173
350251
375477
168730
29149
97557
230496
277384
17161
166705
75620
315700
105459
152581
415793
191218
580711
510649
468279
400925
128806
470939
387254
492481
165087
141793
258466
328629
180030
448395
59618
488883
235957
314342
474349
25533
211723
584477
361778
406597
88249
102470
330638
332384
260756
354270
96187
562150
404220
114416
235231
408865
215538
260089
249031
479193
104392
267949
388066
134042
103110
262569
521649
34577
282061
215444
252291
532392
24722
76049
203838
264126
476935
366799
44539
371468
556457
229787
52024
421645
396311
3312
436276
407555
591636
498458
16074
327003
275031
182818
54075
73667
12728
340185
284514
379146
501818
596358
428378
416478
435487
48904
376784
506961
504942
396026
145138
314074
588927
256388
457000
545445
348908
252526
494373
375543
158878
504931
125545
19456
578234
379548
28656
440619
542658
571569
581017
94387
256090
146388
466846
306021
488515
291479
186724
463609
418652
125998
55878
581537
476836
408907
464279
534755
354342
472946
377708
443924
103545
239900
24769
22454
352881
416047
596839
128074
274676
529570
198724
569547
498078
191639
591649
174494
543517
306322
497728
117651
297229
105723
171309
372791
377305
252685
140511
388326
70973
564149
166765
280809
1348
392205
443427
404627
352555
203188
237374
49044
394975
114841
421530
91864
89101
213608
154989
534961
202641
595841
322514
374881
177799
466051
558298
486006
529336
28037
532619
45741
124715
372441
113940
593126
63339
197605
320681
456996
181890
101407
269078
214746
288438
583941
583154
469638
244968
468635
62891
229228
346041
82587
589076
446784
455133
365872
13186
132653
291306
132232
528412
272520
570925
175374
552136
176044
120313
35790
157634
453471
10957
382384
71101
361868
210786
66601
552784
430844
35583
472053
110807
289933
108439
19475
584106
166076
316896
25293
11791
474904
321363
125867
383652
318578
199248
276978
134193
54283
308960
586431
339156
347302
425252
320751
293517
378925
569666
186979
273474
109127
335127
532933
500158
443189
419415
408055
390117
103196
394233
255054
411769
409079
430285
194493
291927
418198
125703
51199
291150
426740
554522
15136
521252
497544
385190
413870
297161
50368
35853
531364
192382
448362
202714
498005
23480
314198
512115
254698
322050
89416
44762
317379
279677
339657
586060
406564
409486
454212
416329
214390
259632
434915
476705
212651
372349
475263
479426
180002
455351
339166
13110
279651
111002
58627
224432
195937
311032
160465
405939
586528
167311
273411
172189
408704
589077
82418
208463
573362
435034
276477
477804
10493
388832
156480
530000
559327
241356
360241
3433
116752
11297
33348
70935
310277
112449
304064
221022
596182
104212
317011
294810
334735
425804
338387
7414
504225
261445
134224
496223
344874
505141
184917
122335
433217
539425
548495
51375
207232
208466
272605
481727
325473
408506
22278
301694
262802
155529
284607
21577
429992
168455
492279
289479
379774
439557
139503
472451
270894
276952
179112
350852
219297
200182
399319
44758
467243
472126
296675
166068
170329
554163
195225
484116
406704
75696
149064
482720
191581
256178
393946
61471
164186
550958
530063
64826
390979
554918
272125
408148
452377
421479
536560
561303
299721
234638
152044
64708
297583
94400
233928
242976
290754
483885
533347
536909
312668
435259
591591
198751
254046
215037
267551
263394
186065
192587
61092
448831
449577
324089
406241
163715
67757
330205
464384
157845
546054
138920
521054
334536
565649
188145
499411
589248
551647
263864
292750
382804
578897
122203
190596
561185
486592
390792
515525
392779
274173
289405
86149
54383
80813
407621
482660
72267
29745
338456
582327
30740
465788
91472
234556
592915
465817
389759
479956
258631
301432
59956
91338
54623
20482
448137
385861
220768
9274
557402
163303
243673
288705
399591
512053
554240
42258
199070
520824
574515
160287
549755
512579
117650
15923
414163
186790
580592
545521
487661
341086
52982
263617
104012
50340
383623
398810
457337
14302
129363
554101
236732
271251
254583
212846
429785
230084
455850
205652
203641
334720
316269
121877
121250
329782
54257
525854
242616
476839
95035
417999
63245
222132
523708
489512
162840
549372
560422
538943
256326
43384
183593
592299
533258
135527
249928
398332
590684
330631
78382
106025
95708
450093
289137
45984
193834
575114
225112
348251
33817
103016
453687
389271
544617
504125
596737
295549
425912
565235
490972
245167
227435
411145
299699
934
34932
242005
265767
335146
68561
428050
248768
82029
84772
110373
505899
69007
373370
201136
83300
439099
363199
420136
169500
218157
400343
159410
471164
276652
552743
486555
313034
285604
481020
583058
288190
580422
47844
88652
65860
85499
561695
421391
549078
180398
125409
363512
506145
14964
18312
39051
18915
583759
477151
527375
326376
107827
160444
277112
35011
287155
447913
361272
533140
132935
538389
63762
514833
207762
303423
211764
197711
516244
530668
276940
317687
591121
457543
379881
514742
336860
221894
342812
6686
310389
22515
548282
287671
425570
108995
206547
476978
466186
123750
296476
33909
554518
122659
357847
506132
220816
53893
518539
276790
79775
407865
546928
95878
380020
48875
211242
186130
239228
118294
211804
482415
435272
88986
315934
98887
476957
590385
120283
525887
277950
499435
547318
331713
519615
169228
158144
52581
239633
210494
132511
279071
503379
369973
373042
532736
383287
52069
282212
64841
42810
307257
443688
278214
531466
89632
529911
192927
175638
182259
391333
576314
13969
272486
591448
416688
537773
169408
12306
283247
482951
460776
402762
8373
392323
330978
478330
334624
405727
211057
255855
530416
284352
139663
454313
274149
564917
168479
432412
492082
567743
300555
99525
475853
476106
356768
303489
104931
478352
529358
334800
573965
530875
520813
71248
400091
211107
278814
137842
397860
595128
349398
343545
545011
412057
324912
484412
332271
88489
99822
218086
319707
544837
146510
542667
254061
378186
134501
536228
108446
308330
546578
105081
156916
159356
347157
442235
242935
136616
233797
507274
84405
243939
353596
120742
382392
535431
537978
34559
237393
97724
111879
493082
74150
388024
157960
499552
274241
298668
81194
137597
129170
43109
240231
576987
199902
503118
586877
234272
248801
64816
220750
501564
245600
81896
13437
210034
583945
175384
464416
151012
301350
536689
207838
67545
277887
419428
446488
178011
517071
260616
148680
427662
403461
395771
91686
465982
382146
80403
277364
262158
156760
37756
99749
290268
533567
203895
68712
585995
118206
153800
134434
164631
529992
532104
168143
398401
17772
79198
34887
315963
371266
52991
91170
319382
43652
54337
566651
81937
505526
202371
330969
348753
160119
593781
369809
199819
413120
303665
131063
327651
371792
298964
473630
5763
301289
102846
39349
591639
292813
405742
82185
292366
58907
258203
234352
472349
479826
456049
509456
586723
340904
385403
581926
397628
171935
587835
575959
488851
260516
305339
437879
564817
258915
304518
333803
536124
339176
459854
76588
496223
282743
475991
198559
111757
346392
557346
542870
67408
300998
285801
11178
100362
54736
487103
149909
272825
67865
380755
244277
102575
123058
148655
144486
58212
328659
302870
484825
578415
505190
142331
244731
118252
260428
350566
296169
510768
362643
526639
322854
89825
118867
7046
411293
564690
346005
570222
82291
408641
87737
593839
495296
291275
221029
217255
67590
192121
403866
280239
29593
404721
524560
360566
500608
470637
296429
243365
48662
493085
474459
335643
436220
184727
254442
10597
540631
495701
372813
134839
173431
18645
472058
269684
68803
15131
563052
357511
263794
126066
594377
217256
207518
320676
382474
542283
582798
233647
147476
391488
81777
429835
480783
464003
159207
35617
168363
41919
547394
358019
41442
227143
172607
131470
585048
508921
305461
335765
54554
234711
212544
262291
502277
242093
81220
263241
446445
541750
529210
202468
551134
492684
491302
318499
488292
381023
172446
475373
73654
211336
278843
530414
4140
583486
321079
532136
492933
499157
590504
247657
56495
429253
178270
519060
166252
427200
278719
261002
190784
575988
252835
521638
104880
54620
449055
79708
465672
350382
533932
338610
260662
248652
108014
146550
414583
2706
203897
147467
251770
321114
128764
507717
287792
454374
151160
18094
321385
577804
190481
181613
359359
530977
248772
518786
550038
572776
9999
389567
102895
538138
493760
525998
83939
251621
59492
344913
35315
464918
525537
17959
416021
409722
544629
500680
139607
502009
568451
490077
115825
340383
174797
344671
325563
353093
442909
506509
220353
391769
6719
529590
531307
263954
72958
303747
254728
20258
442742
162903
354089
221229
140490
3269
484133
377575
100841
575256
329587
474262
109109
323949
278862
80050
133092
515358
182519
437901
74043
115747
128771
135312
346378
189549
451912
285691
42630
289057
409258
539663
345248
407015
416374
487803
30338
408446
476894
113117
306315
101758
204152
418182
163845
502855
594882
202693
544598
552074
424728
78508
177015
368799
167603
202331
71842
27493
45992
181484
154045
436511
89393
292355
136874
31725
165211
273615
129420
15156
483162
267193
172218
326043
47763
568320
112452
531577
133457
536716
215611
170543
303564
249018
363967
393660
107298
203776
370368
343993
307501
78380
410597
505484
94076
284075
21083
315095
136512
61798
252038
420768
241839
7625
132208
200763
467815
403147
517583
49166
263466
168382
293935
231472
299290
392043
243507
214626
585290
517165
4246
107629
491726
327382
491846
200063
453404
438169
115949
234548
254499
511360
550847
26993
320794
434851
139113
558017
140394
361270
442486
63081
579290
357830
34149
284439
495725
368820
12631
113963
373625
293248
89529
533450
187685
119066
219575
156574
229953
62908
342321
513116
87650
291580
222055
319414
470131
104991
400470
153586
521606
323772
479402
462028
229370
57329
524447
170569
263095
4521
451584
561643
281241
191376
81610
63235
361012
251086
215670
179460
514031
157606
3370
392177
565818
367371
394927
448748
460493
273719
375039
391870
51649
325631
548732
576235
519163
418343
371571
155764
246840
24635
462817
306198
354384
369832
79302
307414
244234
396972
151131
22144
338679
584490
463442
90349
430512
573675
148062
208978
360081
146573
48880
79741
311513
278617
293911
450698
29093
388022
435110
265918
368913
201149
291686
496870
211200
537714
383966
25115
415532
58359
378518
86119
311771
293764
582583
269188
472189
80746
198064
176981
77693
321099
293364
478057
198248
240103
447748
446428
114845
107331
50667
573306
28184
469345
393994
501318
74
21358
333455
488090
387490
338099
163322
275809
300697
587580
543572
130662
307786
135820
18979
321439
506572
72370
373223
473011
433690
379263
243895
447185
227839
417801
276070
283569
146431
439121
84251
66152
236899
323222
340350
453861
525024
282507
466426
165997
570361
270784
79709
119792
432313
519272
325734
254460
251222
436368
113166
315270
68816
150344
390471
35901
386719
373105
438446
59212
585111
194941
282700
370011
514990
411073
222412
289343
524090
205935
245760
257206
498922
282770
426789
310631
209862
490941
36908
131891
337497
291955
300915
202732
518178
408849
175572
123223
540429
586102
32277
276437
325852
184897
432956
9621
387656
541683
325483
517646
516738
219467
458787
365973
524481
355602
237746
175677
162930
61470
586985
454324
263023
306958
287866
138199
11054
53090
106697
412483
119749
136072
19133
578628
389382
461882
9905
448789
89062
326759
478361
403445
53443
448923
61592
582881
275910
84737
149235
495486
286021
257921
552106
394284
593136
549324
17518
129936
127627
180035
576424
552713
318946
496792
486291
339936
203924
101877
474297
436639
68362
174571
266925
449801
405311
588241
578840
446223
401966
270687
223444
52804
518192
64118
363115
179668
371378
43123
587555
17562
31250
303468
333985
262218
13040
49175
511562
390491
139080
222213
517745
52039
132077
339004
65081
411844
559703
68969
374222
253382
288079
91435
283351
305937
382878
305908
538819
579306
174651
389271
389727
28007
178599
235233
77239
210868
212823
291876
130037
315365
382206
8790
42518
444369
339203
202026
261629
20436
54806
243507
276123
209920
344377
394904
18769
320718
307989
590366
144616
221796
326224
378183
571964
321757
211
433128
109008
281583
146480
377932
554811
111923
226607
151444
2652
109706
197537
513708
476682
283934
548189
113002
383329
445818
586009
118956
581971
520853
173582
353682
509446
455394
530856
562129
255975
285427
318988
519599
19611
318480
82945
93444
223604
275555
62793
92956
574435
58233
78104
462906
379454
69142
179630
109395
415969
406444
355880
232596
95971
269946
367291
532870
329248
180965
226654
400977
469690
146061
117845
413463
214669
494695
406889
407024
484110
52134
278384
584709
114859
578753
416757
435639
514021
88582
349234
470652
172982
594506
566716
160212
445846
535783
134111
314474
214335
491071
304244
246458
34195
151290
20687
109008
92614
408448
225823
431055
435732
581214
190468
46163
586871
487772
461953
446097
316024
451622
71995
47597
279016
26860
163236
49953
215026
513986
326803
36888
58481
140123
351053
29222
200385
313276
172004
182015
361985
248989
322254
237645
554415
319235
259075
448063
5980
202352
437888
185115
134552
550178
24766
240012
58580
561360
398726
19964
43274
204836
92810
127777
492326
552949
459852
484079
160974
404645
502781
546657
404704
493345
349204
10269
586097
472506
1325
113494
227378
558734
2315
227575
24514
526895
89141
430559
233292
561080
513752
140344
97542
329459
442942
495856
170163
577153
570662
35348
320519
53201
331711
589916
380824
382808
76597
44896
537450
120857
298750
212156
394772
494934
558352
216122
20092
184865
560200
445579
518589
384720
421372
506841
556823
249094
364223
76750
473058
90261
276094
235236
544996
58247
223122
127823
368452
295436
26194
241822
405950
190571
132462
391866
435140
533737
388303
550840
279515
545398
99288
476288
402129
77059
363885
571425
416960
467878
306692
74716
103660
300831
242116
382366
218174
339151
113503
194589
255349
578257
108331
426881
282680
520075
161577
245124
34822
425988
92498
74208
360923
368970
568640
53915
7697
307678
588485
170396
456263
276136
260497
185170
568677
554910
68394
175201
440091
590937
375316
323335
536810
582686
149441
39675
504514
147936
108463
410295
142927
338974
458485
165488
17909
165416
545819
508703
150333
404600
446140
82307
217345
391059
278730
319021
420000
591707
111893
125354
299277
98609
564763
102742
351403
79281
595083
406629
260364
362085
554180
148920
308010
169162
445307
352755
345420
573476
265208
394806
92737
557866
405768
508659
204525
539095
359520
585276
179670
99115
144751
153222
32280
596254
2328
17459
120455
444160
57210
419691
457578
582177
595537
204619
365033
134088
93336
78343
432891
410191
487026
163517
362334
30229
480225
392929
194380
574951
397292
346804
86208
179150
277558
401842
275332
505494
99609
299012
123534
413372
105505
130324
372114
583731
578160
374845
383372
347008
538484
85092
153374
438607
92753
393869
400914
352065
106364
151293
135602
22068
546381
17492
146027
280685
96555
236553
403488
326884
164136
500998
119044
240056
123600
63904
314882
268187
205096
174365
369421
298969
377867
260595
313823
461902
347136
271136
340405
144167
569625
153555
349682
106620
357352
290603
292905
359818
552310
578220
361296
203090
393038
204211
227731
416067
150666
508679
171750
231627
454739
115910
60946
521772
11680
220722
46391
233349
116502
410
533001
75041
414476
178771
456300
255633
437786
185350
492336
99407
116415
58212
39985
349596
554118
455967
198823
126404
317450
476738
550697
345312
316179
335716
497517
244175
352008
483573
439986
361350
186607
439175
424956
509940
480931
453463
317720
456560
293406
596238
214881
522109
199544
460226
178604
67032
434247
512536
313440
585230
355954
311882
343931
354306
81724
428973
30054
481742
56871
566425
192437
385431
512234
319295
108126
160563
430579
395334
390923
265670
542074
541391
341564
58931
219029
459409
154517
138238
477049
368285
303507
337494
530851
11814
111187
482845
143125
104428
503482
226325
5755
465302
569842
589398
465401
351981
53767
280996
423025
188102
388915
500846
383785
228735
476022
323097
164799
229805
25634
175181
501019
42048
439087
456180
334605
545369
210696
444629
479180
45509
305034
419812
361231
532251
249019
332628
372898
81862
567849
11970
197321
103521
229371
300845
342581
164455
4790
498208
33407
499710
288790
493973
83129
500819
205910
57347
248493
424319
455865
389693
23259
419040
377483
181201
592051
233085
436031
556806
163209
313152
176782
79932
287899
350882
277067
6706
391764
496788
241860
329095
583182
120540
260739
64740
310768
458363
28807
580902
94238
145193
139694
296584
288662
331784
361298
386045
233759
223385
227827
228206
120327
351237
281664
14608
362723
564601
325465
211207
450178
493201
302285
436895
546560
504079
204124
551241
8407
372010
41473
458280
362520
532400
380939
381696
60633
96560
428152
183346
82265
355796
577673
298041
79477
153455
228467
38973
282332
590628
417225
254411
141285
424115
424041
174048
121831
512005
180450
409725
456510
170583
377147
64034
44805
394552
367524
534998
280536
416970
550903
54198
92521
157575
541890
204813
439450
336189
289615
162023
305767
127940
249109
15215
152298
451762
86783
392579
425100
355237
362611
75613
179000
202231
165009
13155
551314
303590
240985
557901
92253
547389
131970
344207
77549
65894
100083
363933
112667
19619
549906
188079
15395
315098
414423
193806
160797
49773
232438
176044
561556
149006
444068
262253
498615
355694
423148
426346
539881
596233
236874
174030
125114
428217
269190
573670
61800
453934
29939
419759
491403
247775
445104
307801
300287
355402
238780
265517
302176
65487
88931
444857
407280
406052
1343
353159
382058
380596
577883
102433
229432
299344
105340
21884
312053
287353
481786
96649
413380
564789
199356
65985
9867
75239
176856
33978
15446
491144
379343
160884
127870
442146
533925
213184
64931
336212
372809
401497
165476
197703
9202
332435
117171
34008
548202
419833
498095
559462
376402
204986
386441
181400
512698
175317
104901
184305
525709
12639
378645
82700
79499
243095
526694
425897
311268
492179
471963
565530
357276
500577
362166
23113
490056
385200
53947
442957
336752
240565
81881
11769
587253
315308
374055
384440
540276
303964
298438
42542
325120
442111
432347
237835
486477
282150
351846
5474
340180
174007
583875
465146
110778
571083
6522
126975
285492
266951
252784
472609
92444
445399
27780
278438
468812
327664
128649
464353
320760
537619
268804
199406
581252
235014
366660
538163
360118
87004
130522
24395
424958
140748
352788
249450
568027
79397
63657
207830
99027
548468
590770
148049
49039
578234
34794
59955
566420
155942
65182
413092
492709
409918
128791
136759
319737
269153
342187
516972
228142
293886
578183
234214
359795
163275
161184
258248
315990
497438
174078
328411
441768
353772
322581
288742
10805
216089
430951
485797
397040
187597
220112
421176
5597
49754
11436
130899
257443
510330
190327
316203
508632
200332
340463
175367
174712
350505
217600
467135
590963
507608
196990
459388
194749
142080
481800
267760
218826
20458
495640
451532
313350
6727
407256
328340
87735
457381
57140
174726
374655
521658
224790
83131
235444
286750
584367
147185
26481
302258
574795
296902
1641
357243
321754
119033
570883
588312
574746
470242
500774
67032
30899
351979
476554
275489
67341
443767
254326
184280
456449
334697
340081
124249
262353
272584
302299
263859
427221
530406
484938
150914
234535
297057
254576
182407
460164
181102
510189
476605
284552
333997
285277
532140
295628
174506
26326
440944
482164
424375
71546
120720
362844
306252
85370
435265
576834
347477
582316
88832
379165
58257
402671
345647
366992
505245
77627
408754
37114
57643
590406
121959
388808
387664
174768
71782
478409
25167
134472
201163
142487
323449
244095
352110
562956
368389
122880
489063
152908
369188
213041
162135
290322
6063
180061
42800
559847
225871
281600
484360
296436
343065
489568
575436
141174
7592
15869
255377
474157
282486
452307
572970
59590
319349
550333
347514
281089
481651
18357
503505
347648
60139
178955
390081
231041
542561
67268
244586
310567
593011
264747
193128
194614
275921
405725
395754
246954
173108
4193
14100
207436
202754
358988
146241
496050
412707
54185
23541
276809
3672
227743
449521
4422
235639
371631
325997
379276
535748
16803
449641
288605
43966
122127
284768
24911
42483
171869
156998
444569
239078
183754
329148
541627
507108
515011
570431
418751
574983
270492
261960
472773
104539
374329
232381
451421
150010
596860
91226
308673
365847
569517
485098
346798
467341
42182
84035
45447
319021
164432
365333
18906
464795
29524
99661
239109
439032
65327
320909
232551
109125
307291
149585
336674
395825
42099
234676
37678
3510
111990
590404
73628
313540
369642
74954
287079
310476
594360
327251
438555
259762
245143
4559
384151
376201
432949
283345
172445
389945
219603
208953
80790
149338
373923
366442
259489
323416
295013
579580
233659
499894
253312
260743
587544
31576
295929
103208
51635
290326
433468
403234
214870
328593
124280
395242
315514
593551
114539
43677
30831
126829
6539
249533
241774
181845
501638
289941
371292
56627
434323
350256
549500
414592
579338
538599
4104
573433
108043
562232
369763
66339
294303
300088
251548
326746
275053
455034
357222
415000
56573
442019
194782
182507
52295
133436
192230
414640
334014
308142
5729
371499
33450
378183
496202
398886
83591
327865
25220
419533
301052
255582
285608
219191
260621
567380
580772
434442
565460
70811
135994
379120
151418
89606
155364
462114
491402
415527
303385
216083
565260
191538
136418
152195
138029
294690
313778
289596
182915
303293
93558
561296
582812
532303
324484
97372
434352
40410
303535
260073
19388
543361
224625
494697
92841
544814
63703
321381
322219
130252
538049
379436
179086
414280
95319
9543
158929
233030
104647
50356
125670
274731
288069
8393
149567
567930
126199
151108
262426
165182
18966
280251
341848
312545
68254
104983
268680
541527
52241
536914
365830
238413
26302
376639
465997
37057
367707
475907
245415
346426
262588
145278
277748
1794
195551
133820
41622
24182
559082
25722
211351
2293
443828
349680
83890
459575
394609
12995
72383
536618
496523
387875
568270
554329
456523
298263
311200
107115
429952
460511
274134
509803
159151
211601
82773
528011
302636
297007
296712
486507
295757
181828
135271
147762
533441
485625
269265
593225
54311
30097
371210
185726
526203
367646
342255
467453
512243
389985
484184
317156
367443
338134
348773
85672
139493
215679
298604
371548
371990
282950
421210
444242
552814
277815
247392
316742
561714
138268
278147
118345
78364
584861
148470
557104
319513
358474
239947
516074
483120
135359
313213
89559
377938
240910
485683
69352
372057
59896
264466
109321
198460
197784
357796
367657
528718
372204
113222
25500
589048
413489
217138
257563
463214
63956
339044
430822
455800
433992
169152
513926
595473
430257
341581
530064
238960
533317
24839
499312
391006
285966
97862
35574
563696
15372
568640
300334
595600
578924
280751
133645
143134
291551
63237
348825
459485
146891
431663
533303
300353
460861
426715
269675
533131
71660
233627
171650
204257
29567
281331
180269
356685
320166
217388
465829
465468
148677
251335
413217
173782
492263
275228
500470
332256
362522
352801
149497
71050
546532
380470
169564
43516
516253
509524
450601
11285
289304
447454
122808
596572
63074
73661
311738
453568
196453
159050
361946
158113
318819
466256
408637
164486
555112
154707
84253
190411
580705
527624
520724
481925
378754
193648
506487
582170
309226
16375
445865
55713
496268
263645
419619
49301
562539
188275
150435
418080
252625
58260
14010
581163
95311
549580
584998
557706
381469
499763
248795
285897
406211
584564
320111
193863
189964
350586
108505
364890
284435
470626
167481
156035
120043
584618
52532
477247
308916
522722
254520
428171
87628
212282
93712
508342
580484
39925
93710
360114
460329
252271
144754
205990
208306
463873
182706
470710
277776
281909
340517
293889
61483
382780
482388
273439
490991
339715
168521
282218
288166
234380
413752
475786
110973
455528
126944
69996
425396
428800
137209
459270
98027
551131
574664
46663
577270
5492
91201
502837
141011
175871
268365
383219
104382
237190
33581
201155
402055
109337
112427
278802
259845
216117
544673
564186
558956
335505
594142
202012
353721
429672
516751
223821
509365
293637
450938
424937
69676
352892
201192
523673
469228
460410
244904
74648
517614
571692
83009
87690
70629
338529
322468
303251
587251
593969
186621
120800
91175
235783
165539
359539
134539
165342
248904
2615
472222
158780
307773
416962
79819
507574
474069
366451
494596
257146
571044
305753
400161
353959
8591
576593
303368
218875
132661
358616
249994
30664
121003
379689
408072
510274
89201
275933
342027
21067
370904
349703
71621
489332
165450
574730
189482
108602
234216
255019
596117
471624
112009
174655
355419
72291
179996
71029
379999
263419
291821
355781
256170
330897
271901
200564
554247
398580
350115
821
293345
540607
40974
583932
147951
86979
495872
376098
577304
98988
356934
539272
330739
328557
65615
41983
470261
117245
235587
85727
349428
197918
296595
180319
557275
316430
175808
30434
297317
548393
93186
315641
419127
139845
101966
355086
85591
11510
68241
165467
333164
20898
436181
162141
177335
541598
52963
128650
442430
588997
40934
426446
545084
6753
269131
210755
404779
492385
453877
213439
41606
71575
60523
126519
360249
31185
237065
180862
161305
547425
593020
588953
319344
200173
427952
282156
349781
486836
190458
480590
423250
494605
406079
371254
38562
209893
498574
379621
366579
214476
165729
195859
357038
306580
174115
303429
422828
12159
18203
316710
363715
112145
56395
203208
303513
8925
370301
512731
166208
308403
416016
291136
120216
362011
416182
78430
41899
390868
36760
182531
24064
5307
273406
239683
81950
233832
80186
110769
357526
162641
26254
122264
419700
69691
280185
555870
56400
552958
557062
111487
369056
187784
57491
260141
552591
454180
504035
197977
335421
35975
287837
431895
273172
517222
93391
548115
81254
500207
396082
371574
526177
77461
581787
458998
81572
570998
537399
192407
403086
367994
171206
216759
440974
464050
11021
461403
213827
591931
354976
224898
385769
559679
143989
147995
293241
365038
464884
401003
187637
565985
509558
519202
355826
371122
371381
587903
141358
377530
462286
210541
225133
303384
270065
254534
458062
414358
195651
574802
548223
136500
66939
34672
544196
487440
364082
415845
190344
282732
141891
594783
371571
397591
153412
534344
92382
216727
555206
543083
535237
545003
126401
390770
238280
468255
515921
67429
16956
316650
463688
516609
460140
318081
93043
217451
58125
301473
292595
251152
495361
402617
510248
195390
30314
271164
591431
21900
544673
595691
390896
61500
455001
513831
557364
103341
133542
426677
408573
484231
436035
188864
72542
38667
7288
343648
304719
143861
220806
187925
56353
238543
292243
315799
57996
550142
341847
66376
262754
314866
178497
151754
358245
434065
245682
444618
408211
579565
332878
503097
436660
583391
91536
483859
378010
508400
548270
196977
102164
85863
53447
95440
259008
14916
411354
73449
502028
461824
181606
22651
320516
509710
285042
256671
539194
372933
93791
25213
379878
239496
381923
286733
188873
427276
297217
121402
534612
41277
438259
361589
561151
65578
555765
392832
111618
43657
287069
333277
365249
202262
217397
397764
251174
208343
192969
347528
379061
97509
170442
6805
117219
52082
442998
332122
201699
537101
381449
315629
355725
60334
552850
128293
394394
447719
67336
422817
426587
404137
448293
280414
147906
394798
263887
284276
293775
524414
8734
120471
1227
465309
59530
579806
42269
497618
77782
122630
224476
363506
259366
526733
280326
146446
221797
503163
473724
466208
335920
270971
433916
301541
377389
76088
496079
134359
155942
596119
378769
531002
475058
94085
301000
377615
500529
126580
490250
40748
264676
376745
312738
25427
323875
570935
429057
492569
239183
232719
290066
408738
445912
141716
425853
414376
473908
251806
177083
512115
31811
453072
273734
54514
308663
500968
537857
435090
345021
54059
140565
277222
344264
439033
281431
404851
37958
283187
133521
53776
168706
518236
218242
188811
29921
273372
88661
138014
81407
376414
351208
155679
277737
510400
16859
166454
88569
167713
150440
214843
540405
11981
557884
188935
353092
341079
395855
347154
240241
485868
41828
372130
151623
219819
296383
48741
83854
48401
79280
270274
237779
218909
347652
439716
51449
335098
44873
495168
534217
397389
398282
269096
453452
283116
331522
438127
209127
224924
80126
231522
125247
63603
508187
223749
160137
519516
422669
81860
510420
382444
209672
324515
551716
257251
416561
540508
228750
58888
331925
72782
522170
98466
380934
475322
411530
164179
480156
529034
170224
384976
94289
484362
80259
267863
561232
380372
452440
299236
512413
310787
53855
500128
64333
541855
211312
250652
249428
401127
425001
593666
339805
226052
87315
78319
264972
222330
494596
195662
180220
161000
264334
594248
448866
365361
406467
351645
539607
189883
537121
318295
320371
160834
584776
237690
47381
281844
165857
62824
95538
411114
104532
152064
62865
31647
33466
466107
456437
540789
117636
47286
82231
513047
307737
477180
306816
303583
245233
512101
548257
527319
98034
458006
555681
248249
172602
329794
360358
493262
151374
325993
422867
498150
254972
279723
262531
416895
455204
501178
7982
276749
93624
386382
465786
202812
222437
280857
84092
455597
531036
45091
283974
440819
393242
383487
269110
368996
401967
221196
529541
260136
157422
146689
455992
488691
243819
380653
473229
90849
322081
357107
504530
486218
253578
135249
10871
523994
60816
315925
416963
37114
132907
360160
46155
255079
516770
43231
457821
107041
388951
6736
304999
416725
341103
429044
257683
286761
321168
559788
407204
231817
13126
373696
450348
496023
504212
541229
155496
71895
412047
452549
77150
352276
50060
220678
175791
368101
83741
369246
383107
361555
342556
28098
524717
74997
60516
146224
208978
425535
406909
78709
189561
7155
451589
145822
343030
32748
342765
537840
354837
231901
381734
545530
572769
582823
421611
566659
542767
18038
373049
73544
10556
296856
181487
159017
532407
314523
281345
90542
162585
244671
343346
385214
544269
2073
34788
427421
251893
527422
205926
368771
160457
64732
231940
292082
114912
453162
534966
110327
210755
16336
417237
521603
60808
55666
398924
103857
18140
127673
580109
104959
37283
324622
308005
512738
432707
578128
328974
3306
79641
518923
437886
547541
172217
546708
313751
14559
545074
311758
557528
149515
420969
554999
415814
545466
297664
358893
62752
518960
541370
355708
235723
584805
390015
62502
176464
558484
22579
440071
512835
174443
469937
90070
169881
585715
171339
134598
77247
222630
83284
4490
139740
398052
500840
284216
51943
343325
389406
22886
506461
566204
300052
63275
210084
181034
82225
29926
23148
289115
309576
134588
176076
589945
558631
25559
260024
103099
183563
528010
381352
565705
360813
267431
560023
427636
352414
321320
23497
79514
17386
567093
254979
353301
497761
387217
442285
341096
441778
221799
546650
533301
1217
143474
11935
230845
452083
365380
119420
498332
88297
152932
379
387758
357979
259758
245711
467105
383886
302703
64552
501524
405203
146022
275240
491141
141203
467032
555793
320164
372408
17851
401675
207400
401918
347104
356911
436843
470023
148555
191566
314398
227619
492891
213304
35968
331940
299108
503231
382385
513419
311833
175093
252163
588941
57153
88119
584838
166805
104931
562457
295691
304765
266669
342982
408425
175015
495131
10635
242094
366467
468812
337843
233291
363042
451960
381420
389490
331398
47126
224861
389011
524843
233049
178822
42469
551260
554422
543644
413669
65735
95098
87748
223186
39733
404974
73528
321859
589162
146873
33695
121072
10081
153995
132091
40230
224609
226818
225502
415547
36405
106974
51031
476696
206014
187178
104893
64155
137417
290491
529024
562731
380071
491957
34025
272644
298568
376405
148608
68544
170330
49191
385702
499415
279372
52025
293663
360798
253682
27355
344947
164190
78593
40626
382026
243339
270189
473025
504182
503028
7002
244964
53516
389928
515500
109124
357411
361153
583209
27196
531927
541764
440294
318069
546772
577678
132308
145213
511668
127720
537401
45295
345421
335560
504571
406671
352166
263823
375717
105386
249838
28855
128793
157417
150878
414780
105486
184386
516954
20479
477159
93679
586435
310659
220662
554516
582719
234864
467437
227575
255506
285234
128999
504443
556738
398734
361834
168751
236287
430472
215989
64114
203864
100589
231669
230626
22185
368875
173138
22223
203126
586007
581438
486489
416946
156529
294707
441567
593425
71437
585381
553170
185829
302189
69424
443467
130140
588836
3178
500157
385720
63690
144938
360509
308715
535061
281273
372182
437419
593640
554630
193562
14058
439868
340488
256686
571923
192333
367795
149500
300223
143544
36094
226736
341090
502351
381389
486903
423547
49131
410865
71853
556711
562785
106448
127760
232878
143085
298358
468143
44885
569831
175335
181599
30984
41983
4235
485419
113409
333582
225114
473719
366769
409880
179532
257966
571929
488124
469070
538556
52638
312330
350232
54186
319579
538175
391552
390203
245941
443467
62252
111667
343528
77020
176405
531986
562959
190901
480188
491356
425317
349135
387060
380318
394102
520506
573160
354856
381040
593730
413647
329000
534632
588672
190486
10829
136133
246006
380150
207880
311640
330593
97819
568930
65494
57801
395420
33251
73167
76392
535924
46094
596295
563191
123471
523555
464367
185229
68225
375734
170848
234901
307407
596326
548869
496106
154219
367526
443138
440939
303259
541192
428921
54416
111249
227444
117228
592065
418663
533649
568059
493057
134710
301585
297205
558859
544406
19158
55867
327180
214060
360123
496116
332672
201209
163942
9919
114252
350762
450164
213006
503360
83450
39061
198405
454715
419770
238491
238246
435988
57433
225806
562846
393629
119227
477084
92522
402619
183292
138707
85786
169772
304741
592790
2229
560840
18465
466572
153772
424900
28056
499157
1100
218408
351499
204556
245934
231272
416296
354467
53563
481389
32563
579521
421872
325355
557063
557951
488279
184291
572256
272266
195123
16468
181470
526329
564557
38234
325125
113998
114605
405049
330129
48596
220155
351129
582892
396941
8045
408448
310366
368720
152955
313906
497536
314389
482025
34614
140175
570104
111717
595699
378181
296579
130984
446966
222496
485716
79803
294918
511442
566566
136538
86790
491848
483132
265692
70812
208691
79388
264972
249322
130928
555596
234672
472831
117344
195333
42408
142870
321886
146237
37114
527186
244114
95278
138183
345111
119745
106276
279430
108639
91689
95316
102358
345788
102874
61393
403633
492386
160797
349095
578945
63752
525008
173632
548729
451412
215472
337611
374956
89087
232689
387797
169468
424610
223424
439344
508563
140073
494026
210645
400282
557707
446907
487477
14329
475392
329664
193278
492769
50460
571228
217603
434121
302841
409714
468468
188215
317613
475822
351534
483575
380243
125704
541797
391769
401711
507688
178679
83730
146269
214371
156860
433278
176678
345313
568102
281223
22214
126141
454598
9027
250738
130686
479632
461810
351012
221712
497144
27908
202586
465211
547904
202856
358076
406682
499166
503898
270861
440280
316302
353613
418555
511100
357883
496193
568213
37136
492488
47212
179698
498971
133353
428740
47851
143403
565384
302090
253412
61436
287025
326002
456732
469095
256523
493863
509163
489090
126624
474478
46762
175920
113935
146263
532225
559024
458059
72985
303738
374568
430247
41216
103289
268369
376763
219988
327818
56403
329854
132028
273972
550917
443614
63159
331069
133306
536373
123923
486476
233601
438365
363020
408140
96349
64395
511289
390026
477116
115798
310120
568209
197955
240037
584817
412381
229669
308861
108377
368982
462861
544867
556456
582327
109511
118696
160535
107553
132537
217830
589585
425441
183601
331255
118132
488228
255985
259228
127854
92962
273157
593942
90980
30271
140
295780
312763
437398
4734
449474
534212
63574
469138
587699
206223
196543
194226
500371
483721
284333
410015
177074
554258
593992
592885
252554
29228
579482
74902
555359
474806
244467
301898
73652
373621
299207
381289
346368
136465
131424
48986
203817
495280
397510
412699
356960
542263
427179
465427
513646
187099
81539
370372
564930
469774
38395
350679
3224
29278
345128
148325
159269
301388
103888
31827
533403
449672
65481
348832
409600
121482
262322
297966
189034
204025
192024
563527
88835
129460
262476
420140
221414
238044
237429
95980
96132
143423
595855
273370
530313
324722
80545
19728
335362
506683
480141
133036
506347
513309
180217
159490
403702
281065
269364
230559
305950
105640
114181
29508
150576
322675
393513
498324
80160
550480
439608
510579
485381
372440
457102
207644
518639
280593
135977
280104
232895
525403
48112
60906
469713
384857
525816
331865
89575
107377
199282
9666
278450
11373
394807
514567
587545
41860
427775
394541
489709
155710
335317
174846
191476
154380
444027
381654
38775
556180
350749
388241
403981
579605
355652
551501
3377
311258
163304
307942
44059
5207
334680
400102
369121
473941
282235
175897
319580
301471
131419
328670
93654
483617
325495
415394
205886
290751
146371
252583
550117
81012
272132
336002
510329
446083
279564
501459
524446
296988
388619
68908
104680
446408
42675
333915
534144
175938
28062
372234
226462
416704
146142
412813
335008
35034
507738
480950
450284
92717
101874
557086
83528
262047
251592
514281
134671
591185
568638
19466
136859
43292
303640
84122
527512
566086
401741
215530
86110
128358
469735
371948
520855
460971
319836
389688
421344
230523
223770
531786
114532
417329
71605
247983
179565
26629
488571
404094
219245
223350
551912
355035
173715
370810
113720
45801
535939
272867
180434
524733
296102
155625
33420
395672
320144
108114
59841
302203
213270
578884
47016
469177
198081
542631
350543
308051
389663
356268
24493
78945
204825
508351
150362
70532
7867
175240
263877
590233
570654
218730
465417
14965
59920
312838
523099
478759
525663
79737
92085
246812
230622
123146
383640
36654
6740
241708
95553
574948
217678
363415
259339
15253
20949
365764
143227
113992
488225
225325
482962
299731
309611
583098
255511
577157
87917
252572
283150
63998
67939
419272
367346
555398
254547
374912
431051
369676
30367
67322
202720
531550
322372
377058
565539
305775
257479
532175
531080
147715
198529
79002
71369
14105
536767
556588
507417
132618
256346
69827
273330
240622
110845
61563
571258
15182
396007
51551
145572
477285
119568
258843
410275
125243
462590
269210
409466
13562
293412
434396
252740
14887
380240
291937
138669
461210
478440
333713
468240
390406
125106
586108
198363
368061
145312
126347
594603
59571
439518
599
417250
562561
365120
186743
254825
548194
518517
54447
314636
478141
302886
575934
137817
425450
283133
143202
377641
148565
71392
592487
11493
81058
8875
560381
94041
412115
423572
109434
436280
14316
366164
527574
267609
249377
516307
214007
381855
208570
13272
8465
246036
244500
474889
213090
4471
119671
578865
164968
121475
461765
569279
382072
240439
77314
188312
571190
115027
403689
519938
382655
168193
46189
282062
170184
517667
300786
561480
138302
93515
366574
8746
355055
93139
586643
119519
117838
159413
410982
247135
409490
492756
76208
548954
6063
531347
180168
400903
252090
455683
114932
385393
421709
136264
528714
208825
535729
281090
170624
348479
290467
330661
64733
209198
539927
112472
296897
280345
304932
154619
514030
154023
29374
69930
212443
593822
259862
33773
70849
338590
585271
16253
164630
87623
188627
568391
492741
39775
199036
392028
251205
190873
182101
197182
50245
507562
210103
282154
148996
237254
352277
388613
463791
394039
488322
153622
269310
133831
275148
379964
36859
369417
441061
524093
314097
186364
521110
165873
174537
531938
341244
285176
193714
503337
74760
143865
179898
500532
104080
584678
318238
243922
166127
344613
452350
334894
587164
302326
103054
111494
48750
107866
439169
369318
398448
551191
87219
343080
345987
158980
115448
9422
69044
106496
219203
294129
350189
405735
159002
573814
478415
292552
196026
379450
203679
257814
83756
504996
305310
167186
109529
38881
32871
241157
300154
384320
372105
24799
302503
278192
388134
98961
34697
514627
66617
454476
580792
444360
447506
410520
213140
198107
525796
436770
67099
420812
139802
480278
574215
79438
48617
490972
124023
466253
377874
319257
516999
544006
557464
128749
248232
61246
567937
325799
20803
126097
227310
177056
585812
289317
581136
115663
309662
227353
37941
345761
416546
460271
385376
255109
109051
459767
327249
271760
375797
72661
511315
509666
118888
359981
293301
412236
191631
440894
211048
525615
174551
191936
260390
14564
279243
266407
483116
443818
267976
487890
514918
49060
268665
497102
282873
91157
170188
571509
355430
124181
48593
403594
203131
205502
45165
539205
39715
515639
30375
541601
436630
152155
534602
49277
501079
495242
365428
265723
128259
505157
366995
426672
274097
547475
89686
529115
131228
345541
377276
335093
123412
585258
170567
5653
91859
225404
5770
207197
309463
567864
506730
285109
588749
164067
527709
415583
312498
299358
8798
323098
155877
43673
365221
190005
177884
521133
237516
335829
263492
561033
201816
239566
136491
251811
517795
188477
359185
483565
89814
137781
422629
306397
384395
533773
149597
50599
251298
56995
474513
539002
263608
54227
279149
119288
564267
428392
111519
239791
78643
115587
526005
101357
22664
515804
419486
78234
79737
54923
466266
415553
468888
128981
163471
493364
147656
8741
183386
142565
272455
234183
512526
428665
37481
526328
307650
130112
281504
280278
433553
395322
14990
387394
373604
152955
91996
411471
464849
190532
463367
486281
419604
41573
508173
579273
95396
499608
422011
19411
583004
189667
425456
153238
377433
185742
311892
563123
443567
590033
59692
313268
596581
47671
467133
243312
123118
218638
248795
213839
78785
520520
144112
388734
467119
229271
132720
79597
275755
218978
102259
31308
397836
189878
369177
384267
508137
568403
139006
520542
49713
363464
142741
102902
563658
427325
445763
559064
115077
431604
121442
485911
245118
29885
271294
217637
521993
274496
378337
105742
207501
268669
441120
462682
306464
80095
532522
242220
314888
396655
214381
120254
331822
29735
36549
234106
399034
283469
482661
57684
343957
327571
578931
12281
999
482267
476092
307530
584983
400324
63954
321252
364797
295451
323142
465689
113377
42943
552956
313459
82315
313056
66446
483275
124318
2094
271374
109343
124870
447563
132282
139755
57748
224438
440381
527610
463755
8822
286450
34152
369264
80161
466738
499805
356776
143597
360699
290282
134021
278798
559587
194034
455397
187204
443480
500624
236475
321843
510280
562149
542569
520942
182238
316425
172818
539705
236848
544755
49546
154451
265528
329962
390579
285834
31668
11523
544157
191378
13718
47326
324690
44388
82053
296733
237600
336125
463846
102681
458526
325513
101117
430244
373800
283030
126257
184932
141870
144260
81668
153099
523961
473355
92666
483470
219408
30182
572848
409970
537922
530707
468056
128293
579027
445049
260711
135935
533226
424537
245267
211186
401999
442438
310900
233545
397006
211469
25046
482927
343748
222775
434894
325058
2457
358601
81596
40196
248884
251011
502078
183293
398791
519955
175319
119404
479837
349524
135078
327980
383479
283111
549106
449795
139237
201236
179663
460852
148442
552706
360236
220741
236531
481727
179344
261072
183810
506680
224388
330647
40908
183288
284683
200523
252561
587650
556633
397470
3961
418604
454185
554746
513602
35845
351511
98253
384504
200317
200870
118148
532391
469376
581760
135208
392944
549976
45868
225779
233933
288028
252430
459298
537653
560843
25710
437782
154141
454327
336415
41321
551592
231821
323907
301471
203642
234334
30470
86053
329421
508673
436477
155415
414504
572113
561394
541677
528168
31561
414505
103216
249316
553231
21445
517936
508452
207403
408018
348811
480983
387392
162034
152644
100814
446506
350699
378200
152795
134530
494588
338026
444441
506316
152108
387222
514862
130121
106955
88432
506955
127116
367400
295518
284505
455393
395151
321038
112145
549679
56833
288702
377009
471522
96858
263155
445748
503611
290030
465088
95178
581389
541285
195155
383139
61624
440496
18216
87242
325756
535004
199970
203610
1221
246057
569286
182699
470917
503953
465726
201511
499429
447572
283539
118690
302696
369864
269955
202046
248883
219077
332126
459144
239554
64662
120024
212325
28955
576729
214572
331089
302085
431615
161885
122270
234750
393629
25125
22813
320866
148030
210332
64037
312184
349960
242600
172599
129524
33595
36030
580600
570361
135454
85479
381152
124531
81797
121982
491976
377147
50915
378685
74455
60028
576510
447866
509501
347094
421977
36134
570931
258805
226138
535435
557119
460279
127017
49680
460685
339241
388273
118698
484485
126005
298900
183525
352211
19851
328998
387902
564457
41056
86571
446707
114548
17034
362569
284982
342299
162171
204880
304929
543595
580779
134435
313942
234051
131404
393022
393008
565647
438074
364868
381018
444308
25832
135881
346905
575986
171981
41666
146849
342138
144756
306692
533566
481985
430530
229295
299976
313148
150295
142937
267979
162061
529399
307115
343598
593664
350057
203835
439033
473753
446257
558167
589977
278368
330697
252412
445070
40883
577856
419153
194858
64442
373070
53288
242909
354
336885
368157
173531
284096
182746
144041
431554
520229
110821
483850
307323
20684
412896
432764
316999
136988
381087
439282
503369
219584
195187
407129
270080
51569
206083
359237
309525
552037
340561
41114
308542
180260
84771
355181
295417
178149
410862
227863
177255
47360
188355
487425
594787
95863
50798
240521
78759
243076
247431
305559
6830
275035
393325
584413
287663
133142
386652
245180
581177
506424
74596
384080
131156
336553
30394
507487
91974
65090
277976
278150
21402
246198
299137
75583
414453
11858
403673
195661
59355
367444
374338
87603
588489
389737
67111
115699
118764
300352
156693
460609
181036
454448
171122
367156
381058
493454
89165
529455
64876
297584
129737
318998
108083
135526
248980
276201
125598
103366
510894
206558
573563
81760
67701
145251
142691
93178
253193
303615
23626
311440
35101
439261
399666
443635
181735
391400
531490
500461
572206
42540
201714
223899
89071
335465
207197
159519
466370
159943
12598
284063
376544
151898
427448
31221
155157
347183
524668
358069
218239
178860
424481
179272
429958
23160
44659
533597
564335
562219
184992
113611
237882
79883
408548
308439
252018
305754
254944
13691
519346
284263
190539
80160
236106
403302
408797
183925
27930
378956
160902
490741
292470
256368
499714
88499
266710
548
346722
563865
263227
463820
263026
162105
272446
158245
468132
510011
138176
181330
360478
246484
451296
591311
197650
226322
431720
348121
458508
118774
352967
204848
552180
569998
384406
329641
297612
371698
204532
59438
223289
74089
31586
368744
366961
190366
363095
255226
69638
365387
151031
281977
164076
570005
346491
122879
573190
135104
286945
137158
6556
215735
423432
105589
513445
446829
311529
401174
339493
51656
395675
457362
35611
238740
185431
367336
341049
423852
523248
456372
73778
500258
497247
175582
91179
361620
127936
179201
330272
569401
97110
259185
82577
369612
538683
483008
377683
305472
68030
253074
7238
93976
149800
220858
269702
80354
340512
280422
78235
400684
56644
149814
366255
199616
455618
148262
506860
509873
473005
333225
101829
544617
290830
78240
416311
507100
472118
141003
496251
72859
512332
573449
219702
220985
167856
189541
110204
487194
415400
457033
168689
12749
138653
532879
151264
77413
452035
165548
518103
332886
459639
290674
350885
142826
8039
470467
553481
405913
113823
436829
346218
419515
110366
479682
57201
310622
504814
214894
593017
448034
131815
414524
71381
293077
90071
169974
243392
28834
5985
530324
444378
574374
524982
586290
469257
21132
211968
71985
235426
331958
54407
313269
299768
409377
335661
589148
196130
244165
278893
589700
230872
179241
467752
274696
73327
528408
241518
112735
322587
148668
461955
32486
432677
554885
264457
337137
543581
127902
413962
537428
210541
93737
435413
392413
191359
406033
28666
30380
83489
341152
116528
406040
472102
383510
31500
81155
285172
434638
17367
365213
223126
382783
209425
228641
96426
19845
448735
80448
303973
342965
233752
540925
489511
310122
4418
439700
73536
89426
375570
219627
148736
371986
481704
250246
91098
202374
30001
344396
517003
446164
534940
527342
564979
175594
558181
23526
524614
483493
237393
518759
256230
425338
278850
152276
13435
138962
2883
279133
511984
417433
5314
542286
317654
66001
107728
223592
183660
373871
450540
309713
373158
73759
580858
269966
9376
392370
140290
327195
541426
189339
48955
441720
10819
264981
430840
407493
565429
194781
491872
502561
474198
453032
22531
256703
565833
55114
226396
407108
2413
104808
118388
362756
434782
427131
434274
215824
257589
141945
503324
394516
45428
196244
356163
587761
332836
318226
592063
151271
91523
209111
452443
423747
448121
249852
246240
495718
197956
547246
498997
66616
49423
355589
17360
399300
588815
545731
17180
77312
168176
454447
296043
221395
280804
574212
359893
117024
47760
103889
82734
104769
491144
531809
59707
353225
455456
162492
396027
433284
195406
59599
483561
74060
238434
502774
224007
538336
247005
263768
541533
90198
587590
323727
339175
205487
181438
85763
174427
391831
541783
48811
509872
136378
38547
288858
523916
221032
398387
488363
15399
352907
464675
580255
228405
57275
582311
163172
24071
281659
12873
446086
408875
318348
178459
560327
109116
543235
417644
274921
97346
412352
118593
203378
417272
540527
444909
428409
385611
85159
11229
10024
178257
322401
563137
419042
112618
247834
60300
526364
102269
497333
174541
489162
171691
400060
524891
142574
291073
147963
503534
29433
73594
185417
183936
189528
3686
374660
277937
545585
395567
55085
419995
382817
69324
149608
266750
536834
112807
426006
76551
17257
585596
313052
494478
227793
21649
593793
223931
168464
460974
105964
475923
239481
130039
371754
80231
110022
129080
582048
237525
309159
562656
374310
399213
188854
569483
544773
99620
491424
452145
389518
199692
323812
244827
498712
217575
492828
60694
511511
31412
596108
501503
112680
34229
325342
428739
171511
177872
483364
348713
512331
178228
85941
20082
197621
416859
23721
324604
443183
213002
419762
14556
28091
551839
35290
451347
457363
105114
219089
373332
198621
453466
70435
374192
159574
327244
572055
533096
468683
221629
95345
212752
373060
1112
37146
98012
336562
258983
551978
173435
267751
575883
135270
427206
153282
299408
381472
451657
231370
169061
279927
243662
364769
551897
98127
563764
212728
66804
471013
191279
380032
481781
251051
259248
131210
399025
54508
538436
323864
230832
277959
540713
149892
511888
159191
249734
236926
185588
317005
562692
419458
305076
177303
298866
64673
382710
306660
166984
373464
247607
97093
451864
159849
268138
487
29474
247503
185920
301380
271003
473315
582622
111813
579202
592608
275073
86865
289367
182590
38464
290432
362846
417626
82717
361406
49474
110017
502883
580170
243169
413644
517958
162729
542598
454440
266571
596868
498863
175156
549849
258130
233247
423575
95152
57019
506415
166029
194425
486471
336900
420652
594553
190571
34757
589499
40094
44714
235691
266951
153145
501668
310670
206742
404049
216957
547201
81483
541644
578077
255866
31144
284922
297837
104061
235871
351121
88334
182295
596602
527812
580986
561604
6073
519544
263658
577111
501106
161645
74938
496704
129914
483755
324640
394121
564444
106554
476920
340028
567704
505984
468093
147694
126380
543021
439808
132556
418368
520890
433626
583554
559072
256756
431373
244417
416731
187462
360773
353452
6515
187858
383084
562458
399316
467469
316774
506669
325381
9403
384298
202638
547530
318145
277964
19
307832
551023
380213
439863
140673
30175
66057
491315
42115
86188
552096
481726
288669
430594
528525
307238
492849
164691
381326
72324
109171
268045
158243
271398
520556
596914
384136
574578
422471
325674
527399
111661
374276
201375
276810
180961
25354
262215
362548
395785
347642
272465
378822
546862
27665
36130
25385
110721
399372
52922
172676
234690
303530
213750
59729
502343
237772
39926
232985
311075
116967
413864
189468
335741
12094
587300
296070
198129
217137
262585
318965
34919
66931
163412
578205
345069
67848
371220
138451
107753
136116
463738
346008
425254
264233
369450
96697
240902
363999
115929
325165
124821
294784
114711
553784
324491
272034
431599
274310
443685
45698
322161
308874
11490
85443
255619
200871
142900
357509
523015
499723
70274
41270
233401
105042
70344
419633
19013
513022
30266
502266
408316
541273
22113
122403
506840
116937
99229
147804
414131
498930
86302
307171
24219
573135
457618
264193
471684
249309
159975
587963
64640
399794
230531
229642
278533
21381
536919
454837
64105
574519
384444
451040
443440
140446
553202
488115
385233
181257
158271
12998
207727
461064
573400
253671
587987
191357
219377
9919
539390
161693
125206
188080
455910
417210
157678
1476
477905
371566
91032
12723
415967
211522
60798
108231
128063
442120
444001
380838
324024
132856
383859
524070
498325
239592
146933
535239
313454
141889
359540
18470
204939
555354
287330
265353
89880
495316
65206
573594
473251
563483
405416
499646
424263
202115
323974
520577
332978
294253
121739
84543
500096
386844
583390
451904
536071
59006
63584
549767
262694
578247
525502
2873
325910
317218
334795
292910
590752
248095
305280
216465
93475
336246
110407
413242
427288
92458
582575
59936
543140
461125
407611
593474
422281
451980
583529
425905
559851
299134
72136
241329
175594
261452
15749
526901
473541
141735
47671
291671
172778
519958
226520
215776
482020
447576
241270
321623
260251
596177
281643
183150
434044
5751
583614
66860
555856
515395
357377
134644
492998
564966
437230
570506
521873
150403
490431
18632
92983
401942
364319
173214
13758
37336
338881
130287
452266
379983
170281
173375
447609
317802
440988
576113
460556
121975
477826
515258
62838
45273
18116
542265
245855
288584
565486
400763
344969
29578
332753
320860
558409
43128
94220
301468
263014
461825
93485
219515
492080
261826
386398
572329
170532
228559
34683
570780
110397
204996
522205
402497
521923
323580
198597
538172
83565
532427
148125
334881
582557
275786
407589
583938
162391
377965
387580
92539
426738
506479
241377
84642
214465
224967
359846
236024
517476
518938
241585
290935
439954
340944
371216
42400
454214
354629
410098
67189
106499
159391
521436
491417
318056
380363
295415
593464
369731
30415
350509
243063
412264
246811
416536
495530
224723
280990
771
422876
331853
367345
550722
288581
281347
211139
47380
523351
542811
521836
190752
394916
394561
589218
83647
565212
367135
28275
566150
399848
14886
39385
19488
177239
423774
390745
445535
21038
464364
384241
323796
333007
356201
157997
209666
24681
237033
189472
95768
549711
379666
114180
471816
480564
524804
418957
158142
61774
421348
451193
356685
304560
513995
347710
420700
70095
186082
497898
164778
353638
87087
360467
363369
82962
233606
137474
328150
120217
4549
251758
333577
467210
540856
403046
337110
243533
387935
514827
591347
175159
149769
72014
246262
4763
570926
216429
172159
258394
566266
293819
341916
505026
278840
399581
25834
501177
96502
534796
345120
239806
422146
439841
328612
21826
258332
200405
20716
282665
250447
85262
408743
173728
5173
389940
585758
296020
520094
276646
384673
228662
411799
433497
190088
309309
171709
349003
447042
134416
338517
53971
399161
20776
537799
585809
24320
158069
414574
307661
423285
181788
161549
242552
247264
526516
429687
199061
547694
378799
473442
376761
364626
83023
447980
100107
34229
220013
284558
534162
248614
403847
552965
536445
384183
543787
81090
414370
362721
393905
584750
21694
411899
566661
349359
92653
233835
279374
463354
106129
557456
234428
392952
169345
403217
496810
260867
219530
529914
118996
40792
7649
236785
192539
21514
306045
589960
497128
507574
214251
441339
347664
105835
77761
7745
42331
489062
452866
203201
344638
541364
563822
430472
252273
263055
360688
493788
252735
314156
445036
200001
94806
311744
102760
192250
368106
267308
256111
122142
138256
491986
246191
4222
21331
147212
410656
382596
107740
321197
349430
203281
80018
459966
245141
393933
98519
320284
551642
592587
528225
258054
101661
199361
500695
420450
336913
311120
268145
290332
242295
269554
164955
538833
58393
325717
449408
350427
230893
435059
36794
92822
216058
201199
88417
202760
469655
253099
346704
582487
523386
481894
43344
273217
193115
371027
59217
364850
35639
553878
438121
343605
164443
326030
359894
240904
128878
59495
49766
16014
140557
346969
304605
89217
516189
555224
407248
238512
568984
141193
542793
544871
74660
515235
119149
185586
12066
309986
29295
345083
522219
502762
299009
170070
500306
125934
12788
579523
292606
582569
470865
163370
496397
485755
300636
464695
161142
568658
9320
264416
343747
497617
462660
324851
73261
474661
489878
426556
425138
314719
216973
534371
262692
161760
558213
381540
529996
481690
206155
568816
192321
395401
206049
524461
514333
489008
45922
236017
119986
448563
200046
133095
141154
102120
200512
295684
24670
577360
366492
489147
393534
276852
385084
440825
498990
215851
480542
201500
46207
48466
197581
197544
591741
232418
327274
580742
111103
255145
507911
196855
233967
496102
250551
393302
460857
457089
574589
220526
308700
75716
203597
474726
179159
64555
417966
228236
55342
9354
227450
145041
18763
53482
163597
210900
8359
368210
234667
76214
115435
103247
580900
277024
174879
438707
143413
533891
537009
547159
475268
61640
121731
553527
584339
325655
551226
198365
192570
571628
306677
155465
442186
159500
44042
401331
401229
454699
358772
468381
33307
460039
485968
302226
557519
498754
547057
425288
447468
200141
470474
324283
41874
331343
174277
293643
448376
512713
257469
55659
319716
1232
253998
396530
193848
164909
65227
103920
437499
440494
35470
125921
568723
565862
315567
207375
239770
73753
263313
173814
413462
520841
196164
103824
57954
155546
281484
195989
113695
338509
451226
485358
422070
247474
467538
368034
144740
509697
478305
26675
47364
540049
502257
102832
392612
585505
577012
349929
461324
3478
267649
241662
342402
158252
584180
237231
93232
377130
124430
219002
125801
174248
281555
442582
581018
441989
96680
225543
155989
395164
548737
257235
406588
185871
366712
267656
396930
172046
298318
362748
78144
435441
418452
44610
314681
21548
514578
315112
369656
327583
17913
427026
433245
120805
172223
561446
420218
426508
438802
572789
81632
230309
163427
388395
380691
489501
147928
533404
430186
360544
149780
218227
588499
427978
492259
574329
388640
177641
210760
582538
253833
503429
136636
241191
158002
265764
521525
111893
255181
417894
327724
328018
423241
200989
250719
533227
380040
91847
371025
424585
150279
460951
507915
489405
348346
137120
583272
379067
208247
168214
27189
20918
408145
187603
497741
565512
453044
62610
407492
374646
484951
236186
320368
303410
32878
497431
47727
3655
98047
64161
62002
408464
376708
104203
372022
102645
34238
383592
583220
392261
249463
238236
357914
321603
576372
526108
149888
374200
82870
545591
167379
110361
189998
536938
314682
63213
437921
83188
550657
240322
428600
543868
397824
25444
495797
474705
32903
5456
32906
563510
538080
148514
195612
134075
548182
270834
133749
164836
239143
54413
179012
454695
399284
49602
419321
39956
109933
459134
234835
221025
563999
329651
101504
115821
419426
411296
509761
467986
314110
12481
85637
145420
220752
144532
197023
342851
292294
24745
435865
541546
100802
348664
160052
128781
91609
195800
315128
251006
311524
230612
428063
404425
333454
123835
514149
444283
349640
594638
156936
110718
40954
565520
130357
402211
398940
352867
254443
34523
243269
417101
374516
279141
98583
131184
293598
587935
209788
128263
66657
98481
38290
291660
114453
413761
386986
213230
302264
135260
330153
55281
538044
479513
330299
459330
46741
406629
426253
373254
193333
307372
342288
542801
49000
382319
413128
51893
12293
387986
172271
75506
109413
161395
425166
81045
463219
143524
397801
14099
426493
275972
187031
554118
266000
494754
123495
347504
13964
244082
201801
236210
479960
376387
230731
271797
190900
488226
340703
381332
139752
582191
258773
261853
247401
216129
596738
553169
379140
570231
342118
476967
587748
128209
593740
578185
311080
463059
59281
206537
175763
390926
366173
317829
354034
133652
153345
591706
298441
557404
291150
292720
418757
82115
397055
256274
335181
367296
330967
441313
14958
394478
320157
540871
26215
254463
156496
322813
444542
294521
297531
127091
329598
136806
14201
361785
432178
36467
351360
75277
42622
421397
165538
510400
68249
558808
160330
188580
256850
539049
111247
246452
443409
513585
467457
336447
148373
359987
592784
437578
2749
292719
211389
3849
418044
73238
172990
287349
328888
145174
238110
228215
81442
392652
382893
406435
80652
505526
486573
46446
94541
203841
266606
69970
572893
546426
250345
346242
466912
577897
563211
144085
507
483963
484358
243282
265838
381187
443424
8366
463708
328025
204111
406187
243548
249073
96674
155442
527002
296706
217220
517793
425192
377077
208140
274473
399185
159099
10636
264714
286661
31024
596691
454673
224169
96582
137535
173920
75472
96995
297401
72411
235532
539770
90714
322191
12770
204570
254036
87216
277066
338067
176790
227674
420557
172115
309131
389119
106122
95209
364518
187782
385650
85236
209834
34987
263683
398812
223921
272115
299162
568539
413009
158423
134187
285465
267242
334812
113750
86447
86746
241802
273462
566969
542277
385418
502291
427255
372663
389426
4905
95931
472749
290721
59896
296092
81882
236061
338942
253577
280161
185629
513434
302964
126621
522738
441165
572737
67919
482203
540859
90677
433137
326218
67416
106514
27612
125098
109458
494680
550527
118456
244742
181819
58240
417814
232587
120265
468661
497876
183925
318353
506732
13558
493126
282541
575468
160397
161410
321490
137942
364267
108826
71589
500012
49084
431719
109287
366369
278189
49277
375569
122163
261800
222499
300598
117296
117973
224296
12384
483689
300025
78557
385529
537221
204206
445982
75463
194054
504898
537224
397454
104953
514891
69449
35177
21803
390854
448438
587582
306912
85933
66198
521925
458154
390327
268194
418532
262927
131694
235152
118962
524981
519331
398168
326177
342157
207676
360822
52759
126470
345260
297755
79405
391873
487433
422825
516744
548009
382029
390285
523059
352292
155331
278001
568556
551775
70740
271341
74025
559204
172553
54980
540701
230764
564282
451894
493990
360514
113854
546360
117856
49673
7129
389659
423761
161764
438236
476606
589644
440856
21507
187759
428868
439756
272151
326826
229949
234665
583061
220968
83252
193491
595744
339362
540821
352413
46994
283607
32554
483877
347700
178325
385654
72697
330210
44019
367819
522216
261500
367611
228573
568285
19097
375070
439502
482805
30749
241587
559592
572573
459742
456521
178992
379310
162776
417932
160475
577724
552270
194069
565921
397830
274916
328994
260948
284498
405607
541553
169580
102297
580206
192636
72335
62644
45086
66694
87787
48718
93141
20155
124272
372824
89734
392088
370745
153738
78263
60827
26983
214359
588065
592971
346362
146484
580704
315185
46586
56768
476613
59208
532419
251027
351723
122228
561223
532022
284157
55452
109511
495002
589205
33016
554594
327485
374046
491286
494195
102992
166130
156651
525217
452170
485557
388429
191695
547585
7117
572606
122630
484964
488038
493810
439621
5361
31307
61991
102294
12515
174688
324968
596376
93727
160190
371385
484138
59588
54242
35973
118435
53274
30404
531686
206355
109705
486731
417570
378415
105153
345540
468405
279556
127046
349204
200650
433088
344414
422904
332123
556970
176828
427593
344485
309605
494050
305723
524676
401761
105988
158747
592379
544830
32245
242654
541217
148532
75204
548443
395411
442851
347209
87760
375800
398030
55196
225830
514435
121772
473269
492068
150913
433222
447162
84602
462415
506717
427333
226351
295466
277543
448798
208326
568207
342103
570672
547851
237493
489711
334735
192954
101734
69786
398747
122479
295201
411494
234984
174006
299972
174475
562782
91912
3728
491765
179277
36764
188924
158070
182913
221023
166930
424719
263765
453403
132027
142203
229563
59637
106061
483457
485000
493694
369051
249466
362026
301950
451854
58468
327621
179574
81400
365683
31490
489869
421447
550529
469662
171765
392776
21933
466113
497718
239436
400164
114582
44122
419764
419849
73780
142622
529751
510385
12241
457171
176746
217004
111159
43164
585610
122108
280121
521361
17113
185612
204545
148009
79296
85745
365825
359869
177464
259166
55667
180253
350955
351462
430574
483755
298941
198529
523363
135490
438860
298446
112253
445630
290377
294650
315163
166905
142666
125832
89257
116898
466889
392842
125104
354685
241228
566058
571408
133869
263546
388571
307177
374813
81121
421750
113379
453333
168664
243758
139697
284759
144119
353520
41808
190155
588835
10295
138586
86348
259878
473513
329986
380874
305664
248137
139693
375597
43521
407874
178669
481887
175586
372325
558678
79259
29094
484481
550474
214872
62413
409597
272132
364072
557087
237724
209974
267445
441415
55862
578574
25029
326301
71696
528011
131980
359442
360878
174947
331786
418164
106019
570276
20934
227694
18348
35147
471882
475031
82388
428542
591468
317415
390736
18289
135722
488435
494146
397418
78541
116964
1395
578219
44836
8033
40248
457036
496964
198168
362696
415973
296824
384895
384984
527451
314904
371350
230328
328330
492532
180175
336133
24378
569891
230906
577266
200383
134555
150038
271909
47239
54009
69010
238142
251120
99252
21122
345966
586689
593216
108428
286423
219252
211781
457939
173692
354565
527612
291728
199452
438363
511524
115833
387173
258852
572045
126636
342234
450222
449579
275407
526639
569258
498027
81639
19804
71557
56257
91533
524275
91479
560236
280366
591891
39286
263815
176978
551367
255605
547823
36965
95670
545838
175434
83649
214110
572494
285408
274786
253191
321959
54180
61190
365947
80729
243741
54466
459610
551307
227841
485260
127570
418807
186214
547488
183065
365449
460672
215778
358525
419827
595340
77803
251211
190167
281939
169621
301674
8259
243700
353448
40887
66193
186445
236889
314242
60396
38707
246188
484847
380826
90189
401799
130960
555414
319552
281564
319426
535045
156619
220809
515422
427909
221743
486752
333498
220821
57247
442246
522900
89877
170684
370574
450149
246685
233162
470910
226357
316215
74133
120384
181572
307961
119139
38765
104141
333156
582905
42770
285721
494911
585412
159947
550041
491296
296062
476986
276125
311975
496672
122424
97176
95802
491121
89146
237276
80413
275313
344673
570533
533018
220153
494625
418438
320998
176041
42508
387773
116009
208692
442605
556945
391708
302358
305768
43476
406359
502867
375897
445748
323791
242193
401264
523435
259622
223087
68505
298049
94803
395512
321232
208126
364168
592732
556512
23361
491709
541694
10386
25503
525376
341022
451427
438454
157827
9748
145095
122687
309733
277681
159429
307090
518150
55945
332298
153754
89762
494026
81689
82783
127191
207388
181551
116987
107943
594702
395900
152307
218473
152843
363556
412598
293558
300650
518270
528369
18772
16806
585044
221800
5812
370907
253194
66946
165333
317705
569317
446510
165239
436579
554289
128692
434036
250418
480182
102671
590797
87128
490043
382227
417990
322669
176769
217001
256992
262163
468971
231275
512298
306852
316265
51079
14886
103576
474277
186688
178523
186974
172446
439292
587848
157446
57248
176269
455383
297969
564338
125571
283123
427768
458907
201128
555834
472431
469252
132222
368506
221365
101861
327035
270051
65135
469891
121260
188079
6846
487482
4999
538421
500020
518476
398715
544522
65126
184123
349196
505528
199516
83110
433721
427810
350899
244187
22419
429537
179777
545039
333886
96124
14052
203815
577112
163101
379382
134379
193850
104553
286884
474360
427352
311722
157667
139254
424923
50385
401762
177438
346018
70219
134878
414549
269954
259857
461934
553007
437001
596779
34637
434653
468949
378859
105858
584175
335689
406962
412469
392197
192540
591784
101207
147084
440911
494030
391741
61297
73456
26084
586384
471470
40040
398114
529322
103629
313905
125094
227464
230855
485087
182459
542172
258619
579074
449080
540398
526788
439705
325927
331979
51785
15314
427266
218856
450845
331412
211273
535351
498530
84110
170175
190326
554685
423766
213200
268840
560724
432845
333321
379782
234033
124981
39504
396080
313291
124182
271660
413669
277801
329811
379945
36900
130115
565540
203381
23352
176743
533885
423391
464425
201706
49975
435125
419714
423710
97757
179793
21977
345288
474886
422924
304493
566930
57862
86898
329454
174765
571365
135305
249834
427351
102258
153750
269464
280167
564713
595040
444845
426406
269665
498105
104703
47610
152293
422103
583214
403712
474234
517168
153804
539145
378099
388175
370848
561732
271728
234275
311647
472899
255330
273949
234182
55264
56953
410725
42927
349272
538554
556951
480766
562749
286098
231832
466867
485540
109782
260418
359703
339328
435990
259170
440799
102885
540524
559739
233848
424235
64234
333637
185135
129219
215090
290268
552341
571014
123538
181374
326272
238259
338444
169385
340707
521390
495160
493432
162041
573797
209893
296137
594652
563978
275850
227639
245647
457737
352939
24022
193148
460195
403386
504389
46186
24749
138055
529440
332458
546782
372319
494309
211972
101282
263347
107983
214621
573239
254278
385114
467057
50838
47538
32387
502800
430055
592212
142489
463919
109870
431646
540674
588051
416874
237189
383687
468633
554942
100524
408428
475948
138864
373454
212392
272624
301078
550964
468814
164419
581305
507763
197902
351071
170504
161536
17682
560136
204279
244847
301226
596751
475863
435674
292229
45843
392293
292377
145335
503167
120044
580365
93527
515422
337514
7545
527194
229886
258612
483764
510134
414386
56351
194252
390084
217999
41795
18535
147366
318003
154726
198738
216772
71391
470904
278234
42817
403395
459664
163670
415050
135015
151662
342488
167704
360737
545989
442748
120220
102550
1105
246503
254434
562549
36522
214959
200675
508909
426436
486389
313494
413499
298524
226098
341763
255306
558513
513643
250306
30125
383811
420229
291874
390109
205553
259217
393835
62974
414185
457269
374570
557024
399299
312855
302102
33714
423813
79879
360226
178628
393277
551881
274093
72807
185218
475610
86893
48595
228907
96857
76175
101485
434389
242734
223571
416834
145673
507014
483818
196882
541299
21530
31469
391896
417261
236390
537667
55586
551736
67161
204345
128928
584296
33402
226270
389073
159328
173697
174495
265465
448664
584549
262982
57495
13673
48076
534459
437688
443510
243595
178008
254005
238942
230830
165468
332020
462447
377148
51069
121122
285752
538722
258490
267765
166657
501462
116767
386553
372278
545607
254843
23347
42132
426601
96347
264107
251088
374024
518315
424084
182514
299333
297184
21743
287252
188001
404255
8723
451033
472352
318851
150992
291582
48189
529577
200752
565641
313862
118689
559873
78567
181913
525093
525927
157642
197000
572427
564100
371694
356470
322476
341112
554090
196830
290016
447733
547847
32363
578052
455779
107190
189986
8522
173494
239878
359694
480328
453792
211922
216779
400954
479631
319853
292694
65830
142741
194333
142559
576607
281534
329330
62385
559144
306839
294945
436556
507505
242445
273902
188350
108090
51977
23650
585324
303845
229830
431923
520072
233561
118396
258900
430376
542770
283097
295223
546418
118514
165096
430758
262119
415530
106310
222325
237452
232200
419282
548230
236823
312206
49882
79798
204560
572009
215610
572221
364606
474539
267047
25676
61745
192699
223457
445448
69322
279598
182373
391260
500214
68191
522120
444187
4520
137225
394663
303600
74221
292108
199612
392374
12738
319336
213467
91393
282982
331062
109601
264363
119457
381712
416948
484528
189582
12754
365791
297924
416599
260221
166498
254605
178240
53458
426694
227082
83475
460738
502478
542926
159419
472524
281606
188235
174838
243442
547878
66310
318472
226509
410948
245827
333662
443844
324210
158479
394654
365333
491565
412417
167114
244030
467976
359371
542977
204439
4743
487270
300375
223653
178911
184129
48999
583528
335890
413129
364025
338915
367324
88388
216729
451469
50948
358200
431366
48289
470733
65229
427802
139866
422717
98006
274729
561664
217677
326111
48732
439006
363996
311191
182214
389651
300431
577491
159784
295982
392806
335617
43816
247347
531779
82630
50588
345605
199646
56496
509457
391091
537708
515249
494504
401507
205674
64740
17540
468230
70524
163845
6092
75242
119039
352310
288029
548728
360946
193930
118442
501842
60201
268559
507575
171470
163560
352044
492836
219581
13268
535125
336965
90850
338918
78708
327123
330220
475795
171364
192025
467225
284938
275559
269694
322687
221493
593329
184272
386083
275357
469643
229307
173617
458984
402724
387936
82848
226133
264657
140608
220457
524035
40924
210950
457317
471397
298520
400990
341034
433380
113296
255658
123137
404276
447902
409058
229638
247568
369374
137630
178624
2531
198808
77579
363484
125214
317821
403569
61333
160523
366903
338973
90459
404893
589849
246687
316159
533717
53529
225785
354856
487732
528462
366866
563431
225169
270542
587551
262150
123924
247744
566433
527520
372840
108037
185739
238988
360756
249821
561533
480883
5132
595220
263905
283060
50371
97490
392813
170102
14720
233296
40488
305422
175150
451783
216549
174067
144525
363558
54038
293957
490817
5699
426466
72733
498237
463196
330
467926
51877
35690
592632
437355
151802
393971
175065
287247
484232
543458
588603
412192
96603
174611
513723
365376
431205
123590
191428
341381
586479
338349
560971
496900
451669
105056
333271
281790
561058
129621
563956
434610
281401
27675
177892
434531
207348
152596
562636
463643
177908
492079
542963
358663
112936
573143
118643
217008
336390
563228
33294
40629
355745
433190
282853
589158
153469
492082
59946
132426
36155
112686
109933
325
487571
321751
576774
175191
304688
224216
168874
477497
471436
196451
239603
476093
310072
591943
155587
317944
410604
81035
188565
227616
172413
20718
540795
46174
111200
428496
331615
207964
311447
263224
307238
84681
160571
92435
135367
64736
545111
571021
532081
288032
450255
56400
40779
554024
115341
53916
162870
264455
358714
584910
192108
234314
425053
489294
177969
87305
48413
47506
63515
28154
502637
407914
315942
133706
261016
143880
406845
293017
354850
350053
125384
9929
556529
437692
347363
88032
509744
192181
49482
78962
206016
104055
255645
66180
245268
183540
246614
45590
239874
102449
292764
223874
207516
426168
434322
27864
396427
345401
478070
216292
255907
304211
168918
525372
522501
121246
9335
116326
98566
241913
85834
370660
582529
324904
428894
271009
373410
126729
219878
93470
318777
503279
14189
559724
446365
62033
54781
134326
66096
94005
294800
411293
222973
528401
412887
324471
560103
353572
2680
499129
309877
326466
135310
351110
215784
344330
12355
251280
392325
333080
108815
203449
507163
242543
450069
457174
340814
431021
542502
574475
225471
46218
506496
14109
135475
138953
515502
156589
547850
561577
197148
345557
360330
141251
569765
406580
143511
557598
516572
549933
259373
228209
267295
443471
215164
38861
250679
551076
65667
90898
371649
285612
69932
317014
246635
240728
520706
497144
231607
433878
438231
468728
69995
178079
364895
581489
309717
180693
188984
111314
439861
133795
187885
548529
336068
223076
90586
591859
345329
453915
378500
243392
458398
534188
277909
393674
28864
331893
17533
332731
458241
437655
335394
114085
535293
392485
363955
116603
486270
371614
144943
290657
370743
250099
132982
304622
180812
176942
176135
476657
124671
19677
34078
314508
166084
20866
569072
525537
547758
18645
243244
195250
307200
2025
247984
530712
497511
203748
381534
385428
337663
561965
527222
218694
372339
199950
208080
534796
46665
280923
525148
405250
560511
281572
358924
29693
228219
33453
108308
530545
499141
476839
498192
271528
277274
530421
561035
455252
359680
457759
477483
471135
239740
23238
201583
254610
231041
142453
205882
92453
183763
517015
517256
412277
261931
563083
123230
325285
40814
95546
186785
529460
61714
587185
85593
85518
503970
85436
396176
107846
234415
219452
142138
78434
170124
395012
112842
342912
579934
302847
72403
50914
136163
333266
218289
8118
213555
458206
290584
468757
87908
466765
233377
362449
156439
135172
106200
140633
291606
242961
556690
1034
106494
473314
178737
58774
101719
163236
148253
192734
57570
541097
508097
433194
111288
12719
6249
517868
186806
39623
532297
259387
205887
577898
222796
577861
508246
143983
94818
217561
260596
254330
71139
207998
216105
123698
28113
187014
47369
435423
505836
391665
113943
330037
495750
179030
75811
24811
186333
270580
79700
501036
313749
101546
151637
220436
234174
528630
95471
551409
166583
416951
551378
114137
394522
96137
334313
578352
483782
288196
542546
510892
83586
250654
97807
513220
501670
526771
82119
70408
460557
278141
291852
39007
200267
108696
382337
17152
568525
260566
166403
534921
132525
498604
165574
560454
187395
299580
26261
386583
554073
217518
331302
519530
33578
65919
214669
456504
499631
433456
131038
395858
78302
105777
311895
318275
376443
163822
35476
177369
78510
118198
271109
558015
255181
444055
125497
480653
443794
543637
475526
18441
589208
281459
548430
5083
379678
196547
10412
49687
552810
21946
93235
261692
557441
213035
141638
259715
212444
351425
114051
244096
405048
438015
476321
357227
286103
428320
516476
415301
462435
317587
324248
401622
355004
474267
362475
521139
206488
549503
453953
401011
286301
161866
41871
551626
327468
359636
51206
17207
402395
78057
511009
480908
396332
390688
369125
338527
251297
482843
49016
56686
184891
51665
96258
73951
552566
460442
582095
452415
499922
72149
240222
298815
162916
21165
157459
371527
101954
462984
49078
309567
279887
238056
211004
305342
298522
286705
211029
545357
361380
18843
368630
278521
246114
54771
139586
535629
413273
152669
469297
529850
590240
303319
130606
356249
11310
63480
348346
547240
442271
358762
485508
35248
99848
8341
159020
581094
361993
532933
511193
23757
463543
586481
311423
169885
461438
15823
349073
472235
125703
36782
257035
266240
65631
42899
49598
435637
373767
83800
179844
352437
238240
144039
207293
215098
347060
56148
4073
40398
99824
31636
246199
218264
557845
292948
411613
557188
443751
510736
348159
111703
41744
22999
551179
535364
55709
140399
239248
522865
591938
183167
186400
342375
271817
24305
320453
519257
373007
399269
377963
299694
311809
587096
482729
380181
291052
563188
328326
587065
304297
143179
349702
306981
50758
67551
458093
169932
340635
512486
9360
235529
223308
484751
235912
504752
316132
159964
182790
458198
190641
452525
369089
125484
201584
584291
562737
525508
12884
520837
587994
359087
339429
80268
73126
35381
2133
313208
391627
46880
296555
448749
215165
82087
343808
220654
91908
324128
446181
163420
326310
291919
421374
198377
445298
480894
414858
240603
124435
383074
396801
386347
333397
75726
363368
102388
503075
114396
267421
5256
179783
299623
95643
266182
293517
294037
241077
391973
290185
105471
335568
527893
215905
289037
17662
331120
70367
308401
14898
25706
153526
484158
345412
189224
10121
199800
341670
111411
141857
449738
159070
462625
498974
179855
255989
332829
330995
133490
84241
172871
363352
629
566871
245019
440732
242654
82481
316760
212238
518765
525717
72101
263386
290569
490218
548649
336456
428822
591191
378160
581302
113958
297259
107657
78
372
236622
76412
178436
5628
371532
56779
127761
594220
114456
275572
150166
310309
248366
360550
226378
157030
460366
192045
486517
442437
261340
253696
502910
269840
587769
585621
559127
162417
559718
7807
548892
523527
123728
326719
315522
327981
268090
29228
315739
530752
468011
252396
204019
132404
334294
103499
376765
526692
276611
264330
270596
210428
449374
340269
273245
590301
417681
121989
491659
171811
285838
427920
353289
103047
68411
279180
453103
282763
207062
272731
373458
478636
290353
175883
545502
107092
395273
266421
92545
486626
179599
592376
125884
315632
492503
192495
317931
87629
368417
19072
355630
408252
525925
51770
119164
364043
206595
578139
521159
157721
283950
593145
334402
528438
406291
582685
67413
172341
314685
260432
189573
561651
218321
123698
246862
565180
219145
185643
458089
428463
589899
94456
578517
4094
17094
317367
476491
252860
52782
420400
212528
293158
498905
175526
153066
477358
547703
436498
343963
163789
337382
494763
441500
131420
273019
260599
490688
241351
272807
371955
133049
241703
383676
462661
260095
405681
589360
307912
358661
344893
65780
230491
438824
261915
112957
89575
364206
330627
305562
197506
267734
223685
533908
110628
245213
126209
223460
309633
513566
387782
52011
520640
399296
287536
489208
172179
239625
38116
119012
552605
308525
164876
14738
279853
464979
321745
560256
561854
194703
197095
259376
211617
245685
100150
242875
550472
46688
231348
35604
541801
407959
511055
184172
551694
508285
470802
586396
211060
219925
552616
139072
353191
525102
145845
341662
352282
421513
333271
95046
137487
196359
212549
410675
423891
516331
313953
533497
272240
192510
276237
86218
216650
269754
260460
504878
361586
40380
277918
96652
520351
480022
306932
63166
182886
174201
100661
276931
569837
20886
318446
136528
260740
86182
236207
119181
540535
204073
476841
551278
335935
80887
594983
229715
87284
260606
223646
248975
145265
242112
116673
574692
93210
207163
380251
463247
365352
35058
85768
351752
594954
503127
313325
70098
595277
255352
420878
533919
474499
267115
518414
464997
460618
450472
520341
91004
111319
55769
76107
434413
185596
156314
31634
453004
389594
395674
430153
560236
126096
537271
587860
128117
407969
65831
528499
433851
260482
92667
262088
121968
305767
315008
498647
214728
423475
522696
138650
163655
152826
293971
318949
478108
525428
169062
568266
221947
153665
95623
516109
561603
169821
523242
298163
583321
217503
483997
488949
244387
78131
197459
559363
263490
308516
441155
121224
45683
213109
513642
254310
588720
327599
288398
346690
371723
232267
100149
433502
456474
308511
590512
266025
484432
245392
40898
483401
214278
348357
460583
201794
48143
419374
330188
500009
89339
212068
345003
113540
493830
376079
22019
546673
260554
335603
553631
290817
26415
10052
418406
53329
280817
390832
72771
137638
450994
449217
140421
260950
525620
53008
463981
207503
252542
268259
148957
550448
273569
219690
104629
69817
560556
44310
94056
256537
246614
55865
109919
499988
593079
256406
3575
31136
410338
388420
312792
165369
66872
136748
469677
221495
246043
297840
545282
26667
63811
466226
288743
218780
224040
580405
436293
574749
380066
101041
437423
353687
175573
156113
511132
297856
184183
192607
486229
233046
255499
545858
442566
137154
116233
201279
47723
513794
253069
540754
345614
52428
484390
426955
180275
290536
265729
550332
421924
272353
19415
228515
495934
319926
503410
61175
205677
594529
473672
556744
179484
438079
92430
461095
584895
431015
55234
42544
277055
94125
181759
437048
570304
8376
228345
90230
407561
238197
581340
569153
165557
210755
278412
276430
559391
278344
448563
196950
260694
193122
566631
179421
418797
7266
194188
568090
492015
392490
549001
424844
241441
445619
163522
327688
78915
467421
35878
248419
351670
279120
453818
404429
139385
464507
49155
38907
486013
497836
310634
348444
566632
588028
43544
460150
503350
576773
346896
369785
468305
493453
72484
427371
209087
114158
235346
486213
256672
132532
279928
138965
461787
190284
588656
436559
275312
170982
70388
175938
537704
351148
560556
408856
51521
567329
18483
219234
359906
519659
54918
141219
349593
173772
579032
33832
390068
41980
234129
573683
511915
348461
379562
289328
142681
385930
82440
541455
103842
299465
35489
25092
371919
172654
528471
308575
361
476608
211627
28076
472927
412080
575209
454355
137233
389079
228451
36598
361485
175486
159928
311179
323946
9652
133981
573466
250902
510306
395985
75333
219220
100592
294531
77924
360277
354270
465543
148872
241208
390108
471524
20840
192556
575643
324759
176242
40706
301834
471008
385070
561590
320536
251129
202479
520311
420440
483300
393313
460100
548462
160003
104634
462608
287114
75814
301407
242024
159823
230029
554477
363345
72734
295963
139844
401493
138846
540122
174905
165426
233218
515282
464859
568841
355567
490342
198185
85352
392255
252659
351217
467683
116156
232884
542864
437420
117128
367669
121798
478904
297355
9264
540016
422653
40402
127806
51351
444124
56795
31763
454453
544718
249339
372217
181278
34561
468597
323981
328252
289461
549596
561876
234965
592822
300292
440766
115646
65511
133883
177503
365063
166804
186746
467827
30336
58566
470849
104889
71542
302631
374901
251147
396233
150314
563955
527844
342647
39584
211980
170963
503529
157282
185170
180281
241829
473139
524818
265898
438707
230712
106763
87137
301899
462739
421704
512541
506900
284959
372770
32942
508719
442083
314145
66992
38575
235845
595578
259972
231929
113480
210546
591275
522920
194354
589887
5841
364954
578244
67209
280242
172299
120072
347302
520730
5227
447393
274849
588480
245585
210222
535193
222922
109317
493455
274875
287752
424581
517354
132707
182767
280625
66547
295751
178374
495592
458902
328160
137012
115194
575175
558673
115590
427490
307596
574705
289523
465651
266805
156245
50955
244000
338986
204971
201811
432632
267354
270772
53946
197245
227088
322790
68490
190205
584770
139473
225493
263129
586338
29126
189052
436220
331446
405642
516154
444423
478154
420126
161999
371212
351261
97144
154107
140419
304382
111925
476555
460857
403216
546205
532085
57925
263085
385561
322471
551156
19170
200168
93673
379672
544610
291630
239794
158651
418940
51579
83025
310724
212905
502297
233945
247794
322732
238191
476131
359984
432909
222808
218965
20155
321855
2121
488526
86476
436180
230997
289170
465364
70231
528338
283481
22583
281662
243400
308272
298060
208631
377047
125382
371711
450441
340586
45816
514375
426615
6275
17718
502798
404311
126011
85796
82729
592536
58843
400422
103425
363665
240911
20202
538502
440765
309685
339842
491597
424747
347445
206755
596643
73396
331333
383367
269046
97061
117020
275143
400580
585385
509069
3544
458049
407715
256397
77345
483307
152558
269923
160698
354379
83737
475251
295067
391949
237857
300291
5992
243414
517819
515673
163495
133364
427955
287320
401672
19879
159548
487116
159184
550426
272188
330545
450492
256266
219663
382127
77181
71252
256904
345402
376819
264368
507350
158626
194620
399736
120015
47296
52335
361901
596348
102880
63894
36487
104907
308727
338385
174590
489914
530861
22713
372956
389348
360389
556599
347289
72280
234950
221532
515445
295806
316303
141160
471396
330553
106330
372274
217143
92976
389145
476160
187543
423639
564499
68733
176323
530307
284170
175487
493626
121385
484035
104979
95171
417245
587027
177012
16577
417398
440803
250427
325903
481119
565229
541938
172047
22249
80279
298224
436084
473925
68231
450624
437937
184074
249536
463747
311295
246806
114966
125528
487753
258175
575016
272180
467461
575588
74176
295502
427674
522494
313273
158271
54219
516298
439441
164223
568039
333273
124721
158910
53018
105492
261770
23607
371842
391512
50293
596668
373127
580120
286457
42676
273898
493080
299349
294876
383536
12524
587329
16757
568792
218724
12726
593568
59663
592163
318469
490534
404132
171047
329746
490828
264883
158150
337720
92256
46903
86395
223164
342651
374566
128932
317336
117438
157926
430181
478664
50105
73941
112590
499548
197644
256066
594741
180580
38727
286431
201946
46163
29692
278754
369784
249142
269700
25849
214477
414396
230100
365193
522221
366291
135716
35260
35893
282209
133104
540210
73756
1157
271518
442870
158897
56820
366325
536116
517157
191393
512186
295665
540766
272913
594261
210937
15620
368223
459454
132698
322549
478202
292268
173680
181634
535082
334466
397149
188989
284325
251168
441803
7124
26040
331695
343465
316535
393681
456937
83682
250449
18750
590421
568146
479563
46285
165090
291164
439675
429519
79926
135439
474883
49881
272901
354820
382829
109572
60556
574991
401866
413989
179422
305673
359447
577626
162262
585471
255272
262157
431174
438207
154355
54241
9991
84862
566576
5321
559276
213100
183580
379168
499176
77922
349745
458861
64559
490837
321812
64965
97037
405578
382525
343961
394757
215103
229404
94335
62109
573419
127726
367360
419796
293088
477555
203588
138088
432689
321099
119405
521359
137638
530522
277312
258997
127754
395088
119181
205176
246826
465306
516436
124180
100341
488944
441790
267407
313929
587244
371170
370598
498135
37761
547110
390305
170262
46744
467948
588443
569020
200051
510702
114377
572618
313285
1869
108743
240092
593421
481005
468056
560320
290759
98095
478184
429192
219330
534170
114771
332265
50482
507113
514566
149112
232354
269127
592378
373956
306795
526016
192844
468127
519683
158445
154645
139328
464970
109996
184327
49243
231168
14794
164462
292919
297645
257955
114725
51775
39804
272137
451935
241951
264903
208323
436764
217496
344315
467831
551329
185269
582226
405523
323234
523570
273897
93341
102736
521774
25110
80024
319728
279216
66611
212885
63104
167264
210319
508212
259405
426837
332816
314298
362551
447068
365196
94291
369384
135838
590887
339839
183832
72497
561002
207950
491458
497430
317652
495310
514741
390174
166773
157116
571915
458311
100088
366046
481298
174114
71897
117367
81223
42511
564955
343956
235861
375877
316642
247096
83190
157055
530872
264198
23739
472931
455267
498165
198400
212752
265682
374698
546110
594148
352498
293475
401403
262797
549452
140252
428181
193500
488442
169734
300523
314601
288830
561932
167001
129348
269816
571821
11587
222474
124907
17435
515041
108103
118632
5988
436700
486961
203325
551568
504941
317659
522078
22247
297346
329285
225795
426151
196761
24842
239375
251582
378678
566879
407184
223403
214461
444648
298421
19650
493794
381566
508204
65798
452962
142639
273217
220512
517074
466107
455919
63051
575471
66544
276390
436533
527419
361015
5124
557164
176710
572845
280604
47515
595227
587591
193589
398452
297403
584963
494069
484348
269466
244747
550751
399578
128391
527934
45119
124460
403668
121403
535048
116027
436472
131479
329267
19776
390623
334022
16656
593216
114145
98056
219282
561987
48581
73767
390348
356612
451273
121833
493788
310113
196301
417642
473145
240241
589293
196019
265832
478572
372137
327075
336525
203806
43433
508359
431619
518075
307136
596171
165490
465621
61809
93796
309845
26006
536859
33601
16521
567536
136133
448992
204044
1141
411380
239494
32759
390470
225737
511251
130479
447259
144049
206786
172674
509875
504025
211864
67077
272569
161392
190682
30986
448450
137723
349512
415736
410166
99192
21698
431920
166593
463479
140440
41043
359730
315916
157996
174222
268114
567705
116960
108464
164706
434890
576674
410467
47571
542899
126649
304550
193366
318238
133446
307892
312461
287360
500973
167807
253223
401729
521657
199199
474744
30268
295393
362103
512815
67234
573904
408928
465660
112063
124004
364840
228738
538586
319685
174742
267431
21327
543306
444050
381365
7143
287322
147218
481752
349768
405305
12759
33089
275279
259999
295801
563145
403792
24384
8528
65242
366386
213185
407296
495489
371681
584398
451191
281198
62603
472488
176290
480508
387126
263624
217612
589281
496986
330013
573033
555136
280730
376768
431234
206484
464855
47541
82488
371483
547322
576149
327420
544663
153620
434921
424375
3476
333784
223012
421883
193125
140082
555287
398099
357946
35987
518337
4351
200683
191953
128430
198452
154959
66967
483455
291501
470960
141213
444248
548318
416484
72075
559718
234523
351497
535765
320639
36743
480238
14670
176428
371087
5793
43638
518465
561420
380158
187222
405627
40289
582020
319815
269335
177854
431358
94684
518191
477368
213195
48652
257128
333461
353840
58410
492735
518782
351959
570923
213545
167028
328568
96276
568965
80437
265047
261346
359181
544383
197015
438298
380500
497266
512
478920
16290
447414
467287
165250
460166
200459
469068
487782
392017
185426
88514
212304
404270
347508
212080
84872
104200
318569
286591
586223
320927
593138
222002
441311
43583
20519
559131
141131
62254
94837
89222
215726
539844
54041
436881
141244
559000
70680
206557
59284
430458
443758
212447
370088
476023
91739
561490
154620
167844
276467
342096
150812
247222
279387
215323
188710
256579
237344
322406
340415
193269
319410
137093
11678
356743
285501
352789
25472
106620
291348
376800
89862
302872
29532
590634
413268
63339
569588
386553
410708
482005
163131
50933
457608
199945
329190
523208
535749
289273
182409
468059
472760
461521
153658
340234
549257
335983
350477
365626
40727
40185
471542
48535
18428
357518
289938
558035
61857
222581
333273
73119
79151
591980
27470
106370
5202
26407
333818
332140
45793
195982
337345
465252
383798
550920
421234
222183
43885
5669
510646
412778
579729
288715
510147
118893
448978
297515
591482
403334
334791
490616
259043
368453
374137
159357
484993
241403
432889
589765
179126
3414
458672
51026
77504
6138
554497
330154
537308
320118
418018
40392
363701
309528
446821
20628
523976
375846
584814
432626
513813
299387
346729
286238
265695
595986
14506
388585
206786
309214
140728
123834
262461
282304
427100
465954
513502
323451
182704
378985
282248
371179
176992
382008
131793
445417
340011
535888
44863
159122
276684
99600
13694
291163
198576
538069
258934
291471
192849
299693
95405
281224
379793
537954
560413
377406
450388
58055
107748
497585
406597
471299
59245
354248
239438
552216
250941
329005
61562
185124
213932
528969
116394
155073
570936
116693
51536
455085
17854
417203
414448
233788
288450
559653
56685
379245
316459
183149
238457
138192
156642
523697
198420
190753
539326
477393
50599
395935
325189
23046
311376
392549
344410
348031
508128
461980
407840
22740
438075
415923
474641
85212
60411
455808
222986
281324
577750
123992
392224
535168
443277
66569
401747
377761
262540
460797
482006
288730
504307
64285
18710
61468
53515
506232
64461
436458
236285
317036
76488
243254
208903
24791
85532
292464
323784
158445
540067
121685
239911
123818
228450
541883
116677
177899
159307
47949
146381
304103
316463
453486
365992
372775
36795
207529
78541
546028
188878
90601
187631
189428
201844
332492
410997
166694
256700
574999
115571
529484
100354
569545
551496
223696
428292
391665
475012
176379
287364
144323
114775
84337
503244
332630
84794
520911
15710
162552
28192
45511
282793
333646
454230
143813
541824
37824
482357
401376
166652
397426
285797
119468
192807
158497
324446
123132
115133
221385
309109
39254
336085
160001
446322
123029
335856
299094
38297
255267
357207
184924
98744
41393
225291
537374
452153
40923
466374
426343
533291
364158
155468
152983
421779
70715
136826
482404
367291
282788
386603
137773
371646
213578
170098
463410
469171
424884
119915
157088
292129
132873
143842
205168
240107
290252
141501
124435
558992
254189
428681
472824
580001
535581
423073
572576
83388
487773
324132
375117
71223
383392
38477
435132
60244
423913
252999
520371
541834
184110
368277
186461
178026
259182
12251
192190
9654
118222
362152
126513
37870
468333
319769
474494
29772
577140
594891
22528
594471
292017
29988
170060
377945
461901
381922
82907
459832
39765
155988
279818
181294
259980
193336
210860
464888
543750
553217
594681
368595
223650
129760
120745
186497
477635
241971
523970
240383
207301
91329
503938
282351
528221
352009
450101
448300
470490
565660
25481
587216
414315
530001
594665
68225
328270
517144
536230
431320
149218
474667
541894
153876
418938
362242
296045
284294
445655
439734
134828
407555
270449
267606
547062
316295
336585
195554
250577
396073
356368
118661
577275
501692
385608
537470
539007
480185
263732
196286
525486
246691
419497
84314
372092
397259
348681
302108
464309
54761
97977
380977
453639
390353
183911
117069
12376
161826
178804
336094
334043
187889
565107
482122
542117
118208
546645
537002
465696
579586
21729
63274
193357
277768
489432
323637
504753
590479
430010
443821
562633
180981
175383
68360
79027
75482
126710
146680
32196
470899
177497
89610
149202
384822
594650
78541
280722
322150
59450
502183
424391
573703
206690
186948
504535
133797
99578
540950
287347
162092
104545
407957
581288
582414
415194
190767
259608
8121
545586
190927
85932
26986
68150
497628
391738
409909
252226
91004
135199
423454
199652
387999
433821
448544
353763
3732
341093
117361
388793
501102
358808
559776
5984
362249
323247
510597
521779
527289
333597
406492
367039
399863
560722
197191
48427
161065
340832
131502
245522
593835
503402
50551
355805
154897
239409
452041
469968
122338
108852
420917
160345
379934
566252
7224
355941
547409
191948
444113
86676
532040
343706
503222
89459
177645
122726
438924
448836
252873
704
553840
176119
159770
453479
52561
25362
310686
193510
481216
374906
520187
212620
180681
50763
255368
516301
294068
456585
289132
587408
46926
275743
68049
243380
348585
154938
57184
503596
378836
245684
380680
435166
406038
254004
274054
198591
56198
172690
308462
445066
219958
184456
57457
52741
494753
279923
376470
380059
438252
40979
183960
537043
561248
509130
492685
520640
57879
485710
407471
465608
589995
318531
52848
54891
384826
400935
336049
493360
138913
339066
7415
208599
589313
24108
334177
269945
25242
154548
148560
7006
529646
73890
195788
376610
395574
113476
197632
185371
11080
510683
261777
450913
365745
162601
419336
436862
324889
592634
23412
422666
290856
144640
155
167561
488174
46714
564253
208452
283111
591825
66117
93889
76305
575091
146871
299305
263985
503420
5812
566354
502288
397977
123374
567162
496177
184306
146886
50144
380523
505674
91616
545640
243113
438716
533356
154787
201498
276196
562810
3784
129293
546936
422422
130178
354092
308419
51860
60478
537515
72392
459227
365807
482213
386365
15781
435328
204953
170276
468027
478807
113816
139259
149015
247465
255445
510979
212035
544355
164286
151953
49643
135484
421356
515473
263572
185952
358306
46829
534413
510350
433926
337926
254478
334867
442567
35155
327452
249404
99783
548463
65752
148392
197405
173456
13232
221820
246259
188390
592539
170060
63542
169466
416818
79174
162720
562471
512208
160008
467872
178445
202641
356905
319626
430309
554389
288551
500642
396136
370644
176807
368712
509305
82978
312378
318814
441104
105468
262598
142699
116834
564948
331200
41011
157526
391470
587305
372693
523262
437226
66617
75445
9117
491198
165041
300866
247184
178255
45472
344635
215243
427165
576298
330314
351341
102771
135211
265005
554026
588597
155321
68119
209233
186694
466565
437832
460321
405431
283203
403911
580942
20796
558623
76494
193841
424566
183341
186547
258291
6084
250739
514051
365827
139157
52624
452968
65199
240002
313138
156505
538803
241670
108558
475321
326318
241037
167496
369405
585081
488921
370560
201905
232099
74613
211077
38447
557475
545751
594292
432750
322895
232638
321491
329003
402285
495068
558770
15901
327518
215828
312903
481036
483746
62734
230242
8505
505389
428627
465089
435851
122887
3501
312704
545877
206399
182387
316155
289258
432916
526533
482942
274436
199285
79536
45492
523479
48425
44577
112753
305505
529553
226740
317254
271433
409955
5786
234361
528983
419321
228498
586234
488762
328519
243093
398123
377169
453558
267854
559717
89953
401763
231436
314715
233958
101492
536201
147119
76679
30606
203703
533793
270966
244444
102942
69330
595781
313882
306248
436183
83868
293089
375883
27156
32134
70820
441446
269071
22281
384171
380144
302972
173484
46392
226065
246672
172986
51617
555814
320497
83012
476384
459329
498063
253807
367312
135516
282855
488423
453901
14157
573007
460858
12983
246496
183012
178220
452522
145014
479736
429789
403694
166370
281834
323307
118131
361256
231016
110488
43161
307212
178014
209503
184622
249164
307048
109659
257925
230487
201876
342272
297958
579731
400749
523263
454052
48634
179548
379640
438844
300849
595483
454946
93450
372538
583006
117331
219826
12936
285685
593376
558292
134034
25571
148733
545004
300654
103841
138361
549784
171804
422722
16169
220644
38026
498001
379791
183243
201042
78418
438611
426629
155885
249812
558862
447187
330696
73007
259980
350560
470452
118556
10676
347917
364852
121240
187872
249856
555098
521584
402432
22456
255021
347070
114772
163662
50775
319933
238518
590153
791
471766
373328
183692
76607
149119
558466
465099
150772
419882
172564
413308
187579
373688
419922
53109
169824
418676
489155
343483
510706
67569
176407
90270
14048
1066
429851
471853
146326
493358
523897
26523
277064
527148
434240
426067
153113
283471
156438
59930
400910
505842
339629
11161
272174
97829
310806
214971
287299
342464
42449
275198
265595
487487
384837
251338
235923
362804
699
54153
524253
108714
27909
166541
46094
390176
450176
154226
466676
289293
432709
235526
303873
537627
147250
573810
221838
171291
459478
427072
25519
279447
97914
374150
213993
341411
465868
64071
457223
154482
53458
466793
401507
592021
8237
428527
332219
207627
343310
25057
164282
467634
4145
122097
302167
385965
141247
280458
467094
389044
446289
584009
355323
559478
183371
212972
95785
409617
95786
25768
104016
72869
569691
127598
73085
474024
528982
393133
456328
81048
304234
71827
377490
57744
336018
585666
198399
363153
378718
200336
229301
71677
381299
523679
578441
583832
528551
592044
391438
170658
508303
544987
281013
261530
481763
62026
540792
144840
275533
93436
48998
40025
29784
542659
208201
251605
89079
32606
288
575413
135112
238823
385165
206292
4255
520331
234358
377445
477373
544937
23508
12848
368491
428586
421188
89693
578245
405130
252169
284573
391826
273115
526809
350686
392571
431935
158366
331167
134487
360531
492483
101719
427669
64325
238258
141369
6301
97562
245905
79069
95662
17953
376069
505827
26875
288534
486800
60957
491673
331242
95386
460009
436955
32339
47619
411609
122176
406680
149775
458614
206036
451403
400226
427990
436370
50072
161892
542291
302877
301723
234464
290077
45767
158785
486061
371167
326711
500111
324368
387996
351266
289846
4331
251238
385587
268921
565248
33333
516528
520597
493300
320308
114509
127762
525108
459712
129414
32482
279219
357643
456575
512200
1241
39487
387435
239551
79403
580770
112569
376176
135998
212240
285134
344373
38518
254395
195580
241034
343055
172244
323946
19433
537791
121432
505137
354996
401144
168309
90713
555192
189623
447649
402719
532666
125090
185673
202350
535107
424835
13540
337710
185921
454677
158701
41807
255217
576316
280263
252189
535283
95014
282584
364728
45503
342642
445802
567578
108095
146934
513879
305372
444721
154371
42187
474118
471475
447194
309684
404292
361664
230135
143078
183633
537750
150269
112603
8475
458972
484775
181722
88296
581799
240318
530586
64514
330364
350360
219902
208413
224056
516266
30918
559963
289009
50546
404344
387041
532021
252935
335623
28168
68807
131271
101288
45261
342923
466589
534996
120014
414451
50633
485887
106993
15561
324734
42802
547065
139458
169382
249103
473160
399536
465797
442640
188782
162365
198783
123941
231648
543592
61596
285355
235339
178067
263780
176960
185181
23687
97395
29056
166220
255265
136336
427009
537998
364229
258014
108588
254775
492325
311251
95172
303489
542017
293798
48920
530818
233975
208211
155317
175474
415602
382670
79533
495887
28860
30369
86279
256781
256358
114643
189613
512306
365330
202391
4028
325726
6653
482946
567136
419553
580044
218261
18873
189112
65659
48858
43616
322002
476720
247279
397826
469276
258101
109472
181597
520594
80304
269344
147698
550662
292574
380036
567532
428612
63867
169580
250647
131971
30843
116810
419961
192591
309433
524453
266260
381080
215961
309059
490892
43933
409370
283464
386805
258008
290276
527978
89737
475138
385973
500886
72439
496578
250303
236150
143610
592441
521719
487417
542841
558593
560967
595837
87861
331306
340113
38196
589486
153729
384158
185493
121252
347322
565273
439242
232831
453959
103033
49013
562696
294413
579917
14697
449778
567960
252624
110596
360221
192779
428409
591544
445966
394958
298755
540938
349891
55236
524402
115319
460429
570780
578768
283952
5796
158747
518933
290816
459936
201963
161293
507146
75397
207264
468952
88438
64465
253727
481899
345406
117415
464688
338278
196709
157329
299533
237209
424441
303078
381158
15953
17058
211263
449424
62622
202411
97688
86036
278791
567880
438143
257318
340649
111068
552527
321004
280275
333351
561664
246373
359044
585689
46828
103706
20817
422358
578491
144616
347783
191559
512652
585792
412710
72103
372611
112862
242196
43838
221155
536474
101491
46034
64065
406633
212322
562053
404118
403401
115848
560752
412786
284526
575865
217557
184172
386674
70674
328835
493949
359341
458052
374204
383321
184725
138433
228297
303657
405106
6910
168498
262538
518588
154647
263435
253046
164755
228607
299273
416205
75838
202693
425748
543229
587092
401063
115503
106911
178830
89700
464874
265890
477374
321096
445989
594075
181340
124887
383547
216103
401160
507144
525877
293879
25800
48807
337294
493454
264542
369769
60870
74465
405933
397202
203823
274658
342604
581351
466375
267094
500909
181616
235332
525431
197806
393451
44435
251436
404943
137836
158690
214262
155544
467197
535446
399018
49137
5151
209386
91041
270412
489555
324616
367387
63115
53494
59189
348209
475112
514039
161505
582606
150088
64750
405284
213195
302099
460561
71250
286237
111814
160968
571825
237569
293216
186460
383668
537879
195014
254789
473852
569950
287745
14213
125519
118974
73649
263400
321426
93058
184820
279019
14223
544481
407108
108800
165123
408879
517253
266564
160784
324127
590968
214011
245717
426185
269312
596145
50845
380599
502478
169414
396448
576962
66273
161224
376835
90677
323474
134049
300906
469879
80901
238009
46545
325001
227387
576067
376477
485612
30359
303102
187254
145716
483314
351179
455376
422843
360462
506920
398127
458176
290595
485438
176700
185366
174722
164347
462901
270029
515214
332091
594662
521131
253658
95889
352113
107453
43770
221549
112243
569167
363120
101212
156854
567833
110810
127322
327902
407283
200761
520523
515289
520131
176198
200963
393891
402645
309730
32556
543207
102126
330745
403133
519746
27657
196801
474357
124783
289502
165085
104126
409274
494702
231237
382944
21841
172413
593238
581180
533483
213824
101506
516180
585127
517708
85966
263544
399022
482126
551781
129490
134125
414522
376569
506427
28583
81792
400744
303413
396110
100121
361445
564799
499359
57508
7189
227871
535291
160780
40712
335548
229497
334050
95944
326546
286882
411376
967
309418
164778
289534
286864
487563
464686
83931
474048
259008
192699
176589
304378
128925
512158
294805
414507
14351
454695
5355
50755
202633
199685
549549
296961
23272
346652
554921
296707
178635
530013
269319
478310
281252
423833
514742
272308
355538
181926
127020
394702
69692
445371
446085
116015
362208
61631
73627
143978
25620
302139
79445
298428
199352
37700
103410
464327
500432
430434
184320
541070
526507
234617
389365
467202
102190
299221
220371
533358
573223
70091
495026
458414
446194
123961
544683
431109
273070
270852
489433
395548
262835
264374
524168
232976
95259
531635
457893
562484
84549
484640
67640
571315
249592
320659
422461
186996
81738
84859
501867
252631
518002
273271
189823
538538
249113
500615
489950
380951
55067
526942
295054
165608
175713
74030
289881
151655
480187
468074
7922
23617
549131
74179
472438
87799
13685
188866
51939
164169
474119
376391
62471
392846
333674
326244
245552
339235
218721
66706
405345
332913
246352
79328
330644
172491
194575
280320
23280
58321
205570
211037
290432
508052
271458
281307
74406
399018
550911
403624
534826
158078
315914
362287
309406
503642
577255
386316
270738
121984
41994
118159
585842
502952
473456
99457
389897
341045
55094
53329
334893
317347
202838
52546
441372
556659
92327
93408
537996
263363
209949
573016
273349
71992
412409
173824
406023
235297
294437
359154
578311
547306
561575
296596
286983
125409
257031
439727
592667
2171
236456
57706
143561
424497
117947
413074
252359
259988
134096
454362
11264
583786
419162
311941
379215
209236
392834
226853
446010
282476
342593
516530
439312
39157
128149
285877
212203
165269
259849
427280
209872
470896
46381
146383
106146
242531
236978
61829
282067
105283
287748
233510
271455
122382
19339
392962
553663
63647
259873
155715
100606
455128
547984
192355
357845
59430
344013
291417
179586
198911
467766
592139
133425
564380
467838
204340
313307
466577
388112
437657
102278
569012
472110
398592
24346
51839
480542
244162
32095
466428
448678
99325
357764
65096
27787
561457
278308
547641
183011
246130
339716
400175
409786
431020
97722
274759
158945
16207
573234
76955
56355
58524
511153
286072
543270
471652
538850
262104
411325
123518
493291
529236
491660
128008
3158
337333
193259
346570
132951
446917
122844
543711
34905
72031
54534
34854
48358
293915
512278
48292
438803
519206
124019
424257
76431
176368
572922
57567
467169
318281
367865
548582
571342
272444
45031
444669
534373
366370
109984
202212
524315
137282
300356
569570
260975
340521
520039
313702
470343
274639
302362
521186
278599
139914
349980
80933
62837
166141
361199
438204
431774
112833
270203
225986
100732
39958
588713
201706
60853
217517
8976
48893
53280
125334
347044
535799
398094
454317
419773
330918
353877
511581
108766
237944
128442
186219
22764
133959
42417
320493
443089
103844
542088
349358
338627
589171
466522
589922
17451
229002
588055
346211
234104
396071
134521
351029
565686
43446
17580
148740
512053
246064
260146
376896
254648
316870
36497
365779
325505
586927
29858
468651
12157
508488
213809
572654
590029
376587
92334
501253
3651
46251
508269
26275
248649
209934
399977
477428
474506
372691
293150
358624
432838
32438
180331
101334
559373
549064
10515
15522
363302
246317
480513
558036
506198
157872
79789
225110
189270
110530
567530
422999
143381
480688
259216
227132
573175
495373
285671
497668
287737
337762
312480
533616
517916
4436
9411
333126
579210
35971
16514
349783
540548
222120
436591
161760
267393
452493
306062
474818
543535
50188
69722
409268
50440
2188
89364
153986
26138
313814
8140
62805
250387
140217
48785
102843
462584
248888
556850
58088
580660
555039
339792
409241
489218
423733
232373
146369
492754
295773
126663
388024
290579
477982
216355
135003
481127
354453
33306
76413
419751
560066
438382
336705
256042
201357
190116
429946
64404
383171
330535
450241
411097
374167
242399
547381
548193
434490
270493
196314
89740
180327
117920
328454
418184
156880
537104
216170
174312
495692
239898
198367
363152
348354
258459
372844
564851
297368
1018
287428
359478
433109
350744
227188
125245
47832
540470
483456
489266
551284
194180
385978
464002
250091
142859
259894
146019
317172
511875
313946
169242
342510
408107
52987
3954
85298
483781
49894
241560
435791
567888
138610
362619
158931
117261
470129
223324
80565
472895
73236
467147
356107
209876
186302
498901
139296
572664
377147
441493
336297
427639
325880
452762
417438
284638
231286
149923
291580
236278
374330
103419
35694
449184
166942
451046
162353
144394
139332
142090
60412
244816
31821
133148
208310
461857
44679
353704
528583
352211
458398
359597
432303
558968
118251
271748
15970
550780
302885
302739
466147
344696
163677
257117
472349
493396
68900
244815
1519
362438
416098
524939
16815
117309
461362
193471
39000
412290
585799
589405
199557
153891
110987
518192
102117
175401
210657
392821
399530
289466
579556
194272
519680
386652
466964
440581
556954
337476
224064
312595
102933
97360
216028
286519
488062
238065
107970
158396
11551
348055
228009
197074
217597
37364
189023
106865
276052
555711
100593
264492
388711
68317
567192
421142
325695
192908
4850
432569
269703
573915
434289
491447
115391
216486
456811
388138
319259
94186
463064
562774
586292
357080
75409
472726
377590
591340
572931
86980
532448
43596
108167
370112
1220
210454
193222
581567
575736
566643
3684
314140
416335
101876
550725
151530
139364
434005
356839
503186
200193
438361
395135
457463
102355
332455
265045
448846
350673
279343
130838
154576
226445
335470
116337
20786
477566
61113
123477
222736
216285
284637
116865
221682
437510
227712
177519
142969
24299
484853
455520
186597
420571
477313
314623
392076
163928
458630
14734
549247
353368
256198
264463
524544
440470
474047
282702
390921
525819
481838
150534
424974
368177
28393
439485
393278
540151
585268
155994
494940
340068
51116
31723
136001
77658
456982
355218
106292
391761
575849
489330
2204
176260
119165
93444
415013
328430
554747
535036
303001
355110
261369
220601
296625
349320
552181
43001
205412
589461
199743
256317
546425
178377
414512
248329
36781
515283
417078
259997
584327
302525
476258
91754
529278
145186
574469
361380
539460
379770
344070
293572
467437
168163
336710
6325
211072
395351
199715
450171
38440
193475
401056
97409
196994
536775
322455
319585
161701
280341
136558
133241
274248
23822
25528
118539
215780
512840
283487
590438
283748
278264
12153
280234
134981
206082
558322
275134
517757
251726
56984
170514
318319
433254
548402
557143
374086
534754
403391
359065
40802
360323
410930
475297
512308
152087
588234
242952
185544
172685
551563
193025
334826
317465
515213
402891
186698
127853
141617
497748
106630
195884
301260
380902
60249
170363
171877
308701
274004
56962
562136
283131
143533
344170
492163
130813
136219
108091
526586
76226
465711
266957
215958
51094
540083
331832
259152
595332
480846
438559
486888
225016
552935
579834
418615
551773
530734
272789
240132
66514
167785
318744
518803
503743
367547
265454
76178
334495
350654
388578
229618
302002
50172
33199
255541
574719
237810
291021
593402
127544
476156
130538
97235
149891
468986
322837
82238
111326
427473
135561
102514
383432
347786
56242
498248
192799
17646
40408
251425
155839
312368
49876
406440
409729
473979
334197
91408
421618
545167
137819
64112
40138
240606
185697
73860
290731
436589
387995
541417
465778
337906
35955
116326
235711
156215
592105
539850
381099
323411
257996
288867
427609
516411
49041
323498
387093
506884
88156
209990
521107
379759
355458
548867
353301
453552
542183
28098
356650
132246
11322
449449
4036
422342
375562
575033
453481
518586
274178
439760
143082
126138
250234
83997
27073
430697
374481
479129
70532
460251
583087
528995
569735
224184
396832
462732
534121
522526
361437
131067
22273
594498
199666
551806
386647
426326
223522
596262
159267
537532
546266
153425
187514
353262
338739
229710
515097
503362
84182
44581
383293
522527
582233
385642
298889
519139
463676
194798
131962
197415
83531
479734
281197
537409
266031
478565
391560
90764
235065
250390
177554
440235
34996
364344
350490
261877
293401
535311
25946
41394
578068
11659
37956
36274
525665
56183
486700
305839
63695
95659
345404
207269
30989
279724
538890
378530
83961
352868
511396
176447
414429
292231
434433
470417
19897
490816
235097
431029
448478
293090
15624
41164
320048
482178
187549
18798
510383
207623
577097
556685
285473
80691
69207
32156
297607
183831
201558
561697
190990
381831
586325
130269
556751
146148
530490
257732
43957
472707
15237
125155
30049
521634
78635
558836
54362
268285
539251
327815
231731
520184
417712
118368
261620
234298
586921
301647
289419
439788
381311
539038
512766
398564
223071
278488
98373
486149
520349
425456
167431
498207
504621
253912
190363
169210
425383
500866
228084
144630
201332
155739
548147
313739
543498
63404
269718
144349
300396
240217
534474
94889
458462
187985
430262
367091
140191
22292
449168
467513
522162
581025
423057
502561
17447
59369
551134
356657
430254
204496
585830
313014
34385
581776
389268
349993
57764
363483
311845
405644
352391
36310
102084
127888
313370
151304
267184
456217
311011
538740
227215
249338
308910
356290
587986
48529
141297
302028
166588
596102
15879
93159
232689
405568
355646
126228
218181
542183
145979
332646
511801
92373
475086
345052
17701
407500
205269
152170
503680
449695
203078
196391
346051
144694
554567
594609
142691
26543
237736
491666
263620
292199
421578
250233
248915
90711
220774
111858
449178
533129
274
442082
150868
282246
286159
325312
12262
150555
403785
8153
178351
497769
25000
584642
347302
588759
404889
105
331786
264922
498339
283713
13594
466302
271832
343081
270517
121207
29754
557932
527316
384998
405872
246401
324113
303749
136093
109602
153636
215868
578671
154229
478001
341240
210076
146941
452627
54987
554179
162013
115575
551900
22488
376049
387978
403164
320926
231063
392288
170558
468747
339979
212830
455567
112610
567877
569899
340095
258995
80438
418827
321392
539672
462140
21413
212874
444415
272950
417795
506049
371299
146549
249541
47910
10907
363109
157308
77318
567261
217033
80140
199565
102964
84025
167273
1318
558114
133143
240523
211178
246278
484947
371601
194683
10605
114060
556555
99243
68462
206103
182063
360513
226436
422969
488627
353624
99157
376795
204503
504368
279396
111398
555195
284412
123680
511810
497184
494331
412332
307185
475061
12040
493607
9936
351858
511689
451961
415154
273375
392475
584621
24069
374439
589419
64612
526149
252792
232871
501622
386363
133912
508441
154446
408458
340563
350879
287295
174000
130800
421640
99723
462852
552386
179729
317079
491708
480008
177194
276886
251117
353980
274138
82379
532855
339892
190471
283804
271436
357001
109237
522682
102765
252618
124140
409335
142955
304297
197652
132344
123717
262422
317005
56605
192993
322378
102195
302263
63584
98835
74503
286409
592817
526315
88519
67890
509066
48110
280834
288690
155001
7651
511522
3128
229588
291862
404879
524732
559256
126200
531356
137482
78435
111896
47104
219214
505981
86578
533998
127029
412223
297463
572029
216626
307142
220558
51064
76558
305021
244698
416017
508330
285977
455585
284265
17675
365066
310283
14323
357661
353998
71655
229168
245741
12543
90619
353054
182102
30922
287575
121856
46693
454954
193031
146584
203586
516503
522545
285628
594883
47879
289490
196388
169242
487499
193511
582354
467821
541560
7855
249756
531892
586024
412461
117816
301728
465788
6657
531998
125581
550657
503120
223777
569042
56698
342606
522587
549831
585725
497937
344788
338634
239933
446827
145818
14842
542160
531511
148252
484049
371175
255886
581396
502125
82768
596234
458123
534088
334503
549330
317999
140777
253704
263841
336274
566751
263734
415920
9819
586944
247336
77750
552784
575556
538244
228703
315090
65886
48480
217368
99772
341552
23285
52752
97902
275378
329429
428344
302880
147211
389313
441517
72881
240351
80080
495843
377123
534554
229099
503538
501655
129290
447119
461192
455618
163335
246849
223055
207487
218992
315111
7386
260133
501332
275455
566679
167427
231041
560840
521531
392944
587540
579655
463297
409506
240749
441287
200102
279586
592657
587174
139951
414606
9086
140035
108294
42899
40139
416453
56556
169311
64974
459872
577525
114609
399394
106215
149087
463902
200251
423702
441403
460288
289921
44841
444527
102336
548553
423292
63468
497483
382756
55867
108059
14078
472596
383602
222029
571981
182950
171142
9663
281478
123788
381200
196097
588264
400140
582776
144226
202086
325705
12962
466730
380647
429292
343112
478507
419202
550633
569209
427991
277393
161352
119140
531165
526414
401853
208910
37189
492469
24835
196680
591216
579298
109970
155649
527460
181235
576246
231442
227520
400456
573880
4662
450109
548961
561244
560425
241517
148022
482394
550092
351156
65298
222172
283152
276659
557256
488432
315148
384098
22869
128987
139825
151632
407325
87264
8542
115372
232874
417879
537958
182323
334786
98917
245374
278079
158663
10828
82909
67959
489580
284661
504571
320028
545894
114904
245954
434418
127100
552648
565768
481588
501116
347959
385819
315117
154328
52868
508373
27991
129433
541712
227887
372441
30394
58943
451070
418293
7379
281647
56214
514349
203385
323613
97827
220159
62395
390996
145413
288709
527502
43042
340845
393980
335454
62508
97353
517431
424451
584447
366598
247450
555469
54084
382255
274921
314713
54143
539265
209237
52931
437397
94352
55287
476538
47939
402337
530229
163970
477646
489594
572344
364073
246668
463255
387528
41766
503616
580823
260155
266157
533201
56341
567800
286378
363145
369693
545423
168125
424712
69785
395236
501130
363000
388949
402042
167952
74554
208616
92333
585709
524865
399800
384093
70575
250791
32854
489369
572461
380364
571219
507921
307427
126049
391462
470319
65698
264878
73515
251705
253865
556449
217945
422861
481001
55139
157655
343643
178028
79819
357927
348189
354672
385373
176289
255561
366964
534554
258278
286273
249813
474631
400025
577644
481752
24332
171580
184044
807
180185
542627
425435
328871
491828
527024
153352
180091
477766
50016
407014
432273
382758
503151
263070
539799
323114
235830
50128
440633
229891
472964
408971
554171
325174
472139
433483
428622
380020
314433
407263
232735
544414
186554
451703
86745
129131
404625
176107
255093
81222
577322
330072
410612
416762
119423
118970
123555
399888
203444
449587
405212
141874
389303
255232
379528
168989
3247
70853
13218
173434
48416
397214
429585
111110
454816
65011
324088
249673
291756
408664
419698
66253
181057
145256
365098
89650
572913
194127
30961
141978
103525
450511
316074
571438
121288
338773
182900
65186
282154
533753
197985
146948
352227
214140
219193
159462
228549
131295
548435
506504
222773
165714
234766
247702
471944
548797
344720
140968
284696
408517
200096
362413
468241
261761
471391
37703
519573
198192
47088
515784
381860
427209
347206
377863
585374
13085
196117
220030
344330
308651
400852
258030
282924
83789
114419
31660
178465
587710
393967
328029
553035
123118
367643
477621
480827
542087
508245
224486
530496
81396
449406
20453
301960
159486
308609
148635
395526
186853
229751
455063
532597
64763
511008
96360
101622
380836
232683
250098
580697
455421
350670
356479
52370
304179
209571
563641
276671
150644
400986
395447
492410
165440
413834
371831
272615
145654
95917
482345
357905
578762
324038
10752
127045
220261
519002
139313
480462
575398
367076
566133
338775
181000
72507
476038
330103
450081
448140
201961
205041
363476
4787
525817
457630
186250
388639
214273
403878
268502
155697
209450
131692
289234
187232
151266
581057
531499
403048
53400
194929
546480
310201
336943
4948
204677
251616
495113
480884
378690
509044
417916
450480
382329
200825
36759
278895
82022
169687
452844
174953
256754
564321
500010
540542
361535
395779
329366
415785
515614
465276
59200
591797
446865
18500
148157
275060
414364
547578
15740
356244
113968
35971
537816
176377
448195
596404
555947
357889
220153
545482
485670
173181
168687
358660
309794
458013
250481
419044
154993
574682
197450
338898
313095
12382
15239
33120
453809
549835
16166
484636
359977
520625
118570
73851
81458
186330
15898
47757
383019
421304
273276
191146
278798
289890
155576
410103
413691
259691
378017
279125
498687
11630
452343
544945
417314
536719
170961
462769
44583
37332
433134
205025
29350
25392
174490
90027
37296
497271
1661
148922
106600
135733
368251
149534
458060
398365
554642
122737
500847
457486
389571
550345
252934
262754
477936
26928
67836
79628
138710
413074
385403
390184
551748
113832
113356
44954
338167
234686
442002
470027
162003
161819
347476
381565
112104
219768
71028
454829
100503
88569
369414
133963
267191
47140
23095
183861
363839
228280
528067
454127
430043
481467
383636
380272
230371
174591
106454
126635
445903
162845
242360
567327
152801
581500
389492
443979
177773
433355
499895
469198
71225
359684
381351
402086
161717
257780
73319
160446
517004
285883
519793
110218
25264
224317
489578
462721
357805
396622
491286
352526
503986
440001
596
554430
13603
272832
307676
75010
73799
158374
567476
194070
563803
427371
127569
442615
449856
111746
15062
373623
481846
283590
160407
166726
555178
441151
559769
583093
219319
85077
568265
572759
359933
67041
519482
222454
274404
394451
465749
147815
365979
244412
86276
207586
319849
283476
497076
134529
438064
307310
419339
386880
358142
223575
477331
227601
334149
325515
384139
30257
191847
352129
431656
540895
264499
114515
97462
555312
309862
495162
337699
571330
320155
430191
577375
521586
293066
36895
541792
34919
195141
52360
487785
337588
304175
135227
299191
467088
363119
317333
401986
153798
455279
344352
33551
479688
268665
87453
356367
14455
374956
462629
419494
83732
104807
591385
468193
456858
516143
273349
104228
13823
123737
577014
164514
376872
118116
506077
416313
366945
420696
180741
345838
112291
445841
512113
122021
346734
359594
225055
483663
22187
517004
473945
3891
93173
244980
572529
260477
527608
548792
182091
229196
443756
23879
112638
484971
485370
41067
403435
200233
390619
67207
287949
455054
58555
429853
248845
110688
214046
90445
554143
421831
546187
484167
375552
222834
196430
142054
551849
187181
442335
77405
315632
331435
487034
50336
209399
147945
28466
197379
343528
258909
227905
469367
484393
374849
416964
192977
275848
2740
507398
90491
146069
51973
449595
190458
117118
164376
261001
235016
184219
576196
123437
452066
162756
383398
398054
334618
593745
61161
243558
289361
368460
567261
533298
431186
396479
524955
506624
406730
517243
121146
448151
166132
356852
441506
288090
187042
467574
402842
260750
447551
90337
72276
202661
283326
548878
516251
232305
356049
258015
46797
69570
195932
367148
573925
252187
257071
398560
589178
65292
170341
129444
526295
554574
299625
47120
277529
567010
502555
375313
205055
158775
565727
130195
403331
505206
319946
222235
158257
125474
386935
446363
595404
543637
515080
418647
44359
575006
542265
531350
144067
243401
181335
277
417684
91110
540202
271765
25007
458087
142561
10475
361189
402137
472512
448126
538868
221626
595394
296678
495920
288083
371047
415313
375956
76213
345217
485871
453959
109663
214938
197183
148967
413562
154515
526976
241018
582233
176507
317477
213680
239762
218286
8256
232496
573651
553260
270118
543511
18842
370261
97301
176057
399910
265336
358409
458363
23998
307367
475831
553744
340941
554519
419007
299310
207463
18468
500892
517742
593773
109229
476775
553290
64615
279439
505457
435970
333499
376036
85700
499909
3074
588289
396101
553095
113288
592144
476472
318365
101123
429462
159312
236420
591138
68917
505246
516709
548768
550621
253484
296333
349255
297653
100856
529003
271759
271460
91157
68304
220277
183655
448966
469545
49871
327127
409395
738
154253
286797
121359
32289
178861
277087
396550
437383
221642
317147
376651
135901
242949
450091
16607
453878
279888
339752
27487
179281
401418
568825
399189
560924
39174
464825
267118
459390
219908
150242
530784
106757
545391
528102
483700
429248
342018
29568
264500
408883
44192
573076
158632
211607
389655
506599
286247
248028
475074
231045
569806
308919
247374
480366
305481
345794
570507
385145
89716
111879
460188
579642
462675
387444
172071
288741
164958
57910
195018
589308
174898
248017
273981
204024
74144
76320
129562
195735
473998
361402
204096
301261
25781
442795
489598
546501
190846
484823
511290
177557
241317
8193
408007
275766
20111
492191
458984
161483
288809
450640
36426
2967
400510
418364
27581
187371
526387
231153
177512
526534
169890
249582
82784
331461
455001
427127
288027
230229
317074
506494
206624
582183
398016
144299
255104
235345
20585
509139
566644
331097
309551
358306
294392
429819
531257
483454
214341
428760
101683
118974
163737
145465
234823
444486
379283
134995
129776
283751
34838
435440
97038
188136
371632
296707
569692
566025
251458
239355
14572
400072
155962
214023
194029
198266
19796
571765
439820
401919
506906
518753
458532
269392
586435
489603
31916
398465
502058
205263
141811
301051
461458
85388
290057
36454
135888
382187
96608
493123
563575
309422
5989
82234
440506
88272
525755
578962
50667
319093
221986
558371
315069
46655
320698
130308
151948
181374
516264
341044
289126
56796
241248
53512
437724
123492
148267
436525
398776
508722
538541
488325
70756
360587
376620
436456
72377
61633
377785
74372
475959
277597
531424
540175
193314
90744
3176
521379
208266
501650
17243
502773
354210
173702
225248
538095
63806
85735
128393
535346
198705
132062
23243
460945
89501
99674
317300
406094
420981
199269
22040
257696
137073
363592
134054
476984
215554
548519
210228
73527
354048
131321
565774
42874
586954
238534
258918
103396
38607
299708
315318
379493
494281
376734
286782
277701
247467
471103
264356
215821
503142
372047
569672
174149
395324
326790
140847
342411
79830
543209
427882
526194
166276
450555
587863
45637
44340
587190
47203
568109
581223
538135
220241
199669
555946
382390
64805
291658
67333
223053
533603
318458
117551
581646
51839
133094
542782
193748
496463
161292
461557
169687
113442
83064
77296
171758
140492
18787
487972
500122
258105
390347
70095
302833
131771
475698
487493
326094
391575
156596
484436
473865
249780
349637
280276
33871
207079
83568
367675
206499
7346
9133
292403
318342
268217
546194
252532
447674
584897
124589
557259
125677
443459
168039
347866
12633
338657
214590
552891
404394
580244
62809
307062
114056
477282
434093
382127
424887
554309
595251
243442
154284
111283
469295
272330
317857
412407
488884
581366
317270
532336
221814
373327
64722
128865
240797
189976
310594
174377
341401
259462
66171
172551
136826
195362
259621
274828
190234
493525
133224
550164
173983
377480
17459
33998
302238
494276
351233
535365
186554
449058
288384
102440
500794
283755
433642
428794
316968
224950
291068
458904
459954
386440
409594
427012
41796
80281
378037
200339
438143
340148
6052
118061
72016
433893
117379
529653
410863
260780
105366
21154
480045
429292
254175
223008
421156
4453
49478
199142
23758
507858
170301
454739
440021
497899
527683
217058
427658
95054
469463
287761
492092
247376
507642
421574
198645
1643
6056
258913
369188
109047
232130
341796
582256
429676
431598
252480
394566
424945
194361
350870
132106
181394
544195
451122
70693
592040
529881
97311
109233
176325
436376
326754
536293
73059
393514
134494
171594
512446
115418
482161
450165
221990
53439
182556
338459
162809
475105
407768
400181
232625
293219
136182
117324
532480
500333
47927
493205
145099
444475
234208
327779
112429
579506
273123
432621
397506
396112
152685
47865
28863
132815
192221
588638
98735
412075
25836
234724
84880
54077
536682
573300
426377
176740
261301
524811
19213
92989
298395
337956
468825
568134
9591
134335
27406
342397
385151
143569
468562
535110
222513
68610
107183
130931
370611
127595
176500
421945
404039
262329
457735
375497
281249
267628
226659
521861
314945
120119
69214
65322
377415
495542
222252
149051
513665
438283
328077
550563
503022
278424
472201
494699
157256
418633
292082
27323
415594
226992
227795
191475
125855
340295
178948
183713
282426
330205
139599
419129
330048
551201
317747
95122
83861
220467
219114
553106
62279
364493
147880
274428
471478
54512
243546
586426
443338
44252
68480
507870
483927
212093
306994
461994
65232
378172
91998
212120
233133
186109
241912
432724
271202
551490
54642
410898
234853
453798
72820
388148
325856
21736
80104
310580
581100
5100
442688
124046
519580
7473
384173
413246
137003
343600
69883
115321
19509
254633
2526
384804
79409
239007
295569
329870
41150
229778
534688
127632
522388
42997
364492
553309
44852
143169
250349
418028
108201
282865
422512
349248
132486
102673
13972
497365
339830
516347
279680
33159
306215
102869
121667
482274
323887
579902
58711
150474
441513
394450
194600
358478
476615
246304
463285
130130
553148
66696
342709
29070
343804
489253
323470
534377
313201
390122
316627
100002
397437
528087
431685
51937
494269
64287
172469
211773
146766
362359
24521
482761
433856
440991
366221
246504
32673
545564
563018
568000
450508
468660
303815
573590
448050
451115
494708
595048
95903
91770
187983
476892
473085
324039
593645
132732
218942
469798
48724
583489
143511
96847
477585
49028
440587
238536
178493
525092
390750
69899
346771
383064
143633
543174
301741
106445
596487
464578
576069
340055
244359
243543
103709
556571
381115
3797
447124
122497
184303
195668
417327
328096
333293
531575
141014
337146
494102
281312
173357
123059
592669
92131
581632
400762
269257
302929
266710
575697
575669
212832
33304
307389
255038
34100
315470
371771
498774
541600
561952
414710
194343
454873
109520
29622
208838
363052
418042
70965
140786
542031
183397
434574
175749
491881
583887
415350
591359
442588
140754
115871
406707
181014
147819
324759
130044
541544
390772
262405
3087
141753
575078
341895
190803
533146
444531
196951
535476
137339
523027
468430
565481
199085
59635
151046
395742
162036
20664
86232
395230
464115
147413
45049
40224
12196
327455
492287
473467
171760
65128
51101
81532
472214
474890
253395
321348
122643
219342
402755
372348
186065
128112
115183
554708
238555
92331
32634
28170
317103
139104
169429
178953
21326
361575
555053
38727
82137
31295
238020
527359
507340
319878
254244
409200
374269
584649
2540
102692
63218
161862
336007
381747
52446
312406
483978
8397
400785
226924
124267
309860
249188
283270
61464
95303
566312
239019
465462
192716
32984
16913
40732
98131
479802
363655
200560
202757
131448
192073
397895
351026
369996
191017
76353
448931
123284
547797
73874
158945
20201
365167
288125
292275
319198
176851
384757
77430
484913
91993
298960
528851
379216
419056
323989
11391
195539
275844
198258
78134
160374
317026
368472
525746
383848
192691
21989
180842
205608
413914
435445
565464
211262
273751
510990
135329
296467
442172
187053
369540
395721
139998
460616
369691
193317
80533
430683
245953
494175
106516
359434
215085
542462
549195
231489
50636
79481
24321
373415
402606
148152
33387
589924
580561
453865
201059
416174
102220
468627
19259
81053
140314
292892
105023
541081
345471
326713
347781
61135
376641
262101
520096
462155
488308
44883
368910
248161
425201
327405
566092
51353
441362
490036
505651
388297
494027
101774
506002
220597
394970
230437
501801
527768
63115
577707
477684
487095
139302
514699
591055
355505
445210
324529
521483
202121
431001
232204
420103
369958
440330
189980
127586
286369
426133
360316
213996
309887
20248
442973
173090
375167
489171
357730
492491
503994
410628
384564
590467
349992
394742
179434
542465
448521
407772
185575
541159
110760
485768
438017
483520
484310
283739
316373
165241
228902
387931
375532
113201
221845
324282
54840
75958
270582
440472
64128
176115
269903
325641
402861
482315
227016
320068
403388
564974
222537
376938
107130
72947
59764
391093
308287
323570
255870
194265
297827
56946
117982
295032
269798
55190
110389
292597
463988
445882
498932
505720
513370
196677
17392
111336
455577
81371
69254
539398
469249
510882
11104
293109
453042
145083
427055
49080
412670
518469
356401
439714
430552
122461
281859
469142
186974
405089
153875
403337
536765
50933
437918
403781
567170
63512
571240
390993
288519
253771
529596
418775
19238
564982
562304
398259
259147
201164
307831
261799
22414
296596
574444
60023
349582
553957
192099
520563
166850
374211
118863
350926
234774
222517
75276
26963
526241
404375
27578
48946
172004
273347
526682
350633
533597
295462
10262
562920
170342
516205
197040
246014
484701
69277
14771
72731
522023
34690
295937
51285
73291
269793
389127
469130
421148
237883
547808
551992
126503
416986
331682
542674
183537
491983
576849
115657
198487
545149
417787
477650
221515
427720
127921
298744
257005
513592
379592
548140
545253
317385
292064
172373
361101
260363
483720
98768
134706
7387
421878
270133
409106
60927
117912
214471
348449
413735
64444
10777
233058
363194
512004
302474
264940
514337
481260
387138
249789
278417
262602
141303
376781
358532
558378
174118
407920
259004
274506
219361
428445
257374
422909
410110
126733
16218
242086
204451
106676
136540
521594
355808
485872
111187
573209
222310
508737
103568
381663
484978
562509
418583
160975
308045
148070
5786
200542
309857
512769
149510
270453
592800
80739
422540
205112
553006
84993
374858
241973
591381
156362
148721
392005
149230
119025
483381
459482
160824
509130
36872
301527
115411
343297
51918
441997
114888
29237
447786
206021
425082
542860
561843
261685
561367
569556
361040
130506
139017
428037
285077
419648
122853
362981
495728
44898
7220
98472
460814
448292
550496
234514
168497
170933
280999
384725
484719
455379
554464
434160
282403
460862
356813
509071
222649
341996
357505
342361
400360
565850
77382
433311
310820
97614
119302
68057
218354
503633
112827
117036
273647
431423
407752
17158
49758
105802
91338
492636
570340
335668
489333
450815
10649
366779
182153
563027
39102
325680
28811
474943
363675
267727
327095
594852
144900
176465
181165
419750
103739
471492
92994
344278
357292
531458
22826
378050
501867
311257
24156
28426
527040
33935
549025
430985
157656
324162
367914
491168
477066
352839
72552
88438
272812
9379
526108
29605
145542
53282
55804
340471
529589
264252
510498
533874
474655
352483
78801
307889
182273
147762
166368
433690
185529
106716
261102
333192
197845
107480
332116
224921
401647
224164
290972
235523
566963
286853
142752
273826
404007
211731
302491
318992
230082
379249
142053
368228
345584
584392
56571
377197
306763
132688
583882
242893
226987
346609
338627
415449
542958
300232
133946
308393
267183
340977
529246
304096
476596
161050
442912
294035
163119
74346
101920
156820
76223
517358
359165
589098
344519
223745
52883
242394
253439
1531
174467
466162
487049
346546
576051
291668
273526
34449
356666
111330
46151
77245
55026
268553
547399
472623
150373
550937
426442
155955
550994
100836
19537
171380
429004
312711
174019
573129
617
579589
355468
344068
223139
182215
435635
282770
50215
91863
485275
75539
492324
11749
13832
551014
170234
23743
215391
31909
367617
158518
409005
246402
127101
488942
232939
303512
147985
208089
596581
482608
353642
158077
309897
99130
290296
177497
410216
175957
360672
376104
511584
503450
100480
596164
218584
570148
65975
590440
556293
459383
595884
261050
79685
15676
515155
219234
489530
363234
183344
119148
563932
350723
396129
15598
491925
391455
148237
78629
309270
372111
303380
34805
255496
1615
110818
342989
288700
259330
370040
488320
501062
587900
364287
254105
40822
264023
366499
406476
70768
561521
550479
94990
148562
584812
436730
107888
69467
317683
295406
359396
496181
516041
457911
412898
559124
426017
421021
54999
273619
162892
326255
65978
391536
304812
24436
75562
510874
17092
389689
225426
523184
568855
403786
42018
357940
88064
535043
342403
458294
476653
298655
492885
95976
151681
589064
177716
86447
43748
318282
96087
260557
44376
383576
479549
326530
56385
393805
317697
153260
344082
428283
393177
320795
290267
360391
109957
346010
242126
527694
267505
333498
351565
351313
405355
37764
13862
565097
98355
509364
23025
278495
144466
574516
558790
586538
288039
308724
434270
68676
60101
96620
448518
468308
378805
463620
402287
3985
28901
218169
457197
282226
251220
238247
463229
372893
389019
536723
37398
435987
215571
388767
532987
295885
170462
588233
438487
583161
383271
141235
462154
279457
554774
60973
500847
484219
508878
331287
397208
232520
496866
296312
263542
329025
220758
428309
564665
534159
277085
96417
590385
432492
103147
264288
246813
342527
587384
204016
209359
321570
469957
280301
254890
77314
236239
249977
554123
81518
348308
451571
44071
69746
208030
526527
344707
153210
278915
335379
99858
562475
415861
232557
580251
255878
471299
356310
9272
265988
463917
509877
475114
99363
241073
142073
535667
514081
274726
400322
540899
381105
325684
37941
485158
454369
14669
490419
22815
186399
443041
152960
391428
270360
528498
361263
489243
417084
215392
447125
34971
459083
13641
550469
473079
570591
370790
296210
450819
296911
306529
324543
399918
380753
88012
118183
462135
74153
29124
504056
379246
559268
375924
85571
474219
262895
573627
405387
295547
399758
223352
25505
292570
310206
94864
417693
596877
517999
445079
68076
145309
342829
167416
191753
542861
461788
41253
328939
78456
347301
491800
116212
428922
563013
317137
343039
16274
189492
473684
386303
529226
77989
451751
573391
408056
355428
493303
195453
271209
212598
319438
209849
202797
291023
1599
487125
102828
531053
46397
538289
246181
310038
369313
339198
249816
383365
2164
535557
362949
490903
302021
322659
163084
469033
390997
108800
481432
263992
225007
390216
46783
140664
33316
231014
324980
352770
580738
309893
381040
40720
159740
563827
510496
186367
582860
525248
165052
221017
189271
338233
522415
220618
545031
357003
6405
44138
359211
207145
277760
583389
26237
551756
14936
523688
355567
206877
446357
490501
6590
160432
255320
471328
508359
132911
200389
117250
207201
312426
547673
94112
449840
440398
344431
106696
331627
517640
432505
284257
522659
377277
496262
210852
538837
218788
458693
105679
358134
569170
131433
478484
399802
196385
592149
14421
466321
585515
116946
545021
473930
279113
514660
382310
509330
202918
424041
426278
180609
14230
172015
431698
183195
481815
501039
545590
189124
468471
192456
3789
166885
528878
484329
120557
52407
326273
594060
451345
440327
563023
452515
13366
114824
176017
506873
135833
30555
516498
552580
551383
571323
85981
6989
82771
423292
577296
218600
433641
203011
563669
491528
275548
151057
306069
56434
339945
321897
59416
260330
413203
508548
335709
581836
5321
577060
176463
198892
333263
93417
447875
309553
1940
303464
15733
386249
482357
75609
324559
115591
565836
346816
431180
27469
263665
421592
490507
128692
444317
455735
208389
266237
452926
394261
536283
233210
72774
501130
490105
501001
478235
419461
437102
442899
228717
178673
356918
247267
536548
454262
645
574068
91362
271541
365698
282881
7775
346377
72999
442761
476848
562593
465378
64359
142247
456982
307075
570481
231828
96534
12268
374997
365356
130056
221077
121827
20463
435603
535173
287277
200003
94852
300525
537252
168235
482576
197078
406504
361854
399001
563159
82401
24851
355404
383223
374584
401068
448355
362389
49619
380312
345153
133431
144926
210720
245072
229495
133426
151861
285272
531223
528157
23784
472942
74785
180362
172529
586830
142364
339441
88570
485807
113519
84477
429937
535518
273736
483561
117313
243993
471208
133179
230020
469104
567823
104237
298480
8001
169458
558824
43296
151941
463465
148692
39004
313221
430679
178531
123755
428497
432361
244848
378208
280696
44322
528468
255828
205838
501683
518474
18796
381712
95482
299273
176233
485308
587088
179834
419145
308684
264775
405624
289091
346068
238766
33285
10626
412001
522356
423995
92462
479738
230774
407269
364041
39085
149929
550566
175616
466511
106998
575438
26202
172784
124233
94839
141268
419360
508300
164742
320185
167004
41423
40444
213966
108892
156096
421511
472982
210921
152456
301050
69531
532245
210196
275240
428489
292687
265538
54773
25107
139859
418243
79069
294819
335416
46212
562041
432388
285771
489949
214843
448646
195917
151886
470369
234312
535642
539020
439917
390575
168896
351278
156306
588544
229497
463155
4581
236304
414237
13394
173212
420244
82562
90916
464576
502499
563484
22261
494195
372451
222271
36602
571726
460301
255557
78724
289331
579296
571834
40234
352372
139355
149626
471106
243140
436974
493236
220311
352918
443313
247499
302480
180641
337174
6612
343471
140220
478570
431821
587558
52411
65147
325748
307624
90540
449540
327458
425890
545893
86433
578607
276557
89531
456777
557824
487762
244674
346291
170585
346151
236803
457210
279748
576220
432603
446111
587413
529498
220042
534654
462292
119169
275280
241175
421975
424140
518045
289653
277136
211232
383615
95371
249188
595730
551362
297932
592054
151199
518043
222236
1514
518633
175400
445822
424485
112479
298360
312291
462235
261670
400831
273934
352026
563411
313416
385270
482261
533747
351413
222811
229634
455330
496034
390595
568668
22601
591196
453941
222633
339385
41775
539677
451770
120813
179978
230899
438225
21818
53601
45123
182089
106509
139562
405268
6521
276027
327483
105479
527153
334929
81332
17431
369269
307574
445075
563
73803
195416
167850
65242
505839
408694
447068
127545
513970
329255
182884
240891
142494
548044
499975
230014
251355
195212
260053
569398
299880
301789
84530
168154
460159
484576
440264
100686
281374
444498
259836
13311
326084
111733
396517
42729
336367
6112
469290
559353
582552
413896
69596
117143
288785
562241
253344
565156
148130
232874
77242
18880
545864
464044
86231
461668
295439
370604
198551
442264
189475
438530
234876
106292
466175
210956
336325
133204
342823
564044
525964
535248
76757
316680
246134
94090
176066
408954
433017
382229
558991
131494
115671
105745
371158
516341
507643
227461
49493
456229
160030
389613
13110
533736
173672
58856
127805
431388
189687
151027
557744
428485
236986
495819
222253
456436
8200
56541
206179
543071
358802
98455
579352
207348
228091
501976
150546
318526
192058
295828
195944
346454
192692
73732
143113
393359
57706
437825
34697
62219
145465
285847
31984
560459
426497
216891
571863
50542
121089
298043
205045
198453
115101
574499
556520
595971
237143
109117
96198
442808
585312
365824
490637
79681
207990
287991
48327
162333
36271
565393
234050
82893
436913
201844
210269
516348
260769
319593
264021
404572
303727
328399
285587
442787
535248
573369
299502
90642
228851
354740
508447
269013
369716
48088
477149
404307
403765
355642
99464
119649
170225
409382
475999
338385
380888
174404
371193
593872
576186
354461
558961
86529
536142
409908
153089
447510
596342
67008
276957
138004
68843
198567
431234
342015
439318
256256
39497
471864
171908
25974
20226
150159
463802
315445
371334
469376
550701
568346
215024
500862
159315
579255
171239
236205
83065
234753
532004
530193
174663
335112
537577
512819
493478
545683
360398
272593
409729
263187
8377
530181
326491
230166
481888
368980
325945
168740
505641
134298
201754
583968
459176
79778
449457
418954
121899
145079
414429
226994
40511
150146
261940
428959
146542
358561
222844
87819
198753
447794
476506
337104
42972
317118
15592
558446
341252
392932
395360
375968
283274
123392
153190
409902
333819
565597
513034
541571
593461
225737
590610
15651
348019
411538
357402
377143
539877
497615
578094
209298
562816
12561
217513
348608
287358
419799
206997
523769
355533
512049
31388
299889
332905
492665
562084
438882
230056
159078
29306
522520
590908
265507
318024
155041
433352
220523
282458
532175
333793
430664
203225
543885
422833
365166
6747
485775
291945
530770
295901
494995
194360
361321
142473
314176
378602
508475
185073
341656
77576
58798
193327
48118
479138
212217
269904
436060
328346
83790
470142
456821
479695
229860
77760
508251
455179
61124
13900
24290
237125
60912
51015
251782
529942
525013
92506
257920
268755
391714
555770
37417
70530
323168
177555
181608
377584
129054
532377
42573
539465
163726
450628
331620
570690
246454
576072
442501
293761
172957
477555
837
64275
237562
133493
286907
72014
222717
464721
266322
444281
306178
376005
439983
571559
25871
133957
101319
538791
316201
81613
141364
265450
75724
178620
82945
281844
141353
306191
124201
86197
389980
179161
467804
250062
358093
549092
467806
248071
583489
131429
219718
140705
196614
581412
577448
9578
126299
337282
204791
286488
197984
416129
316972
115500
281202
573488
356270
93790
136666
103494
146470
261480
394773
44973
231548
83517
244127
450919
262259
292926
422466
344027
316910
233311
156827
31327
276623
164102
593618
130453
91832
156151
234495
314577
251012
465253
89645
189129
225655
475895
502501
65296
470352
407540
299832
592176
345401
446327
98857
460265
410146
397258
100349
122541
132993
107248
33560
408567
500771
164696
85893
374452
515448
41779
522868
34701
12020
260403
71581
508401
364251
340389
262147
32189
213418
171352
330353
260233
394854
559864
354203
531054
260873
178032
331087
306095
79601
526419
427751
421118
424177
423048
54761
505086
192707
375638
391145
514113
390592
540370
475652
416998
583682
459410
572458
154254
116700
30950
329962
523357
340815
77502
230219
308727
18834
364668
112728
455464
198866
306380
518494
465153
380578
337948
426165
378584
97709
543856
517641
458687
230553
328314
393336
59225
283410
145061
149228
294889
292508
487681
285698
272498
525660
464250
216022
345296
85433
562366
437553
236595
585903
402466
467228
375706
177095
49433
100247
59689
532655
357908
108479
556651
200701
210897
381496
547711
509027
151527
594558
506518
28445
532390
562556
37200
419399
17984
372519
484516
350731
103631
255367
489709
507064
177856
332943
460043
358879
185425
581441
355875
541087
102541
420357
414690
389160
312366
567107
65543
56042
35411
64936
128070
525658
479375
269196
281444
417503
118892
258355
267455
292188
48930
479992
194012
343923
35063
131094
223255
133359
322067
8368
466648
37253
432160
430875
332671
483161
102015
449591
589199
331840
499760
296828
500446
318267
65532
390008
76265
191907
560796
120486
340611
461996
306911
460370
59674
242392
540596
487701
397899
149290
274846
166082
62321
438404
470927
296812
13832
123256
245657
150
464905
98410
382248
69091
267922
502129
331340
136767
339505
281848
547708
9439
326023
178164
365362
414038
585268
213850
502675
47231
234931
463358
245439
163331
191456
320191
367497
69400
537367
487938
435215
321377
92054
151569
292646
191783
312298
114525
373207
454015
282706
285210
386560
533600
469729
205388
236717
395308
66104
482383
194214
393433
415855
30796
209469
146609
505065
583816
468879
40039
565667
553514
146622
398920
40760
439223
513898
596455
572471
351787
498428
347815
514323
230224
531965
246997
82120
488996
18466
458547
114657
491739
152950
127201
522522
213227
326649
173316
112963
60124
285605
520960
175678
179239
587438
534728
259447
110693
415969
111167
95544
491445
95422
51590
278310
208665
371727
426456
375200
412187
104550
74739
402148
290441
112631
418547
545761
125862
594426
546535
528675
263844
311790
524391
274136
285812
432404
37920
259050
380441
519859
120708
336268
290326
147809
369248
212610
449213
359319
392107
324252
74832
267041
564770
397342
127205
250303
14958
256501
287382
569931
68742
527572
126783
403851
582058
499420
558064
528221
124977
330412
412687
48567
89520
329489
483872
221439
25299
289709
531767
114298
542859
94645
120620
106012
528206
512163
313974
238094
221214
539504
567591
106021
473143
474369
544550
424042
237164
106131
386648
448214
238279
90187
483536
289363
381170
344246
406470
540753
526688
119221
455248
15086
56179
506209
425006
87658
304760
496646
37495
503429
75856
536528
59816
491462
242269
131680
343749
469263
321336
548886
467844
574591
120529
375789
589360
100433
98651
289436
543843
219588
518153
238762
435827
592559
4762
34973
100682
223039
294365
195456
46323
331790
487421
43856
484699
370391
588124
3573
198538
172876
308546
227500
407274
473340
325577
527915
239940
66125
17703
462037
231163
300770
316096
41745
486728
580235
133514
21709
418098
433287
491133
442888
532451
269855
249034
35223
546308
234007
238031
206419
532552
558696
470
17804
370876
50891
51209
419875
1613
383302
524956
136956
41333
441353
517173
121203
28721
450524
67608
553370
67269
150569
513075
227228
243963
433798
593019
108456
474413
552276
472604
428625
528717
482383
346861
320943
544736
588927
547565
228353
554002
596860
24530
545266
439590
164007
186812
51815
213268
61297
364148
571152
478167
434618
188682
296738
277505
590209
36806
292426
432130
413491
234969
29227
342806
162123
474477
411676
448780
150578
478593
323527
564894
457357
576239
274093
376842
99651
261184
557293
343838
299064
449093
546250
294066
391538
214909
161677
415021
139947
568512
570394
155879
545364
482540
226434
154340
197722
438883
27524
104914
339227
250418
499717
469379
566444
173258
237589
151259
3641
174823
311473
105097
242250
429307
498831
254397
279611
587186
138893
10878
542944
485237
454553
347602
206965
61707
502796
567197
82609
239002
14911
76802
9018
322654
539338
151966
90927
123272
239179
144377
285085
99292
360247
494860
301140
288226
253050
257929
432976
229063
73874
70126
498271
336671
536800
343718
501697
1168
90818
518663
129217
88058
344793
218098
468470
374341
17489
156195
148040
544980
254036
231747
550365
494381
282611
62673
177232
426048
297965
537515
225110
459772
4049
160640
185184
290951
194449
428833
344996
496754
484643
36540
243626
37966
392562
84862
367426
289611
378267
567542
281270
131419
168085
325713
533957
394549
411443
231680
236604
328987
122320
73985
81009
47271
255861
186716
321700
277453
575629
100616
544233
42192
419364
258085
53890
202385
519576
321706
547797
73627
83825
581502
130938
155604
239057
472569
195601
72908
283761
319025
164660
476033
384568
345033
326876
351225
324510
255628
585205
40787
481809
343886
276166
249715
595756
1832
118490
513781
406938
173484
395757
376439
127637
401853
502258
522837
351233
382843
463091
104076
538210
395554
285122
50360
491189
417122
325672
319641
398980
233494
214897
46433
592351
16063
321800
187831
310522
229884
289181
111147
578949
78081
473525
516412
194734
138368
152574
239720
40082
275671
57556
391260
486565
528667
427657
592841
13415
535869
233374
41951
283007
478312
456483
93007
473594
394784
492365
210465
114807
434066
391395
450158
399321
428097
586242
244311
560461
138154
366896
508553
237030
360021
102566
512880
284771
526882
493881
487277
267686
390674
141283
285631
72182
181503
14349
501977
399405
163696
40568
119936
84907
199923
34392
545608
184236
307898
202623
320181
112708
328785
26531
364419
457548
217457
592973
141640
288069
286672
557781
61732
406788
89957
479746
208975
40510
147946
409735
199769
317819
251848
277185
358523
499401
275379
335406
226590
236154
541829
65322
56551
167205
336298
236242
3776
91720
141999
492139
290589
300837
520147
341834
595422
229038
581289
233384
375102
563192
585388
402154
432425
428880
304969
312939
202584
496343
91581
178210
268080
3893
342847
143306
391676
190965
470240
137027
434648
27178
358833
390727
291871
104264
233041
84410
252335
351285
547362
254761
327116
376685
541586
437544
105067
148858
98561
37878
203455
198683
497099
10993
116381
248019
311507
595144
56090
30580
550820
507214
394667
25187
34499
171395
287535
552099
321246
245608
281939
462996
571858
142897
391201
33923
148804
264425
528863
579390
145425
474316
376601
209483
280497
506467
138556
423892
585405
328824
424879
80171
57038
60494
351878
559799
278872
230442
265693
426875
222514
187812
495660
173601
175025
10488
179918
167776
3027
323537
501776
29697
442649
267478
511532
10023
12208
567646
177100
553414
317737
247844
402418
246456
71874
228619
444478
367780
234906
592549
507225
511153
34548
137167
326217
92832
498196
9120
262052
53601
426299
456289
214266
260150
372618
423588
145494
86339
465942
197901
88945
79762
580988
60623
44658
56924
72859
23431
165093
384021
10448
255931
259782
294061
203263
122543
348437
191365
157327
330553
461151
130937
315651
194533
397627
296667
166289
125474
43809
56167
443542
23958
539061
594718
199942
274663
558099
299973
555581
178186
459185
80259
411778
244738
184545
31802
224873
305198
228909
333228
386883
444612
278970
178357
502851
58658
526128
382308
109277
314740
63391
437734
68207
112124
145591
86661
571403
201434
421978
69841
514159
342795
204768
50890
341540
553179
259686
533394
536159
462846
157084
446418
176725
510862
100804
391695
143226
264396
143914
350662
78996
446002
318531
51460
336941
376318
132183
292800
157393
243998
463016
508874
63717
434550
158352
525710
520379
471282
226359
420374
408245
594118
546306
467803
289377
470968
161885
191543
30236
155186
379894
3184
543097
553668
134575
18197
81398
313393
318798
484666
282358
299892
251649
414421
267796
405236
4294
315653
7824
234903
214072
316047
432696
300936
408820
39881
360347
218479
101347
86305
344166
258293
165215
508698
557585
257919
341835
521639
180396
494544
205621
8338
362413
482778
79912
383004
325086
285541
76083
538079
46316
502812
451867
559575
592067
28285
209702
409012
589758
171907
301086
226794
500952
464344
323292
242387
350005
284782
260840
469394
554872
488052
124760
253883
20522
384666
415022
194205
347792
523335
278337
437958
26618
304032
506918
524924
150445
396070
520601
69844
191934
366888
459145
34746
510325
35024
366242
139580
369451
509328
4872
253857
121720
99561
78628
144048
573519
393569
91473
468683
488103
561994
334177
81842
81184
285120
413843
428670
9119
83312
358185
109878
435156
434149
351498
370125
534757
313835
433744
302709
246509
231702
305219
429458
526189
193712
297373
203526
188577
475181
526294
53254
235320
17619
395619
268334
258699
23263
74353
124398
399164
567287
451351
536142
351654
121746
239089
410852
421027
132541
494857
596846
352565
586132
234352
128648
134883
540380
391663
467062
544322
169738
585410
30697
331695
235207
514704
1964
295932
54600
567238
167960
74490
303916
119797
154398
440607
122134
426161
507291
56391
428473
519
21988
123094
13427
436606
23906
246756
25941
371737
38369
327297
480229
165908
286501
337963
98334
550453
453257
459459
573278
84120
443106
51286
134297
322726
578207
21983
96573
201162
409250
123434
421460
200279
446653
59652
238912
592778
271872
68044
280159
174332
468735
149484
312065
580988
588900
55548
582795
305698
24163
378076
103969
35697
523874
360938
269692
304960
352400
261766
528232
178293
32873
539409
306973
455700
362957
355700
63419
430386
234403
453077
310277
137718
573029
124676
220245
55762
537993
150025
567878
155631
480656
245639
550679
575875
337267
466991
470092
38296
344915
459758
373611
40406
393125
592594
579284
84453
583544
146565
571464
278328
550505
377047
488083
322163
535833
389656
169942
154026
577139
579425
304415
14504
560285
139814
164378
286179
182573
465942
520293
131420
375189
201081
346076
58144
149506
249037
382852
364837
236006
462372
170162
370989
177274
295489
356678
387496
25452
199620
375937
86839
427807
336459
581344
356072
78657
155898
189326
86665
305031
189830
375199
152391
34750
252688
426270
309316
142295
200896
274498
331202
170078
157477
42567
208982
535616
289039
94183
163487
489607
454760
425137
83574
484424
291912
591235
195976
277523
987
22746
318349
57062
363987
315591
483216
357376
30980
203930
50810
13555
247643
366168
408908
342469
232729
229012
378229
418130
227378
36838
426898
364520
87478
537189
307868
366008
385195
230955
82330
564018
533056
444933
89520
139160
492262
241081
297110
475796
30128
443420
386973
11556
403823
145155
534020
229091
254384
469025
474662
455146
369039
139165
288489
283464
106453
496075
567058
373608
309390
359910
80456
254618
262731
186214
470512
249472
407583
216125
220900
343803
48544
146484
68273
282951
585612
377285
512375
197962
535234
165228
150406
88852
500160
397223
499619
297094
434146
267742
555716
246460
244107
70195
439442
9399
16172
157823
142594
506230
283819
512567
51304
2692
289404
82992
252832
281641
475960
49214
482592
156003
306648
464241
375425
179820
84168
408319
389592
552731
350568
439785
42441
179057
408442
72468
244706
585501
445129
57040
217637
545195
29288
184078
56509
186530
62095
527581
280072
82927
381275
90968
227362
460785
504522
524839
123348
339010
325929
565653
190450
336330
36504
289865
443823
191715
473441
248164
71671
90873
507345
280664
168970
530667
492152
44300
204175
23727
305457
298244
75799
515948
142729
328552
547606
253109
102558
34669
130174
365779
473161
158650
122957
556486
554797
244733
390284
347068
380445
261579
251576
113329
466847
512932
78886
587616
507581
4620
497351
315365
40774
25628
263504
432237
58168
432134
346859
95890
354286
505725
157335
736
80728
524621
427962
408532
453688
277083
192373
253864
80198
286525
373698
15512
201400
293796
506002
433902
298010
570347
510138
313463
76355
171587
196122
195214
171017
409186
188650
32065
72717
215805
571954
412821
200802
170881
558089
442178
207868
5247
430356
45603
181653
129839
204649
452190
384838
316755
136338
292295
73456
294245
260097
361751
281500
543368
194897
470279
221673
17565
102259
259010
169654
269017
295767
92190
421787
70171
166517
551759
124995
466309
223542
139191
19160
496758
252265
505148
589115
105959
356532
430177
358248
350389
492251
368932
214824
100376
26826
396638
494241
176374
591628
536871
97092
409776
459222
122560
427070
220470
38189
175716
426408
413983
331628
236901
330099
574049
469764
564903
60700
321882
593449
498316
258795
243750
237240
427502
402400
241658
212002
452559
544792
431376
3961
269600
343756
496202
357522
586647
114880
511088
25311
164797
487475
269378
157403
154696
327064
390508
94773
189718
408214
489795
475069
477260
222169
130293
51979
5193
521062
372915
39025
48030
489061
513872
195834
105702
551673
94170
463258
295528
392710
582114
62753
509667
240523
11485
29098
231079
19020
44772
244508
388116
394615
45974
30019
414764
19799
400993
211061
148731
306797
335207
244269
26344
478867
200558
217579
552702
194498
88972
482524
594403
491136
58963
257458
328969
45151
296580
571953
180173
123931
225346
422932
138873
530413
145164
389910
195024
119072
555312
298581
260857
148224
69112
45330
219617
234013
214504
265389
249258
20732
343398
467829
364968
299137
47272
589614
559335
356861
305841
328396
216593
51169
515297
429138
315252
1857
336049
297032
178497
557045
559235
236539
271896
185471
204812
530282
575762
428284
292652
184655
346536
123303
175543
416144
478245
588280
517025
153758
51294
363573
536520
295357
6428
164911
217195
282174
499245
206041
67925
1023
299018
237013
239253
144270
317148
360899
274608
94456
12350
304352
475528
340666
524022
479394
492041
515454
462247
205814
366092
367269
504690
372958
21506
311454
466532
444491
130276
43214
280926
376194
15000
307053
143647
178422
596724
24371
552333
469546
489354
512131
508084
305070
37279
99711
361908
488289
68672
171953
340894
272826
419779
521602
34810
134921
261515
525327
222675
3385
334781
208893
517225
409772
165845
392640
197737
145132
465871
136614
318095
155546
185027
251165
453666
565727
77188
222166
442159
16233
98411
312997
352581
426735
283178
340635
62170
583
225088
104142
263183
509273
514410
458060
18006
182996
137461
10648
188175
466448
555548
303750
147171
354095
306274
564839
309924
162482
266654
591423
146750
389908
362150
435851
102835
210150
321136
13099
103542
127365
409071
378928
120277
563408
139585
409143
94554
76631
109137
438581
73904
233902
429377
164321
461279
16672
309920
338938
57675
414163
388784
205990
391886
141388
164837
565695
255966
295329
39966
91438
171796
134026
586968
441538
99558
170105
252953
117122
508820
596528
373866
276641
118451
31112
329516
453139
253572
105845
339464
102264
26361
239277
152902
320823
301016
23524
309852
31563
499968
73916
80512
503998
557332
492609
126569
476662
65084
92539
506213
182975
438887
460509
131337
363289
258570
528008
536363
494135
46719
435909
509871
586379
116299
257994
362561
168848
243307
34115
551473
158828
99779
277373
419838
499644
68002
57208
116942
329606
165163
466971
370466
427975
382104
418077
289027
133332
316168
255688
469829
14580
438129
78728
194629
228935
353192
187795
146273
256555
495086
485057
39483
448955
186324
133814
326128
136906
523887
88285
192248
13167
239538
388295
540472
218873
262456
528981
293058
78551
555085
152493
511098
445225
357840
395360
69468
594677
570412
198180
485655
204753
208312
240858
330434
517302
105314
454580
137627
394568
316053
43890
190720
65573
297776
366396
79973
61799
500095
502981
21769
226467
179468
200093
570404
464917
162663
218025
443527
57875
530205
108482
367849
167550
484157
115145
182833
306987
346278
254888
307528
163087
343845
478771
427601
217520
278750
239211
32892
123131
102527
48575
525583
408457
174720
514511
97590
371895
580525
564336
391963
35870
244365
288060
233532
585479
256052
405041
421052
445606
362550
117242
252668
201780
180974
536904
125059
118292
73359
360649
164224
59350
237153
464642
76349
292751
367185
562016
124021
538081
552390
193778
237840
520592
571351
462347
524490
52041
590386
292151
506734
309498
575878
379521
364953
160140
111393
280177
53477
421849
33304
419023
570694
344730
465874
575441
589448
465322
345240
546731
220793
129616
397439
62642
110885
106323
480836
398989
90576
731
224999
588261
543044
101660
190241
595984
244244
260722
239558
167230
277375
23887
80181
70498
414317
540864
189027
359627
168162
478269
298547
309575
50919
458661
219712
253558
212857
436854
442741
146068
487087
537202
81782
75883
225521
212946
171385
23807
386678
323274
27854
187346
151641
6765
360149
172930
546849
457860
111488
220929
498889
300001
210143
110295
467646
16382
347156
518613
47788
432378
259197
406951
439285
277424
526346
148543
64549
585074
20384
584295
99904
83815
297377
206548
521567
348541
50538
123837
355025
253718
36718
501988
341486
299182
19725
307123
206541
170309
473350
359375
63222
143850
74487
70324
222920
498145
488827
211100
227757
27433
527573
250595
375309
204439
88310
138252
448067
504753
364238
310657
192068
402329
87252
311777
477381
382096
66333
120728
136212
442245
296648
199202
534692
24271
51060
393763
584457
501099
29460
202169
144271
4646
414985
248310
290786
321703
421043
461403
79570
305656
542762
217825
216239
588415
251249
398422
125144
45973
519757
576814
495071
484871
37104
135732
239888
412024
507777
1047
449970
165690
460459
328456
43076
105024
32712
368160
271069
411228
309713
484134
332457
507903
252786
528290
123989
285319
305030
113810
161648
238269
326441
472100
318288
24061
566805
534976
594918
78152
83292
48834
428778
78353
119649
384975
129954
180931
204627
95444
552275
289366
228912
521015
492571
240500
500453
64096
285784
218991
107688
67235
478414
267663
5292
388805
499160
425183
204643
113346
248485
52659
400548
11036
468154
346921
590913
126518
75814
584322
444502
539226
274982
454076
268670
39258
31082
277783
266106
359631
465432
47786
95277
145191
349963
173299
57095
374463
143787
471374
217072
335644
6765
91372
477480
154588
524931
340217
3266
501078
338160
561944
356550
224117
428415
6569
524719
466907
412338
95756
330654
523576
4605
157875
244122
543574
185217
235375
201516
15106
434040
387808
453232
60929
460801
257402
286002
246249
187711
175166
73387
223764
406160
544651
27254
557692
475005
155936
421834
4876
457402
213365
83280
435470
199649
338143
370071
51003
133431
510107
119030
444051
249535
147605
72998
168637
106366
431929
155362
221236
205111
274231
454697
383252
225557
415982
450984
465212
415996
505219
548174
272323
286348
331765
168547
258022
478699
484951
506382
167609
549983
419462
198601
305497
264646
107220
70173
590762
26516
72896
269750
144787
431295
585201
523317
453620
156351
417416
84626
330514
441813
165719
15758
180867
280230
181247
539139
103553
442525
34202
317877
20331
108025
308533
66320
66484
284648
324517
231708
540576
232066
559521
392225
340339
495274
6626
233504
204451
141550
444652
103920
144826
284893
580224
512080
264226
126763
106511
441048
327500
558321
297788
583943
209113
487030
118029
303006
538849
157252
238257
485562
339227
421390
21703
560626
110789
348766
356626
27787
499497
362243
583712
153863
15468
290158
53177
590551
22699
49212
513043
507940
156582
312371
357667
150200
358546
475577
582569
272383
106280
414946
480201
77174
342969
230899
247328
479577
485487
346528
402336
261261
555138
33467
367239
3848
523795
298007
257042
340955
463288
435030
55654
425857
546231
116981
596630
515372
207611
497313
592347
206503
141221
150933
343724
507208
410582
560605
318689
171477
260697
323926
421895
92057
476724
126367
366946
34016
37861
400908
88648
438246
309635
94563
316302
187784
226401
354458
316911
284178
15356
354703
587992
356982
318731
466371
408365
374293
81429
414061
402860
409160
122592
169602
464314
74863
469379
51078
98830
537981
228352
406504
301443
301174
583795
145100
477689
348039
422952
590777
14254
532735
355863
497415
127091
69562
368449
50786
203186
341468
359710
226375
469907
547264
379855
216107
330396
59547
232400
305725
322700
378201
504513
243936
92583
411273
293036
464947
334842
581179
311467
574005
411177
580242
168799
392221
548265
485903
44564
446951
48474
265644
172790
425855
458251
585236
363964
400788
435162
114780
290079
488191
381728
345121
162013
158870
58019
590869
475884
177683
476298
272992
158342
553457
259372
437191
233695
181927
321733
462302
105624
132998
110692
73939
128969
379875
80028
382789
290992
459483
480334
513489
91834
37664
88645
33501
450385
23481
189627
161247
492584
285206
170974
389234
579018
296884
1782
266572
160333
102170
203246
431545
187786
83845
517493
2517
583534
570223
412476
321937
138259
397478
113769
426440
29995
424644
428505
476615
537375
45509
437554
488065
312811
337081
51504
378419
419740
479812
171331
315412
316733
315428
459063
493045
184126
525424
7990
470048
584336
119376
315146
70615
67639
330638
239615
14061
277445
548031
347048
538528
372985
493526
460937
52348
339195
208954
170224
327902
3771
588314
385981
304376
262053
236078
534778
371511
562543
468437
72975
208553
67815
584166
124502
587894
162342
18542
450034
478946
586267
429795
375609
248413
244916
261640
43673
573873
554158
368306
478971
123710
571656
579384
28409
464628
259839
193048
183108
27584
299038
570498
458987
149253
441055
452416
383503
360104
50206
35388
526284
174744
578247
442742
509833
145582
297784
368805
316379
530809
106980
492012
57361
195962
591023
112401
48555
153750
502665
402920
383841
340701
392071
231626
539046
61703
185359
536434
554823
524215
299192
247973
535139
186728
263506
29731
419139
215584
358160
207117
593583
32091
80332
381134
460834
517633
495212
544348
214439
335539
400884
488952
332061
323583
262907
359226
361525
189779
300174
299425
28962
374336
60199
534530
143504
246670
518817
116047
580543
69203
309434
81664
76459
516250
239958
565519
558893
401768
50550
68069
380900
382918
75904
578035
20045
493066
15159
523295
335703
229067
50917
291674
184853
491760
450076
117426
44006
392742
8171
64473
220683
130652
379464
36885
589058
34633
531980
334906
147601
173366
567114
340107
513722
493436
175820
535672
433343
512784
183091
340385
353616
216614
217471
17528
226209
12974
433211
113262
242275
185788
250347
54444
83222
219866
564679
174405
483178
172827
391111
361237
357880
486973
471397
196203
511894
559610
516566
32447
249639
517095
507137
352319
266217
203285
501564
525498
8724
83543
488722
263600
476233
451999
60911
209100
453661
437769
118620
323556
107479
333620
21801
294069
504735
396869
529470
513968
190265
341979
237408
439905
251769
443923
380053
255532
532957
435530
9806
99788
402711
182431
542116
219232
320132
427264
178048
433310
508855
31209
571004
167566
67717
154111
540068
31161
417989
200850
404874
122118
44174
352337
113065
384324
81748
260641
545327
487853
581328
4267
271044
460966
298747
140141
261301
348788
197278
265374
546659
308691
52637
425118
406123
28683
216608
570588
540821
9411
224685
87211
84823
218411
536631
474614
514126
467892
491055
439211
339864
492737
382822
82489
363304
523834
588508
479279
260044
470110
560122
286104
137625
294358
415414
69169
390569
13990
374136
220659
559322
298700
491287
519930
183175
98441
132215
278562
469625
454376
289592
367572
386268
235557
517934
135507
466401
93648
460993
378596
344552
159936
111151
19396
462250
162144
75947
122685
215950
37149
195649
156132
7938
368422
63294
539342
593919
435221
438111
149012
561620
423759
222374
117367
534178
341166
111309
413624
208146
241293
6405
45058
275090
115962
356004
359892
220232
231203
208231
315261
182959
457661
404521
196363
29631
347280
161021
308291
240301
152026
164306
228006
553454
126736
364055
134637
511897
262818
390865
489315
99210
64158
556966
88554
448611
32671
254997
456314
376887
427555
499331
409774
408409
56349
457450
223221
389600
498385
462632
285921
482424
164402
241757
595302
69797
39
162124
453885
100694
265726
405248
282465
8986
18620
395123
129439
555020
343759
21534
214750
401875
158600
416445
312717
9761
72674
49497
447134
375552
73569
62062
138895
453078
132540
120818
151111
252480
110074
97588
451156
157018
126483
426186
516136
4380
487130
378366
337432
535856
421743
448380
180296
555610
462883
123086
492747
372608
154557
71212
150714
96241
529949
364374
586768
14479
78360
537579
569210
487712
571241
117243
316143
348911
39070
401263
381543
100372
204733
39527
295057
231099
540473
550976
38560
115111
199807
122640
447593
344497
140199
55539
311262
263963
426369
421171
36876
505608
362545
92124
312918
536137
596003
258563
252025
521271
530841
293150
186763
505038
157129
194158
63622
470869
326062
282483
63102
594661
211110
579376
562227
372151
200336
15987
311607
364179
175250
325170
363834
462038
513641
113218
87358
213128
222771
57725
359320
527897
127204
268680
137308
249020
105418
277757
155159
276516
117015
240335
454710
474617
21658
447207
537646
36430
572134
404079
594634
460196
295668
78504
414361
436714
288454
23233
143773
364962
17338
65648
447152
558349
209922
302925
233841
138666
414940
21700
9079
176921
152644
331153
512747
360200
501057
314316
149501
172690
429774
19049
368610
375847
40432
220855
243636
383759
423165
120354
381518
277159
68364
551848
535995
66210
505987
580078
406771
459378
164342
588250
441368
372390
113583
385164
387331
226320
378323
177072
24083
221549
81722
435336
75017
316679
203670
563531
546502
199058
183852
15026
54076
211642
353825
569336
335639
455038
201456
322274
490653
526034
3250
38829
460553
77267
223798
491891
532352
463831
62038
80893
1858
379442
296129
278877
468714
14407
114336
330915
382340
485069
155163
83841
191407
564659
479623
345654
273155
179062
531223
532193
36938
572040
575690
149008
212038
364854
377133
483045
357232
270385
92899
530774
27508
557125
372189
20928
158341
242259
297892
41874
243132
335393
431579
342429
251384
467727
569122
71684
244728
266752
127829
210884
160859
559449
215248
327102
467049
399795
202650
32171
370292
522654
334503
454058
394110
44647
147445
355632
205081
241124
550888
955
213348
187128
490626
279261
292300
317741
47344
582854
557312
109980
458067
321591
528525
449727
500835
226984
39495
553354
372856
517217
123842
481764
569957
517525
14810
130157
171764
212840
278218
584604
224670
464574
483850
52712
530429
25812
147966
545512
437438
132994
194161
79807
240553
162926
372385
503112
66369
7196
136025
196751
441374
504811
440374
555190
562035
435863
416560
28196
555655
72623
149195
561636
308663
197805
392174
473172
191590
496923
191694
27605
22288
66790
168004
412913
284977
244347
287222
139914
119373
404699
476564
564586
322127
128932
223077
18869
236576
503386
565738
159547
497
278856
196931
21099
414697
339895
554196
362767
61788
182770
96146
218448
95212
236717
564548
545988
425061
252867
23296
297659
534444
316420
186536
83008
496128
152651
332125
429299
73239
98254
243003
282683
489672
434188
571797
38353
372163
568631
138544
119559
326869
234782
406302
107329
481079
80557
241847
537607
389229
155605
123908
203289
409432
97046
147850
158434
403874
547624
17421
299893
581253
313984
141589
234608
595014
385023
319806
1124
370141
188694
560158
126115
208614
563256
580128
199837
559321
484923
565048
280234
31772
218862
72533
332398
45264
175142
465945
458715
392136
519904
278735
475197
350698
521811
2011
211326
294471
483664
578710
99889
385578
207083
238226
136128
333326
169480
445520
63355
593769
4845
121339
354541
143331
370946
255512
427814
591427
553457
169423
155797
199435
272270
190684
117175
380510
512333
519304
472798
289939
286162
4589
180376
1749
272445
293588
308023
205311
201624
98969
411932
249698
556574
464790
13589
349805
492391
249670
60281
125381
497968
114992
584518
182393
490357
493903
76461
117911
219748
22951
423719
88287
457258
41532
235990
20748
350190
437064
345373
507807
595597
175490
483262
253388
493146
456096
562563
313714
419238
13883
196610
233156
481789
117147
57740
491119
338577
525493
149905
304628
114894
262997
256986
262351
554240
530726
206290
400172
353358
285216
466036
522114
133301
92186
342787
445114
524285
166208
133724
51351
303033
389730
298613
331605
361733
233896
231658
424205
197564
103405
8682
39904
40402
552100
447444
384817
296034
571109
253034
315424
589202
281846
368733
85639
229239
332302
516959
233842
404962
520253
392780
452505
296599
351380
226374
25172
38157
503974
64805
138353
318383
23475
82355
244128
145800
137250
496014
56104
372386
540897
386231
372077
419451
170188
159010
414376
202475
503637
290676
425242
84017
585721
511957
392879
118574
190092
114039
104263
93738
515413
110960
185670
562770
510371
264216
273660
101475
376869
86618
4565
504970
188312
107323
536784
330960
165161
258318
496793
506214
161328
114283
59465
354730
512560
367062
241344
560691
4772
134680
125769
333043
112506
282575
436867
291368
25698
81162
499858
498296
423418
568398
23004
375552
323849
62115
152455
398148
3843
352367
235690
391502
405258
521952
49876
26456
136723
458873
376435
352448
86499
430838
340466
242336
82016
89507
380658
590566
121014
357410
14376
120897
4512
104429
360879
82955
314796
254030
137090
265346
548896
369995
170391
144821
506960
96044
78835
280904
449574
333326
575640
454590
446211
46532
43883
260053
192423
386894
350120
216984
478014
547243
169455
96446
358417
247866
128311
543872
243444
403664
392336
386294
519854
593024
311026
336739
289887
569041
340215
344682
110916
437273
288836
279615
6690
407208
117974
398571
384825
531820
206768
347904
133509
379804
585114
51783
141922
130059
441313
596843
437444
465418
522166
74185
266294
510503
139092
6245
334227
303404
290077
93630
255912
151414
551063
17486
166433
171831
301706
64732
141284
30675
364606
47729
447681
49087
592930
502842
183718
576263
125145
568163
427046
408429
463018
388344
196986
570474
415672
99913
61560
210530
348887
203453
488821
547333
155236
507585
409005
362205
217156
529169
260184
273464
521929
345940
123561
204715
514153
42513
372505
60228
234800
90435
420907
34062
520453
524427
132206
552209
145540
270851
36166
79569
222610
243015
316906
236886
63221
323329
137913
193609
11949
414471
263261
313201
352374
470515
461716
466093
301252
498341
223895
21288
28548
374317
408626
463074
570952
115273
47334
361481
8119
22907
536683
241376
39829
393613
584340
201467
103039
321372
595286
85603
229793
192855
64430
107509
474486
527237
437043
536541
292040
93419
79998
151444
185097
486820
490423
520148
33619
563139
430849
209918
570579
549874
262013
473234
217061
313145
83324
277530
101694
442329
270790
310456
118368
372326
160834
501682
366317
227949
577128
291478
452576
39199
129013
582369
295239
441159
349505
446131
349444
35993
398542
586639
415702
314722
185557
383026
581379
228810
554383
112867
476832
319673
28304
255832
31170
377180
500208
253243
514390
340500
217112
285668
485987
72878
248231
166296
555274
521466
13426
576867
241341
369364
189077
178714
527179
226705
384297
258602
485832
194430
521110
516692
71568
216280
338781
514651
504153
407096
218485
291173
259627
205393
294619
544344
271595
567666
334601
287146
366794
486487
40861
556068
577613
285732
86258
411895
165349
238777
458761
575807
279216
594768
499364
512604
205686
55226
299666
94431
22708
189497
323041
118365
592017
337377
424292
503319
130515
415225
75427
87175
179228
477654
38535
318733
514216
565992
31092
413712
132238
181363
498798
414208
543896
249909
416862
471280
521788
509206
143671
421932
66182
175833
80256
501442
398284
353364
484502
550135
569766
271936
129671
2348
420107
329118
205979
291840
93098
364017
566331
412241
527466
459988
321052
47552
252241
478293
79090
442354
546039
374878
259461
560275
570842
9254
158216
260296
256051
125917
160366
475087
279108
283125
232453
592242
542219
231112
421014
206147
510446
462760
453794
276813
395798
244587
181315
299564
426135
277587
483655
156192
87038
23278
146532
536304
220607
345595
48937
45435
6755
50437
591489
48156
39113
507065
239290
34717
229934
300356
124679
384149
41916
499065
295350
379534
593697
356580
4784
104426
520277
345635
243972
591467
586265
347559
354762
446311
100901
36421
493418
410616
17161
69071
547722
396318
352586
265004
317846
110271
555967
249482
301465
371605
323395
516128
574443
239772
368446
280126
355149
167397
434523
491551
572777
227471
58347
528072
85353
84580
396498
132266
491601
67133
445479
54347
544502
339179
417735
382277
198675
135267
548290
68274
7691
16060
473478
149705
282356
377281
71281
51637
191075
182013
471675
301950
113727
310904
25736
509802
280662
3733
293581
310293
255074
171745
340453
307234
93735
401847
484387
270792
58407
480580
433495
225163
290753
295790
171589
341343
425160
240107
140175
338827
535608
36287
95404
595614
457555
428559
73805
240854
65951
449253
146567
27086
279416
542706
218699
528921
270226
373655
244494
454313
391776
160251
362296
179140
169865
361316
164537
164206
460424
113801
426989
374247
63620
583653
62634
351667
240911
89698
593864
279484
397373
187741
268558
471599
457518
22987
338419
307964
387088
209775
504979
432177
77175
336872
127165
254907
452803
393087
74888
318929
486551
526597
441323
322762
506051
6198
514143
495110
530286
571837
333276
17632
434145
89144
58332
40592
323515
494270
68320
430789
348602
464407
46883
390448
443526
323693
418279
212978
148403
239438
471337
27019
453915
566150
193085
512232
127068
214611
546625
593775
550375
22488
29658
552687
427270
323729
339935
584924
278062
158193
307175
343852
556520
117673
141595
207956
33738
147434
91305
213316
370352
57528
259741
468567
65880
275043
132556
74618
423276
462321
475039
340355
190184
461938
75117
445217
499378
391202
314198
498273
391268
69408
36109
63002
457056
586982
17227
479613
221552
6341
571323
457468
34606
356023
41771
505485
501458
192068
231345
166447
226071
422960
462711
94249
173647
17628
464025
239763
112062
215505
288468
116644
550682
10398
123225
449980
305835
196757
359150
365546
585635
112547
554630
380457
227152
350134
100641
20811
105895
251875
217704
238108
587932
558508
418452
241888
223624
205718
442615
344386
470287
203979
274160
367835
21991
228060
267797
408923
322216
256870
229100
577086
417628
247574
110937
538395
178929
152117
459885
577701
117030
50798
336858
498808
91853
430388
585377
247097
83005
181913
68352
493835
185414
89253
106102
286138
461047
97712
494749
207936
567666
191563
171617
5248
374737
479773
411601
289647
446919
430758
368350
164203
299650
398723
219267
413681
119500
571823
230799
179550
119289
476046
574053
514156
507089
284485
562922
457460
55239
271378
480284
466183
532839
362614
291095
431677
236002
183226
16970
201049
500648
289871
181168
480751
396901
68765
153893
345725
432598
119634
44658
404465
188251
103883
308948
114473
414994
297261
369271
132120
366872
279329
6876
228355
594148
111140
202852
221797
163423
378269
531732
461009
515455
508092
104171
207919
290825
480222
97048
395183
383315
521073
311100
160339
286388
233622
538270
149549
378014
137842
243960
235495
452936
212278
132149
218856
177172
103965
311360
216393
436186
229351
234395
472256
46488
482393
218085
287861
360150
439309
264043
554146
112368
211477
136485
441460
325291
122730
209175
574705
503116
10715
227584
336927
475082
94611
314469
434290
529226
299405
581636
233072
246451
537517
160189
292583
505055
110929
107415
552987
419571
240308
388655
214367
201207
476517
337953
377644
9519
117719
299390
125894
257454
81542
317890
394809
339887
116485
544958
428102
421486
315492
293028
515512
563157
431690
303814
183772
17260
554481
466885
219944
370212
306420
204942
556406
467240
85477
51813
226582
438243
262737
29588
428371
156720
58608
100305
394939
381684
215374
1155
516072
100927
423400
478917
224115
92912
259528
415549
126754
35926
517622
594088
33691
102089
21602
521066
483682
190956
153928
68343
126451
100895
483776
215135
247361
511151
527967
161911
415112
140109
553405
180064
365475
111124
41158
376900
558614
484388
181348
399101
150007
270399
36141
344830
91068
399360
320055
467807
121137
480452
314468
214652
486896
77144
370872
144966
589379
585142
220029
402519
23078
574814
527220
148433
288807
578015
388320
547614
290717
180408
573131
275510
8766
262233
95065
589964
437130
419112
302763
470045
229012
260725
298963
36458
439617
578490
381272
391427
65090
278993
20865
253132
142704
447782
101869
314703
2867
536536
340263
574758
187456
559779
194667
526802
342559
276949
3830
273130
218113
443987
273492
139070
165978
30108
397479
282933
343358
264847
274158
293630
440580
122801
476390
231913
229640
532116
182089
274743
577040
423047
240167
543582
383119
464263
374686
564647
196060
345452
6600
240148
120124
72163
87551
518711
166184
226732
250905
185652
469451
176744
391335
551899
227441
287903
430853
561856
589117
441926
32921
324921
313333
568639
513251
452300
61021
296106
431408
68349
115716
271178
258546
24073
490388
75255
233932
144500
311047
93208
564439
176049
137973
189147
405286
263116
212765
548602
481633
552604
400833
404740
191943
13512
242634
590963
469527
148303
451911
487017
140071
382794
9420
340755
436229
5437
187653
502580
164445
340553
350176
134962
450932
431715
43396
309516
365843
441619
276690
402080
260363
51516
517119
142376
450117
62534
553622
219182
285155
122437
564996
487652
296505
262167
593488
283228
19733
541124
398868
418985
49434
544704
95717
319756
552277
58738
356918
448322
91647
186656
436694
403386
86256
529427
546453
447111
566500
69707
41681
399795
562186
159463
157549
519764
195039
15188
449733
77261
556437
175276
179221
527377
201672
358060
57662
447504
17573
302753
267671
444306
260561
53724
446989
291702
240814
307634
145182
400074
370914
303973
304907
450366
294147
294431
579543
217962
380036
291990
13080
474590
160303
516315
406952
306922
72325
194246
175871
379544
94940
498269
264376
467244
325861
123382
299736
104759
372664
319557
308955
456955
193574
290660
426494
505864
265939
263689
181486
487515
8732
76030
371761
44920
354395
12356
504666
197711
551218
240581
457027
135333
536049
447902
485532
567714
363416
72456
484688
471103
569075
19155
546013
408817
511885
557356
206462
159740
357586
344832
210764
564596
508793
194866
68418
132499
582398
532003
439639
188437
494115
86498
313801
99341
491297
17478
150883
460461
579402
415620
458600
528395
118258
305817
409097
33347
213887
135223
266881
542158
105379
349247
460462
564726
480115
241431
245169
517620
96594
565235
79776
319786
504959
310748
363383
422341
222512
197993
212149
180076
307091
93097
200311
539671
172123
213703
93802
307844
7803
577696
186855
361063
35430
574761
379557
54606
57035
392052
303492
11882
125015
501069
594630
320855
276076
448498
124383
480139
116292
249307
234575
232352
583678
516553
114031
460604
411296
539360
502345
563686
187032
189789
286923
586651
548275
467779
401562
543449
410412
337235
303893
483634
345658
564148
238231
119789
457439
220578
127782
3588
593995
20977
228729
458309
417186
458897
133558
453451
63884
396707
154136
18810
385139
486316
127256
310918
147793
569700
213204
38886
271215
371389
362905
193874
311589
541164
126836
487301
663
349911
389388
54212
200559
394904
300175
466017
592937
428739
321512
593408
54552
332753
133308
324186
438715
327928
114273
369250
550346
552053
45906
290415
307368
199643
151759
71871
359161
125893
455784
56863
279619
17199
96325
105715
402769
308420
381929
554401
101840
387108
199600
241393
490888
413028
417875
26459
480684
525959
241885
244875
319966
46369
387990
446659
174865
58695
477768
500858
28173
226461
484185
439280
455144
89911
39170
403844
300557
137560
560269
523769
300999
279829
573557
456366
114119
179852
445919
29253
536851
453006
389062
539029
119623
45672
1043
595125
261190
371678
580843
429482
244641
43766
75026
13981
184257
336793
575722
451329
175663
454665
535853
557039
246411
401549
577632
552427
34222
588351
114019
570758
324833
450999
107913
306858
427925
8776
522138
297079
219881
23328
182037
448663
538653
213684
320079
473730
397594
541888
31750
505124
383125
326092
233259
220301
152647
446099
253592
296857
524409
28579
369143
132637
82715
468822
82940
357766
294319
363163
487869
126693
570855
111785
394756
262754
253512
280902
427629
536850
467495
553729
519927
287988
36968
353542
305016
195493
249285
7995
506374
553141
430128
559744
353020
394393
574944
308721
478884
171320
220815
344137
93789
42730
484874
516082
462909
591701
506552
417846
42905
234085
558683
556811
41963
198666
587479
32342
436634
350826
438481
226534
545391
116083
86769
435667
200370
507727
494236
273883
438181
331745
189236
211446
460176
228298
198543
544153
393442
586118
585575
532557
254914
123480
131060
220437
265835
234391
52845
430789
27175
176057
430898
536258
181460
481103
561372
581500
529061
61373
286571
132156
247842
173531
192649
336013
161810
440425
477446
33596
30224
139223
130233
239135
215238
584441
568700
469186
342835
385518
151165
478289
13933
444487
163199
76560
392951
276714
342799
20735
350223
198975
203822
457781
121816
219115
93589
375963
501289
131604
297460
492914
550593
141230
45554
55877
31299
348718
401849
7906
24322
432410
531523
556371
230625
28757
341698
380593
261804
478523
408092
268534
564441
16340
549080
367379
392172
200463
173888
506237
435224
178647
540302
537820
492931
391318
471108
423108
559881
469790
276893
251474
199471
461406
570881
159945
400474
134235
295286
467256
121586
480997
345198
501630
90853
503177
415215
462324
365496
25296
57124
55505
58427
498601
285613
369461
62348
363813
590498
484997
506633
103508
504270
515768
153962
370649
114765
457813
194601
283325
111200
244811
6564
295760
584425
24289
160825
20363
141039
566831
133089
185052
170120
408735
530720
249033
47424
178088
52743
256229
24366
465687
93313
307509
378843
464774
580527
588576
169690
343104
507656
319739
293184
42129
380549
424281
112979
328817
379672
377266
229755
518639
427355
174755
60670
19686
491029
420632
337728
385867
109356
251115
479146
155284
493677
392918
483852
252961
358533
51624
210556
390808
217094
5337
2083
413924
543345
377600
257921
492376
67995
441179
400822
268944
187661
212731
281391
375915
378154
427100
569653
517695
22585
310423
133247
549038
452084
264706
87655
347090
398924
126098
43239
5661
347908
37404
267858
219998
399238
586940
36898
444063
109752
119129
328661
14577
18518
63265
217591
476574
217876
406477
199382
403241
489375
82401
370313
573846
310743
527673
87904
384353
305195
63649
246111
48458
320202
596744
308789
52312
581428
553869
344356
328545
427902
91951
48796
200784
42120
96218
424566
66093
432112
588399
504464
438746
116532
162924
22149
52866
239971
301434
588295
178351
265634
588100
271602
118481
404190
66047
590471
29146
422250
478022
62989
31249
274672
100220
530305
158767
37524
575865
519929
104727
388614
166417
165405
118296
490562
440805
243019
470235
454616
120996
363206
176681
564195
386807
337193
295459
16416
364224
157553
479630
560283
281143
390572
447533
336987
355358
15236
384900
589395
195993
291972
127677
77245
423428
543648
113718
228980
70641
278049
374267
98856
106206
262797
500537
101483
167141
226708
148896
465501
123759
492541
287709
300632
393226
186701
486499
36427
285900
367594
596260
533438
446782
154976
162740
539108
491484
427476
33050
498848
221960
70565
572930
250677
2056
86993
180964
252444
442173
476247
502912
160149
221028
89420
106883
219908
96037
444731
408464
589085
134802
187705
307614
410254
406465
145134
557006
444031
311666
89669
286702
370544
516448
177288
163596
521594
278886
424789
281847
132020
31341
85553
242513
583714
224938
387516
555532
544701
194267
219327
412653
455991
116897
233096
438121
571846
472797
257053
510941
202530
594153
186492
392365
44101
219530
86719
85162
516731
310703
371859
340228
77995
353346
322936
120816
456917
505450
564053
55729
328177
458847
227549
183740
371673
163269
381827
354383
12962
82502
20624
286215
458222
252356
550705
394851
490950
507740
446059
369672
496857
49113
439407
200325
323627
417912
534286
71548
58965
426404
399444
86881
36294
465606
244267
186494
282207
580387
107875
564444
184473
190163
371093
498150
262964
587091
577586
550944
99008
71525
107305
533688
421139
432093
375895
296560
136202
6013
141859
438888
451988
399764
426608
591842
556649
56608
36423
74492
431193
473624
354793
143989
326179
274879
519581
476951
194088
18179
55271
120920
404145
77675
267295
535457
55530
249297
584596
229898
542925
497435
378358
61760
520426
365407
546723
70718
317572
33187
287196
286500
511548
217141
515258
221044
543356
289742
2512
493286
53431
73906
112841
24847
23492
384147
421422
231689
61551
210643
152987
307344
112251
501483
13207
524973
553778
50813
8192
570935
484775
379533
159436
163029
377784
297398
423002
382289
364262
441603
29192
379934
349680
98618
515174
496996
260864
79722
538755
324700
459621
590596
497803
458409
439477
86298
77109
207628
291876
428094
382663
384222
209914
57402
530503
549896
290391
292991
214206
454707
240727
513258
487313
332407
189235
408327
59696
160992
476703
542531
141866
381421
403097
316486
386693
114565
456611
448243
422739
223810
66587
1943
73763
94007
85595
88144
434841
361884
54998
298119
519842
485647
397274
87150
31216
190172
113032
95639
26588
533898
527623
203358
338590
309911
336002
82303
581428
451020
88460
128569
161817
314514
92493
434510
415057
170646
124878
176663
197044
172079
155331
314850
454966
417625
104908
131957
317511
507529
189556
131048
482763
418619
12665
291928
77704
63601
186792
479246
419674
507819
497714
85152
299459
19296
571468
541218
228333
232048
412854
331423
429220
62451
249957
116851
6707
363217
184293
240524
501011
45833
148339
432165
468369
75177
91561
567052
338656
100736
142227
90965
232978
185355
76184
546277
41642
419712
197295
260056
344848
387127
44752
372190
124781
365913
220565
436065
288224
162557
515613
447734
213801
474881
7594
123560
387102
530383
241749
245733
576368
451140
104772
502557
369034
398595
562666
68685
55953
285989
317208
552506
33137
245841
534610
79017
139359
480763
110387
523628
387867
256769
314244
256773
178524
325321
332114
88957
533243
58490
208417
174092
11532
393936
394097
376476
74703
383578
115866
518758
216270
280995
255149
508725
305487
130506
101432
261620
136833
345544
489135
440
578293
310831
454646
151891
135450
176433
140681
99214
472392
332235
282630
22995
298878
326436
291498
3464
175838
482931
341446
202534
412291
387969
596043
547617
371811
499165
143240
50938
137667
485178
470318
274913
150933
76292
442787
394387
332300
497311
142180
492515
586072
77107
587949
240855
77198
371985
544334
101785
275295
219410
590829
159279
460684
343344
10325
216783
277849
554453
248437
531214
56162
570008
521373
484058
371313
426832
63303
290911
309148
361528
185764
217759
127509
314296
588439
440030
226425
63737
35407
137868
435422
289413
91692
420294
49826
230589
166829
8484
182659
397116
558772
577791
465979
236655
211845
127860
27478
50588
177769
235611
399848
500160
310799
389408
131188
99629
504916
128905
55741
324790
527089
270632
195498
85015
563034
74687
49296
445030
92091
279588
188297
251604
421151
162292
87050
523943
512078
422151
209741
294221
344316
512170
507754
483896
124007
107280
271611
53914
328106
478292
18939
20850
244672
279923
220111
57244
239901
530197
189496
164761
91049
330743
104196
482012
397551
281995
137394
146490
557145
518113
454600
450074
218089
92567
58029
260515
71696
341884
49048
554369
58396
525304
190710
523092
348877
71954
55158
250484
185088
468188
569650
276616
67907
147854
36300
174728
67227
177813
292922
307843
335984
344360
193576
164641
135939
346939
403255
494277
425129
557591
282825
171037
263003
464771
252200
24446
315007
594528
36221
5321
514169
289637
32413
407139
442020
358567
329166
339200
363512
202943
238097
376227
250780
395916
431765
190671
346072
159974
415531
35798
246961
172592
557370
501889
299775
23257
312089
8543
490195
93278
131013
302101
359467
290429
35482
207390
323241
225396
90134
367040
169578
96201
159867
342688
406559
531711
503830
407152
469304
3660
44610
455474
31940
471609
447315
456575
382657
389239
323657
500171
542669
140729
123183
207874
1990
547643
248056
305945
93110
210873
333451
468593
175127
57742
346532
237768
296548
78762
595238
505086
492460
122340
72449
389660
158140
406376
587169
375642
315404
107471
157182
472926
19560
589443
180834
389804
121950
419598
453309
268818
522255
293931
433482
225050
478688
344039
84146
63991
207450
536500
550568
547863
75254
218591
338181
397538
44756
166107
564761
561605
378869
472955
171989
138588
504605
331240
512018
561532
286584
67669
160730
178150
536420
135340
14729
420489
588829
400561
538116
425571
122638
167782
565814
571416
447677
209016
137767
530221
78941
584900
396048
475228
547317
235934
69998
522227
520006
489114
183359
521846
466941
585450
72101
582297
306044
460067
289690
338943
232039
111034
149365
164514
90813
439776
530227
330867
102311
177632
58949
102723
181151
81833
401555
73302
497342
205406
222692
444794
590877
376654
8502
74718
413143
115648
512477
119381
270559
508325
215326
351552
345061
474327
374653
132046
254657
341420
349340
293921
485126
254305
190563
82835
595338
14581
180180
188210
83024
105686
247327
49694
433001
507085
455688
275564
186926
205530
151625
93271
35460
265547
136091
575917
135741
582890
85608
333992
554796
231416
271103
493824
167829
561244
364579
455064
27274
310578
196851
139583
403974
386691
270942
133505
52271
507306
466350
573083
336172
22197
50146
407817
355523
32281
504689
257867
459929
501422
503189
326059
420119
452989
555211
565002
552465
517500
32850
123905
318953
134977
439865
303165
75140
109932
378538
483267
143924
179352
457007
464995
320024
374977
251051
185515
5234
568118
305193
134358
526087
316710
85137
411870
4397
512399
436498
102575
155146
146346
482728
440384
585545
126719
587329
229986
60639
494821
193971
75654
62490
496281
469130
369772
2222
467699
37775
224856
389836
499492
410375
117797
248625
481524
427102
279765
403614
213701
411454
70699
58241
297635
263900
547579
115759
254322
367798
137361
13669
446263
393764
122204
18978
59702
235689
365166
177015
100641
316479
294742
195291
561084
359808
400303
57955
305764
541563
261161
517498
187700
10234
185106
582457
492729
405217
497535
274894
512965
468271
150496
263382
441619
563514
555899
83953
112567
355870
143036
555378
375469
92159
72324
130501
460455
369824
339411
546184
132499
331906
360943
204261
323136
284923
75937
240551
350543
592627
337624
378676
370253
107674
452366
90548
320872
225839
409589
240476
247416
289070
419696
479354
375414
420535
45486
575687
323480
100336
102705
78491
461058
90124
979
485900
12037
63779
5618
443479
464565
3036
113691
425406
281362
105100
130794
259815
239
124156
428488
509411
230812
400870
184303
56639
231082
408494
150892
37570
38185
282929
265677
63248
202587
406103
289660
478197
470737
513170
228889
236911
206662
67595
238729
235625
31550
339619
253904
463668
50372
155904
487772
369193
587815
323616
474162
132748
142953
8087
524127
86559
292597
43698
191922
216480
146668
242481
448225
385113
188777
378683
530969
302136
21559
78290
396485
506677
164945
484277
426784
210975
461966
378062
382813
91554
139108
458333
391209
11771
524278
254575
495419
561399
339741
492527
18472
204337
519919
156414
126217
534818
87580
392460
246269
493729
117758
541979
400321
446956
535375
132667
171492
115963
101908
130121
300295
162799
116414
440734
575641
214225
240833
264840
52746
32086
40998
309947
425291
532507
433848
569352
384767
536858
53971
175525
427535
393227
433390
395997
20297
378136
528301
245886
74813
242930
34086
360149
593152
567662
546624
164682
126682
290552
264890
194589
198028
45274
188235
564546
109993
123485
281366
136604
240984
583777
73479
581304
537798
226364
98814
36636
560320
39097
127852
295766
142801
386537
237003
292466
505890
335251
145631
102703
2213
166874
268800
383904
529528
190366
286281
417295
564979
359980
588360
230318
380660
438294
293074
542221
46035
468295
465071
486624
385612
26406
203544
424727
412703
394959
42738
500724
118343
78221
145880
386222
393376
556118
216863
130705
549071
2134
98272
553839
372650
529106
266298
308609
508732
729
21872
503446
559596
74841
239150
267160
113766
385160
548681
41151
87571
314051
471473
410439
144707
69969
588431
360328
487356
99691
576501
172247
496345
54648
574026
444335
522274
303520
380009
350795
451575
457780
157546
277096
53945
108691
528470
46521
10156
396806
442063
174425
269587
407723
93358
28532
587383
508166
92213
561079
182288
535650
18972
438160
290788
184780
263331
515730
256852
50430
17872
580248
561489
523804
523263
584869
433189
80148
366668
516101
58862
280870
74350
229413
221147
400537
388261
539801
393659
491003
160214
487689
495832
444421
492973
104221
57403
246244
313983
62810
595718
116117
476569
206670
264224
505058
173048
454934
524247
542552
240325
45216
528823
222480
457462
507630
131847
147472
277100
397878
206660
313375
82955
34711
266573
558760
507053
199567
208009
260861
309883
542635
400451
578573
270817
305091
477865
538664
242701
297049
345568
22389
347925
514156
379965
61168
431645
339047
105977
194063
561096
3825
307826
433417
230603
481957
345886
226235
251440
6300
28976
328963
398562
155532
534970
370605
84014
15044
417088
148462
308429
178530
244911
540274
423643
281967
123739
207578
74376
328977
157703
254326
32836
476033
447629
460876
234052
324509
60508
87249
91624
221547
216398
221683
229567
172689
506386
95049
408410
48723
550155
497421
398816
361569
276863
174637
547125
103369
1799
309084
549371
435139
230879
500141
402247
916
28402
223869
173620
205857
58572
9891
111923
185836
445259
352904
69183
35242
563922
567393
133377
242248
164973
264687
545125
244077
494440
584065
584697
311044
339191
502709
11707
420993
80703
589219
357689
160096
364650
195175
537064
328068
354166
29983
241781
283012
80509
302254
290055
121154
388547
341185
21011
106648
501385
142238
509981
7971
364702
389650
159015
230830
141788
103655
559087
260849
361365
325536
173597
141039
233746
102014
481499
400293
246245
160811
475338
93971
436105
22206
3978
525308
336688
103634
231422
364324
347782
486973
121121
310217
521356
167733
356796
141269
335867
473516
567267
37583
271174
510669
455345
397200
110524
108336
153356
525837
110918
110077
268905
62023
49451
211111
552229
26429
72989
220919
408866
161130
133055
52411
147820
37915
496222
227202
467644
348380
117695
509406
487609
354648
4202
63608
273578
569448
563008
212413
368835
508071
88820
528258
263189
104976
133604
482041
329819
247473
447290
493398
352606
350010
61299
101430
585934
464526
547558
106727
220212
114130
258948
339328
3301
159618
107322
106066
369120
32777
257065
527287
116903
112214
524801
223585
251932
479868
346232
273648
533805
399514
168177
136763
304776
248708
577263
565036
152980
551554
464841
11412
144832
541785
243467
247092
284823
334330
466268
431815
587300
46193
227057
452053
579910
278007
378121
280562
350272
589106
135227
318140
496564
27221
50857
439283
72306
395793
142144
171472
510869
349894
240911
218315
29480
522437
464789
332964
25123
270790
248845
113918
473312
456103
345741
155029
546933
187268
65414
570741
135255
382695
396656
60100
96412
270509
351466
149519
562691
267385
3161
114363
22249
397597
18471
115167
593868
232513
444137
62510
370242
489417
413093
338505
93316
180971
316848
278980
194338
148552
536951
66939
285461
92585
343524
42647
480630
448879
485027
141234
98361
354810
49683
276915
328774
332475
374727
391955
567690
446069
442907
16924
431836
370758
267981
98202
142863
148175
47566
319059
186033
201127
203949
292712
45326
4498
381685
359419
27860
191496
108921
323545
547080
38061
152121
526709
169500
21985
458439
447176
414954
778
186399
280717
502049
439283
80552
193537
329874
433720
477651
86813
252054
584552
10862
82332
187123
192826
243345
145702
381238
253255
343426
61070
222264
592177
187050
259813
450093
588628
227365
167051
347979
110840
461973
52017
95495
73314
23066
209840
462161
406460
491994
180383
292939
413959
249141
410441
235805
554976
132195
47506
262386
287219
400431
323094
579405
393901
422998
373118
236103
438456
527474
212128
538148
549662
457722
434274
471348
79274
481590
373549
297126
84507
386717
91677
311663
442960
48544
447060
422503
279667
491520
547564
451557
243653
594842
546196
122611
462543
265056
534027
490683
431487
490725
436761
64559
109346
7159
378588
470931
577585
551130
337848
311271
276610
386954
95544
53734
184713
593932
230063
34419
266059
491049
394462
402776
383723
311319
97893
206503
161152
479611
498711
490201
128376
93539
29130
495458
380113
325981
121765
321060
475532
289979
171194
587885
270896
270952
472992
6986
311344
596331
415608
207419
255412
581146
161880
193808
197975
376374
368210
540717
146361
64212
237385
243131
223767
110362
194564
574709
569976
271203
400290
295647
232068
252328
247910
12764
323399
368591
455718
243240
370524
332064
384568
498373
366674
481504
569096
47092
201467
108035
268900
402629
314822
144731
530970
183462
589513
516203
592381
380865
416916
386444
502110
375908
23794
93771
514918
532574
60262
16115
521286
441509
113463
99068
250254
375179
130991
507670
384720
545376
58699
62520
265991
265157
234782
552590
250905
505305
16331
242858
300746
291113
430471
144377
312915
475781
50099
133161
187424
189657
223991
225598
164407
166118
65698
121377
524072
495151
214435
594736
77315
417396
252596
29478
162295
260178
348529
472099
579849
391091
563495
35114
574327
42990
405598
433686
5453
579600
187825
234845
351413
579572
265986
467042
187279
93148
128099
275914
139335
403660
593164
325452
107079
468090
505859
431496
428799
131370
336228
337095
24144
231238
77803
45336
465184
483718
103814
447513
485299
472186
388291
380209
267815
593021
76886
582759
529591
365165
152358
356059
261938
362217
61725
199880
99788
442749
251382
161812
272333
576092
439280
583281
244295
425777
216797
67702
439595
31849
154068
448972
136058
153491
26361
109438
230606
299739
493189
31273
79306
26813
134144
452097
131644
298288
465458
506984
326632
499022
126515
104599
288616
11094
72003
373569
530761
3095
541221
503753
94082
417975
381800
231699
134699
173248
482840
204205
117111
57770
72714
218304
545584
78660
421519
71848
528275
562256
152196
249089
409519
508815
299552
153114
249286
211616
21778
284812
274139
183974
45099
556455
562762
367500
188123
19185
218374
90373
410065
360644
85934
364558
463595
507121
405501
45075
495106
261524
418642
554512
569438
410921
273870
579528
415335
372189
532717
504726
193640
219571
294713
125214
534789
432897
393842
347669
360658
399422
513774
224953
233466
368466
97988
246363
172937
68100
189113
305064
534880
423982
430911
454726
463433
101075
286854
219311
265305
118935
497585
82210
132377
54652
78805
261795
537921
437130
279381
105340
466221
86282
519979
88655
442944
411002
159142
458248
35059
581784
173171
393932
497453
371882
376827
582159
69730
580253
306712
195050
475678
93105
35323
13020
151164
344190
208478
529695
164032
591281
468210
316810
384521
458813
171820
60226
441188
235126
539372
32111
348753
132228
12512
111867
86352
154811
209877
411920
509718
366808
374961
99333
553078
137723
390545
482478
82151
554135
57961
225
192660
462431
47646
215283
269092
538685
313336
389995
225111
74524
589491
82951
581868
216560
451158
582734
234915
435534
304268
269378
398764
524813
396815
175250
409302
511037
539564
527616
572775
56129
133065
122640
8292
241404
409189
243542
156783
451272
335659
279154
354804
567779
438749
80248
79245
516633
73481
145872
519218
566920
416746
424127
396777
281125
158045
160578
123869
341482
44939
180772
233544
422558
366999
118019
291167
559420
491227
204103
178303
99751
586356
398273
571444
101753
484979
266897
123881
5127
249488
438270
53334
94392
492717
155053
8245
146763
26878
389651
399839
218079
436620
548916
178192
519751
25150
578396
94030
33666
61212
151607
452303
225081
302294
512707
485027
240721
199915
508301
260757
151023
476523
153873
18863
97641
557540
578709
134493
415631
304435
302004
534743
181617
500631
406849
371075
411621
116179
477052
44803
156299
369961
547284
179194
280381
318365
235229
282212
476087
271139
186281
249253
285229
283069
453552
473071
414169
319520
532719
217945
234832
96600
104781
78629
246274
463953
485301
163100
545775
407518
424741
86831
448343
231860
185985
217702
380237
175014
311860
49595
486886
39488
320208
441066
382560
122002
46037
257474
53576
35913
340482
400349
562996
34937
135278
177612
69319
548641
82433
524682
266370
483442
358502
166135
124190
225817
212018
367229
346113
348234
130613
126772
561945
106338
188823
182805
485587
307008
196829
554921
436493
65532
106685
74717
135791
344558
442893
62611
172046
256710
38479
350229
167409
565775
564152
509706
443248
583791
121840
279983
222082
278195
286198
313477
465412
150138
399629
56894
206455
48069
48928
207756
486009
342219
27578
156673
544929
558174
338897
263342
448078
358102
55397
403030
379680
331686
5974
351150
296476
201322
93835
162012
201057
341570
108907
84124
249707
41401
30799
395936
198600
471388
236290
139455
368076
549340
349112
164762
386375
351117
481978
496139
450178
10137
208028
419565
260685
393776
221983
383039
584559
290013
537077
423491
484339
266134
448844
408500
269667
16876
280262
208507
409119
113423
451627
76232
498198
253889
269822
48188
502289
312286
517309
457340
407542
480964
92140
592869
274468
112894
245440
78576
491791
428591
486318
474539
280581
53134
11359
216121
549053
14753
586737
322051
213920
545330
334304
9935
430203
121828
23791
361024
50580
585027
52152
370893
218236
214142
96907
281001
540071
518459
359669
327697
174195
304575
429182
49382
298703
464533
45720
276380
549725
130806
202272
32702
230768
40739
342093
114202
551901
573687
47558
129978
117308
144616
12029
493452
299348
588781
76493
118664
304106
525450
264062
208276
342887
307280
216320
353085
490211
157788
400965
424578
542886
533762
76648
257235
22167
83671
1655
158162
145292
105527
244834
402643
420218
279321
2687
423031
118203
596556
59486
563405
393507
95866
330356
499156
354340
404793
471234
509730
147937
36381
447913
548071
510528
100220
387065
356358
354980
62983
469149
206436
578241
135833
143087
386892
291429
120309
139260
250564
98645
548134
592023
229986
389565
185147
581529
526412
562461
202878
575462
572670
462138
514440
74530
256021
51515
100660
186561
154626
374157
322645
358216
435503
300567
120211
447719
334090
362249
121399
276756
354443
314163
253731
354095
253586
369297
401632
428354
339356
351053
161134
19387
487808
32531
215623
304701
455113
209492
526424
576806
106080
62806
105384
411112
284122
400740
121568
523484
426778
422266
293767
337066
63648
127436
452627
531209
476250
359850
105243
209378
435287
507207
183291
311182
76528
198622
148427
290200
33949
337683
92564
374956
352049
228985
250575
68173
223689
211625
358519
43105
434512
90440
81935
565492
297143
558228
496405
52606
397653
362965
134990
364035
208394
4238
350532
61153
542899
473542
71825
576200
43608
362809
268020
549698
555991
284623
553050
482786
40331
109437
415040
595680
82384
359515
49429
551105
361558
240002
975
454955
95918
378202
565494
346224
483407
466357
406991
238355
491196
502754
276399
427208
326615
151277
403933
530615
253098
121531
505401
298560
35600
581019
243311
38284
171365
309705
336590
397170
551348
132722
330285
42736
154882
579786
138367
221934
62798
584377
203347
100472
41941
239628
66775
220080
456936
189235
151142
494863
357756
566917
207373
591756
283648
254156
558874
149834
261944
478898
260478
400477
200640
236602
113121
575229
415686
545188
446671
166826
454529
259318
242299
458110
14071
89527
374525
47947
572604
192472
475587
227169
461087
362208
38318
165103
200665
160135
528266
138608
125067
575763
36242
430140
589081
284393
445628
80673
182794
455011
410385
194875
483568
578767
16593
348682
100550
372754
101664
284007
427200
487107
161061
583173
86485
86762
204128
344011
218506
503794
106714
260822
395505
124287
173582
513433
211613
135384
314657
115564
585536
226511
224365
521098
313810
6444
49205
413674
135060
373464
56292
32775
108254
154645
366297
98898
567332
512809
20334
376293
260122
344349
301674
396825
498461
509024
38625
85620
363471
275
315349
232604
443768
450816
568120
266309
430020
415499
140847
285217
245525
489972
536002
387754
59404
138053
184478
338804
15510
478431
260533
92455
360680
354545
540482
104153
502767
253494
144874
197573
278432
390663
591291
16235
256573
55353
168362
380793
524982
36461
498023
432450
257202
456234
543392
305047
117703
512034
162423
310248
325933
184177
356175
498657
299860
258348
509565
131468
390961
4076
57025
419997
392001
76944
31985
412088
435464
71632
501030
521290
295826
324627
249236
295549
92174
297219
368087
76738
584754
177995
100416
100717
330084
533772
51628
78040
247354
448068
286058
403785
556579
239151
410849
28604
177022
384917
147726
290845
208088
170717
548637
511008
235474
282679
517659
462176
264077
439181
520046
479657
61406
419796
98786
518899
323509
577214
123250
193865
46312
156898
505268
120102
84118
383040
416102
112427
449034
577729
176465
86233
51450
453894
405890
42096
455697
449554
126157
507691
240360
587589
126649
363880
399862
419028
204942
591661
361873
263461
255692
383914
136903
512086
320770
419499
591121
493748
306665
505104
584423
567442
580677
84207
412156
245803
237447
83559
195363
146077
197466
548824
203244
470857
479494
501686
378637
271685
356418
342628
211658
394801
354952
85414
195348
450225
345617
588036
416046
593925
526974
276114
265876
31298
430652
257109
449650
194336
384477
43602
228812
388361
213737
42584
356879
161337
495294
269513
104543
313536
8715
12628
228828
186746
309337
585873
502093
406202
81246
243592
225613
591119
215237
550120
514338
350287
233827
93551
49303
129933
439408
197110
340461
160988
327749
157680
496871
327537
537817
230036
204419
28458
442227
380876
224283
277057
309122
292361
525184
312735
379245
158722
21559
120689
438608
85773
231240
116612
532811
394975
484009
319623
392055
577323
244543
584243
388013
329796
11968
498519
196279
374085
476109
471388
30725
361337
514787
197660
145445
537404
68887
401225
571323
77742
48378
549673
563134
240499
246911
294143
359093
269889
75341
124614
550282
375231
192111
388343
279734
79003
157122
291650
368218
34812
32014
509272
300835
201483
241373
536151
377621
7815
89505
575919
459200
15650
511140
514582
177685
295521
479774
433283
162010
394341
275899
477478
66954
375788
230372
558823
77551
494606
34597
208338
198322
384894
256379
77712
529371
111437
223394
565808
170084
214390
575824
281188
374382
209198
89099
319751
132602
29078
150443
418349
569865
580601
196227
427013
248858
112955
199773
136050
476539
264260
21613
150860
78787
336698
109426
491978
327692
34196
506934
217548
224084
150532
517711
253122
142978
108275
35410
84971
579630
403787
256726
183131
394071
354966
144299
402551
288186
370111
110907
84774
365797
18283
566667
499511
479470
392508
481258
301021
287531
437850
562878
427458
251042
282196
356754
389858
92790
452895
413520
240155
483923
564039
63774
300858
396026
529500
478565
299309
303953
24998
529348
240570
548894
374125
234586
151023
479007
159134
462945
556759
138140
397373
43737
256230
245176
290770
354011
489706
299778
570345
90763
470393
67171
306846
437224
468522
422173
33120
183829
367342
329457
101302
66927
505231
309162
575336
396950
280417
361612
242080
86718
515049
402008
85477
499535
236793
91730
349443
39001
494028
5626
243403
59612
70851
47787
577782
398671
206170
564312
158995
287174
170867
313996
181231
485463
595587
132047
53824
169583
102500
357330
135016
131066
434365
412082
557773
304400
496656
425479
176727
433430
540620
564820
247761
483882
589165
510402
399167
571488
393711
170065
103348
270129
311233
206549
401700
8659
143643
511071
303944
520090
279453
476255
64807
127372
246025
257218
510873
470313
570621
574499
398795
275746
247047
512684
27088
190671
411173
23646
247990
580642
407558
243641
301763
483106
551794
362623
201907
410991
221776
328060
219738
1118
314754
413252
476802
156709
365347
405266
140776
351306
323143
237149
302052
196343
194150
326898
454880
112380
512951
577952
201098
345396
364948
577071
200873
64897
342581
466927
21013
383818
12036
586032
1141
335838
264783
50095
168
595800
222881
49948
477946
351363
471908
457902
33444
213268
187568
146858
94316
58414
228884
288876
453274
43532
233032
492648
204499
383153
427510
257508
314546
175852
557541
195853
383386
368859
202550
369268
348832
328413
468917
479407
431111
176469
239149
228591
276001
330053
560552
391266
285890
219428
459972
561408
566718
40817
106083
514254
300198
571296
340294
571409
53822
209826
220943
511147
260816
378321
357761
486418
272984
562746
490044
454414
569009
408985
198240
537553
320843
297115
491668
88050
425875
80006
181630
102446
240426
541647
565818
464987
408737
392402
103009
503120
228591
514299
297062
381284
192756
266117
146172
292393
32800
173559
103837
294887
454189
297816
457535
218258
187907
355560
369709
93857
349099
212950
103501
51359
487208
271999
791
54670
431093
39743
288089
230002
135025
502253
510429
196684
562586
507962
345838
200975
558298
178920
513759
325706
421473
258817
363392
483622
295843
12825
527582
581113
236726
588998
568202
498515
561075
430663
304711
50602
527693
590891
63777
348869
2724
488334
94109
437509
171474
141218
309524
170500
47406
524604
374404
503690
430978
231223
383553
48126
358587
14959
51227
450856
424424
127187
251254
422269
575230
564154
470757
355656
559399
350259
135954
242342
559737
141262
85216
361911
206656
123409
142096
301986
390637
44248
39638
565388
73274
436149
59615
311175
498357
122539
135749
3830
210585
244766
222833
203552
160445
444361
513688
152120
586109
326937
120055
290429
225328
55166
358461
353311
398274
147428
398126
322283
315075
476898
337223
556498
463175
239895
151806
260171
93897
481107
571411
526779
13804
317348
460849
306727
25664
66049
141016
157495
331121
182791
111721
462145
71118
148181
559301
68519
322342
199901
563003
356138
561108
554208
192701
344333
171056
189231
52375
248718
438585
472046
1807
220091
302920
197624
409585
29041
350966
520728
208400
226424
507906
381492
515138
309610
113714
195684
308774
381298
499865
22696
161847
218817
318125
355269
436332
568846
448025
175235
522507
139553
155194
391199
497577
267542
128925
90532
433048
270377
558670
74295
285405
561389
441493
542906
551730
377557
184322
409159
438015
311157
445807
500200
562978
26284
443129
1667
376562
550773
595472
111338
337536
172980
37105
48709
464012
109181
74472
153029
51750
492624
530986
230213
175301
116505
401408
563593
330914
411589
576613
424519
448814
526126
479674
480031
277054
372151
395370
465917
435737
256108
166999
285698
528902
198862
81880
22209
394090
152150
106809
130326
396323
109092
511925
321234
163886
328203
544060
487925
153377
398683
388762
299746
314121
508741
124782
457085
289019
16292
68758
264868
220949
539371
337321
236491
260158
519265
136831
314393
213120
361945
251305
45188
493380
296042
297530
347439
557341
376027
359304
566385
474500
264572
561059
518339
439995
78950
580466
165205
91700
100251
380406
399030
443881
324533
333200
524938
45681
71280
28883
308533
340165
101972
34667
518584
65787
291204
153609
505255
265115
381666
279600
223978
516673
545432
581240
432043
385691
101849
77981
292436
71372
484490
186588
80118
358354
318921
412424
242573
584962
532652
134317
239374
329258
421310
159885
492979
448786
460284
424762
403217
397274
472540
110499
141242
397917
348235
134675
17217
576209
136124
467128
558085
344718
483608
350578
39387
449051
239187
332711
376718
538255
475998
345168
79807
127970
186844
47036
148099
229085
112160
163153
321447
566261
508141
288965
68181
513336
285629
418240
387027
176336
468514
423734
426187
117183
22548
580195
206408
570691
187028
528226
219955
181368
314988
583126
334152
542447
3736
28167
364434
55512
530227
66815
537611
168169
108767
93504
170687
263612
331902
155197
528749
248468
222088
261762
214062
298437
349721
345616
87141
534494
444275
411063
287300
214813
528569
324183
172687
590761
367589
185853
124895
577557
393776
54673
129378
351998
170493
226369
424640
419100
253238
11527
461868
386026
426359
457338
570570
296026
128200
322572
500762
136165
504628
246726
406749
356774
351150
523458
39322
89906
465981
284866
507786
152594
155087
233959
404134
45437
401373
546918
229124
444220
165893
463833
58054
97451
178763
18535
496157
180622
587044
342958
24884
380655
525511
477431
507328
371914
576744
342212
419436
158958
493865
391272
339804
105344
504680
384944
511646
493608
6282
141880
169660
356445
176754
6542
332210
388152
394189
196726
8361
282671
379504
258394
451350
270363
465461
33988
508456
559827
300240
530742
345115
406064
96847
437993
46102
324405
255962
80272
111462
400461
239501
188615
147855
487896
329670
219222
78300
483064
402280
421368
148165
269355
563173
62350
162550
135109
221428
50731
596266
531019
284138
511627
379883
355873
430211
443187
112518
260497
387663
323034
282109
123014
299604
386742
242521
44840
253256
580760
138613
406672
160624
275139
163344
524111
69236
315023
524900
449327
36870
385143
150376
570749
128953
261049
190422
456429
280757
89003
313148
204931
276779
460805
328797
40351
387428
587074
346604
208621
236618
528317
508463
392876
157671
399807
281735
451287
43985
440394
532824
497216
334325
584350
310010
564852
72775
159195
453647
578947
534543
291515
98130
360488
189334
383391
378250
288320
515099
73504
591360
495132
360991
118450
6362
455386
227267
350094
434045
446553
161215
547205
113307
223161
570514
203023
215430
118195
100931
23768
72948
402189
314077
120313
277811
565733
366498
6281
541364
118608
562573
516854
129192
94565
208716
425090
401466
143226
97361
359835
336537
426551
365518
580195
178593
298499
354013
509569
466553
431884
393259
574528
36909
62154
116373
234382
48473
341511
53171
262419
269025
150561
441848
53473
515192
18487
519675
317367
409121
495508
526858
222823
525198
434208
77919
269675
216422
510332
505421
246150
504214
359233
223454
358250
329568
146550
306107
257189
374651
205711
167953
268468
5261
578963
55814
490916
353761
344577
309753
389735
472115
125576
450676
65403
329243
257757
493481
548810
480633
152614
450996
580419
343943
447851
357309
263983
269329
340995
356323
88438
127881
65378
378588
430219
384060
440218
323791
507349
340803
329755
216647
489570
128820
401620
396545
592327
128444
74145
268818
452654
537945
308475
329783
34217
50490
115615
250213
114929
84814
391704
349572
338469
537598
370178
482641
229400
160289
496548
332786
528337
496079
59024
475001
578882
479125
452686
475536
259482
332307
258323
379754
472277
591772
446010
435836
465527
269772
388416
337126
294647
336465
171640
533785
227512
439720
162560
5317
132453
373016
150452
272706
248380
279663
54327
214954
541601
180671
114587
459404
117803
101922
252592
27765
206670
73630
239876
445422
416621
279788
562126
14838
460428
363838
465207
351308
375683
488053
51971
228109
473928
309474
405505
154478
57496
337302
514131
87112
472331
299170
108326
328144
47862
472650
517969
554983
519318
346613
282976
466339
581792
481130
429684
45370
509453
384865
29387
96610
467459
166599
25322
198151
505701
519876
379417
26842
34541
286620
170646
281449
414709
407008
425104
393725
126952
140970
461565
563511
85631
436697
195942
41632
102256
575758
479995
35177
178567
58641
505668
536189
197335
363675
163593
108023
560648
338453
3343
237822
70848
186575
102100
449554
349803
176113
241207
47813
100430
533340
10293
433256
451926
210895
204938
407018
125580
506921
534513
124395
66709
361166
28609
339595
82172
546458
379429
168823
274221
378102
399173
334761
364675
491917
490450
459871
263838
483301
107481
73315
105575
51083
508933
243004
244984
141943
99774
103072
201062
538467
11224
361154
344674
145684
238849
148523
81659
118062
54222
306013
498344
519196
500631
229974
563181
417849
201896
92708
500496
435357
337277
198682
278931
413941
66804
223646
164968
89151
191968
518778
465458
1728
476640
74954
498287
179791
488852
248528
190150
341256
323263
532057
420235
209000
105712
63000
377974
503666
240182
303431
345502
54918
400443
135137
430482
450879
247070
25863
541447
431744
174458
220386
322732
247196
375511
532780
302962
190489
589208
569140
286468
406547
38974
568303
25457
499587
65976
462999
516530
101521
100741
584713
223098
322975
114459
86284
327657
345898
390383
187474
367783
350288
414351
405666
449969
41648
234939
162851
252863
278955
131565
428670
584488
523857
215275
593587
442579
375925
451737
183101
170876
345858
550823
381603
411227
552115
306717
261326
219059
131355
423881
64518
74389
496680
314177
33099
577315
183490
139116
413071
121102
490642
172715
83513
572
353150
148860
540504
517965
174544
308117
288971
309395
422388
38697
491386
159292
63024
267924
142500
305074
590721
1458
408505
243123
112182
161768
315763
57113
522619
345861
270494
392691
182758
411880
506842
186232
254451
128377
193976
181348
332585
121451
388255
570922
109137
231158
117041
499715
465462
433942
180341
86641
527180
153099
91721
76585
382948
347227
340610
575394
400189
3548
331251
471285
252544
269627
210791
169814
148478
394098
163388
383594
149101
156856
411307
242570
287630
337892
317818
333946
262728
69952
154634
470737
117198
284895
346801
15437
103835
451623
384755
34801
500822
253861
580992
189877
124223
173163
166747
337834
551499
286901
323563
490748
149895
479575
319961
297786
332249
205636
121101
428392
24304
124712
101108
247056
511
442649
376051
258105
491921
49638
551712
108451
245475
31392
254901
72976
45604
542511
62584
18470
494672
16370
227791
96418
433938
506663
8858
553588
594648
319541
145502
555935
44185
15256
289062
233617
311579
26272
402492
271465
312880
514343
378585
7974
315278
43040
209382
270781
119271
565480
376510
253969
349245
310751
300907
146906
182982
563002
394631
130189
143843
434785
279124
7309
78771
213156
474380
521581
269646
69171
28525
159524
437937
94551
70225
255913
51346
47172
13204
67705
108275
560405
543428
501204
79399
122182
574933
285163
461311
141363
501693
219894
435271
120791
436641
174770
470608
534127
315863
183997
414834
82610
218769
356991
372096
210568
121966
53575
70673
182559
207863
571339
560988
254930
554700
152392
303568
442860
490101
75509
389850
429309
474194
353856
252739
139350
282475
467657
176919
335766
170874
458263
361090
230639
477232
274864
159810
267290
265662
24497
61214
187637
359178
133760
501367
295347
319465
313806
389250
177196
485534
296165
585868
334335
23995
473247
591637
2644
137666
236710
319427
55344
363896
475646
268265
168072
596815
114467
194681
425137
8178
561019
54155
418848
134787
77915
229572
353951
494660
428548
402481
240922
57425
347701
452131
55590
58374
93843
37038
341566
51481
502002
593197
14407
280912
209473
159805
4912
474775
421836
339526
432172
155185
394201
466675
166649
467352
251469
472990
105881
290210
402755
530728
197734
332140
440336
329964
342220
228225
417383
313533
15828
191909
462476
122933
43618
380506
159049
405576
494438
329716
248298
562776
182271
88788
480316
215342
551250
593372
231584
131404
374351
109861
32661
236315
351647
249061
326186
146769
127376
417492
379668
575345
249749
530200
328898
517043
543778
240604
406168
279570
266622
463747
214711
525589
27749
193746
596817
443563
471690
414115
272650
239040
12053
266190
549675
268256
221829
271009
333041
77374
504163
241796
280665
319564
292084
6980
530051
137597
225066
218715
533446
232565
196876
442427
575835
230080
580502
75551
349595
157932
17981
140860
38129
402241
83098
49759
550803
317579
390430
190607
76142
590231
80840
45548
79823
244135
210348
395300
419239
265141
275808
408547
52811
162213
564040
438730
292818
207689
494505
44537
315444
254332
199363
581507
150320
214586
237902
33513
38867
29325
243749
484312
252959
272646
493070
58990
166715
478833
291278
532199
63826
376376
394518
261965
111424
210528
323926
553246
116894
493609
307516
563106
379772
37569
67983
455466
423012
207935
135469
576374
130109
54532
241705
52062
306332
306482
17174
218796
544105
365520
208626
243640
460710
454343
170145
277742
128208
584724
554592
298842
12423
47208
57368
74817
41246
574392
446244
339322
343530
135428
22766
198283
587768
565939
556920
170706
387457
595672
8813
440322
557092
40730
518329
529515
412898
280556
502314
333346
135855
16815
576189
384661
574214
176062
472432
14003
298177
45894
506074
209719
81916
562470
135742
527632
436417
596288
455481
60976
562332
124236
202982
472765
148290
481273
90937
443235
110788
355086
443256
117178
447920
29470
200859
478854
380162
112229
487843
561958
403363
144738
127068
127855
139889
415975
151421
380550
181898
250518
85316
214325
363111
39796
473727
556091
189589
132514
199737
166151
575231
119485
522154
176510
182662
197556
582162
134468
477155
543770
512430
185191
227161
348013
324096
188181
228399
5772
294165
457099
570151
13030
535117
170548
590910
52081
124438
337431
514519
219616
445882
532036
65239
27676
197706
88586
595093
142350
267667
279863
58871
293823
576890
91397
532358
464200
175093
167489
380963
35262
375407
168331
245179
213017
398842
168020
165668
410444
379855
480868
207913
420193
282630
82031
2812
580759
345969
196312
266169
279094
460299
337081
276067
9288
437603
104138
572556
414729
563009
129889
364604
263270
416751
341485
21173
405923
198037
569327
534707
471125
320808
81036
345116
462645
499494
435775
514834
390947
434793
166993
90567
533163
192972
459698
470915
370378
267554
301864
424611
405595
95717
228418
504648
439396
553404
236687
104803
2916
263413
280271
353985
201981
307918
64283
193947
526235
70872
203044
6920
581842
354640
390247
61139
568368
529394
26760
456142
139065
396211
52320
281704
226242
565938
260366
363971
195917
334970
552891
28337
257652
153817
157778
359722
23172
434922
407954
155608
20304
198331
271156
497211
209345
243653
181663
242803
216034
321695
460552
314174
215945
16785
161485
203751
304494
129462
443422
364602
329423
124699
499329
274104
89305
360037
270437
14373
288161
182930
469582
401478
46234
109479
535377
544433
105529
92048
516091
501064
74873
31630
117055
43419
240176
75740
545874
41396
143332
573155
365152
73337
177808
78194
199585
509596
446431
325712
352549
232200
520625
57727
309685
24354
210965
487882
438652
338359
413189
405880
100294
10500
583825
420584
49478
525918
525625
253437
67554
468508
457741
552522
446782
453955
161299
420234
118302
212753
515992
70181
261268
239052
266079
160192
407950
498093
592899
75865
490403
592454
562832
414576
112765
26494
8620
127924
533435
445983
428239
106288
358355
313917
117308
437356
467040
442510
25624
57694
116526
174277
283907
65009
243797
550621
570583
355912
526701
332640
126652
520061
404119
533436
168420
476254
203704
244000
9736
537683
28015
162765
53217
350186
69315
573297
554895
140002
445443
235415
529984
229024
78067
400303
150475
417138
22525
436433
264875
331850
127453
881
359779
161266
448620
213999
283293
515815
53226
531819
183594
525126
316924
7148
243727
323893
228250
69670
51237
586808
340165
558195
84583
102501
85474
119021
512313
149760
221457
192885
305918
463508
43512
579537
20313
391628
6518
51313
333678
9739
292942
320353
21704
340313
138804
315168
468905
426920
11697
192046
350890
315378
519817
195713
206303
511577
149959
426975
458
242668
448798
241546
46845
45106
118116
580655
442495
324269
93970
500735
128128
477547
134563
14083
511501
275260
531985
257141
266692
41957
283408
171770
236037
376541
225970
18100
240816
514425
240316
74622
261331
572637
163539
104325
259850
200461
400936
451958
123335
263411
69640
14439
500420
82319
89569
179906
198197
394188
485097
109447
569799
306951
117587
382106
356432
182901
564528
90018
520686
272056
155842
495822
545470
350572
295816
375381
235113
113602
185488
530146
344385
386549
491923
139063
447569
147359
212451
247094
521819
187281
527446
520940
102279
189312
478689
276523
349332
180289
211769
508788
282783
545296
199845
360654
342255
559540
475063
451307
313743
251188
285741
57291
54722
252346
535164
541899
540522
204001
22050
65280
112644
194766
176857
579569
498316
455720
166837
407180
304227
582572
274987
326893
463978
594267
129993
2535
210837
47211
6387
433007
144460
420429
162674
28697
78439
567867
487459
440126
401554
491109
293094
280460
501672
59915
32801
257636
515253
588394
8249
466235
461780
502957
390292
302977
125132
74191
582210
429740
134324
92427
6042
423892
271834
170120
48184
401026
533677
166749
305076
85487
218522
304561
300941
196792
445459
48528
177775
270671
276572
472789
268077
543208
506306
73925
55047
470528
301836
229646
301840
393800
478550
333605
424370
266122
147530
132939
356126
292401
103020
403358
133630
531790
132180
247064
420093
262168
409191
35225
26715
155076
267090
339196
220391
161581
412052
438914
335741
358287
227012
126762
205326
7724
464876
411829
551490
414576
380482
286126
288048
353889
444727
363805
292490
364970
293449
590883
213741
287424
590492
292043
525768
317494
475645
486168
463880
398625
397253
563536
581643
387243
388727
588924
329682
27192
422289
303412
337424
563081
226865
284237
86700
279347
494481
121487
554136
594746
328995
6806
368947
569383
452514
174677
43983
334757
408810
413658
178615
319990
416765
324005
34228
389323
269690
468756
391465
178797
423480
239328
288938
12433
108250
366318
337207
144023
446227
264032
138383
485341
347555
352481
136120
326722
465687
419606
483975
184449
533495
93921
428611
596840
112898
143288
581415
443179
50568
219394
504598
182956
545505
170236
109257
378720
262492
253233
184766
185345
257596
163151
393697
149725
178895
220006
426745
100882
416409
52790
82730
160305
476346
545553
178660
438651
174472
64766
156327
89576
303521
573008
388987
578248
71278
360429
564117
557974
275149
288614
589897
321426
455227
51089
322599
29903
487112
132710
501992
468322
213185
565847
324330
584965
533816
257665
407494
283710
275154
272770
241118
107341
1599
375493
593165
14315
164003
475830
29997
156944
130211
323795
175656
511428
511541
551610
308575
14722
199425
461460
559108
511707
151427
485200
524694
126899
243793
283864
181558
323085
170047
508066
248653
50357
483291
382981
277484
249019
356958
573116
207501
98149
402036
186370
368740
419321
74345
34505
333116
332362
235390
341295
458843
543318
437413
14834
38656
408802
498609
141152
173956
337225
62948
239492
350509
263423
295041
566166
88007
301724
227635
122091
475256
282425
427886
439979
573555
52267
378390
102833
570811
212373
365384
363331
526461
288658
147085
391221
284851
116839
502607
83175
580015
482717
333208
332
218324
176182
373689
324318
566881
250295
310545
507717
561569
219278
66965
50608
39027
570298
238675
426381
292989
562251
26900
496673
199326
504975
217989
106685
336114
21652
344539
226836
303552
513195
134714
294699
462371
246938
348719
290533
439998
485568
196832
184157
426334
517438
245929
154518
327643
159563
182309
112409
518481
47495
373611
228433
95021
510992
305455
362387
380790
258810
278982
325067
254815
588963
137936
93794
579302
396514
127832
569877
586651
496712
355378
271874
416921
72664
319978
268730
70296
119499
13759
554225
175640
70597
511672
285657
296413
173262
485782
423194
471748
180162
120733
166571
196641
25242
359238
49564
539544
220200
291772
182921
483724
267433
494619
484613
28910
99169
591274
310363
446143
202589
404980
123265
452120
460503
347600
420273
97564
102126
210166
352863
477258
264592
177674
246904
244945
286916
228382
413995
462609
508993
206053
62193
543228
594349
403462
21063
101282
37215
470082
300968
432828
201912
512237
186448
340177
431855
111708
181468
48090
380745
429489
178036
589032
120166
182147
388076
334965
439663
24367
31452
529277
528938
124248
152055
26143
530967
60963
525764
368898
446357
559175
75577
487456
292706
341533
430495
62445
276542
484426
137438
67427
357296
480729
481570
360769
75630
220030
193332
324283
481239
240030
569936
90268
138693
439550
434982
92641
269102
506796
57906
302652
92784
100305
261350
584979
205024
221907
168574
143630
165667
455299
106920
422468
187613
362468
405253
566192
116449
236024
205677
146221
122686
327773
318020
569264
576134
406627
541505
241208
99703
439206
518357
62034
424450
285936
291310
525506
422161
386201
457550
499747
16042
195850
15641
464634
382898
455589
240108
215060
513093
146644
313029
301444
499756
121459
328768
520703
402312
355822
158809
197637
22256
437024
573309
219229
53736
129359
378223
217757
316589
404746
588478
483657
156809
216841
202037
1937
437765
177498
510599
102318
361077
135260
415304
505031
267815
201384
374066
140598
474607
82102
150323
465302
439107
131294
200800
200101
298304
446760
466554
457842
295035
254030
570616
549671
223006
497191
51383
31199
321062
530691
589477
40337
432201
299199
264678
139094
46223
236496
46241
156062
297011
560250
572923
354523
424260
335638
585839
229956
360590
69021
282249
150815
151390
488931
132684
247281
336181
199215
231918
379275
156090
505604
313641
72067
20765
26450
588432
390663
414595
307114
190525
348300
259987
493194
554795
153484
391582
571155
356226
202982
391119
58825
419581
242305
254126
299129
14979
526319
224250
508999
451858
4223
167923
19921
273134
238211
438153
41892
349094
429376
507412
309477
415200
40196
549376
551717
259939
331625
363398
374103
390906
175223
230319
497909
479532
502282
48529
231166
407497
560122
206248
529796
403563
173645
558690
39456
315453
204095
558179
376996
403984
5679
13587
550233
524547
147103
191951
131228
128981
552958
315898
431401
313106
13953
280179
79733
39146
213990
136998
370770
18051
496022
139292
521230
212191
401598
345501
69246
487284
103126
470857
210975
189024
505847
327914
519574
248639
42954
57588
381136
347091
369545
562888
390390
446380
390193
582444
274993
69168
108583
436789
90201
117270
441066
168930
493822
188759
398666
188948
19636
59296
308799
248438
261617
545855
472875
588203
289312
571751
81863
295966
484343
479136
508704
182803
511399
92176
237069
10456
373862
352066
544331
328561
132811
344598
80804
536574
461473
440884
336816
442547
39166
51022
481420
66600
505782
138941
143133
155933
398862
15281
363681
502505
14871
54114
353091
124668
422138
413165
309705
73233
228167
500370
194162
530023
347763
569814
335837
541101
62766
205369
99311
584030
547403
392161
149397
542060
495803
213942
249533
386303
550702
415593
415660
260818
179896
259132
252303
368897
36779
30792
249593
268005
545091
203968
167895
456199
371605
193232
228600
30795
398203
486694
526475
554894
360392
204909
308977
11629
246467
186499
36546
474965
254316
372571
491901
107978
94069
103324
287208
503646
540986
79310
394788
350072
518622
231209
556178
235809
62956
261773
585783
406744
343621
475533
384563
85466
190985
261345
268867
12938
374356
545708
218684
358641
546771
106352
3758
224092
208214
121155
216873
31530
85083
252095
440452
402882
471220
142027
253007
473524
111917
18260
203760
551231
87911
331888
102148
22953
222583
503517
436639
224967
236603
211644
190862
190691
168936
222709
445130
261934
369536
104421
507350
141561
350438
45718
334019
530604
74710
142704
389650
588404
25676
416898
88394
131977
125078
117449
146501
516962
284816
411238
527348
135716
289222
13632
402349
312977
377729
514693
539514
391242
383807
82175
82767
407011
370934
375038
532077
479082
384549
478105
191150
545510
550775
237265
167298
93134
543844
70887
290166
436472
236271
460100
474757
554188
133297
506944
562528
332354
61149
342269
197151
578279
92319
214463
444879
132420
67104
275844
88724
551952
152310
465661
445242
471010
312641
297429
514593
234493
110103
297005
405418
116674
266967
405256
193609
360787
513021
317777
514729
463763
112487
183347
595398
48934
141488
507433
252946
97311
418047
147957
351656
460808
6745
540853
318128
261112
357127
167650
585884
467140
437595
589742
323995
546800
243916
148343
450634
150533
374373
574984
477422
418146
197516
132431
184901
546283
95261
311629
309877
554571
495641
170649
235404
213085
459893
55660
283861
423918
270365
473334
145587
141795
181710
50310
120384
161972
383466
77604
318127
331390
397836
195665
228683
263658
51149
512960
76797
449123
484158
93835
7129
398368
287948
424008
518366
218901
223097
193764
286764
531261
225704
332930
361405
5993
459836
9607
250529
340459
404007
175707
429925
587900
454526
587476
377188
39493
236126
264088
130960
527760
306846
31726
463464
23061
484504
371862
250869
526192
343407
238624
450564
209571
45415
283822
414578
257672
309163
454581
484784
237923
84864
590715
460568
99506
64891
319055
309260
47606
217678
523493
506794
507063
89245
71427
595831
1990
83382
541116
306066
259613
215054
477982
218074
283760
165166
575032
365739
281414
509784
38081
549638
449665
407283
309415
288222
358369
450318
485732
245370
159456
382656
350349
313949
326047
190662
385760
371676
228294
409137
265710
97105
190586
296451
470295
103971
459124
26384
389661
182873
77773
40514
365447
545904
143748
186253
224986
45622
180307
542577
342750
507483
225117
509266
223441
41091
174514
102118
383684
219465
507147
580188
218594
354292
526746
329285
452842
512799
305888
81849
85782
169672
214293
299698
335060
364911
493033
287449
76442
28745
552764
303625
592927
107822
400123
569831
134623
65769
591280
411973
544221
406765
477565
200875
246813
138928
533707
543145
99365
589307
584383
309693
145168
387133
162172
395485
188267
425176
181614
511384
32479
127322
49969
121830
106850
575232
527629
374698
347944
528858
450506
217912
535828
86395
134917
512039
408171
514180
27964
566864
381541
171404
593473
197435
41240
495445
463129
107706
68435
570516
204272
529184
365759
281702
562998
555751
273162
224622
278429
442589
478297
308300
504034
48140
187149
526238
402944
98187
414570
69217
225857
393381
489120
377790
231539
199722
291849
170952
593994
121123
97161
202695
508946
385476
202113
95555
372779
495096
525035
21256
279260
550217
264894
232876
468480
224042
549149
272433
63693
417465
495075
223480
548830
146499
92939
536807
568196
546771
210540
30991
349522
496578
571585
187084
200879
328499
62576
179297
408287
319392
549105
106487
400593
234598
34557
433369
432784
320852
455611
21070
278278
70128
70580
516059
332072
400118
7133
543531
407437
412542
102440
466823
103269
416574
46028
266993
268041
517434
168108
292418
188265
128640
201973
31447
472866
212016
484031
526784
213154
587460
73267
461755
174132
198656
169845
129318
500806
293624
176398
352451
496410
300257
560322
56586
499392
152182
444643
368183
226804
389232
72464
31521
487221
481020
56520
315766
33863
220060
405353
299350
532172
12713
590865
581102
348226
181184
369149
270588
431936
553420
429079
523020
563564
289912
393633
71991
208804
279539
543509
293426
491545
302084
566557
102253
523217
398814
139976
592678
31194
29811
198347
507424
463644
420394
573529
537834
320754
254888
92615
561182
252146
360294
284836
23361
399760
78666
237841
113654
413265
285031
70926
234179
17612
332473
123404
44903
167880
52689
565373
213046
281206
595309
500254
47158
596887
127514
13069
482836
119723
320543
89281
363644
568835
18411
119930
217726
431581
174005
532624
468784
588412
474036
425999
392969
341568
575447
298707
399180
29958
463265
484743
359423
361002
273154
475180
172983
332774
352759
315666
569909
426479
546478
435563
416911
176109
3545
120429
454277
116845
297953
130282
410152
199436
187065
342680
594493
462193
124107
546882
558263
497806
568252
515496
18190
493120
508210
210062
399266
140503
468768
95696
203593
136808
171595
341481
263433
71864
188547
497443
344328
504329
425181
286044
257720
576094
403769
143895
125988
87575
396302
414404
381517
447084
470247
175654
253019
3996
547886
418397
108832
433776
456992
269387
177214
523594
135302
46903
260154
226651
25753
105269
595513
338648
130205
22401
533728
176184
2146
562598
400131
511778
244022
122323
498280
477890
153967
381439
508727
523984
509143
417286
470999
48100
440095
290762
322301
211395
165575
340775
243009
487590
14139
287725
547270
393775
291823
361482
488163
88839
306638
150147
303520
415637
185141
290369
568713
246789
528412
201305
474205
394822
426662
533397
2220
53388
204853
347784
580263
394076
255323
72326
77510
176578
451678
439542
593203
372247
542198
46535
284541
138483
318869
165417
214438
242251
474180
596728
54469
393028
169794
106352
395227
571427
177983
507333
34927
96595
577940
234792
328344
52622
1221
425115
230426
6432
11092
595492
288073
102798
145504
226133
70417
586878
424125
573792
85217
447092
470798
370124
576902
535717
104560
244353
581171
591866
75367
234647
45900
503896
569522
175125
520042
358408
482234
128457
403263
316995
133005
448849
221305
151511
156829
497869
165720
127335
507246
37234
585923
49761
52702
321746
212562
37872
596527
275956
428916
537522
329844
186237
539152
547658
208273
60888
80661
302802
376382
465752
44514
200884
146945
147664
144304
459848
592882
200932
115459
147490
396757
466873
76432
166771
209666
225555
563915
75184
370089
322303
103581
5661
290903
128756
116500
590026
460812
93946
297444
17684
566401
528797
260839
477309
46916
441723
501590
587286
242372
43962
191438
163036
90196
204533
123149
16756
146048
157184
22291
351990
349462
423058
106337
319708
594995
59683
552066
87265
551969
568813
16172
209821
370883
51306
502620
326399
353950
326712
584278
55745
146981
351976
119975
558615
545350
169098
258781
571583
421307
247183
367432
151915
137077
482870
539392
519636
246402
280399
346905
302189
469950
188023
283768
216375
188026
127956
543046
479337
76347
7359
237926
37713
409810
8020
397198
478215
592819
87388
258164
290204
229338
418886
305074
170673
186940
76093
117800
74454
231277
8417
372252
179346
88357
504595
43625
538236
362011
193677
551494
225377
476586
362972
337852
542673
283603
33194
437946
10758
573583
141844
185817
591982
331939
344747
389814
95958
367964
511003
185916
346954
442489
551539
185843
93492
249068
573567
226576
187522
107949
374406
272196
53547
244396
591444
200142
30795
463713
475448
187098
116499
513107
409900
567979
522320
387100
433376
249508
557954
468000
2636
315021
33202
518157
462517
42762
51380
498200
256861
349031
548942
402208
565956
274570
567837
485099
414571
8672
252127
573887
158646
99228
300909
137314
289247
506749
125540
173292
144501
536870
52158
142407
249714
73164
17314
177275
226144
262181
280388
513425
565946
77138
594311
66605
158256
89547
343003
123969
505939
159994
547016
156947
337420
249139
227649
281104
465362
448567
445819
581004
235315
264812
234524
567197
19386
514518
161455
150387
359426
286009
64817
140968
144308
128007
19044
148826
381821
115282
5880
172910
190078
53954
92983
41210
496769
387518
583463
305660
564360
120284
264144
400616
12462
66615
88216
571309
218867
490537
542017
383616
272031
149831
146209
534687
123851
246637
347811
113375
60771
357608
72075
300192
58766
504674
560075
280137
512968
512637
100885
593530
172618
368531
384660
62028
468454
363946
350800
383659
80180
277980
176468
39962
115020
406614
43430
552501
83917
541670
284240
135842
130221
334435
391698
96461
518168
245347
22742
279296
59645
165042
78978
368385
6995
516416
375064
336125
596631
495317
156649
533116
67590
513736
497100
419566
468142
308984
99085
464502
27538
461550
107635
393446
77152
96496
512730
405388
383227
66081
400426
221253
270270
548088
61383
44075
339724
404348
460015
592034
271401
34153
280045
334476
155316
498630
69886
129759
264253
553181
551114
48378
207763
81844
41288
537331
180935
215922
71518
300892
444201
292331
533300
415661
437807
96634
257768
151678
196531
107819
357097
206690
175503
240489
31708
582242
506998
14254
402056
213917
395065
420935
282100
194085
445187
572130
56934
245570
523508
289375
570430
51850
95973
426948
527276
513523
145347
489251
568013
169766
187191
160946
401059
366713
211869
531306
572163
503045
49406
162701
549908
474189
269505
513180
391441
48730
464650
466025
311549
359938
544772
214867
118693
376589
310800
195055
156988
386417
514483
457481
577536
342105
51184
220515
103767
68607
270987
500824
204224
291375
580335
396687
581740
341051
62405
134614
427524
263837
239340
283499
95238
332371
280502
352800
347392
545709
2998
588155
447987
591943
393436
247936
325074
571258
98321
351087
503463
122166
327128
333146
48884
573575
412873
141381
123856
390387
459657
504630
464800
71182
44820
251777
474159
358455
267230
12837
582068
324896
98405
1107
567991
204900
188470
25998
271311
576778
242954
28382
313496
171277
471723
563088
176865
416969
373330
567189
326789
83370
247665
468577
394797
63439
503006
306791
301271
536611
506320
331616
22154
121361
92579
33412
117179
480739
246345
140375
464614
454396
335995
350725
398464
36569
400726
515733
188270
525305
547804
322000
10428
395689
222411
39508
14396
162013
378104
475311
509164
240972
55581
79977
560665
10786
592350
240411
268641
554687
181714
566538
183523
417762
232881
296595
187538
229736
564044
528063
153518
283466
586031
431457
157010
175474
105501
334000
404624
90204
430044
72368
171141
3009
413153
20276
497829
439502
96019
270107
125042
74879
310420
284444
528351
273981
573108
10614
301898
80374
314964
84104
424331
521691
180718
593475
470695
463250
562450
155498
414680
199677
126757
306504
567616
268369
16753
410597
197801
310380
286887
57493
396796
329521
519449
236912
193850
447360
33833
545224
71053
500063
93521
238867
260839
483994
6029
483157
518876
20341
287674
304753
266790
161003
422342
326517
582967
423731
528720
198949
152769
433933
533406
149143
51163
121971
512824
41121
430712
168177
299150
243601
13206
294795
56688
203407
464057
56121
41064
319421
72344
235187
106595
405890
447668
131812
333625
430618
224913
538231
543769
407883
478238
365259
556353
18359
288996
94581
354953
558865
523626
389170
459597
198079
480076
462309
502127
452302
266054
251921
237723
245629
401605
362983
447215
114524
245698
201050
134333
169235
172083
60622
485410
89625
165332
527061
488127
505613
81582
349253
192359
84522
476756
576589
268856
72273
63999
548996
563419
509637
229811
133838
548610
68221
299755
146872
519876
16736
356967
461208
137382
482947
177691
263005
56518
482796
495486
408373
503706
121220
312324
242049
193566
213317
570985
582617
171532
145565
211789
301572
291559
16595
195538
46062
47914
64240
50425
287318
86488
159345
445515
461378
126355
10640
552216
1989
167027
69889
424146
533980
239510
490199
53563
463397
36396
206591
279877
439751
341855
259088
18944
190405
529041
430493
64028
258621
48844
535404
122967
537348
476936
412612
532835
78852
514316
569636
544769
433886
433530
210514
196979
222089
31123
378594
506877
19642
385548
459944
200091
478096
241485
204408
234719
217043
92422
82007
483629
458060
534537
502361
326570
368256
379167
559466
458661
426963
22934
517344
127666
371040
330476
376911
439914
22537
49078
262469
275268
290878
265278
585046
373035
368975
447964
584131
223870
9604
509761
19502
566007
138234
197675
578693
343992
216713
200799
77185
193901
256006
520211
448299
542645
410229
354807
594408
542759
42576
320084
469512
256103
207438
405647
442562
85836
41204
266498
64774
46635
163394
460844
175435
173988
442683
228595
78367
523237
163506
211748
193227
65890
136633
62136
397737
360424
318356
184106
444028
178016
421830
374474
153038
394533
425588
384137
334065
555925
445181
412530
315238
171101
416051
406983
493686
268653
204169
98707
509015
528501
200133
538713
456270
536190
571729
436517
309635
312920
426570
187704
407030
143364
110613
182362
72516
43928
198963
541104
361605
312005
258595
44866
144861
45813
567703
129326
524485
249178
555592
306036
196976
497136
433173
395070
14593
419205
156340
304611
485734
221543
346380
303936
521423
82108
43381
298287
279935
440770
408988
433845
507604
171152
488011
555293
430810
197434
17004
141897
354484
359454
208410
280539
170851
462326
416044
378286
496267
11296
122081
262700
95695
173145
136629
471003
393886
49264
518120
144895
82761
583182
9695
211919
150580
3925
487148
400812
111209
311286
171519
473805
105387
319827
559168
151527
551190
319894
282506
174948
290103
62685
412460
166246
323593
410529
559625
17565
311155
96298
251570
251076
11535
217155
425745
16144
581190
460890
475625
29274
143421
81753
256391
300236
52382
68760
426604
261352
319241
345080
325897
434704
343576
118255
47703
475827
157642
267883
491045
482868
255998
378181
552056
578570
250169
391317
313848
321765
260435
420454
177369
34476
389085
211936
115410
165134
490398
186636
20204
447362
429265
460786
288750
52472
396095
476667
550849
289042
309521
529294
574023
275257
30500
381094
383685
504835
130858
224361
25953
576204
594798
214646
265177
60610
537133
489744
552935
34526
289373
547648
405718
143190
166863
211629
582408
452362
373520
178092
200816
212062
451791
277494
126670
328645
369684
489304
303742
234155
201070
211976
242533
290181
514683
344403
91576
480653
361498
159068
532612
16299
554209
173702
547156
282464
256418
334664
477812
372532
383941
310949
477813
445212
295813
263112
49727
266648
369837
320198
436867
154815
175330
98069
358974
399991
211898
43005
389778
531200
73850
561463
248912
449903
49976
587658
244975
43154
589849
501287
275423
112748
332161
149802
353534
314367
63147
548225
27606
398422
435839
495504
174419
424063
75532
259319
456275
61911
287046
40030
115669
269435
318265
523576
229157
488262
155092
18944
72680
497515
550572
270366
13098
560589
349850
576995
446876
274906
333554
456986
553155
263927
218195
296300
595832
364662
561153
91223
538548
93453
532577
363756
426142
270757
78647
573770
75074
351163
406034
387074
363208
32359
427224
200635
321091
577697
568250
503104
89368
81730
360779
81979
148409
151641
4167
147747
570532
3333
483919
74144
404139
237264
128907
593705
510032
167205
46934
66023
83645
135000
152850
551684
282677
431611
586614
137518
163150
392619
329082
193837
8004
512902
32338
558870
538281
353406
489376
529315
38991
95441
348752
514295
242641
148826
92979
156662
434549
213479
65741
127156
511955
105385
308894
55102
284253
477655
50201
254137
521457
21133
165155
45622
34092
99834
467642
314294
455285
498716
580953
426456
534035
303587
360023
364273
249125
545280
87092
332323
24938
136137
115148
134199
444926
469936
168872
407942
474752
156419
131071
348393
185274
454777
570135
257138
107676
178405
120862
405256
296019
204507
401122
376579
403559
244795
320130
398729
161096
174179
324083
485485
543043
197700
462903
65783
58053
15410
244438
266297
327187
488216
28413
119751
267481
168265
556108
295633
594478
371195
279257
174047
384705
514357
371718
177197
458923
433187
95176
482916
476316
146678
104961
445600
288372
382063
241799
528085
500962
169357
334858
277544
301815
450458
528494
110158
507081
233416
549750
428582
153624
500758
501365
589627
526325
103978
525161
170048
519712
255828
13079
470190
596153
56277
458365
267274
518666
372665
341361
464568
252185
318842
484064
3191
16116
579931
48969
580350
291047
379362
108614
547564
375296
274837
573738
347826
67607
16937
561519
53247
517892
296809
262023
71634
222399
359659
320304
241829
291873
363227
531774
571896
73487
377932
518910
496852
472976
507343
47371
107327
396535
563082
366241
549744
468234
45301
84147
221459
144776
274523
62608
520042
327640
517762
115129
247907
35960
175443
430865
12351
461453
539444
371839
453010
441117
178748
160971
71815
402370
339996
542974
97010
243651
125145
353125
462610
144619
11910
465051
227788
240780
588235
194654
208888
579170
563753
113412
244130
159439
83329
451701
554750
163735
16122
191478
372097
49910
583196
419910
525383
423991
53713
135460
402243
267053
42256
289185
192279
222840
500759
309705
406158
21363
158776
94367
286282
217157
511992
207714
193624
180529
32095
355077
470845
93434
546353
282153
412703
380015
490061
310897
303224
529760
297208
500107
393554
103207
413199
21710
515581
476237
230979
399196
548356
94817
379224
176536
108921
231880
497136
5747
263473
565017
479026
174905
567901
958
344391
99397
361772
523356
123102
163467
567018
26160
497288
10970
513609
87523
120615
207999
310281
70364
463224
537939
306612
501131
16795
174527
36909
294806
165698
166666
301440
564709
53384
192980
113304
191345
135586
559722
298695
237826
217972
573243
155501
343626
558224
117551
105567
507695
169880
460290
91660
421842
286652
404699
126202
159459
469908
147849
579288
320396
252836
30748
174260
66499
541938
554807
105117
307241
44461
197294
429870
219281
535067
62460
165183
59320
236726
569600
535077
165131
499008
394646
575521
373493
571329
138196
60553
265147
591149
95126
489358
169566
111623
110274
309696
452275
464841
475830
363563
486587
434114
36474
247222
305660
183106
327254
14499
342074
176936
22284
17372
551245
163784
320598
435457
313494
39079
464762
49104
212210
294228
156003
161340
437758
68625
279605
592432
123942
534176
136898
106870
527129
233752
230969
270648
76874
123398
403218
144405
529933
417548
336570
8433
268249
523492
313552
310963
349426
219162
295362
220764
571827
82168
304292
496334
83218
170738
159396
560443
453827
194580
410382
565808
146933
528166
322982
196006
166519
284129
495023
22831
294795
161605
586640
33098
334172
404762
299450
483326
504711
347690
446207
594530
566003
525511
370798
232206
92765
563291
401792
578623
459264
538566
480624
384578
13945
192797
502222
218094
566667
18438
100559
352376
205740
253939
167531
360
395476
517624
408390
359300
218718
259150
53514
309467
321731
245060
460990
591292
788
320969
550315
457211
503958
332970
98700
390666
426431
222817
396579
471042
477910
453105
140769
595609
129351
190196
580615
590797
185888
160492
580919
146493
580603
581474
10595
247309
555347
369603
106712
207557
407967
485871
241421
456244
294479
315403
133737
30537
358540
23508
488596
259171
22530
162165
582975
322690
426212
401651
309767
320839
487179
507166
458327
338652
486787
336760
243853
476919
369036
583292
144201
126137
188006
350022
218359
392221
581898
516283
130554
341485
170
592740
191162
225844
565594
166429
337052
587015
484597
263562
71751
123487
138801
569285
179536
461658
557492
551610
528505
183349
69852
446315
518000
350561
217592
420975
542189
382748
280682
50238
217395
239791
361555
50541
54170
295888
279388
166565
344256
225650
25755
488937
504756
378433
238957
487212
352149
75225
587788
587334
355056
507236
543365
197568
459038
75199
111791
577697
119439
189292
79849
180567
201136
187835
46390
524883
367316
378128
451450
396077
359138
88815
564131
201814
381559
323040
40406
227284
223576
328100
319606
533168
502185
527358
35346
321772
137127
583396
437019
63140
148371
65073
50884
320215
518417
393256
236635
367806
358755
321053
173591
485363
474892
197015
247512
458096
426701
377358
545247
364881
244833
313337
53519
342106
2495
305579
489797
18421
453504
325165
493044
353930
86674
176811
3282
69836
287919
337158
381908
367156
459377
163242
260809
372683
565923
522958
117973
139199
460388
409563
413809
514576
179468
383693
96588
454717
108211
292694
340170
306878
74932
591979
519837
64558
338779
281609
542677
553075
30963
292108
542323
303694
166422
290255
148578
4864
410816
511861
217324
356112
32067
477033
102954
165467
560383
344651
391736
406430
476936
330496
373618
182731
115006
25901
115617
45904
3479
572687
272472
403435
344779
209114
359674
302737
536368
304403
68137
515240
574969
221385
345841
551470
345844
181464
371802
126672
124796
132744
279806
562518
136367
114856
61774
107167
360827
20081
222299
76442
555986
397816
427846
330655
85344
399509
440678
576919
226283
123264
426055
543801
116954
595266
382847
526759
492097
454174
133620
488920
122077
152018
32087
118372
91811
412713
190748
217977
70198
515973
264917
161255
37149
581289
512956
344968
388230
52174
133688
363658
94436
563624
76225
22396
18682
344999
455205
365367
367677
240789
508476
129618
6952
403237
427389
446528
154107
390343
116789
454261
420417
106230
155053
309572
400991
138756
220382
301936
243961
317757
375878
568472
466339
328942
326614
277402
366281
181299
165390
44972
164611
288310
267328
419561
324425
453714
562394
179108
31038
83286
515532
137397
135442
247425
579299
258014
64005
287826
43091
207165
47819
316328
480454
510981
18357
330172
530238
151962
70915
312416
141162
7364
98027
575129
357342
402004
477459
112458
438954
241065
413236
339338
231536
385436
206260
81790
593075
124920
543937
558776
269536
527309
584335
527471
529534
184749
477535
271497
80629
91054
386439
112
359289
456986
13339
410112
17845
327893
340803
591835
147929
97262
55508
436762
390786
253023
75395
425929
79834
591560
224448
418516
210100
229732
176666
333618
420968
289140
395067
300149
272166
278886
276278
162034
506686
512394
16580
399370
570855
519127
192569
539839
334649
23426
1600
224022
409520
467507
161510
552215
292177
220739
167951
274577
473633
240344
234900
377044
92471
59762
241264
536621
516243
502367
101463
60036
248332
568334
146317
123458
27828
216307
575448
310459
147628
449354
368827
84825
462470
592141
442229
155187
6717
425314
595039
374311
414853
501728
69904
68551
492904
299965
518860
356354
422612
298536
420751
472838
187343
199586
566468
70587
140628
333802
393394
243351
162705
295378
22645
171363
121958
290970
488770
475672
120151
311825
298114
207821
344022
343279
140333
298918
106201
1275
17862
448706
38902
43040
190513
452062
158879
316151
197075
84394
550068
325328
400901
206491
291153
344208
488482
523797
10888
515032
503499
525283
64532
526992
83406
532766
18826
177339
533820
474068
410901
190879
61107
70056
54751
303756
137780
68828
477954
130666
355205
379690
439333
398292
539478
130010
182489
594330
594406
91692
394212
2148
102118
108107
35944
166171
240518
483877
459558
531351
246607
3510
421992
91623
378985
559593
231275
463046
513732
146923
269955
13486
192113
463450
407407
160722
474324
250879
324390
95299
427318
596359
195630
574483
299594
19272
532477
50904
388318
283563
378542
367349
584308
50511
353871
574887
262604
494732
28534
68453
560194
171628
476926
133740
103356
331944
18472
203298
320548
346660
29658
26166
196891
572760
108489
242555
175194
65052
493685
92079
59677
506084
398944
244422
471142
481190
155934
135021
81564
466224
394736
315139
233152
424067
523964
419746
126925
393174
5053
357769
546227
347974
447768
290354
366386
72675
194430
41594
33938
105249
568257
427129
315038
254893
103351
434070
430384
402829
249340
567612
340360
473827
456458
407686
286511
282978
174677
186234
321435
595781
181206
567084
120257
263818
156411
378149
261276
394163
105622
418078
1986
408002
187111
391763
13550
515657
421979
456496
127538
224269
577032
545850
43500
182403
514272
498652
421726
124590
73258
540169
217905
347126
278980
47854
454716
57110
290620
28633
119510
584783
130934
138089
581137
550621
513448
491867
490723
211442
510375
93914
330172
389411
202924
555871
219302
71668
242021
347898
178626
381815
29661
3183
581608
1732
339287
209888
242729
32666
160486
101196
385379
223058
445602
107329
475650
367072
529936
464576
241117
275702
79518
588508
326996
191281
185979
290432
212027
419410
360676
43969
127380
490894
88557
187786
440775
198642
341900
78373
66612
364017
532719
97601
222707
297808
147560
63961
441341
191164
39050
310914
215758
287005
499643
476083
401238
34260
31163
197171
44085
166069
122201
351083
220610
516990
46924
131567
140399
85598
69107
392555
320550
95157
441188
97739
293437
253372
70306
530082
15878
566848
157430
493134
493423
237257
37572
210000
250788
179210
80582
101651
193745
490612
367275
127732
360099
314145
33459
282677
183421
106348
6698
104386
287101
161442
442690
407054
434805
193664
46640
534128
410029
535868
422308
19756
477723
463678
42721
22490
90743
306903
61952
531084
228755
278162
399177
481416
353705
451704
38610
442213
517457
314133
385901
56739
233960
225561
209026
589267
426992
442559
191415
180200
449076
428716
526556
138745
513407
153060
430167
59881
504942
524066
142207
14474
523007
178460
430033
278834
298099
313934
457926
585047
264661
466166
34167
533117
319602
337723
213763
417260
58298
186829
494279
133954
230171
46379
214974
33878
326407
208489
131900
68658
383077
507707
56700
565075
386254
371527
364452
324729
399592
126603
422788
55579
512662
324111
386118
567744
15167
44537
231104
493139
337582
368658
556075
433366
47425
94689
463443
469382
547484
220366
482422
13388
357143
253819
250717
79722
549071
589832
464811
324204
382413
309804
420839
593414
129229
537852
328162
153487
14587
84624
75126
432682
222311
309998
267710
264991
299660
303944
553382
560125
439893
571962
188942
268680
184707
471974
544912
49778
103855
78515
420330
198758
534267
582088
190469
11841
433145
107978
177496
553884
491522
67253
367816
592776
580544
48184
213355
395482
50875
499937
48184
249134
419588
259089
554249
418914
262641
479721
537381
504833
118694
504489
179880
315272
39540
92721
460372
278118
543465
232224
457558
175889
154289
438199
221278
524531
352490
220623
464725
247943
585877
486078
519137
242893
53471
167421
551923
21464
182594
234548
343249
276208
150017
489190
257527
195038
158243
175646
344
283231
208943
427877
180182
30955
483401
281126
441481
54629
321506
495462
548155
530090
450516
69410
382145
300357
321549
369879
22663
353813
315326
456723
129408
490038
182802
493388
336057
586114
183759
349553
434307
194176
190042
118968
263131
24207
448175
382764
444265
515267
462913
80306
516391
153425
476097
240956
514560
329467
585540
574621
133486
42969
127052
564349
335389
540633
157145
209575
14192
432917
386942
520184
395806
436400
62878
434581
324819
82906
344488
66739
366765
484744
173917
449293
389702
240561
45867
120955
344290
476008
140876
512202
406530
90210
376056
432653
228919
529095
579716
330126
89313
109978
123259
436872
524055
377184
105565
122855
12273
414738
289919
410181
438825
327153
177265
190221
306247
131958
375734
519218
286108
499243
344388
345310
269571
170127
381906
281981
450929
214165
555632
415384
374231
578782
503440
238199
77893
423082
332514
336048
259052
285717
492031
266001
44085
16746
163722
447175
196050
286701
401714
209645
298046
422825
98743
228234
29133
577455
438383
18198
130090
454665
584073
535819
127035
81631
241132
57740
117258
298539
546545
571200
556939
257062
172903
375441
336561
395779
126766
100300
92392
153291
544535
464399
439696
263340
510651
49489
338141
138604
547907
171969
189362
546645
59493
411701
268855
20505
591065
189513
82692
66679
227607
383516
50960
362001
96005
132914
143773
61964
527906
501134
281825
371495
525149
386877
179555
518745
196334
140622
552210
42685
435023
16415
342130
127815
95038
498559
247632
379095
63727
108289
363876
567584
269016
513709
497207
458979
468663
50560
269151
573045
488171
173501
399562
404404
328
512592
451340
227730
582190
328523
24312
36734
224660
587600
486793
478191
241560
535174
145430
343085
594191
573676
460979
569598
365586
288031
333855
400392
406668
140042
438405
49935
559742
352948
287157
390465
521844
45824
443382
293643
263195
355537
419876
79745
60478
10564
74603
565541
108454
180431
1935
446257
183771
420965
573193
404828
507152
408186
126168
266484
491325
53992
502811
226187
118422
90358
324759
502439
189041
431093
549159
367366
554308
358260
164008
221327
172658
465772
203727
91302
534872
339230
85130
30772
415876
198702
163675
404722
427031
237941
365424
453813
121054
347963
327014
188664
565690
436945
356939
307239
264633
325603
157268
397881
68625
202312
135850
171035
136816
221445
477430
593173
116430
519491
526600
414247
355923
577327
133477
40900
417692
72553
387879
154283
455255
291902
108114
207825
356281
437900
152795
266304
181374
51348
83502
272091
408773
244409
578275
529230
474514
373903
96015
104029
250846
535505
474457
18225
434852
521604
145585
39892
48407
423646
309254
21667
189735
469351
483123
220516
5462
562446
304170
14126
193039
499346
73436
64262
466950
188259
51218
104250
103336
230939
277383
501817
95736
59441
465933
528532
310400
255983
17109
405175
280288
131587
34002
303402
121881
2114
454430
501857
263647
588688
549331
588452
289362
244431
89264
577020
223839
451810
408699
199235
484953
550853
390191
585024
514688
560541
358673
294769
228489
85427
12184
400953
548972
129308
100668
294476
480250
146660
362946
376537
107060
583381
188861
279220
438458
393223
17626
411660
285507
182109
361739
481198
111156
145820
42650
520969
471114
596119
566860
151793
226949
145571
83392
56851
594625
378885
260847
445178
222571
508638
357601
531437
206452
360664
478621
317987
585456
592241
89464
173125
106419
65838
334155
578044
231960
211059
560783
40942
446038
93720
446564
402269
104747
536317
10398
207504
309688
293582
356644
25349
312063
340504
381849
45229
53918
209224
548172
405873
364517
301299
521325
328183
404609
75671
7037
251999
575195
2137
193188
192
243272
123628
361942
477895
518705
432023
485039
594989
68263
483776
460861
13307
261661
595463
39999
321615
291093
281797
299625
389665
428591
160488
587862
130861
131306
531348
103598
245785
187858
533847
145095
130110
534230
540616
27468
451826
349556
122169
197514
302969
553628
421286
319713
559870
502550
45534
489139
298707
383088
341211
356122
32962
451948
174172
65411
210163
591154
87315
365435
366269
86532
444925
534258
257071
102643
120150
320275
216065
235786
395219
512313
133491
72456
446260
275403
484645
507950
476114
365912
430141
292433
267005
349417
347280
516073
363791
207845
187316
276784
555059
252994
221501
536030
148734
510709
344880
278370
92917
41727
531556
141960
248945
309015
392380
33579
296538
266635
276457
520061
476003
6524
560908
456411
174796
298726
179464
516594
508057
518400
347528
281302
322185
485157
63154
541569
91288
428673
47640
380654
536329
584727
59980
478283
433738
238541
75752
361086
8776
197477
529063
35062
282863
495194
30593
508957
494874
554930
139637
165259
480755
286005
486417
362267
79626
181073
232390
239876
288561
262340
380420
50119
105104
516713
250971
526137
353134
338623
291378
255686
334662
175661
347475
305748
271020
359557
256207
525535
261256
1136
228281
438824
50477
463463
267301
107729
589968
153445
405566
330074
581659
502951
510298
288428
308108
476779
460192
500716
505046
275361
424728
274909
253808
378532
338736
293594
419155
558994
591058
413833
36603
217790
470403
397425
107895
91024
383945
201419
109124
468576
43258
176044
589090
213129
213401
427872
32963
362302
378039
570131
509700
337039
400138
89042
535712
49722
528504
209622
408282
479476
11751
112261
410784
315373
426515
291892
79755
221026
84781
166876
47596
575721
130861
412639
582345
226522
195339
481262
323982
553650
38364
519691
301844
574585
492474
110709
373339
474109
305512
415475
281690
520236
138910
83614
479950
392798
556367
590577
528021
38624
495621
566826
34996
206960
185076
196685
363805
137338
169699
169144
151712
495709
206010
191601
521287
454951
520557
332340
487172
230780
100166
271784
142110
115692
956
117788
63718
284682
142711
527645
589419
182314
481234
233435
588036
63225
413554
317099
2647
316606
152664
88597
73259
328734
76311
290033
104309
29099
216715
491162
84874
99131
285926
526267
580385
183214
551009
447766
127176
333070
181793
428795
534709
576790
129009
198906
383845
175716
589825
161790
485279
572807
393518
527065
446873
313493
173472
326116
223645
56633
458777
234011
484467
590071
50249
590632
329857
576017
115577
517943
495487
190906
313232
249286
412378
150574
142535
509897
335581
375428
403739
284170
463221
372187
141341
342136
141473
482394
30664
319080
323580
386785
143875
387460
227612
111310
21634
184675
260280
28174
217597
360143
414358
413449
5133
428987
547357
107661
201780
120934
361159
181520
506765
382092
415378
168294
299420
243219
172403
475424
469728
266683
10711
299695
482036
73445
594995
9600
159131
122983
115718
406931
407786
356103
108349
14070
437752
239696
170125
595908
348124
458572
152439
544301
420541
154363
415329
459008
343659
79230
12712
156339
16663
150005
300752
204908
247539
114804
256012
213316
500712
239441
54703
570087
395146
45766
59953
320747
463286
41706
382763
393382
290274
402912
430869
3945
110743
32666
114857
117
536261
573976
307186
273348
31620
35874
272751
243721
93244
586567
21970
266696
151091
509652
552027
358655
234051
290113
472528
260520
115414
195361
561352
190315
439104
399409
85169
253611
390935
145024
42410
140813
554475
501490
412783
90627
336903
210773
177142
463396
196547
264946
144424
220111
343276
119363
7863
216036
140632
555358
87667
230221
214052
175951
289827
319790
22895
188028
581383
201152
27621
96298
91957
161996
464720
102799
319456
507528
435828
57929
51275
358001
389535
241617
555179
496391
569577
527513
226419
222260
141066
177429
435133
444046
224868
160157
479337
380878
357080
136704
129975
221422
181639
7437
100078
8297
474238
73780
355626
108600
125239
364954
106812
204629
150948
162609
163437
346024
167206
210705
154562
51525
84526
309537
389815
93203
456440
206905
112521
391541
164394
74556
562030
359938
107875
269904
17244
122139
463659
88388
334935
416394
260551
270833
541724
256130
562595
78362
435375
286964
423363
100255
430826
4538
14982
546600
444845
408171
511349
527685
118706
431871
371171
387860
200751
220487
97462
558524
68877
198983
463046
20542
181103
197297
221088
224062
207178
504459
434170
256662
39475
269891
388111
267240
337811
404298
100594
588613
173271
311904
551758
255261
475631
548645
533667
32504
529458
20018
308454
556761
499632
362331
343082
467527
536623
221464
344523
190918
10168
4086
502578
577568
343501
269801
436970
387421
365814
532523
265241
581591
79053
149448
349273
352520
71004
18249
203163
190293
459813
582325
387348
231270
245141
160681
325075
532356
20032
522931
596672
63117
397722
128585
7657
524913
464560
187857
341025
426584
322352
333071
140332
574444
383313
112921
301138
374257
352932
287726
284113
511206
282627
337296
349635
441454
193589
194685
577753
542856
470212
174346
571870
8712
540585
520296
334186
439918
248427
327971
211841
211237
275634
289054
96276
446453
279377
282267
413480
313103
57273
560034
344676
223715
392985
354931
487769
525010
53749
503545
304235
595523
208168
211669
442282
514866
514624
236698
522545
40641
584018
215244
199511
373978
473271
60958
438934
252755
359710
291045
140483
91785
92941
179108
497648
254481
200651
335720
540363
193029
306296
348314
402233
381047
531170
360784
390245
85972
295235
302979
582081
315194
77950
217655
140059
115842
549303
553560
136297
386418
119161
498899
475749
225548
462877
39869
534871
58660
15625
317466
35344
308987
173915
285331
21798
453874
7595
299381
76203
200514
457661
268524
353111
523074
519823
374300
263719
138448
167919
465382
490824
6299
458322
38140
293378
225310
26846
491834
301883
458048
220672
488647
396121
320297
432918
248781
257078
92280
576377
242927
198079
473551
405255
536258
111594
501090
441113
327624
329403
277481
186850
287563
332073
51859
473204
56619
74074
109079
108258
410575
548345
430002
470695
324838
110739
593267
421907
243634
395766
512458
27429
297117
16237
528687
304580
354212
291784
318533
90161
573903
212075
557296
20161
554660
271369
156250
259180
592422
179488
38661
464770
132488
167679
434029
416063
281613
314188
206795
494340
541541
395387
198250
108362
349672
242345
450571
481990
351743
72942
491714
221666
517714
581089
300487
387659
385814
327949
377708
166702
123147
173548
230739
220501
429546
300889
106683
446123
9845
13769
476876
192501
351472
224462
336308
84195
12565
455324
172817
587185
127082
36521
178884
254212
104187
229526
240414
68513
339355
33774
287503
87210
515546
83322
582164
557511
47663
81746
224661
579597
515510
204439
516601
499001
269769
389624
133434
363012
352445
379595
45511
197790
269915
335402
561493
325244
108159
509188
135984
351175
306029
515026
246024
404973
421614
176006
180334
71774
65009
488590
518535
458858
131746
581122
560737
495488
338703
523950
261034
230872
475182
195858
229881
297096
364625
345431
388251
512179
188937
407273
253898
16995
235008
152579
130201
323090
504069
52058
589058
408767
463994
580786
141166
199444
347580
596023
166950
120000
511815
346802
147990
296235
452131
590238
285640
302209
408356
221587
393055
237198
138979
82374
542168
153678
282468
322843
58143
225430
269859
12580
174806
221005
29143
472209
542327
492523
267984
62536
341485
77505
408174
406841
403808
587882
182361
107845
221970
445592
262685
410360
593810
331746
150956
497520
525199
83916
208247
565880
322980
146158
75840
434414
272465
308187
45305
83468
303468
132702
40402
219888
349580
193280
249919
187322
134772
433002
249144
381887
170848
509383
101732
92885
363998
491283
213980
584056
574056
127823
377466
67064
398636
273545
199636
143872
254506
296623
126649
221735
110821
155383
494071
1717
164138
417131
414268
58620
321009
405414
246830
71332
286021
559411
319143
468434
212383
158446
223594
305575
381133
222754
277024
282679
533593
36344
416364
282945
194331
188706
521770
162111
339784
328254
382896
163542
215265
473747
680
103601
381763
331165
151843
333931
470421
465807
372330
532245
547774
130665
456875
279304
235066
357544
424998
78846
237856
96947
133040
392490
310336
251906
282803
188283
499683
261419
478417
531759
16335
11573
413186
165729
310121
188045
214447
164891
574490
246106
267495
580127
81542
331323
174105
272679
133187
108141
412737
394939
65615
518494
553001
342146
445206
401232
101719
77723
546470
6081
76874
62949
104212
426098
35421
252320
265375
261600
268783
959
572821
122619
44269
492968
95359
92225
290606
442341
26516
16706
443623
16086
135512
278822
462496
500581
34289
585779
501242
577604
506942
434844
213597
387937
74222
127279
135415
251517
5550
156586
520057
472784
208595
303203
176102
274475
125075
205897
108218
320553
363822
498171
533097
197553
375209
343172
39447
317256
274615
586629
253508
47336
72288
518655
293376
169392
510831
450963
555934
322667
586808
245689
206193
59092
187938
529384
562426
328456
239770
560659
497350
288175
400046
404500
366978
195933
263511
258826
246830
441114
185038
128077
62030
28927
412043
343497
406798
109983
228932
268668
238924
581501
455843
154032
555404
292861
107893
102733
404198
428006
47344
417997
454744
125895
359476
73097
454756
395545
368136
334223
547143
441160
510786
260881
208548
586672
420573
29365
56579
160697
509901
442173
490289
438188
440962
380399
70875
325812
321951
377864
537891
342090
51615
133429
109265
110586
303549
25885
443351
52974
340749
21466
94894
477366
201442
225036
161205
159926
106320
82515
261085
298865
78217
336126
448804
88418
319992
534691
264699
330288
595849
331884
326956
386480
375100
115070
296641
262399
5743
148608
516323
287231
368574
502297
305042
300927
94918
338974
345997
65253
309898
537845
4538
315430
419838
291779
267145
582635
264402
222621
238953
372007
471073
537247
320884
6849
477671
332249
58010
212002
96445
198331
168263
52613
175370
563518
490861
104459
461946
110844
493601
495271
117935
249399
498554
551906
63955
549030
141785
106984
579660
334698
416711
524766
190067
57273
403335
495094
145075
24554
298153
368551
376477
426308
86148
414644
251223
231392
488473
559240
30631
310273
455214
341817
239507
130819
580206
441481
88327
193426
151675
193878
428985
21015
453573
444256
456681
354217
370575
191143
551354
443284
314724
203693
382396
586186
79752
333620
413692
377734
241736
539413
434752
310282
196487
332948
42717
137506
75574
299318
102591
405492
95055
535663
462897
20019
295811
453188
334573
61394
406678
236296
583458
487801
72595
315498
259850
189643
79237
334070
290702
266789
225919
195450
565744
583695
551654
94464
188235
37415
191248
509709
286981
392355
503285
96625
2054
224154
519445
67643
178753
1357
256881
461292
439922
446152
443931
464703
432737
4820
314516
553133
14648
161787
516613
9845
560151
521772
34273
448083
532824
16503
481423
245648
170473
588006
396855
345706
197393
328506
66176
161457
412058
393307
145915
48483
95283
92587
256609
501434
548234
279006
461027
538449
220421
302664
538549
438692
430144
351379
430919
221874
189632
168412
443440
188021
413610
473693
450753
215521
471877
531895
227559
38687
205099
519216
339129
581610
353267
275524
308022
540064
309259
23613
383318
334060
417161
254850
262420
346366
9610
52045
74052
438067
85266
133735
50279
110820
348366
127608
86385
395
506486
260216
166817
546559
391597
178370
48667
83669
349433
412952
428813
384779
134489
159652
156304
483269
211118
189291
272942
54261
166536
55789
131181
534783
301267
590259
571008
57503
291109
458521
172121
255232
62103
430884
97901
279679
289165
405550
215787
103260
527863
164828
248899
477326
332736
307037
315476
537113
79632
525432
396064
104891
246525
171965
240617
185019
196958
190480
179362
25909
221414
235471
517778
319823
317931
130391
426643
207507
233117
387013
444731
165824
365390
596662
237975
457512
316437
589423
395339
272966
251467
158237
156229
45538
433861
314436
1836
200916
29659
116393
241758
173288
335143
193614
397452
401138
442025
22370
497625
143444
590348
377970
526671
162900
548365
77445
507680
295509
104055
113070
245075
26775
347754
347336
201537
557557
379285
327645
474274
514905
591126
551882
209624
382047
278824
254517
10142
315238
199650
257260
305426
396495
162878
37651
275309
220334
452536
93854
36382
459057
280248
98568
578732
421423
410213
553521
228654
159579
316837
101211
411125
240826
559520
404307
280764
272353
340990
328124
493374
49078
574918
212552
390006
139563
204428
136500
421889
20930
517832
517539
183310
176002
187702
46368
509441
428669
556332
411187
375532
229998
353681
534399
575896
472475
188626
221099
205496
127276
279308
278191
159445
171498
367464
190624
344888
237318
457687
465907
411096
219406
416348
364024
141036
332649
166617
252850
512027
356274
183550
428403
299142
14053
546172
333843
321879
165216
271267
552313
393928
539102
167285
56266
383456
317680
75676
151807
8943
575406
221788
493951
139101
176201
209513
350584
34723
168210
198979
82007
133164
387523
100914
407806
315717
34105
68869
579767
200249
390577
142414
191492
44788
182424
511786
593118
41452
296479
355523
54314
275012
33067
440327
94914
176956
394636
18148
4166
12874
77982
434253
114192
94522
425489
382197
227801
2249
481520
276773
153131
191567
210028
261102
259641
70644
273035
145609
331275
104512
484096
365872
482840
245697
108092
561734
454647
578715
206268
524593
344674
279480
540296
571768
395665
263473
45903
442325
458398
250071
353733
501686
595438
213733
19271
377792
11418
378988
382
410081
28927
332540
356595
419171
585302
411468
476183
89181
269517
161744
29707
156013
447666
394003
142989
59418
373313
260952
127060
267587
102727
557182
388121
170772
126921
336854
468338
256565
339633
453793
197996
465000
25838
29649
165888
267995
169490
15838
568878
588134
267400
546834
473365
171100
190365
27668
360528
456740
178554
416592
131064
438159
159432
287065
473647
503021
89229
252362
382541
467673
214725
303901
495734
380410
484279
452195
208742
418059
147022
249193
86782
77216
167938
564640
397595
504144
183696
589343
559630
161738
441195
233984
133974
27518
310077
134609
438733
3355
409632
20292
562842
582831
18991
152265
209977
487715
448112
278098
595804
2916
189403
192866
279610
348663
451690
192733
140455
425510
414192
399749
439935
323935
115824
398449
417152
51605
590399
450489
399216
195840
445226
542021
150028
141038
281947
160220
270397
571281
119010
219401
60457
63753
505184
446614
189160
110334
546259
401875
26263
257704
393431
566849
451800
159341
79573
266925
20616
287518
5534
27007
560175
526425
595576
544477
313554
443339
427966
26763
404260
366394
113095
61721
392274
292288
242242
74650
111720
99987
309001
71490
56586
302137
145252
212945
552264
22945
65841
175387
404887
10043
293911
564713
273471
333821
497684
535256
479185
585801
268790
219960
530670
60417
546033
120064
88042
478820
93969
393948
531841
40629
348796
9124
57602
441820
573098
245000
302785
552797
200194
229526
542440
49695
264100
364905
318746
59148
384913
192617
409541
487894
106054
170242
3875
465767
293045
269084
216370
456428
392398
535120
122438
168322
178913
322425
446229
90763
494157
184497
568110
408553
327111
291222
311539
33963
141160
306522
278250
338186
222309
18717
182090
138606
494030
433974
552820
127747
482701
75753
104442
421290
283737
307367
110614
592818
430157
469044
544255
358200
219169
205201
103610
187019
127344
378261
459860
321869
7487
476588
560423
80385
429204
465838
548790
257961
287279
359782
377663
247484
511145
478445
578258
320692
502037
57181
99882
125591
148934
398243
197575
199735
100383
445039
10790
442802
311580
476697
319188
103763
170876
237188
344737
519954
312153
82313
384814
89886
498870
4616
593313
576559
309571
108311
298389
5748
449229
530394
31787
503729
242790
274306
87085
439020
354423
360713
444484
18933
17119
287221
48848
351076
382398
21577
450824
577005
423292
546260
573238
319859
166629
322371
514821
129375
256951
355097
118329
590271
125612
165619
18193
120676
369897
547249
309018
231056
27089
168130
419224
174359
412688
553966
414397
531323
72060
286593
217945
15762
11738
228334
577315
445275
126195
590901
344986
510245
595675
332883
192625
46188
164567
525954
576905
561360
421394
329022
449001
502526
153395
155056
387785
360465
300316
533615
169947
160207
476058
567292
420460
535114
265864
120465
560758
154595
195122
509008
312977
440260
213690
253177
518271
223258
215949
154290
567969
72171
238195
313488
527085
579254
239370
156062
313481
566092
179020
4669
200831
250153
535971
169044
371879
329804
352038
314046
538418
91759
341329
332450
38998
174952
37732
167569
236767
573502
368745
223824
139007
17499
528706
450888
506387
476101
240010
158118
214554
409399
263256
562537
224737
1482
203918
406862
101436
91044
524019
565714
276374
89175
470275
140871
463607
227858
314812
511878
171973
338351
153428
444466
123403
301780
504127
105111
29510
283049
333426
61014
145977
238387
25414
134188
412305
238340
415384
139092
381653
249896
229123
18755
439244
476221
187808
340018
386342
201073
155599
352118
479159
189790
122872
182028
209808
450193
248382
535421
35531
205687
168545
540669
239322
523873
28157
18464
97432
270834
411670
207218
130022
135618
482966
497259
126059
157320
229274
353566
47731
222094
148292
311920
146320
303948
13318
459960
20889
590301
439764
225654
425698
78783
356777
280424
71117
212944
11646
129631
62668
537891
53024
29805
21761
20900
266392
85584
444252
73355
455793
100412
316056
458606
85297
97403
317623
49129
89468
58725
432991
128792
407748
462227
386087
43010
433473
323290
466284
233098
560938
73473
449066
236574
84467
23566
80728
126545
346886
26483
268971
410755
4531
209892
528817
469134
323616
250891
511720
274551
419610
300419
63816
247471
228691
309796
390900
129748
329505
171493
180081
197218
497261
568937
525369
372628
48869
570690
474178
453847
29824
6240
27649
159031
147101
333171
201042
143863
85636
584258
504806
274853
1638
532283
543707
281755
365995
8997
411608
442387
529073
150843
14684
386148
549846
304424
349300
320692
432873
233743
252703
212383
524606
277553
473633
316055
102608
273236
8352
481762
508769
247800
258492
234880
366284
538053
546180
134859
439277
434270
89166
448861
573525
58400
285222
89004
410326
38593
377903
581758
466642
62312
462440
369028
190720
134351
149817
161175
217745
434402
132943
235175
165369
383099
63543
566641
323314
592769
140973
221107
281486
367923
28508
33842
501738
322923
388537
70179
343735
587441
134952
229339
398432
128948
314399
250567
300662
28508
312488
387148
541673
194579
263341
530936
36853
161361
239502
146982
343966
583494
50824
488242
87216
113756
143443
486248
301138
47417
444772
34079
35980
550835
192692
68581
340668
295201
141021
141107
312496
212733
510382
278438
406915
40134
409966
455811
4070
401271
146476
178353
379570
290757
45333
333965
466691
446370
436850
298882
259855
203075
416827
463514
508347
534231
583386
153227
389883
336589
4825
508987
456620
385199
269997
125820
376453
109814
262028
167747
133909
340404
10596
305629
284283
113013
557225
73588
293502
381687
119374
442374
48893
300570
526528
337309
371222
372482
404290
191243
506056
313712
280050
214482
267893
564100
334454
355645
178024
200004
279025
494738
111066
344142
477414
564129
487613
353491
224939
337555
172568
415239
547435
383039
30803
457513
349385
421809
304990
39256
467122
376990
162742
471283
557638
30846
103789
119968
243923
373754
470398
564049
14754
354505
216397
438132
453302
493897
183562
403718
219698
17757
224151
93882
475479
177723
558934
155759
74295
221415
248331
128043
596129
556676
575546
240037
233449
501542
324434
420958
595548
250055
138901
296563
1735
149424
450865
273800
446532
496466
46380
258896
185092
298515
312690
94042
169793
100531
550734
364787
286987
67456
385378
290896
104219
220388
66462
596863
408686
298816
317708
229894
45539
205418
319658
422648
469504
502794
575694
11689
283046
544102
264431
221795
293665
413505
413329
460504
303697
411792
364348
135065
45043
106037
578770
322227
281337
43183
186616
177701
102088
158516
365124
574868
338116
138497
566434
408267
184542
277712
169239
37285
35548
63573
531230
196618
34684
159832
124229
253879
482917
177150
590670
20219
309403
289813
52763
306853
249732
60150
38161
543752
203069
311388
422762
24085
483977
134751
363151
344997
88307
306668
430280
52472
61051
456455
26790
411658
533585
235030
357386
390368
127867
184615
221337
265436
586323
197924
357068
355513
369196
252440
447232
328135
216583
318556
215618
351339
19148
123130
479949
412505
137803
515161
305413
523756
379746
333941
570763
292265
535168
435966
230003
406341
587850
331332
545066
534157
527866
280254
544792
364594
59387
554317
15935
416113
8576
469944
578236
372449
17424
399891
492453
73013
247196
506760
447170
199498
168726
366166
41986
558715
149461
402294
76346
485275
346325
159945
65805
556388
16094
137862
41991
18399
503699
14317
379242
390813
574801
291684
588019
152834
393704
59373
27555
247362
418612
429540
540072
435826
580871
160135
9617
171976
362489
433377
69630
382714
384026
589388
94980
175323
466987
439418
309417
345447
415529
218306
63240
461077
581592
179258
408683
146210
116492
365641
381806
124346
428845
407010
416288
293537
105911
530060
172334
593941
555982
557445
375976
387335
12505
461189
450099
301667
138971
438561
354382
179879
213182
346012
551707
549976
96687
170903
352088
211194
539620
37699
119405
17147
522012
138998
589855
592210
198442
539645
140316
136127
292446
3302
498836
220233
1668
82457
593059
242843
83878
564559
83405
4728
346203
39704
511166
211711
471980
224402
347750
208584
303228
308231
96436
233190
343286
335597
531263
558024
533960
305212
586264
398495
300807
563078
259357
368058
276680
340335
354767
544665
136175
24199
272508
376104
84141
24599
157132
595905
534290
86902
402172
566507
270260
320741
403316
402591
125500
46288
458022
215264
339437
441510
169546
54734
462039
442151
296478
374936
384839
123117
254672
130785
365138
30959
308920
183062
535257
227708
417346
439446
68224
586306
254265
370165
12235
522530
326074
480257
55837
525935
107789
539783
276415
213374
166624
362942
254366
26141
30147
156020
325964
233055
301216
187296
497737
489662
423304
346286
7458
107759
302966
486407
144178
365158
109903
290744
505587
35346
449281
225725
563404
269640
19528
506277
382749
295258
596848
315103
451407
387342
446768
313395
253760
173253
536600
414195
390392
233232
230227
43964
187160
306646
176353
112212
525316
476792
252035
139533
166605
356327
161025
429301
566958
514062
142254
160173
250580
520857
119052
196104
507389
546421
39784
309374
558125
428647
79010
197249
530397
498244
570579
58222
468753
122247
545038
400007
128526
424065
438919
59859
358284
562320
141792
451384
304470
427260
247296
505750
263345
118731
281268
102154
257167
333298
325375
211473
417701
358279
246543
209998
586482
395476
395994
319476
113577
270536
178679
109530
353927
527041
220754
94718
353280
322885
472993
430296
554117
325851
67495
503203
281088
228418
373680
217022
472563
285406
433293
510747
466955
507648
69904
18897
444737
128398
828
86998
349611
282309
509333
501416
10659
411082
43660
185448
86280
527108
311370
69876
448422
565173
501138
96717
268720
425672
30903
259882
434409
401388
162130
225641
237512
316800
238908
299153
595753
96940
36827
103887
143576
541705
368737
511350
485682
134373
432005
15327
406805
180838
221188
497537
321413
82800
402205
584619
572940
379354
548584
556268
59897
13028
498964
416384
338336
282754
245721
208289
49708
96836
270476
81669
257991
98503
513160
5619
125906
494401
105578
277208
579988
228227
302775
474111
534545
137288
519769
326501
235561
36391
14580
403738
200278
341271
41546
430430
568772
136281
186191
475009
544348
171850
568632
358854
473508
264978
567854
153352
307364
565331
92088
519720
86917
218880
569248
36948
539168
298348
292763
150074
241162
247427
234328
249068
529830
291570
281178
477636
568590
142703
405047
14508
245889
216567
264629
437105
472205
136822
413746
56925
355605
146820
534463
170398
148497
120828
340747
216970
484658
221890
340069
443591
149854
7534
503635
347400
295049
422780
529540
159825
523835
130986
454314
377365
192260
325189
133350
70959
130596
532
460436
452713
104676
16759
325911
190511
580950
563585
243368
550155
596165
104166
244096
151442
584837
100103
566505
297424
39256
287800
441188
528114
8062
265937
718
104030
204623
17461
241858
500348
21137
116836
1614
316308
38051
519264
230027
270763
172892
426700
319304
591961
583672
22722
369122
12150
73264
134649
588530
478585
81014
439020
166266
110089
231013
540354
300918
581283
236148
137490
509603
223282
272264
573787
57979
351254
579695
220122
292984
158245
423515
148392
68418
553072
156166
84249
551930
567592
361534
332571
200222
435850
553666
573676
1560
540127
77585
14926
309230
555820
554450
361670
72157
26553
312675
384173
178722
482354
383660
162797
161173
90971
202119
148048
548951
471274
131621
505426
102545
459840
335086
315167
280554
288251
565514
61097
589613
163180
567598
371954
535084
475410
440157
271035
107056
581637
378429
297195
289652
487464
278322
387515
464343
571201
392035
421791
434204
411805
239608
177053
443235
1586
111322
485574
372024
321319
300156
473848
66815
392461
114075
134440
470192
175463
29403
358774
204707
499323
491410
166086
403558
65541
244872
246767
108304
443536
58937
558088
115466
405292
371180
483496
252921
514803
417978
289617
345920
170503
529382
213289
24465
83798
1245
132540
153876
391840
160546
550674
93884
110674
156327
144830
255765
149880
525636
147715
145024
467133
271132
594637
223155
279445
188580
362949
35229
139589
362620
287466
592253
407842
356524
222742
210275
331035
410303
222236
467124
225177
221872
19511
428755
25892
303820
514771
500060
182050
293011
324754
581060
585127
538160
399090
312337
565433
211083
15465
106298
229539
550916
351395
237919
32012
581607
47231
139290
109541
473148
75108
350954
120869
110219
92302
437957
386238
374641
338834
66348
322550
268135
435178
117897
418176
254717
316094
365282
144769
91648
138232
480885
334188
199045
320171
149280
42953
93753
343859
90844
188126
325875
420021
494047
29462
189027
451956
412158
457444
367955
445917
196131
120857
259048
338265
40016
186031
297313
209335
264636
361265
573890
281059
2050
14808
210797
206140
450717
183994
471863
450729
26357
437010
37414
443749
62784
95560
105941
273912
113048
340915
506704
469050
80585
105670
119679
358567
277999
43993
72008
508751
203934
103036
483303
347465
583676
330988
279705
106651
581544
542278
364700
427217
39368
504858
102910
536927
228588
40249
486119
407381
186501
151430
241606
186612
285013
36266
446374
395895
131279
199173
524563
159004
75365
534106
559583
447349
185612
70841
522714
414758
250222
90070
581033
340894
346573
393791
153382
521886
395534
76725
557214
519806
394812
115916
345466
484899
520594
39946
516828
385296
157822
31885
529554
436507
544749
274630
338284
108267
276840
133043
469608
16842
186861
401335
503721
478709
240430
206828
515770
213141
151936
309610
64216
324924
323533
497165
249831
395701
76656
495428
102564
586580
369713
261669
469567
298679
341333
65354
1039
447156
52017
441313
94789
293695
223108
333085
572072
128071
327755
596728
466474
573060
15309
63520
515704
219727
314844
182521
470402
88960
89428
111632
561695
251575
11229
488688
321171
43503
454182
294606
493855
543481
83734
22886
183496
33510
582966
90736
435055
336193
51801
9628
446648
552358
522970
153644
190352
130774
71958
431273
411975
530261
507951
145894
48470
442001
61769
170199
289217
594195
432325
240414
270993
271866
81338
552974
479997
326119
56196
345072
276027
499745
189649
551141
437270
457723
123687
341950
88096
456467
595843
546943
271254
214537
57374
272242
118397
221468
563912
173112
582423
351257
326128
230767
230427
242780
211821
249145
515777
306033
515226
345370
441629
48798
393581
222381
557080
331773
555114
22221
353320
156272
17800
525646
36542
312986
379487
218481
359408
124009
4316
380600
194831
207172
496554
372018
263835
183963
315101
493820
343860
101928
568768
401732
237512
485845
373396
386345
184404
461964
292043
295435
15367
405706
216444
116321
21142
16183
392930
408544
121926
20928
553481
467895
149975
341142
12577
545575
357043
384305
258106
195551
204837
40019
17407
308503
145656
312577
336104
376858
245759
451223
215640
242560
422278
225798
319312
102296
489433
78097
209028
234001
458012
443391
433706
581723
149144
472304
479133
203483
542337
456608
558102
213733
223368
306963
7500
428563
364631
102984
61749
65737
556813
447830
62486
521389
44121
288838
265669
584248
301306
379741
99332
541059
143075
550302
60448
526950
282741
379168
557817
455260
64356
309998
432900
336137
278239
213552
35082
20125
500204
101526
284426
1333
99885
238873
152984
465241
208582
170305
545063
418036
406446
313183
289126
456177
364594
381332
181669
263988
508420
93228
190526
377270
513436
106522
70964
585867
45330
30640
51493
121610
164794
565965
551374
135625
17304
116477
270256
246725
417943
342078
194189
112731
435998
113323
404199
59655
239585
484160
126414
313201
54159
145931
41725
584077
119975
553334
412596
248425
591342
166089
435922
486969
100163
242439
12413
91330
165702
761
22861
470427
36309
538321
372006
372335
223688
495525
36803
119965
582795
182742
173962
571517
303430
481962
129083
537104
311489
566483
141688
239000
296558
422333
384352
521162
40875
427638
1536
440470
18672
247454
365909
306768
343537
116755
576119
138425
59917
283641
507802
312602
183433
544776
589288
569244
126186
197078
63345
272779
179392
418693
452433
546516
461217
342914
409665
17078
257450
211371
582221
36544
292923
211349
227724
209747
285372
329006
242706
351109
156100
179562
377697
57534
299026
128061
386552
81418
438690
190161
590882
162094
204552
169400
253255
21342
465544
371677
254825
535118
121410
457176
189402
562073
526336
220777
455114
410043
358146
66275
307391
13307
341054
153762
170043
591887
333092
360335
442155
446222
402038
373214
537155
525886
33973
384498
353021
338129
369293
552655
113953
98878
105457
123999
485239
579014
294871
169768
406875
109990
188566
335958
82010
240999
92729
588325
404818
236201
249002
433025
551663
163925
162451
460185
34925
46313
376832
550065
271904
178247
123173
568427
558360
509913
406484
212767
20122
279201
443833
121359
419008
570702
88910
337033
482183
190547
285869
401710
242375
456783
226813
120992
141806
581742
334980
149844
244174
539203
561103
588943
25039
115884
378954
233371
243306
87036
221917
413843
580317
186057
511628
280372
488686
307021
430719
379793
112444
68947
539110
3293
315601
286372
170886
225654
9210
34262
104350
148409
44256
429606
246934
328475
238088
540145
583015
211315
416445
402889
17557
95099
214546
491956
451606
381000
324597
355081
40363
458299
402617
150305
534257
252596
63440
405365
287931
437210
225315
37337
163415
382729
17705
366327
208402
595023
298561
317146
568036
547288
322095
2759
76549
136683
227831
113739
507245
558724
576667
594124
90169
339273
8262
349207
566824
28915
430682
576863
379863
301034
284040
432911
33256
359768
277175
459184
18691
98304
438068
153288
32322
486845
326135
231726
301746
586193
240952
23615
112060
412061
588132
130534
119083
367233
130532
529986
490038
341042
379640
74472
315063
273625
72554
283389
54036
461714
240639
400318
346345
86312
283953
478529
39995
412476
15202
258782
553064
160805
359291
590795
409550
5915
464186
174265
491802
455050
153928
494566
108864
432107
319222
342392
414663
95647
13185
131024
245027
20807
288641
145960
569558
187174
155772
183001
241787
516151
464311
178499
220618
229531
57235
182241
96187
194347
203247
449886
42510
333319
590658
468931
253104
488428
261367
509209
448224
358761
27728
477587
395478
291500
571942
476958
316644
98491
440981
211284
297497
253260
161270
233060
224979
41438
128549
573876
472474
93960
581806
270195
262579
320292
165969
225167
36735
422290
144143
100763
24193
45464
567305
133798
332760
95466
518287
312431
509131
349759
117291
155516
384469
232234
322194
264975
351837
448569
559331
107554
567361
1555
371473
264754
93000
403469
35631
536832
39998
193808
196116
488760
542935
72215
451759
147800
40453
227248
495355
60117
81073
246958
412540
578008
445151
39447
136103
322973
571777
82523
371312
118683
59966
106171
468692
398246
221742
555014
249446
595805
346068
364376
563366
1984
348609
53461
564635
163676
240961
81367
558279
70996
428547
520551
355019
497571
36413
290429
250933
592354
446031
269333
302170
440663
139740
195535
595666
300065
301162
583599
135925
313227
509855
465974
295767
401429
128004
523729
471481
74423
475854
495211
594979
321316
236349
132287
438246
473487
82860
409699
540118
61345
168276
152395
278129
563844
526670
281738
576157
498453
524227
309091
114522
380558
283960
219122
314777
386942
370816
520655
377186
56021
296936
81279
146043
571987
504039
27673
50778
67319
276374
28043
532806
47493
503107
454999
497250
488160
39168
194039
203071
370454
292651
317673
394634
505379
36670
84964
478333
293981
288091
394803
584068
16882
164528
211326
11127
258625
397871
446522
538492
195205
452428
207201
391712
466127
425215
323717
82026
460501
143854
577484
368485
90278
29827
422042
19030
495927
68145
273612
159443
330290
26273
248299
172676
36934
21349
442238
160453
589470
50405
511922
288501
181238
176747
75788
381135
123310
288524
308894
537551
451876
554918
44616
13716
394196
135229
127399
401319
461461
461666
544918
496218
403969
102213
395656
425001
525755
297440
70405
225228
437448
506964
204723
440394
416117
140767
314862
372419
777
136676
104858
331631
348910
555155
392917
217296
248213
216056
53650
83918
582575
588623
302112
423123
94575
189978
227213
195835
231349
358964
328370
404791
439587
42121
191719
426600
262797
201095
132640
169938
409776
332449
260558
151585
37233
56736
471734
501812
349912
562994
593183
33528
387179
388478
519207
16360
577322
586652
115190
34307
363010
483752
570926
490929
310997
267604
152918
180269
482676
303131
392275
83637
331547
539300
329388
323305
123840
159388
406134
185892
96547
367879
485907
550994
408531
289171
226395
525752
515279
483235
174989
43679
194881
590503
387442
511917
294293
83416
507012
398266
517224
255830
581506
116531
439858
31339
449547
133104
136182
27435
15801
478001
441056
232128
461398
101089
286727
294298
251560
270978
409129
517703
206168
150802
547655
529604
83757
255052
290274
52084
581947
367870
179460
213831
211507
105295
178372
503508
486268
39823
86763
419374
540618
155882
203393
102542
358534
344792
337083
128259
122933
434194
49725
411877
33451
414493
326267
148410
469354
429601
534799
101984
75878
153545
570415
302210
109618
367143
288265
544876
336382
265734
372834
572732
362809
1377
325525
221017
27698
435319
353794
127899
383091
227510
165763
199662
395516
344821
109698
64275
16147
224198
245001
84606
128115
20326
495645
12309
32691
452497
18202
302620
67074
447926
174845
190866
405714
64524
411145
575893
582130
215492
580183
110798
496863
45443
111996
595395
292725
322423
52473
265031
291409
121551
300312
498816
67870
360618
333584
71515
449743
314653
413132
384171
339291
211183
64786
343769
242374
278661
46802
285787
156078
353604
223261
576941
254624
275228
541307
165982
47377
394429
582352
423645
126402
250691
331595
406216
208282
178486
565507
177619
87900
548699
490198
285468
501018
487705
478576
87508
435448
126094
477314
63061
79417
109457
8630
219925
594107
89690
466525
198116
397752
32480
467040
79810
105525
13996
294837
78876
580177
24436
576177
252986
577930
157472
170384
379981
351795
469223
488040
396658
448812
17240
9968
470728
498829
22311
383190
147084
388387
546209
471936
39486
480356
171160
297617
286615
331751
540949
186628
41328
437307
106199
32906
294068
392301
207536
272919
565880
133321
399128
269412
265808
304706
499533
506090
301028
58561
370527
519957
42367
419106
474500
15419
563041
190862
242575
110434
367227
573995
567788
251726
84416
528623
56266
415802
101475
124070
219549
187191
530086
407704
400136
565940
250419
143951
229502
246725
121051
129366
2993
240052
157638
409163
571022
480023
47826
354424
213575
393540
314776
61409
249233
186901
51490
256977
319659
62842
414696
22719
79059
435331
257464
298557
505749
318775
296534
407049
536996
206476
457835
510073
248199
227111
184845
168043
379891
500758
18746
213142
165717
560806
99572
164252
255150
31104
350331
86346
238486
33918
65825
367140
122239
146162
519203
165245
113878
312973
152545
581338
37590
490269
332095
144476
591986
105585
361583
475800
133523
172356
7250
39503
17997
81268
124573
303196
330760
3478
477228
94963
443727
560004
514170
461054
348580
149614
508378
98787
59933
261308
497513
553543
31270
138202
265944
188079
332422
504593
476117
5211
171346
51623
258126
369024
359615
274326
436905
149809
56635
272234
574537
197378
419246
263597
5660
17324
41406
473991
316805
152116
133061
73584
342633
212520
311651
220220
465445
368146
19985
554602
401863
377597
525560
306073
129339
30382
339403
563842
310914
585332
40106
517564
531893
454423
265146
156855
411329
202613
237629
500167
132571
294415
490472
162024
280670
214998
14420
291266
49438
175344
213972
57284
114873
575253
328766
405659
556803
193848
522973
136070
132019
350892
226177
275305
469084
440413
579974
373108
216020
70779
158116
472195
96539
525340
99549
68996
349310
128697
291768
86377
559397
293682
447829
9830
421731
183904
513731
556535
329590
243676
332482
454421
155289
356601
137260
189739
109984
162826
452917
134396
411174
496828
45834
540154
587023
493896
230711
253398
211765
153921
493207
167595
281473
485648
272894
483767
178945
485692
179631
210509
38469
120469
563027
384612
10780
50485
91684
413136
526471
579056
282900
69393
524594
253800
112298
176464
198306
175140
241966
480195
105345
195105
45848
383083
228885
408236
42094
497116
106968
576147
164800
66704
158870
433086
589634
18614
381576
253654
141709
436483
142523
72013
414188
156868
126297
456214
575742
486175
134253
479311
366070
445075
383508
232952
576702
149663
149854
92188
374227
149012
255557
358191
325142
59175
453548
111653
220132
97028
292919
509905
286341
228287
53398
515458
37155
384742
119621
592096
224235
173821
248034
428444
406887
532907
522117
215449
593501
8288
166212
106165
359483
249168
194300
66191
396547
79027
142789
473071
337808
50768
70987
326427
155080
536869
368315
221251
236322
570742
263769
423318
280543
320017
194654
325085
125686
348675
464905
557194
54273
109894
530848
401654
592393
167310
456238
47917
180116
217553
67276
82538
566056
237698
184142
251784
278494
119048
365397
454846
140417
483014
330354
382287
530662
475973
477834
479181
456628
20337
491400
561383
69759
198854
48188
294145
554918
60216
22081
571950
33515
443010
534518
366814
89008
251669
407542
552322
475252
163198
104694
426613
551209
83708
235149
467994
489895
267770
339984
62931
369631
147534
214072
106260
446542
254901
175253
92530
179506
414306
162081
366558
185472
105819
525199
432691
132795
467249
205283
263113
524139
271658
193286
30926
472011
489682
309766
521275
83240
32824
471466
411131
297522
11681
207668
205869
317457
513641
279322
305272
187670
374551
375288
15624
8338
216416
180373
35059
243672
222003
442807
527050
179450
432239
411674
357387
370162
425249
29376
590681
556710
221108
327669
424293
308092
520485
486402
112588
282313
466941
186842
327161
56520
66226
448558
545214
399103
288316
170069
43853
307808
231717
115171
345959
557509
136051
514181
460113
463267
301603
247007
165128
83510
26030
528807
352846
233553
417743
396706
86187
210114
109822
563126
578921
167910
48137
506297
377255
163221
68792
180379
94435
254736
307294
457528
316688
311083
127973
83045
418937
548152
148879
425185
194465
142545
259700
575383
267842
118222
581764
550869
378019
55632
320317
198116
517344
377433
393414
356970
112652
334839
556816
521229
435752
399325
571004
501128
238492
464707
325819
54220
67836
41787
79708
350909
515603
276157
402197
173157
325533
116385
130924
47285
99832
543520
240169
156441
490912
295792
578318
335732
563992
500215
574266
117332
421577
381621
264771
327844
440272
412819
413630
55084
431779
503778
245762
515793
520511
222064
541658
536654
168066
481880
108752
667
496141
78395
99032
478432
582447
417215
69594
495860
504376
550789
8325
162809
97929
114598
586577
112857
48921
153289
368801
461307
66160
535633
13978
95222
471665
278331
211214
98673
106651
358573
227329
132708
532293
459851
590207
126575
575098
377866
41089
371704
522859
429100
573854
579280
473626
405247
346494
275556
53096
275091
160399
34793
207955
414528
523346
530001
422016
574658
332725
492236
52416
449292
306251
364523
235215
368037
465295
204198
5026
118985
143006
381441
461695
356398
105909
30589
579649
472852
400052
579853
171111
304683
345384
508221
378264
562315
164376
542401
330920
511658
441259
577650
11377
211875
545352
88256
18227
586631
279349
426179
12031
591081
294929
239278
128837
324226
242560
581848
588366
391694
127164
33631
272928
445692
432281
163918
158112
90144
142234
450248
9558
206048
473667
242086
164420
427255
549371
79914
2078
450498
349637
393321
496145
471510
588244
25065
506026
44781
73448
397138
313412
43661
64510
195308
188794
174528
314384
459769
580686
539733
149825
566214
193519
331885
244366
186800
385505
225047
212510
339694
450682
118890
286645
256674
4006
115160
378099
203855
563668
595965
373073
268001
133318
571939
564337
298563
94846
166112
113507
145490
377555
509928
437162
356668
179926
438400
559281
401597
17871
388581
422940
525179
159720
131607
128069
332452
316129
145155
202631
121789
137968
104699
527551
101246
79854
520547
430582
141124
383546
29053
524283
159690
471825
391898
482349
434993
15838
199100
24306
571688
304329
207658
450398
408089
591835
368865
260189
262388
570828
63711
245430
256078
99612
372601
322600
377270
104139
217948
525343
71799
530559
307503
213076
194324
47681
175355
223819
304638
143177
227706
219047
421441
335352
409102
340438
435161
563179
113484
362200
2711
377050
64665
428769
463606
544871
103900
174168
160129
418869
434539
573660
12739
239895
218919
572542
222456
353696
261255
501952
2278
295040
581853
357427
342232
454083
492645
82098
474506
259603
571996
119944
17421
552310
222280
582431
186342
126375
4853
151407
347880
131624
510932
246914
346807
551018
514479
256590
249160
517894
313791
290004
22874
446946
201762
116105
244358
123864
70444
535693
164792
224493
191434
270550
465872
331824
63978
333922
21873
159245
37433
164964
389165
743
572653
77535
145585
590072
13454
343280
441481
343663
406762
507313
468791
320083
196737
146838
2164
562076
362749
35997
58935
61626
541901
442569
333966
349112
57669
550851
28738
322588
585862
318455
150250
342293
196350
128686
491672
268607
503808
77052
293282
406255
574918
248357
278457
404281
386584
107254
136495
242433
396500
199265
49844
165844
464860
199635
77864
251075
541635
322052
321521
566629
6202
310143
22948
208242
272044
35597
62750
378378
508902
197076
321966
165179
1914
273120
358565
559803
311379
414334
209192
158189
549032
446435
554820
294330
336590
123121
321832
17613
220015
236818
473641
317155
385784
157079
583754
216639
320331
256133
96267
472087
419573
114436
546513
340272
478642
475200
571083
38625
229550
561591
411901
14420
215662
571724
227505
306195
38735
193755
369330
440955
63736
310251
546053
395312
491258
427314
100557
218083
594608
436819
316625
490063
143302
61188
153276
118841
330522
350122
128941
216322
36709
26942
458881
466936
155660
49582
5373
256911
331779
272633
464126
63411
396751
69863
443951
307054
582237
355945
134330
586482
231806
511932
510777
53356
575869
514606
61666
470100
85927
390700
443821
307114
370413
112838
190256
158507
416973
78938
167004
110319
388711
283907
92314
431816
552106
357867
147233
286742
337305
266482
347498
197684
593964
68437
26384
309378
386873
584546
545271
188019
337792
163648
126199
504639
373924
33847
301071
591004
101148
39542
578878
530801
42400
348512
4847
151393
167444
81008
39210
8074
561258
584328
406881
231497
127726
566147
110027
36359
493998
47475
369307
250853
322211
566234
271260
156869
93836
366002
513731
75035
336919
483322
135226
204422
523853
549962
147153
7772
334500
425504
441211
40344
61793
309446
460109
243107
438648
135274
459996
493721
524737
521443
164384
524048
63932
177811
513924
311420
232937
111905
505012
364954
463562
247167
561215
40105
193318
182630
466994
256669
282577
380245
225707
224271
143786
492788
490861
269726
355467
364004
327519
562848
80789
500084
561211
17008
367862
413855
137160
41291
433543
123103
251769
521514
328412
535411
132303
451284
18591
59360
377779
225479
253044
240412
349167
578413
495988
198608
131704
239321
37505
26524
549302
417109
370452
494712
183437
8975
560321
397562
3553
142110
496727
275993
220799
96870
291037
337904
266666
54357
505421
6566
406498
291122
298735
112417
596838
551294
554993
283465
405541
328843
203176
428739
382775
2747
309093
446882
414306
64833
229020
537334
156512
305380
257534
324794
199452
9995
116070
32466
558457
414321
507527
276005
371913
448467
309689
2759
457631
472684
282016
377213
118033
594320
270110
293259
320993
107663
380133
397411
309810
518211
306969
365984
416471
264420
269283
208042
447468
357882
3402
536014
567600
323755
196603
408252
360031
447730
261657
168213
504413
124430
391119
508570
389636
553324
277420
122579
73372
317206
244209
131795
30324
555442
43538
288880
218908
164799
70792
489530
79082
114622
521809
391343
338182
273195
392657
388066
476514
13036
417549
137292
568298
176496
478466
404692
571709
261737
102368
474124
201626
144608
254787
80859
506947
554862
242807
584871
489643
281734
40820
5109
208748
389509
411955
445425
523836
138021
559737
151699
385943
154826
315693
238064
407524
370887
114456
539621
134099
261253
106330
244780
573169
165830
359565
227644
557658
183219
295118
311552
196182
386665
407588
403619
374124
501709
204637
505490
428594
449577
360718
531867
15738
58090
382704
480786
396350
247151
89171
133325
449320
209260
561549
482330
383051
445015
89054
283955
95059
213611
402705
189809
401459
370098
74326
362926
211702
176212
38333
392846
405087
78884
413106
422181
548144
137675
167882
457297
49851
387662
431037
331109
13310
285986
472599
218156
16171
380966
212194
53601
218603
251414
548956
354483
453686
406270
146257
396809
179317
260579
53836
336265
370803
420520
44078
485977
291961
388918
521323
216110
416770
484936
304971
136005
271853
416289
396158
366238
11341
505459
171510
66811
136411
383641
436647
528873
91818
407492
44572
2628
318257
522787
83717
553323
432179
190319
480837
432854
47524
34073
255762
438184
278062
305677
504093
217696
496069
135073
588474
232058
364519
357963
64393
362397
345388
461032
517025
364569
439529
207498
189988
197854
67183
281775
80360
444793
510144
46281
85542
135932
145484
182995
440644
594630
204620
297450
539808
40765
61175
113033
276864
91613
48409
492384
376812
517339
123470
312486
378874
536014
398758
120474
100986
458500
46226
334514
117599
587468
23272
481633
259751
390585
314849
337621
385472
139970
544876
36657
275579
425509
256701
364357
454618
279525
21930
580248
505281
252993
586149
247259
178763
228883
438875
87415
174951
70044
593775
564216
543784
443707
90727
140286
388664
371347
188492
458489
188183
345782
278670
124402
94030
78066
295718
464962
544907
46739
314640
355017
330737
273661
22001
107676
105045
297582
391487
42657
231320
34488
8214
60113
464423
168652
30999
56631
441564
515094
65098
70310
498837
519648
561201
335949
272211
436661
97508
292774
132473
131211
286209
246331
250612
126249
413322
441730
165225
221152
553952
586103
409353
115313
392122
26172
264189
153403
70602
197435
155534
563330
404640
161686
307072
392130
229148
133347
87253
417404
475834
189699
373631
314913
445637
576568
251824
325384
413343
298034
368874
594120
229574
585198
580395
74810
552885
253584
353640
2966
510024
208845
576282
213629
451720
445766
195129
88136
60942
514545
156132
407664
289850
88345
79312
406945
500899
107935
582169
212189
374837
205126
434561
83557
300970
122903
489588
513558
7172
253955
410785
518170
3757
237081
538711
115262
20983
527391
163545
414074
595758
355296
332504
191327
298450
403414
50049
571595
11817
10979
122781
321210
466080
560892
132117
354988
401003
522881
77927
181570
245252
332346
35306
308438
281104
71385
549115
424124
305688
266920
526572
33574
350222
144032
162722
406066
405394
248407
26813
582469
207379
166012
92535
356316
336758
535193
145128
593319
84768
110597
425998
568255
3645
184031
259415
138326
295659
270126
432877
206903
552658
554603
149367
125973
154169
62344
529736
326906
132438
222074
377725
388012
234437
484025
525702
530695
249375
240978
262490
92626
70339
547979
29334
575171
103497
60626
82584
231198
278584
417622
557023
196586
6283
576704
235786
503673
226032
452119
226759
216611
254506
382442
301038
555141
257633
189402
483015
67229
349839
3227
41236
434931
439656
296056
589903
574660
549203
295722
572072
585061
486071
177891
249506
62242
14428
499749
300852
48546
548269
421420
73660
92900
405628
478630
595650
262636
392051
259868
135487
521364
454893
62267
461108
124475
157211
216069
540323
67751
391707
415199
489113
268006
331947
212732
453956
386454
159983
290286
487548
489161
238715
160606
532627
569617
326824
227172
385489
288214
435134
187232
511613
310381
149289
417888
491833
61694
109689
225659
510506
31838
243770
591039
471744
127736
43555
573642
34369
87220
144306
83760
510701
278094
136569
1692
217857
486964
110642
149988
379772
173300
306102
118981
79239
295683
338932
269357
561972
137463
573513
165865
234381
346579
214417
303613
142790
461650
495421
559334
372571
354568
134801
95782
37211
97471
502789
97510
592761
39228
431961
137281
242296
558580
505391
8423
1694
354418
98773
237963
170238
308818
350557
549555
385226
426993
345171
19337
381531
549637
431679
511458
34827
509849
397072
579362
258414
553296
70511
513034
413733
482065
95763
417141
194853
348226
183428
93129
128233
117465
204579
37970
396885
450627
312771
583508
150298
338841
48497
211020
318588
36882
304440
521184
159497
218046
153480
448023
101666
409736
551994
323741
390030
358381
226874
353714
505087
84117
479046
33703
6057
48539
184770
51199
182231
327256
341351
487917
552475
375724
281567
469729
396197
335621
245889
548427
91574
122708
234627
539329
527114
66722
15606
253547
108083
451296
373333
569090
272072
185541
113778
585965
570798
128745
231090
153552
524438
584322
37426
79869
314994
344024
241376
112974
215325
490823
552238
580749
448079
195759
394149
447679
346969
55482
530313
402458
578897
400992
263657
159071
141259
150560
477855
572169
565980
72762
134633
361194
222585
194404
192773
408837
581067
18722
257542
100861
309423
370861
22617
497325
375319
306576
268926
307296
495973
257005
489723
545530
177666
552979
298579
523012
89140
190864
156134
128014
128591
177701
486641
76000
121431
523960
334661
135532
468011
74982
49891
440816
98766
5675
572595
8563
570132
200987
392469
32366
292666
194781
102367
415620
500864
31493
455690
532775
595725
246746
26394
335483
369262
61086
537965
78210
362001
257611
561103
592770
445308
523156
375069
53073
100240
4513
45042
10355
311093
138171
121944
294186
391133
133792
288363
994
291361
406273
339580
414651
375236
331987
215043
584280
242423
386518
171359
262494
467182
330240
451225
173268
572552
87765
32721
301105
137850
464626
430417
78015
594237
199621
539268
575014
555665
588030
305839
332316
558768
447476
465044
269453
309629
3013
561539
136732
468828
51845
525644
589606
528567
284026
502845
97729
494379
114020
429527
213157
245111
403370
232715
445235
203484
50586
486647
147547
262512
385402
375208
277811
29716
587809
103886
521594
451677
552134
392439
247751
26731
175631
310886
514390
124874
537401
352664
485108
224324
475008
132095
592734
155840
265912
571880
477822
567038
149635
183177
216572
261457
538927
450866
214715
113527
541962
259508
507636
270697
108580
215025
553433
52224
178105
159228
363612
174290
148307
484943
528465
416452
95736
65696
572190
588836
173776
209458
15072
163164
360738
465877
534070
485154
413440
301073
538125
586017
10481
444159
248079
132958
331192
521324
430487
369912
238543
168724
239547
421429
343465
393975
211985
84854
357002
19248
351646
355033
492236
16850
157011
219150
23336
291148
333562
45675
136348
263180
242098
41291
379746
333094
187430
344505
228342
225130
295778
435981
258366
538436
550800
2986
466653
453392
222500
82871
54943
425060
319591
594070
475502
122543
422338
542813
559407
481578
31266
82285
50486
160577
506314
360555
392232
354620
514451
225515
428068
234403
38700
295328
424515
249537
453874
478639
548809
476471
352392
547517
117970
57638
76819
430276
177232
434243
249000
1449
194302
591559
159898
387537
146720
291242
514625
530001
211204
366062
111622
65959
425155
508308
316832
39270
10565
98592
291188
377758
529071
458034
293057
78478
87065
237937
443503
159224
555442
21693
492345
244587
181471
125802
567029
566004
75501
18143
94041
198020
226378
414006
562154
7039
100097
547864
508373
406908
190048
355026
67128
99811
82791
506716
417082
460485
567929
412475
575701
156643
339930
123250
523966
360019
9105
333644
242554
168062
435608
548298
265230
569839
529605
176611
269028
90154
544554
157560
111569
322862
338366
302952
184290
471159
294268
80883
67715
508144
118245
421624
85657
106669
42018
240831
111384
24525
59029
411220
57690
259401
482099
106571
216642
528884
260189
80337
143464
364383
281667
178111
537058
418805
90896
573624
591911
76726
505934
73240
181555
116919
423920
173194
224968
141883
269872
255506
71168
501995
231748
209597
260375
271686
278514
441293
3883
139895
583140
374118
146760
256852
337487
434479
150613
76085
49922
175621
192591
447088
284133
494350
418540
525025
294081
318222
19679
227128
538110
414597
250556
467336
408918
211930
125318
206272
153370
452160
120916
238584
367355
302617
482415
381251
134480
294394
58612
105674
336457
460779
117338
493615
33330
57816
263434
524796
274492
178138
481304
353521
431574
364716
532843
517259
443068
204524
463652
105182
433088
367195
464389
414731
368060
328831
154784
21846
559730
8157
93024
464823
406053
478537
28392
458591
439494
524451
344956
574750
138361
82671
594264
541539
42100
332077
500604
180687
235119
501763
523530
192345
477637
413462
168493
566231
372753
284991
224042
90732
437923
76577
64119
507745
212412
132631
201826
206631
364348
472021
421121
141237
75902
4810
437618
487036
110153
540398
497330
473828
424025
383852
590115
184540
266958
443022
294622
228277
22569
321887
387567
546416
222809
414902
342582
367965
42673
246143
88222
92803
543627
97953
534963
304520
65260
442857
340892
566254
547051
100364
254981
427443
123752
21702
82214
137277
41380
417940
56336
574673
408888
562239
499708
579812
158636
372046
256976
104574
306778
100471
86685
305678
302918
489581
472673
486377
5928
250615
545896
279252
439492
179456
270891
365836
420767
474558
593131
338682
279874
332708
484749
80107
425416
394831
380386
359406
338884
302937
121855
110272
227956
266294
21330
40099
308064
81366
430909
462919
291869
582775
108210
28327
383406
437104
314749
159912
247422
479637
483102
590093
422982
252054
239340
159910
262383
349104
220782
174324
429851
532978
123811
342896
313909
556864
464562
16579
485204
159049
2912
182231
408554
67254
440223
166720
341800
46337
559369
174994
310584
544207
40875
81419
96007
42440
521788
267735
407303
116852
303447
327225
81553
334188
442214
394039
66672
486792
17057
322362
222655
230939
343306
290995
356883
586533
374161
500174
213648
477801
535284
375998
270367
76375
70447
205189
259222
475642
289583
393228
159900
207738
189889
8051
133068
443667
587769
485582
366547
423454
51223
520388
387963
121116
32396
494220
177054
218282
253949
399259
129841
170471
385649
566550
67504
110252
498802
376017
421833
95620
545825
488341
275163
527864
332933
301286
266964
186486
22553
166087
208664
10464
446575
593526
389895
568748
595954
401968
358206
414660
4029
151630
115356
468987
588078
359640
534088
445114
57623
183505
215376
99530
513443
543334
494761
219011
294758
87554
310034
209297
367565
235686
374860
448708
139910
110399
235212
264161
142926
295431
246157
151998
118851
479536
458446
248701
518355
412378
278484
188271
181267
57760
208582
415667
338481
412560
86787
133827
578175
207613
4511
309300
109426
159249
381811
224369
387942
557447
459151
482700
119840
200058
232058
392615
557806
47073
530112
575682
124662
111969
310068
348551
239416
297191
88779
60326
402884
60986
211911
244711
107086
439125
461316
589228
369456
4477
332373
402085
93394
491995
213959
384139
304038
144371
422712
535202
548653
510381
10702
403840
528730
258368
128892
220159
434778
546324
487945
163802
565029
499367
534393
451512
504863
72716
146768
426984
347034
374516
348182
569804
490179
145242
537160
295993
39074
420199
61036
237026
341910
75787
498889
350417
166738
337981
569774
325119
107491
389815
395098
109972
310883
304737
13615
202938
91975
32240
445247
522269
121441
61716
231485
573890
29297
178096
526060
199880
266488
216456
334489
256176
575627
215555
97121
340939
350794
519205
172189
520439
456724
476398
225556
10543
578021
302153
127600
533032
55562
516715
308574
371795
375339
331303
94713
246554
65716
307960
199891
157553
13684
500564
26419
515716
578171
108432
172221
570999
547256
91312
138656
225918
54648
301287
273989
370385
529849
295171
514427
303694
320728
222659
406342
408097
264994
413651
274422
344389
526515
417534
462180
13850
423494
88100
568765
48643
171098
436264
402685
559548
195637
566305
181834
102299
578404
19879
502676
34816
82085
567131
378850
281343
104002
563986
523022
239217
222615
73356
566082
42117
380611
418624
558584
568316
7542
291166
47285
193151
200230
137284
581330
595846
137119
431642
568369
109636
13957
459880
408144
153024
44423
244621
71539
170572
613
58137
270438
580194
190866
595442
580876
541966
556847
513569
294398
91546
162983
240223
495165
169764
546438
279844
254206
287574
82748
42689
593236
303058
34579
213718
384671
128391
56364
247306
443774
349148
554536
481217
748
378553
572314
308207
132343
520088
305887
388344
259213
92697
124095
226278
522504
309314
37684
104097
569437
462817
322959
405935
87630
177129
374559
376464
395618
96243
95273
268426
374186
318611
482463
473009
488353
521408
104265
566020
593473
117815
295496
371345
46628
571707
360504
126031
295342
147291
280800
255749
310373
353482
187692
445468
257961
140338
464598
400740
283859
421558
505364
500126
108993
441693
203949
289216
586158
319388
42996
446409
528424
333488
265281
417818
498073
465230
59933
521897
553522
420090
308511
3656
322178
494349
323072
496234
136451
94907
263136
461450
411515
293744
283220
356496
185657
578442
306914
345302
125112
330814
495952
277471
573995
438277
258455
360066
37040
132299
43695
626
536307
328464
543103
506083
404986
577358
361762
501619
89837
443473
555293
327212
370133
565194
324923
26615
386850
342140
429093
369221
33834
394217
384770
301869
422583
169646
263536
15721
452800
458348
534149
369319
356552
585549
13039
264480
224043
294422
316592
249498
31217
113248
212185
119374
201573
119463
482611
176749
10713
388827
180545
543975
419525
129691
571467
595605
198579
330494
8411
470350
590002
443769
593066
157884
456210
499316
13884
7175
45358
376648
313062
435766
257089
328959
347422
366722
44509
29983
376173
40688
24839
339894
133739
169115
496282
9775
200041
268063
361552
504265
71326
58830
96937
469214
493782
98938
424511
449566
83407
13197
462495
565811
34515
259729
390624
512050
144495
23759
21564
406146
565037
5804
420815
102634
120295
127632
198542
29117
65701
591279
133211
25217
215496
501205
134351
246335
388756
380276
96726
80694
65837
36410
120806
411218
581120
258574
409310
344194
25518
96174
451370
252322
318405
130004
163095
189752
228538
13620
113648
407037
441835
124091
496471
498073
430408
387311
228272
243077
446026
302577
245275
305308
208645
38409
542556
28431
227781
450030
504215
385935
163474
324500
129885
234875
95091
242396
3069
167300
582970
120832
99154
4870
537624
496804
490127
573390
485072
402724
377897
124925
411754
149440
402927
403469
411641
466209
56020
526262
186147
80931
399481
319115
585401
25679
336100
476711
63951
2226
300832
7274
100354
146439
60503
322617
410312
164322
20242
280745
262700
65923
69236
321541
111426
758
462720
164448
351522
147059
300568
313296
22193
292403
247603
4533
490436
383837
24388
523293
289829
349117
315329
252377
97903
514406
145756
92048
143911
258609
342603
596386
342541
404674
230810
78582
561771
313159
535068
238709
554972
111172
222407
42078
96010
435422
300912
140868
189125
244188
128421
120171
306103
22494
234585
384383
315205
528616
195654
592909
574551
588434
369338
166858
483829
187983
451794
580112
33676
352734
310761
186309
290924
327626
314098
59089
50928
92541
354598
133931
437863
238851
449499
515592
579953
400277
133403
182782
159850
594608
373355
425059
469228
92301
190559
227417
23599
563739
22592
271348
280527
49610
171066
401736
553905
274253
258127
88127
5649
157928
341526
229426
213474
589200
38893
122564
88317
548747
5976
82780
356385
419405
380720
578489
125030
339877
390657
165897
592170
495714
221679
348558
124849
198320
489971
461210
411565
295670
434710
202970
474673
333789
92808
576293
193003
94761
394719
109809
275970
65952
253035
530677
435882
342270
36714
457254
129862
192003
351451
242766
294950
4738
381065
389209
564117
253229
190988
195378
179441
28904
568554
328267
42537
250328
122198
71025
191623
129558
40628
579034
510884
134200
180081
56443
546265
99328
129910
229287
262934
152532
502815
560004
591558
189199
527017
106219
332507
275655
212298
551167
545182
71107
91487
258145
539540
497432
199195
524463
421440
340687
457823
193710
28994
61854
74996
29526
269365
86450
345193
230609
298946
288417
551991
114538
152596
121366
103708
378944
42213
167112
386974
455648
37817
440224
553917
77584
198529
7407
105903
85
536747
101174
479427
316818
385444
289379
240211
89725
331687
481774
549595
281237
440440
220586
253596
77302
364254
376616
409832
794
70851
538557
499063
543800
239738
530654
88754
83488
99228
425679
413369
105640
85116
595096
392350
411665
185922
381741
516638
309368
292010
64274
32624
564768
283987
525437
122775
479926
531462
482624
49591
307704
225656
480070
104462
530412
559594
189310
193623
440964
100961
154548
395776
567650
65931
386755
417607
436159
257179
384345
496983
102071
10339
538098
278079
409193
183150
266502
58966
140019
217304
568445
215376
13240
103837
561256
58391
29193
50259
355972
265447
436042
218079
305395
567713
566950
43264
175516
54512
31926
153168
209965
559442
224466
442042
125170
332393
448679
11228
149817
9115
475912
201241
397989
474879
482247
312534
19291
361668
236693
260189
173846
524214
350096
147837
146320
144766
569589
24408
263995
562584
59068
137050
17430
401649
264615
572161
36448
449503
389404
22675
111563
145412
359509
27623
44289
344917
310940
474860
359635
61783
109667
266672
179127
558603
182219
429355
280489
87179
45759
348194
339303
446941
222274
283368
54760
416312
501767
360624
257615
513674
103666
179629
227771
418963
169310
210620
353143
462233
21465
409165
426506
307648
524982
251846
585582
148066
2291
553090
491462
433626
509901
21114
363313
290417
243023
534657
257408
202223
420737
568727
155713
589052
265683
377609
368340
270275
210325
6166
329773
441702
193032
438117
520222
139097
415998
14122
554136
461911
454210
121536
562573
101358
492517
56938
367843
529026
275117
519231
158427
360495
293102
416990
590485
101915
56004
96002
444189
489567
253737
296944
377055
358720
419550
297133
84563
410774
420899
417424
592369
240433
249028
407684
150499
407343
323222
39088
549872
479462
505754
130865
166125
253125
142064
549647
494140
345242
403907
284216
63823
516945
126421
340318
95474
196418
419298
241793
306357
106803
134239
332270
589657
490904
117020
460465
48938
365189
44524
464905
108605
95770
69995
59183
313761
576347
31063
96117
107003
263559
269080
263213
457275
236174
21348
202506
11676
587161
141228
495084
554794
359908
418078
502376
298586
594567
572044
471154
541331
227843
151189
229023
17112
567407
133286
435086
291503
353896
269252
541503
333720
200940
28786
26919
427581
498171
261900
100102
406263
541661
422845
100271
4074
333504
61679
140987
221959
508535
499698
245268
445210
190635
449754
501846
100586
269044
308075
355535
6269
336475
72420
62975
464142
570517
227123
176624
484826
217096
593668
176767
103833
585614
67821
287155
500912
91985
410668
262946
572772
245635
142948
405204
297639
309330
233599
1495
108846
300368
179867
351439
294171
354303
564875
27395
539216
391659
557663
131794
421949
492354
549100
494586
467189
273059
309785
233896
550549
295094
187284
577418
580305
16690
500972
22839
103807
533770
181117
396635
80445
438114
407635
44400
389839
437050
153092
321813
27869
181019
205130
418945
478063
371104
441840
349871
465863
494697
389671
20724
330026
269082
208184
271790
552091
379753
256285
477861
86255
452412
45218
536220
122563
287521
480752
237743
29651
514247
235563
497707
278164
370700
346589
218175
43604
467900
340366
358242
395989
76315
542535
467048
420582
368248
164762
504760
197394
345608
188492
272810
540249
469606
35969
462684
542049
261240
480714
404170
336299
380442
100041
319639
75819
251078
87106
167845
185998
574191
577051
551690
2010
230090
269599
75926
466853
163499
84482
366276
481471
410980
207260
206140
389405
588725
243990
99959
311535
535198
178858
330035
112453
393793
433717
574785
234238
97435
172367
132709
239363
199640
515734
232252
143738
227824
130550
181108
212782
435671
380406
288386
440938
354828
132959
277595
248078
2803
235895
33211
101147
275601
121529
177292
442813
18034
116614
472186
288411
369412
6677
456379
494573
85116
534867
352516
408096
439773
30311
282976
106943
512436
582923
171160
358745
377282
581699
173189
156235
236056
339341
592200
204575
10411
449242
532846
230690
155031
203295
181428
102289
139917
458162
430361
323896
12381
576136
538301
504080
367087
412355
540138
29691
438653
513575
497566
474367
567836
502395
140313
374394
461505
55489
312208
156906
177792
281859
138264
528577
449800
282509
387542
538383
53825
427104
301673
111220
86484
379637
231069
221570
138944
418187
460292
521763
531590
311421
485033
482507
45113
516039
374996
199551
587440
196487
511543
551729
56786
132668
64668
86522
209142
165715
14592
493876
474739
585305
406950
47911
82702
95600
266977
131313
10491
432260
89808
322183
8368
272645
67222
2291
271186
216395
137952
250193
589812
438152
296144
389328
45083
482999
116201
592112
502480
161917
132190
232310
223157
409751
423379
587689
360001
425013
20031
216783
191360
76642
321416
314345
94377
33271
455934
87963
117267
461140
133009
64606
374353
470737
45475
593968
466117
363319
93822
104129
105628
5135
274807
409551
78293
237112
398388
262062
148545
237014
221721
168660
72231
555642
495614
418163
413190
71844
425853
389985
181589
379225
44529
484146
537343
197555
501455
88469
314788
84202
421711
214451
259370
394936
238777
161707
509835
431904
520742
316153
190752
358441
488978
387168
495473
517839
112269
539384
532258
447890
272488
194385
304945
249053
166956
326289
90074
78529
538151
461538
354730
381607
337415
390490
342837
316496
580245
502086
100881
236371
379778
123234
257178
252422
128085
62910
557006
301110
431179
387410
568243
504908
359325
576738
453455
219084
451732
554874
421585
99513
109871
138710
16072
153940
549417
137466
251250
556644
409940
377806
405479
415764
317342
365275
95780
152915
341557
95335
350132
429052
484492
314774
166137
303132
13269
547799
308670
302428
82580
72070
459048
137589
104656
426377
402845
274631
108040
170236
571438
196182
84011
430521
484567
385130
94410
375856
509605
371928
459016
333509
560881
289113
220402
491076
526067
431374
134184
394113
309828
44440
466505
319437
309120
380546
141779
245493
583681
466613
64604
493551
126837
12809
124644
260476
465026
51754
322990
253115
127342
154128
499110
325728
260722
353769
392022
228545
220483
151723
251352
481412
482942
333400
220956
6375
250291
155920
469100
542669
354426
505466
12075
171946
101963
480173
56495
440413
459150
434234
449008
359366
298429
124492
373224
41465
280884
324551
181639
582646
88213
409066
4075
582878
389357
448217
552329
454058
544595
236649
528564
3314
63961
423857
150820
344265
366628
499384
28666
594519
572916
483687
223409
492085
66381
459533
368568
95880
407154
582681
582030
417506
234965
462795
491405
47640
307052
73795
61348
273062
60933
269531
582960
239928
49617
488159
8407
131182
233912
156094
17751
114884
421357
23453
81359
143145
426647
169447
393896
90884
574566
508715
483648
406417
133509
170292
50090
57050
216388
484165
520124
255319
317965
485914
211031
503596
521747
206151
467341
43842
310541
221810
434675
95359
496495
594728
578461
427910
240618
317909
276141
466227
446713
363463
44849
186719
389872
573045
332775
258286
343356
261233
42399
488917
355015
113198
73392
300326
103121
370518
38599
319654
349378
520497
440594
142152
506847
210036
86779
181827
319554
463502
231132
232104
589463
31109
550858
54634
515247
140354
41252
314704
487827
501304
93417
107590
539558
42783
336334
533470
158281
108674
122098
108992
218508
583822
546836
60666
126632
408260
40444
291864
6592
198028
287942
215320
211362
301359
488964
177660
368405
251387
510
506899
291259
291248
351756
522468
295212
285031
530165
81350
198604
480060
46549
332227
474026
316784
256470
36878
152591
526538
689
507699
210078
465138
561966
248644
230688
9680
462883
333541
437519
410014
330597
82121
184557
220721
526573
157358
321482
173023
450131
490354
131963
451789
436140
317378
264041
343325
297328
262543
125395
437369
522184
167861
418043
130320
337673
447947
20865
193948
507722
536809
73955
51046
456186
366804
407757
179862
124601
423359
480713
427238
511447
369225
230380
15049
449883
84337
292777
313720
387465
553101
349613
207591
137112
463621
501122
538682
29701
272573
125957
151174
52963
522262
289246
495620
328182
174396
137597
19269
127198
567220
465896
215794
319276
131562
536101
80741
162775
9234
533807
494915
283911
545028
26194
542880
121481
366432
332429
436570
185174
259686
226149
300864
243708
118139
25866
508159
452904
265482
33216
57747
109930
463959
53693
286620
354401
512599
121095
105774
479902
565929
270920
465518
216489
570649
218402
33699
196004
394610
222185
147970
425983
360026
91874
37103
72056
3274
88159
422598
302482
358704
242254
132353
79851
348110
530866
214706
506067
166577
406643
511380
160245
83408
590700
449222
103011
401634
9289
363855
71119
159528
500221
348526
572220
545771
358991
257699
195168
476050
385973
451031
132651
53168
495364
78672
406672
200518
73125
149662
429166
513908
256815
141184
356612
307524
270740
451809
419855
114911
472379
174516
160599
564274
496737
190325
437387
549260
124053
102399
268597
3019
491686
532010
591190
428749
421973
538868
569252
249744
493619
349414
290208
534496
341456
102843
137390
228335
568650
75012
42461
594643
309350
540462
376824
414264
63440
250824
579694
395737
334410
362888
33021
431459
533136
394018
197897
301976
480849
207046
248445
58263
151611
324434
6911
97422
374318
483213
126810
104070
430129
153922
504935
1460
321603
264312
274580
109138
437584
371977
51813
519545
306342
518797
537481
440262
25688
47769
561645
350832
546471
469865
126941
254590
304603
301911
1888
169845
42892
85370
140890
380532
127376
488825
229252
84420
47302
128364
590767
133728
499831
339161
561690
386848
169540
382720
69307
161618
370878
51582
128600
503381
452560
534808
158546
568685
70350
327124
371477
522148
436582
434457
53556
418199
479109
32250
549191
93501
370120
17405
406156
133939
183417
326595
292061
262954
193570
428383
166313
167809
70427
443661
558013
424763
136568
541478
364371
534739
222697
596023
398027
282093
254024
420465
252088
527061
109123
401330
97758
551824
266122
242592
26624
232295
126557
588946
41573
284389
485908
54650
174756
378985
231611
149123
117823
484481
467450
268923
293216
200704
157371
293529
15381
243246
150508
42604
377881
161384
339965
56469
422870
542977
500584
54786
399232
546187
328003
473864
79763
446535
179770
158976
347619
205029
77442
289208
460269
106271
466003
327851
220604
16280
546303
49688
25501
80448
174844
200112
33986
78614
335027
179318
109698
573443
192241
421502
265634
190767
39280
41478
122298
327946
478824
467604
360987
583841
517856
435151
341441
454543
143147
52367
142448
457046
124745
538585
29620
432850
552314
185633
121930
97739
56032
299006
213475
210980
154416
327170
118135
43178
211890
383530
115225
447312
335772
592027
66397
236779
90946
358673
264418
226452
513275
357056
155563
410426
7326
30331
493124
141609
553856
120644
393500
488146
289578
455212
449626
149347
493883
417417
313675
414787
17834
485075
301250
23344
130241
444887
290701
347139
37069
488023
438183
203103
516627
571665
591269
467722
186144
110626
28308
503687
261445
315818
392229
425849
295830
436265
46643
363813
348717
50148
380390
193924
102906
386449
307416
221770
454763
176285
391329
340516
227572
122894
568168
142175
564781
578495
536433
533330
537053
275431
358006
330981
558877
11493
446265
167465
138015
372933
114436
529038
475100
342030
443866
234953
495221
8961
292063
561213
243032
51624
288386
509226
277459
513216
245943
106528
381389
394440
552932
298268
174215
262077
401827
186181
97893
325919
31907
101071
509551
165214
428759
235893
449284
16266
6161
377468
447230
76658
313475
292281
370138
18810
366837
193424
395293
99803
579750
408101
57318
219837
263834
23885
466160
258832
465338
211973
363049
434023
560660
29419
421541
52603
547617
571656
173388
265210
426060
369945
502402
212690
577749
449406
5905
248237
310955
108802
8427
246458
530710
127083
216697
4359
131511
438090
66336
478486
364556
99221
178210
354998
449961
502896
19807
592376
10279
364442
169019
519303
80427
25233
504149
350662
211839
54531
166031
288993
276950
516485
543952
136298
349581
324370
382413
387790
420230
125683
55197
330822
140651
405754
512791
417988
47793
255568
185875
248570
2904
353162
13347
403575
274569
536487
130765
209897
63284
77684
467873
131028
472088
549663
518890
125458
184937
309196
399933
286925
569231
198688
479924
416277
530625
490209
215956
189924
142531
266210
493688
364030
330656
362984
494511
40946
428821
230301
261681
394358
173791
457011
264632
329610
309874
249879
578527
552167
503838
318744
352189
139505
333977
577232
247681
125797
522391
144370
37926
370405
484469
348056
553798
45683
267921
184772
417950
233985
399142
313001
364444
406613
186246
515058
560224
278362
10262
530608
474965
555680
510703
337116
406499
395523
335265
347250
468990
286770
494911
61052
428050
515058
89120
184294
465432
475017
86883
522295
511622
96256
145865
430785
473731
91539
535220
189479
564255
388380
428930
319104
476982
331138
560141
534067
403929
430316
400064
290334
542550
434912
367577
148905
103482
549680
150274
19838
446073
559648
333073
85772
289022
49807
475269
128682
447689
102625
474616
515281
21467
67926
127893
399912
37633
289382
7748
586386
551783
222500
57323
37974
180627
547072
129239
576001
295945
461012
84179
292959
196157
342208
267963
69633
319775
432218
192462
495482
106129
133788
444369
101659
357496
416822
262359
366966
409613
556490
351925
121119
77794
507928
442284
357461
547206
248619
562870
541136
421612
381990
135042
179378
163561
434382
594247
379783
34821
53665
179531
327242
183789
293024
193248
210445
134666
276494
531392
162804
443124
471404
515231
448753
231555
159484
494862
52378
517
589833
76618
58525
434047
405120
32811
438320
481230
548049
261340
102312
201543
309712
596776
527
112241
443844
257357
161760
367410
445228
204909
283281
311019
185580
98575
592086
354619
77974
93443
349817
82950
247654
580124
260838
489997
240238
112288
494106
285913
551035
329707
196812
473332
276491
183920
167247
139857
195592
233278
474354
59827
242031
317520
236185
337916
507690
244665
123705
307532
68210
79004
4037
432778
485018
400373
509492
17703
375163
406314
173420
363598
54827
421490
529137
131199
418194
271643
405250
293488
236538
270337
184423
579222
154481
492298
346787
416773
255627
240931
507672
547126
558785
271819
225459
493695
56985
168288
570345
45797
421215
562353
489273
549261
199511
206715
504645
511586
339439
83036
458218
335922
394714
546629
579827
424578
380587
4226
79585
103488
86004
45135
515091
377641
323743
518407
173051
134378
506984
180295
5111
204888
13333
213438
415929
423624
158635
163571
387205
110774
392727
46793
369112
18304
269756
502809
341723
411936
40799
179868
359919
177332
310838
408122
406908
383971
211305
352304
138530
333380
409706
518216
196726
41464
229185
155770
382075
449089
505057
42119
263539
322810
82988
80329
12209
125641
72902
523886
531710
364647
540727
583594
81794
33821
416825
572605
244815
93462
312869
332937
547703
247092
146079
408615
167405
137790
252015
496082
494339
81688
383740
283684
376943
139217
445141
143988
153681
163554
484843
574413
142850
189985
130983
120940
470912
132133
3772
553516
177835
317659
164488
210521
530883
126673
162225
365949
328896
365847
233343
133059
592122
433817
50264
471534
580495
104233
282626
373338
10688
280162
66120
15143
51442
529582
587356
436341
90643
125463
410634
515334
316825
158399
284225
43046
404303
121938
576010
94239
411125
535976
249264
530557
382932
157706
222498
41909
510711
352347
288146
509805
27441
341074
520208
395050
214959
123070
575405
219261
525779
201249
544076
585073
332250
204629
271813
173832
403264
77632
12855
531803
83547
471544
462432
253789
547083
43688
474691
231598
266420
499904
365305
435736
59224
67719
344507
393317
27683
595984
56896
431793
88324
12075
125826
212677
232690
23834
21913
286943
60928
129936
46189
371268
441011
227385
545386
119786
294013
317126
594864
213056
123867
242918
357385
185523
120356
331224
216076
442947
79717
100750
371040
178641
51468
542360
269964
554347
514112
381021
321043
198425
185545
548119
156924
313668
472697
35884
280293
557020
355313
526399
195716
255475
59961
167763
477641
565890
160420
491872
529664
495554
461466
355621
456000
327897
357747
299754
520901
176409
241569
566663
270506
551329
179603
391659
337237
125585
43460
572885
166288
262464
258295
33629
531668
535576
228020
34860
35565
532573
89762
355064
591144
157546
541731
335615
453658
311044
235804
325200
67149
213448
43855
284533
300546
455880
160437
543145
68397
210721
335961
309242
327711
371677
178342
223896
106345
514047
378754
40503
443715
540697
341680
5513
319567
107640
130512
63148
205695
542935
117947
159854
299439
245362
185306
540814
292245
235444
110996
1219
79259
484270
163641
539356
48861
231468
78002
476655
23865
126817
522931
425176
390757
200952
248687
106066
231997
180517
222482
421393
239038
103345
415526
527395
370791
8441
54711
69684
384254
97137
254757
292320
149040
403036
270902
378355
10771
463536
596910
502574
539532
519404
182558
520258
300811
385471
92635
593543
535122
177347
383243
452218
589246
442312
315157
444321
293974
343923
133113
201794
186068
355928
513608
520498
354532
115582
240926
292615
274924
513424
431989
567447
47877
432950
315249
230782
9577
587642
101340
188724
65052
518954
570846
126176
472363
65648
234762
191298
275094
339576
148113
441197
428567
210125
405385
592646
216025
244034
18738
303639
131464
108174
280483
114835
409085
460960
525905
278032
534133
254533
193994
576333
588023
115035
485489
84676
299427
8671
314231
438948
399221
226182
184478
406239
464930
196969
30816
397797
400424
578487
434881
423914
25603
55305
116237
79866
225515
388167
368436
223409
573105
220728
52085
137340
244775
89554
169387
568051
153297
396844
206087
2133
558960
210595
310587
448165
237457
377309
275855
532500
134596
374513
59321
396672
458804
258532
19159
248178
311702
595254
282059
427209
263788
408567
553379
494738
587715
58801
409408
569547
132097
489442
267487
490446
51394
577478
102017
479557
121247
551304
498936
522000
176938
429854
122719
448053
458900
47673
139408
585158
32616
181311
378617
518111
512275
536261
482551
559062
269744
554078
28740
427011
365942
298482
551759
111599
526617
125503
552565
445547
592977
46438
124349
47492
486377
5016
357729
294119
2517
115361
316748
537029
182995
576497
22724
187686
516859
546010
407499
275827
496235
188397
183930
130005
82208
504
236475
145117
105059
393348
427035
321791
255413
530165
242187
405844
484602
79059
188034
152726
467938
97701
270132
546578
349237
136293
100690
92392
167591
348847
29618
523405
335054
208230
417020
361095
560729
490794
485668
98701
492072
54530
344671
548605
262460
67588
507479
408590
471040
17778
114258
285866
527039
317567
41227
358161
102242
221484
466480
174886
175235
219551
75928
245194
109754
145115
335117
586113
272393
227233
317927
148989
225967
502139
363127
327163
246172
316553
437502
563568
80827
554296
130716
516906
595110
455112
181505
230354
83695
334935
55306
276024
263699
177385
103976
470084
453463
438026
55997
157134
518000
418773
362482
508149
39012
550762
130348
205061
386122
110611
222174
197486
61367
338848
506633
163152
404770
133004
98346
133222
235738
479173
588246
178098
301927
299006
342668
343416
338023
494620
76093
495629
213684
518485
48878
573214
517312
24411
164269
233775
565998
5107
564773
79264
242196
480488
211008
294750
72615
27589
379828
332054
353046
51745
73821
432004
354797
228484
373290
487443
522783
170634
429126
576874
129348
536402
511855
112199
535660
320466
587136
241935
59256
545560
25279
149802
254799
234058
222232
514027
513292
214160
576554
399729
519560
70757
240675
459286
430609
103387
512611
266246
306389
301823
441402
582434
336049
360541
454001
550207
318257
134736
101
392759
284145
184811
433930
90880
40181
292082
336117
561037
327208
153590
358070
264664
485129
560332
458055
345478
74758
48430
112410
470645
298236
118820
20760
186838
56006
523240
92768
562350
218768
347526
141081
263349
530463
34932
36458
398140
290622
72512
121535
42904
460886
154932
16839
418116
474081
136913
189301
565816
23338
77686
131089
297233
160311
445963
52956
330823
153917
206503
215528
522548
450343
231185
239004
145188
34489
262606
40798
398916
515528
545500
51315
154096
298292
103298
171003
517025
467619
573026
334460
265910
232832
137424
52659
248542
395364
51525
410969
47472
250431
502593
540986
467589
81514
123639
561983
303160
338550
234080
180338
460552
589211
219755
242818
275681
340843
360674
521049
132033
390707
132801
345501
60069
581191
380463
450496
214717
417597
344825
188113
215871
510185
69653
570603
66554
250714
81555
510813
234963
166923
352529
138193
470051
60875
301856
43677
341626
68384
245799
321760
427987
30490
99895
416608
210051
557760
157455
113714
108379
424468
449926
586408
435371
68194
304602
502198
98677
563549
267678
280492
19626
570362
127998
533372
330738
257302
157377
43777
445236
485115
340099
495133
224739
572027
510301
90397
514270
214308
111455
236665
580794
405718
344174
331773
542094
533534
35504
185885
307845
438483
53170
347744
276687
147965
585054
187365
284686
523909
379244
365994
116534
401951
421478
356147
184681
31992
313536
438204
418401
579226
366023
408962
208052
489131
183737
232531
382940
219600
257658
303912
45597
584955
486832
595894
350126
195320
66357
170672
64470
171561
374809
265186
220284
286945
121905
574782
342146
544084
548536
426856
293823
154395
184721
93187
203717
239711
423481
274920
454303
338613
451363
370251
471961
418516
318816
182933
316593
437094
172696
268213
308501
288744
128403
37096
488144
333871
410049
538431
200373
262472
398568
320335
175985
185765
273811
364827
396338
75697
207386
154236
36040
481926
517360
530400
329652
170807
448678
506953
337147
242327
2836
586955
227583
416231
460974
34523
594239
258457
555688
541681
385814
484770
311522
386547
34628
351134
80669
259724
383807
509112
167640
311632
23173
468051
11682
28490
514170
394997
3668
518316
306982
296830
130463
41929
246924
58892
263393
370784
230009
194432
288818
447353
544004
225439
51178
313116
393008
51400
364318
579465
581628
516623
449442
441927
144890
82187
73635
327339
117643
596491
481004
8216
294898
563615
265654
368225
408560
285020
578659
405962
482159
332954
327253
432625
355151
325344
21781
358731
521794
31918
405296
188239
560935
381764
528522
103922
363218
272391
298848
119996
480683
505582
287920
477713
160341
391271
345570
457964
229873
154376
35857
583529
578972
459828
177598
505175
494533
587433
136312
169061
425713
455476
45085
309536
423812
564600
589397
532939
580996
341645
556246
563575
99604
63903
585149
370899
184569
352379
237524
496343
562568
416977
411067
526707
480590
199781
575249
200451
93422
110363
192846
181914
280513
41915
491713
339990
247458
485582
450383
168297
58843
412393
500807
128692
210684
10929
103828
411377
476987
455576
65153
161867
295659
368424
573353
295750
374253
157804
115462
506548
302941
483911
347559
192847
107507
316845
134726
411835
520641
584733
136940
336328
528977
173268
466384
96644
329401
43939
443335
458580
495460
202549
436730
411378
515964
338458
322224
62999
549920
143936
259959
467904
267114
401425
200121
424286
251340
233537
283736
403483
368472
177079
592716
446695
65338
573126
580757
491822
100624
298969
538246
492082
47692
144095
134618
7599
4907
387146
537369
66561
571222
295079
376631
29804
257144
268547
345933
60131
151928
111231
310521
163539
404956
319327
456232
186125
380303
457227
306214
101927
576133
417515
376434
145229
144432
269223
183097
462856
268647
31312
513863
224444
149102
175095
347872
520999
80845
32603
551265
362176
218044
83309
480244
64985
414937
473285
405698
33424
85468
139377
352216
458813
294661
395061
65639
103978
456547
406326
120332
152851
545958
413085
103982
65043
286127
322128
515796
233657
536676
291074
511007
580276
7370
584674
573756
71921
412545
539181
213381
68755
365879
28023
193380
507088
395895
413971
186491
526347
447067
119858
466311
57638
589738
127428
2288
515558
395496
273763
116182
212921
504401
309433
574636
332472
344324
18703
429375
552975
133279
508749
347385
42999
482882
77335
181026
165801
15553
355947
280461
166384
369536
232779
373257
62321
19783
551042
113181
3672
565346
516466
502355
535734
69995
350159
251058
593984
325972
80681
220806
353132
15436
196808
134683
511537
288659
27909
543753
491015
346483
248226
469246
178655
292757
49941
367559
19226
510534
1317
442354
194944
578225
254785
321802
547877
36781
466378
488828
507227
382793
399991
17449
248623
574176
259189
203319
128169
260339
246273
497598
271903
441688
169614
451480
84407
410200
110818
433880
249338
461355
30217
484884
270446
13418
575871
358307
180817
351141
116512
319885
332123
577753
384867
188036
314641
17148
99724
504720
463639
433277
303530
396295
265052
105979
201330
295890
106435
43908
446568
266378
215904
468323
80748
236217
112837
316709
309226
423758
212178
279848
41052
501294
439928
295382
559853
184122
392880
5279
245903
501110
44273
210502
298349
18095
68301
174051
520606
363020
50309
148921
118952
185787
165808
192411
532766
387384
575089
384886
126619
51503
71037
556131
542877
213214
284362
141890
474159
287441
23152
325735
214029
325226
591332
424247
136091
322344
425961
491651
352940
342582
184762
43501
376013
61665
467330
81233
544071
58777
326051
35987
82707
179306
523597
478703
589805
30309
191029
443164
502125
562622
162777
317853
365557
532108
63797
550880
210859
26794
84157
418174
106004
11505
490586
109650
522312
535701
165185
113294
474271
545285
125166
179175
527738
23562
142562
192746
522643
125796
202357
436401
207547
470953
592770
119973
312173
444799
449689
211536
185457
441214
264105
24969
243711
457657
420694
36041
35039
162338
31830
145265
151103
538516
249343
367779
287289
9297
500516
596756
250651
90111
319930
56786
136721
297586
322732
160928
432100
249420
276140
465278
542729
89449
281641
147381
340989
301824
582995
581609
592959
576511
56855
281293
25657
586952
160311
400950
544684
195098
497185
78366
35
314641
89223
145347
288421
287194
233269
416615
382820
346759
366957
183114
381650
70872
554520
437633
189570
276909
411578
113198
375083
44519
396192
75530
524630
384904
514446
135076
523715
149619
296814
462850
454804
435992
526563
482079
341738
130940
270204
60212
405272
177810
255844
294275
243980
547428
49528
278881
226321
106077
192024
144227
186566
507116
556364
370139
72437
562640
363327
336443
42482
21549
228492
268327
227358
558520
206084
202606
2937
584309
86285
416875
460554
558609
289038
240457
172225
124780
85136
457655
377127
339263
311102
253308
586568
187647
85397
139981
482882
399706
204890
571685
237715
434984
538020
519729
558701
287644
67664
51320
246859
562546
315960
76204
433071
404639
303741
169411
358082
502505
176536
225194
310444
277028
367239
439432
156344
470122
360235
39975
353574
153419
479543
351629
409570
392345
531684
207337
229853
123299
155138
590908
459401
265099
539789
340179
427495
323933
515050
479660
274232
445107
473520
532981
207202
28398
430810
501844
404783
422066
245118
191921
216553
442007
535870
525505
501701
155316
560853
15968
548279
141575
134903
554997
234025
423365
12290
12397
241947
255619
216
263235
492944
386499
138497
52858
215028
472730
509032
559965
428881
62008
64905
411015
60589
525760
366041
32200
8167
470560
191529
129089
487414
84691
184331
370168
304786
535214
454720
191852
127327
231438
313968
160878
65767
246610
234317
444230
328631
479187
125739
268859
28266
420408
142729
284839
163255
121354
14839
220885
511285
148956
375934
417094
393486
21784
4157
349256
170153
508317
82930
20851
357287
353893
319675
280287
297253
474986
552147
529515
367010
24357
522781
50112
256328
117139
20435
433716
76601
74817
107642
139876
496714
585059
143056
337404
113750
336402
150754
38075
174445
139585
589974
9222
477490
261201
433186
343167
243362
195308
539711
249549
105382
443599
528983
40730
425949
188391
152301
464047
280127
89977
155769
60270
495133
357249
353630
27318
129162
201026
560617
24168
545021
186162
267810
101740
314222
553524
164417
471159
164047
229657
358835
34645
40692
55355
592734
583991
432535
157983
511727
432212
446696
343444
5252
534513
573302
455707
334364
45598
67932
357189
293531
418683
545238
238262
293212
57031
521560
325174
526132
440953
15165
583990
375141
405024
438269
383513
328653
9319
588010
118094
335421
229193
65560
181998
286969
115844
84813
103749
153063
111896
352645
398355
378762
481720
475580
152375
206152
460774
284893
530152
37894
566809
145612
10169
192519
560869
201180
71342
201823
173923
209461
433677
103994
502147
486975
582096
465447
170796
33903
25583
170829
453643
24741
573629
120972
188124
9605
190475
298866
171240
352312
242694
401284
129943
160083
248397
91006
94522
590149
169756
417199
465266
547156
21453
10095
144905
135263
160978
169607
554759
466440
287320
202840
273385
512196
203655
369961
6885
131966
526200
435087
347171
405191
68860
98220
295862
334942
207299
445513
352273
277942
82817
473227
353007
475081
492638
149470
62424
329216
509300
234907
392892
216712
349030
69229
326792
28431
349151
104765
30849
154362
308401
88818
535982
461499
436106
343240
520711
62352
127319
596193
248038
55050
174123
203680
295861
527320
265917
565076
534639
364403
173999
188662
414492
471186
219605
271103
328163
4150
205900
204556
328804
549161
438822
578119
159738
412894
247001
478812
64761
254341
95504
552091
381877
119129
62718
16601
175859
373505
208638
532751
12271
552829
82162
550362
95160
199272
81523
457197
235078
69086
94987
588935
74915
199854
339829
141650
205270
151526
400673
357434
7573
147310
337243
171658
328469
29405
543627
144041
356342
406252
319928
572919
205240
191143
578436
466940
325949
283620
339501
254419
519993
100575
398798
97891
349732
389252
513630
571152
582002
363972
75876
410603
439594
275707
288173
472648
495652
224491
38464
359027
481218
415716
124800
140972
62373
494609
65918
561917
269459
451466
368161
74968
185468
187471
302471
8988
56256
128832
594022
505937
38760
465681
105622
537751
16459
110982
337660
39212
62164
160281
385767
230393
550496
296368
449232
499183
356338
500461
514878
569392
479361
42795
89543
171975
350441
122847
94309
424966
226274
358592
564494
99493
76715
288942
262458
249726
157893
418696
374237
431752
26150
77531
152669
104021
332874
141220
494802
452557
483334
553777
444185
428389
377957
397090
125603
12687
540428
472259
445666
576031
199146
558818
24016
230547
143919
448282
160302
354842
469438
63822
554106
543809
388896
119477
409468
12838
596739
38914
275102
158084
14177
485471
448060
384446
848
110293
84383
131378
545826
255074
442719
162259
382812
470032
418924
30696
239154
372757
170141
418395
465355
128215
111712
173775
550889
168623
85327
313049
134634
169636
194310
491382
534286
208566
1429
76646
458863
15288
299208
220116
564366
57475
75254
445835
120631
172192
563376
370543
595567
157737
99326
511899
36981
516585
462705
320349
57061
22898
89541
584157
374267
351283
184368
279579
361137
544580
566225
251037
14038
361146
433402
3802
359091
50978
220855
219810
222723
496974
288571
236821
231898
568329
349743
354332
372677
256584
303856
465433
441229
511889
340955
570536
90501
220379
52936
35114
227932
250548
107373
543614
242668
589132
429678
296316
106314
67953
543974
147327
402863
125524
418399
503160
457976
273795
170522
492141
424933
346024
275905
542725
122457
37381
67580
98058
277138
149440
447391
372622
324557
359386
490519
437121
367674
295589
342666
549110
533348
347804
541926
359219
127195
365981
485721
87077
153891
290572
467184
530915
543643
247173
6872
436643
15072
65949
54823
338277
301192
108379
355640
473026
536122
350356
272296
581958
343566
562589
526633
556304
109356
270343
562693
16378
262362
201588
166859
98149
533864
369466
369731
45370
157727
412111
544722
578676
344234
105027
548284
357080
124625
83793
171202
370774
506877
27403
498885
127109
412571
273606
294683
425448
80870
93493
459734
21511
470417
340318
225348
410551
66287
325517
272549
357222
442009
415083
185970
338502
536624
320768
335134
36856
91682
364715
241515
250869
359650
552419
67632
195790
46721
587647
91616
256704
351069
112882
178762
260206
263424
123993
90482
494669
256422
92023
216759
158103
107092
574717
121145
435411
491176
467880
233656
583698
488905
240865
518164
124898
193626
504488
17862
369129
321167
202899
36206
485719
307425
505109
408371
5128
204840
532600
303737
269028
492216
119018
570138
95601
116305
175975
99737
260355
401712
126395
389444
234216
104854
539447
233267
425678
309716
228160
344347
10014
422694
10908
217253
451177
75433
364762
157196
174853
251033
166670
179039
273740
12875
147315
110894
320244
482518
286125
139620
473278
457480
498908
180160
104443
606
303463
70276
49031
36114
208617
429810
142109
97452
410116
194181
376288
401456
459684
393759
128606
72777
171792
189881
131704
397250
257433
290276
456611
51461
467715
476867
499537
333703
191226
419403
180117
9543
36674
352992
157407
232184
261841
375413
480499
305698
45594
56138
81816
577490
69184
105460
121789
4371
417122
483116
339431
166067
531214
475362
589376
330553
162570
520780
255112
550327
3781
96891
408437
136170
499974
455903
461759
330019
102938
590438
264921
147609
375330
46345
570693
259375
30857
262467
217321
128590
327742
485742
159338
307600
63517
194415
587741
177902
119848
229313
97993
215061
413994
590082
303365
408321
14323
555115
213284
470312
20821
230755
226798
591272
275505
591624
20801
324079
231292
160188
222411
148216
331200
358407
540741
259218
300817
553042
218125
466332
21319
82355
350181
312502
383615
156104
551110
76951
61151
171697
172297
156754
395745
199486
23258
27105
19511
418518
92913
319107
382940
259087
112100
57364
114582
48779
73356
531276
537224
119974
26510
346134
584909
167500
199486
459873
411355
404916
153721
496312
56319
524111
507501
126903
396600
529174
5351
523990
188630
368055
305096
141373
4426
491954
246332
272692
287903
223695
371792
61040
45204
271132
266405
425579
263120
282342
93851
549834
228921
543522
93759
467437
185323
561228
551734
79432
445422
201578
271796
145542
12627
144143
312574
235518
221744
401759
445581
115783
516405
263059
440062
68688
498895
379342
504788
230514
575860
414671
41521
189767
552866
285175
101406
464690
60745
568444
125570
230719
95805
301444
299818
579082
220079
482092
537964
232037
337878
401613
277737
559419
96315
353706
376301
319690
268134
215662
483369
74490
41140
258048
548540
570536
272659
420728
174065
331569
45153
450935
565713
218324
416381
403213
20460
536714
201503
446842
437837
268911
181782
214035
504385
4384
124057
302873
522598
571399
353255
259837
237593
457549
530270
448224
409072
501117
516747
401618
137022
590265
587373
191556
269405
148868
348594
135024
364947
213504
76033
355316
258467
89462
264030
239537
110026
530321
108560
408333
377638
174551
77903
425113
168895
386474
472939
535288
516013
437652
230997
519209
224735
124333
573932
478137
590105
198659
5299
416349
224039
489366
159700
517012
588448
181760
15721
565266
363540
88301
232717
168306
238520
6256
113551
193724
216420
538922
590770
283497
225556
298061
179288
216714
157634
63969
584249
161230
526993
223288
338617
342095
395759
292722
99163
22923
93170
312977
391430
594405
589879
37105
77740
224825
520145
541470
346616
30916
473954
159413
163502
311090
5595
197392
72454
551182
327688
102685
109693
117416
23576
7071
280606
563440
158431
73893
105131
576124
570457
383581
379166
295700
470385
390961
29230
185848
435738
42180
99510
516694
444349
461652
12994
9278
207772
216956
358368
546078
29336
441498
575542
51359
207264
107922
226946
146889
364654
90873
322505
569244
139983
335751
417916
199048
238453
304000
554160
545415
298057
293841
556746
532934
341516
512432
188448
46260
39888
112554
19543
230245
509814
370583
202636
23523
72482
472534
572785
277020
424340
270068
204559
472222
381380
391752
518996
564376
397386
289873
493218
487227
469153
190331
226161
26430
588235
46548
204611
162878
331005
98149
296700
190365
389226
209667
376946
405700
524534
349192
582776
592428
315280
592101
402607
215061
32425
563954
328041
494546
184933
561776
344340
550643
237672
350997
293844
224
166659
575463
163733
38994
402295
187559
350709
456097
44236
568762
259634
548199
382255
62564
493022
297466
446975
13465
301836
391389
435242
78730
512745
87975
169141
49197
307460
116270
461
256406
368785
37963
434149
186724
306672
27955
34944
80417
539394
358829
148041
47527
217318
263510
128717
84287
357161
149424
590430
154208
171242
45170
550492
200749
349525
79766
182834
520611
441822
119724
428263
310368
33462
493683
562449
166741
484746
348043
440665
184136
30157
369782
159729
497382
405242
224079
223420
144581
339200
53028
281114
92866
196834
325400
229260
400413
507342
416108
62752
434928
64970
46774
125542
35136
454923
428360
367691
231536
595023
78312
417834
36775
249689
60215
351380
112266
13077
300177
58670
589516
286786
32485
236985
488374
503014
278942
153372
18614
261908
322947
357793
277327
131731
518822
47807
508654
590907
550388
59241
270942
481444
409130
391414
120807
478682
389123
190908
205368
470454
5147
364666
80518
275710
288474
57734
237612
171062
184131
35364
69359
119511
392137
521898
418349
544740
172617
491973
62302
306684
111187
387137
232526
160320
503890
577535
527035
283231
302177
312408
116959
110152
206387
561598
354506
163759
589625
443280
305720
369883
413355
173023
550463
411285
225159
460082
379706
175155
73316
508515
501208
514947
585976
515253
173612
376122
510354
236686
36875
57908
560675
499872
172226
52127
195809
250748
155894
488553
384729
457265
432191
217373
240751
246657
550847
515474
74721
560514
373628
58539
515065
590817
399589
323671
387390
36553
7510
239259
426722
344856
44276
115596
492454
459297
510471
414117
330457
240558
454642
103260
401606
166260
172892
574647
366740
10841
327941
42972
149566
119466
336818
58748
97905
191851
239224
463716
174171
311796
94607
149874
471971
359177
248870
328950
76703
394093
453249
137951
561919
311098
496071
139401
514946
519024
346234
360156
316675
131167
392689
457687
147279
295454
128096
309490
468724
221018
15613
190196
218979
216045
284049
432011
204381
9646
139167
496328
566132
590586
151742
274943
589499
299218
169266
347708
405593
474442
217248
156611
303624
65640
349321
281
337840
190235
222893
270815
182538
358612
88777
476988
449770
307035
465942
406814
353228
535294
389421
478000
312230
257625
555371
199350
26371
442071
265947
47038
296937
82133
367032
455048
460203
567101
37805
48270
334691
183902
68065
554499
507117
303636
518967
22050
439697
514794
328987
307957
580458
480688
420157
468234
159513
1386
151623
468034
163616
65078
438765
262393
135560
218311
97633
280443
333380
541081
324529
292851
29296
189054
115317
463131
502858
332951
444614
560875
267088
72017
577063
572337
271761
263674
297746
144517
274765
524755
544310
369742
100661
303988
270967
378876
118880
56462
191029
286618
520298
524452
87096
115156
548698
140674
33228
380518
235139
541033
129853
480877
538950
46853
547774
556292
215999
128866
337011
516096
23674
396585
395867
587012
12621
166076
185184
45063
338478
323328
362012
551378
493385
82495
78779
21624
280993
116322
411880
261778
23234
564884
320305
103049
82021
29074
144896
315017
641
347954
460121
66396
71231
34562
137120
183059
427388
486749
334227
382192
350106
467829
242
515202
383000
426270
104078
339279
391367
398730
295380
578677
213383
166908
245552
305686
488005
41888
378784
526460
350443
195203
12377
49030
281790
91440
520402
398381
328215
27748
322125
362027
35197
159055
223895
314879
486919
290282
4867
508880
574203
311133
151097
530
38000
335091
54613
226788
345995
77051
317972
314226
35289
153169
505601
186078
216469
205756
25041
493871
353403
581405
338956
442565
247265
90179
138830
25684
114112
209178
446940
142668
414491
194252
181771
119769
594046
492116
162552
224303
343087
515476
538355
67076
352228
200515
416923
336907
327683
55053
502920
165445
402553
279709
32470
111873
340838
517384
93958
53718
55453
370150
377134
197223
209416
585523
275720
58125
35043
215333
271731
411610
3295
311299
360418
375420
330708
320731
39605
441738
208407
430536
266586
245217
240897
412198
409278
293280
146237
389765
306630
541627
352120
391043
301163
83730
419844
537385
580331
267338
6487
55029
71899
384742
351226
39912
568453
588091
149278
143423
371579
143307
384266
314666
446711
210421
54413
47147
341363
31530
450858
453451
344958
119282
180951
204344
190313
399191
196228
191562
100206
175381
87466
88900
50428
304534
573846
573076
58635
454709
544430
65442
505788
288423
97137
48396
276667
156293
57597
36746
358418
543020
70840
34772
528269
532229
374346
239715
7229
414928
139353
393113
149595
16326
55237
332658
557662
333554
175859
433450
354640
189148
516435
423167
593206
270626
466318
431184
551604
438603
136637
79706
510651
86040
318659
344052
434801
466501
57802
229500
104026
230506
258140
555777
512947
131398
351640
459180
360962
468091
174482
408759
335326
104618
553927
299558
82508
544882
489386
107679
286297
434205
519539
465230
228228
218149
328230
530358
210277
388308
101110
196144
290891
243110
114401
452007
360118
275785
340444
368980
319621
76667
51755
142458
516497
343440
331986
590731
127846
572406
380099
82668
47005
260569
575979
272399
208991
523569
442897
426716
217088
213345
350204
213598
95040
521456
467918
400227
578599
570083
140872
446778
399917
558060
408332
300508
301117
195391
321460
265242
428217
64409
208148
509319
99228
446371
276128
565321
81299
159459
528512
173043
560893
36253
199904
322383
35471
292572
245464
415710
139369
364712
410412
210967
311578
210770
356808
410207
315303
483829
217910
100532
505807
514015
134784
364207
398838
586469
481246
144534
538150
158589
507207
191720
196867
67064
571079
40374
369815
457093
166446
118266
55577
17146
424325
502597
282954
507847
427017
528313
412129
358393
15690
425511
171912
57149
406179
363168
289804
182285
129041
136955
498369
152591
102202
491424
575361
177471
399997
278840
426050
334062
369127
350181
520038
52055
253695
510467
345670
361510
26979
463429
241765
276272
37855
565969
29448
128604
170962
195226
85239
233630
539978
474829
421864
539461
413970
489367
487139
461276
429422
593038
238513
572735
277754
301878
67215
150456
492665
428630
77395
61813
286688
464763
230148
352721
295999
165332
456169
8338
182565
275986
19906
138753
261166
272727
47530
532356
257785
151939
533566
29080
516891
238663
554437
287629
32091
402933
29734
140623
63865
497909
31977
513377
361818
117741
401197
1175
5001
258597
452125
283256
92306
36581
461592
224686
465216
114852
379859
481433
228858
373673
192423
385840
419837
360960
307778
159975
163814
368461
392594
248587
44286
294702
572056
553660
166213
317165
128295
523690
445174
456201
379765
529044
581437
346270
528967
408502
47463
288594
232019
455213
129498
573846
79066
30455
98760
274334
572762
343121
13997
173769
340080
133951
322756
313394
328103
563968
17555
525974
74424
446142
169804
197740
26210
358449
544920
151792
252197
406817
159738
226267
350241
359414
380021
589109
79869
164545
260907
55441
501440
515385
576555
171001
531950
587044
376318
223356
419999
83918
373623
126645
552892
434204
457977
593734
35837
521001
357041
49620
27974
282661
552826
420922
30056
576617
461895
41739
355310
93576
254309
44057
91322
416195
131872
311609
46837
222884
548422
303536
596541
245763
484597
350344
592689
534646
307776
232619
21404
401109
399277
189534
28305
68673
68577
393592
520224
481102
432003
503176
560884
77719
173673
213304
374493
16927
278817
4237
214004
136515
248085
294495
169036
264186
113853
541399
454427
372624
322163
310864
15981
202311
330229
219537
496439
55662
13215
177691
72543
430094
524631
117756
155959
547057
430152
39003
591018
594981
425080
47529
370906
207246
448924
268725
449119
236460
17516
285536
418624
89141
332759
270614
300769
320608
259247
349085
337981
477479
328470
71579
238669
304194
190236
209990
419081
518277
208822
385661
131294
329897
424909
416307
260776
241799
127445
433553
177958
46714
3814
124408
19367
565959
381685
277525
431066
554008
257951
288374
190083
435077
170614
520410
48406
119458
439215
49187
462597
165900
55760
528070
63918
95485
330542
41745
365409
429948
188923
490733
476702
151564
431603
382902
570000
154746
280578
88320
143946
386440
299996
509003
272409
195516
416440
485508
260079
304938
539768
209936
227573
593398
260238
73006
169268
453430
272124
517451
566953
11839
45796
31438
26539
397165
479581
556339
43773
319072
565551
573546
529675
94676
372228
594247
223987
591810
380186
326135
240344
266454
470949
268699
380216
73802
379764
558943
427918
20811
48681
249758
472427
313936
461631
215060
323995
304321
546702
400852
253738
536395
274966
82867
236648
456759
166683
479796
552697
178999
159008
63767
230686
581065
202440
132560
412873
65590
28492
531655
324541
360663
527980
102767
172179
499229
587070
420480
44205
553317
116897
24594
288088
388986
545345
296545
353593
430185
123335
387321
352870
59962
15821
216040
314651
258979
38472
296198
112926
327724
209215
27618
134773
561798
556470
150164
423159
147213
458676
174282
35129
401875
548305
108913
134482
556245
507542
181695
490397
142775
218154
3671
66
508991
566069
165156
390778
139078
210396
192451
60999
349189
391729
359073
540120
367359
45195
321864
12484
442106
116777
390315
352253
469231
359072
19779
594664
334398
99233
414484
343404
377954
77943
266183
166653
561699
459527
467380
290171
269318
551143
217754
294568
204315
293473
371279
523833
101991
167930
163793
267338
457354
485923
252983
543656
443978
551489
580806
84532
261176
476836
569146
264818
588898
337042
526961
340671
403173
182904
159941
524863
350043
106143
281453
564956
424800
482941
321116
279202
288419
403571
592132
407280
138798
177804
322097
571167
274522
326690
356528
151828
186826
277507
411794
125812
169420
327717
133676
285580
196589
509461
349761
78362
147431
595372
95930
358250
199685
120037
144603
404839
332455
24920
582742
559515
110332
232103
511925
250953
179535
271440
208978
594486
514765
90333
382557
431431
280802
284868
444744
347085
226057
489877
174479
419476
344051
191559
198985
436883
166465
573778
504954
208412
570838
24925
497293
550200
517825
175808
322835
249806
442933
259227
391627
495430
45106
72794
535674
531430
75206
149903
287502
219428
541869
101646
99065
377622
303387
77642
111247
415382
549500
264046
440534
264077
376785
393106
166601
580774
454390
99995
377934
582434
505146
89509
381102
413343
406905
76300
262504
519120
473223
42552
3633
375499
151883
485837
360966
168361
116635
46700
318629
77891
565569
103375
303623
120527
445090
301377
259066
5085
497485
42891
489001
229038
447092
78204
290408
545505
222602
221916
185108
328598
401135
570303
485661
461077
397341
219759
540359
401489
568010
464101
427500
135727
456384
493652
440406
587549
496051
558984
433979
479428
344266
505408
501071
89112
11222
319807
279604
205815
445909
325759
554952
276981
586382
593107
319831
35300
347076
230913
306399
171995
542626
108753
416711
286721
465899
256189
282407
373256
511295
160902
593549
214161
560579
187721
138858
234671
282839
536620
426396
375447
378023
270636
478633
226548
253131
512758
132169
277387
383493
562060
569035
506774
238303
382170
252393
467590
413497
417767
21580
473141
446930
127498
527305
579256
104871
327792
336203
185680
113948
8125
317993
578038
227590
341574
575071
152030
260289
354174
62089
146751
393618
408648
5857
501594
539591
480984
465894
584303
289536
319583
329854
582655
8743
230719
374517
530258
401331
267951
85716
578916
312577
382894
58782
36620
215876
342225
435805
202884
490568
109315
48298
172026
235763
295817
224376
501897
294261
449798
7996
454121
282393
168116
400389
484056
567791
454251
242176
33007
596321
125269
369938
146412
413513
191020
492293
558673
92315
322512
139453
172444
211319
330188
153732
168892
427379
395759
207897
405571
218993
278938
424018
545127
106485
454921
499065
152885
91902
392481
552327
4633
431167
376836
432735
157749
546485
193912
138369
130793
10404
320142
398658
80078
72225
528182
154286
445437
122806
361390
67737
150633
74912
582843
313007
326754
566648
100738
246019
239991
99528
299243
317485
466123
528298
400269
240456
619
6250
596372
431046
190732
538891
559826
130093
521692
524142
157872
216284
565098
336267
406344
25448
533901
532357
421274
466100
467514
316981
270259
130060
574942
256110
459460
66008
246701
563644
554720
462066
75579
66994
299163
495898
291370
576037
216321
28945
45430
85992
101789
266127
93533
409645
97789
287075
263519
465601
538929
406562
159117
410741
462892
559910
347486
286927
494520
515468
537995
451319
583137
593400
237225
85048
11401
358086
164213
342553
247926
12715
87151
4064
164160
438506
379343
571913
243720
558794
396426
101483
248731
441853
127701
213297
533047
173022
558162
386712
12221
342664
236532
172840
298204
485334
209140
409233
171871
315320
305213
458203
210178
70850
583726
9955
299333
519121
262324
594747
363028
23532
187800
296413
60655
433411
349549
133136
157182
384585
327327
17905
340600
101278
186658
141446
50527
488014
186364
234142
442947
143235
452134
193384
65724
368155
275885
239812
42415
364107
122124
105356
133892
421001
127012
265657
204390
535536
588577
88706
394475
417383
5285
337177
127065
164782
224456
57009
218566
365724
302882
280306
296662
30110
391627
564273
559536
545217
468668
136275
463360
374401
17215
234871
160497
578394
367797
388814
164318
474721
520240
85092
453669
495753
129941
520196
445038
265249
67277
293277
484494
322915
488025
85619
222948
327181
571425
516784
166358
397659
556843
240527
306963
150403
553835
313912
351338
72144
97640
84970
41658
464176
517334
32640
497515
276959
68896
528058
364897
502759
513301
434994
483535
317568
225664
196430
5776
49885
42708
515524
42891
499955
244904
483280
576518
430781
134537
307306
349326
75007
111905
346681
568870
394485
185022
207174
203356
464825
365541
438161
502082
44396
558495
4237
555373
195887
366616
282454
438739
303133
255114
582596
562477
336130
587372
566386
27137
491928
317037
102859
6489
503159
3655
346690
340876
182139
120312
82104
86969
552962
292207
412133
285609
106387
130088
255509
30425
346388
173988
79313
36121
335899
404460
461351
543988
57285
151017
560908
263026
150929
400464
89822
491648
307818
219454
317616
306860
80488
155261
265734
275445
580565
343040
167124
311216
214252
329134
303568
87131
211518
593914
487688
308227
572774
542224
422573
39834
281666
434714
412508
229070
523780
464838
442200
212926
564311
299507
305924
251259
585958
250650
302888
425641
465476
559299
314661
182716
261203
589486
100151
393703
69624
42296
213349
481136
160471
581724
77764
201356
133527
345849
225996
243067
398728
239489
74021
88953
501804
513062
129661
416976
592330
275155
449848
202918
289220
259179
5394
514508
192140
56573
192758
249832
154021
112658
555201
280489
4343
305618
154742
584150
519249
268578
324230
263482
570522
154641
303416
195187
56392
169986
439058
205282
506387
532646
591275
489365
241488
285821
209311
179433
506331
323363
25565
477686
93276
426945
109729
260382
516752
256786
571546
504964
65653
68416
162549
487165
439503
201414
213432
485306
324364
564113
471665
505951
536405
512177
478744
211688
492493
243496
547024
305761
582661
399584
338019
93754
48294
509004
86438
217321
34052
108523
163551
478529
101238
261413
6487
214289
510326
118584
297473
54060
568494
58778
214174
110203
39138
109609
339835
187060
48196
348022
226300
355760
520581
400586
332772
496059
248566
518762
95663
183490
40776
370921
57549
9666
476884
273963
55974
109881
20682
179105
94915
242276
268572
101118
256985
147462
128147
529183
427644
513134
61544
218539
218348
151744
132477
108832
378618
255965
441198
276045
340294
381556
204630
403617
58791
258416
173937
464968
317103
208771
260123
555211
419766
468569
411530
43907
446285
265700
448495
373068
564254
509108
366140
186871
201289
108075
591904
459506
213167
414261
409192
579453
482963
410335
200847
277650
206401
271401
315507
241590
470895
25345
282453
174016
209770
375064
351861
109703
363863
393367
127805
431726
4983
49229
67288
263447
131197
404059
441106
558545
412985
50627
450924
493870
383537
581467
493637
545459
439139
391005
550381
2233
313063
545925
471317
45654
19912
458754
556340
200512
584445
199880
593564
284106
387051
221434
427867
209204
16985
534528
54557
129701
26880
295499
342433
132820
442242
477647
449983
66192
401246
398804
143757
567240
563675
554386
380640
520272
595325
130150
326523
30226
508997
412489
247629
498411
248721
287034
310929
268481
512966
561881
497455
455030
113820
347806
583766
148124
174734
247837
457704
586720
30374
356338
341879
383059
456346
203168
336397
296479
241377
342866
461869
422868
280764
213284
405539
334495
569345
454818
323523
466895
104379
244812
560296
288062
162526
392840
316140
465964
346144
252811
163988
463038
339446
565306
366425
244861
488083
292173
14106
221764
66908
197128
123048
192765
244738
300477
102589
258703
37299
464630
444160
184105
543816
308592
228668
305898
75097
301141
448413
33623
35467
4546
235051
408470
13977
419340
357222
426808
130976
467644
140346
112751
344442
264031
377156
270697
430745
54970
40825
351280
236781
157408
240961
560037
107678
317986
53571
23376
274949
503159
110197
28748
163057
190155
4368
477196
245315
351165
443392
295158
173538
488767
437259
264489
139336
275504
116226
502693
226823
422295
463809
139596
499645
289426
449325
334531
147132
149192
400651
218020
541934
229562
68862
263451
560448
269758
14297
141109
372817
563617
122267
172365
272904
481103
19419
30500
34018
299550
448975
474703
352757
475685
321527
49351
380909
563987
529824
490775
63410
245031
418703
363162
334321
372002
145660
505001
219747
173168
404567
153731
445586
177760
10787
257276
6598
35915
170223
543258
130489
509222
359384
309449
551982
353087
77928
146215
544994
428399
463404
296632
208593
594351
506073
578527
370242
338303
376442
563067
196482
465495
283000
485867
123018
416255
389296
291875
12555
501022
231341
305280
208489
274667
213855
58786
518009
172811
331877
487953
131633
422394
494706
435151
32717
38891
174232
454749
476620
40858
267376
496424
350023
268962
518217
88112
579610
375953
560323
161105
301181
452625
541367
302932
217885
15143
56586
586184
307571
312156
279417
92821
97170
521010
502581
263544
54435
588543
356536
123285
575204
337022
48200
26370
107976
91331
428886
500614
424226
297717
443202
559717
118581
539786
487411
105722
428464
303969
404065
134300
74194
277255
492620
24893
161043
472830
422568
170554
563212
516234
83503
359746
259417
325028
562227
277576
107325
250485
177617
205383
493000
183183
213883
562188
570051
369774
477183
589167
361130
175515
438710
284365
148570
78606
451143
368974
237098
447301
467418
383004
572648
103003
239925
211401
218380
552722
548648
173290
67586
45330
278041
275771
106295
522040
448365
259650
399688
263830
589841
268424
431551
374216
117644
202502
462219
321989
440158
329314
447630
513535
519193
271069
222413
375077
297817
137410
530680
95498
162023
216829
571233
270636
106502
533831
356039
545613
281339
451938
393427
561688
587550
183975
575529
252752
259183
290744
425637
454893
40080
153674
41814
41692
342801
583935
465773
491226
592115
528710
527436
12928
382041
74021
310714
568861
121525
460719
487284
539308
67716
36096
231915
165360
271694
138114
558494
457579
38800
70605
581344
70985
141068
401834
519221
150830
298214
94652
228830
361575
239850
16627
118571
131718
298505
115694
9369
31580
396319
314208
30430
432231
14335
133956
175308
328530
248621
260279
453524
586903
248490
60142
322927
356664
27762
521446
155553
62393
587673
504167
280401
528205
406825
329951
132891
98168
278199
207989
560225
177406
408440
550177
359768
242724
311330
492880
184490
444409
11712
596529
249580
26156
380831
545088
172728
545051
90364
126591
200558
444602
146271
449675
445474
526261
99406
516809
375796
502900
226747
452051
563186
107686
506920
23830
248222
147673
271324
147356
414267
60326
177845
304651
58550
589757
579849
339408
128979
553738
337303
458564
237885
107616
565042
81370
204771
495417
288614
176166
465316
166774
513343
505828
280531
379016
337583
504397
322175
33985
402998
174065
590314
105237
471341
511087
207666
377905
547205
17744
408928
121922
118539
64160
482601
70420
45457
176355
332242
492119
305620
392051
523708
460753
52279
18438
507518
384910
86210
441317
214925
448223
284337
395779
190004
575070
592652
498816
207217
27454
162255
375354
449039
291451
303370
180848
108780
341770
80525
560355
499518
209633
373575
246203
250446
511048
435914
92969
142996
354019
93635
527906
317436
482734
27958
507729
443730
418611
238534
133470
462089
179980
421363
208292
415089
385373
529835
125567
272514
511752
338324
109148
566260
278155
35731
840
493830
434607
453745
133400
120595
239007
21933
179718
537684
56535
307467
484463
227137
248651
414905
525776
347832
541548
127540
492015
192164
370934
151254
297413
202608
455292
548685
189662
158473
158649
134199
438803
17268
219653
339213
87762
328427
106341
278095
552822
591658
452429
520058
556295
570258
490997
208217
97573
516063
37057
149776
529210
594151
118418
151598
116726
426685
454732
277861
383806
449517
204294
555331
15011
426311
5741
478000
450925
110795
331052
472530
581077
484329
577056
230495
87328
224480
494664
92558
222888
567286
588966
424643
79495
517911
559032
489922
492833
514785
101920
316310
330250
343765
357474
117100
161053
107294
276748
556976
380080
300930
86441
221478
169347
152659
304209
365669
485108
127464
193329
269292
41429
575169
361865
359689
251725
135812
562985
97717
