295548
1006
914106
227824
238820
874173
311815
193694
726655
152981
194749
646511
316049
128949
450623
45683
420170
328857
842140
386592
47982
144203
46926
94866
743045
98549
552836
426259
448113
137144
370696
268511
266311
669215
917779
298480
12353
324418
962517
196274
989444
204437
807758
803414
463753
751352
461127
552007
656583
978880
962219
757813
836069
204925
578090
904465
382564
847364
600037
127456
681729
909592
8447
518167
649944
319028
753803
737748
734803
176357
56416
456915
545402
275647
569907
252892
765772
896285
862327
530317
46818
82060
158852
105977
508932
787585
243109
212993
415856
271705
785806
62764
171505
552033
54673
460375
237562
224966
661558
821063
378780
32853
487260
815575
98488
367166
126064
266198
524247
291163
878404
416938
959834
531259
395181
265150
819916
632554
924043
975556
63427
151505
280677
653680
262551
135975
513389
536718
359877
468825
699209
363544
184065
153741
638003
615064
337824
394610
751623
438862
755367
657582
351770
98616
522068
146167
628507
440278
428589
704973
102436
641943
740754
587275
255035
686033
658346
2525
959404
514355
923976
175372
598233
626545
642881
974389
437632
957814
597974
121178
243197
540506
44003
775373
535967
18466
466391
419731
327608
345634
964054
201762
976297
558188
928007
797323
387809
787493
326292
517501
791809
508417
402481
249902
426918
9258
906404
245784
777611
718115
897854
528908
14972
15523
544613
782300
392666
136769
379975
123104
681033
858236
369372
279852
200920
63979
683097
917536
342114
288899
365498
738755
169086
695203
970301
544764
226589
239032
1270
122449
146578
172472
361020
310597
942600
334771
797026
463178
120969
422158
426334
805008
564645
947453
95896
60054
689460
544829
802917
493376
513774
314477
66870
810490
74309
299500
807353
803004
655961
520803
130014
288025
63811
673843
154481
255179
176018
659602
860421
353612
524717
173878
381476
544213
551996
760544
903972
854141
846330
106457
640336
293965
466151
640753
24687
292452
938507
654477
772675
224857
676027
392761
909423
32769
231124
947155
801100
96898
549278
152033
803247
173557
928641
602119
880543
128272
853008
662483
578044
844107
487460
642038
733829
177194
463684
271686
222756
541596
243158
670810
974771
221410
804637
171654
271393
76736
535555
885786
313493
810226
671489
156929
844076
789071
910789
923142
99230
966367
572280
907590
495587
307846
595508
745832
39644
905983
142629
906697
232315
129896
813757
525541
310209
599879
880873
694790
20238
68795
492668
260279
74474
216682
314271
809814
663700
750913
442071
431555
71523
690377
563661
184226
213958
577491
946730
359899
266707
299121
432908
757666
982564
948366
779094
489988
162011
200255
634904
807911
51086
908522
555421
834187
595392
252220
577412
197898
244524
232256
905440
767816
708618
708394
810277
76491
280368
453810
442980
117334
973177
766415
142314
542328
184318
619730
845059
563065
64677
267498
788244
923142
852461
394168
299155
57867
228645
496081
390135
89518
767474
141288
499124
476998
281340
205401
715482
72677
874579
798026
691815
582273
877906
128506
919771
836452
856069
526971
956804
849456
370716
814670
765776
839631
637308
911067
495329
414005
526042
245889
467244
626798
278465
319962
611651
491942
38881
924383
680678
696381
179928
547675
330634
91150
767621
629536
825024
373439
963738
191826
382952
704638
358938
818520
189708
435216
690383
442419
689711
208260
851059
592157
335802
885996
485222
600741
352087
532654
531415
484120
906996
246886
324760
851396
465263
451096
525699
776787
940345
983625
839973
434558
52981
397332
76231
699614
32242
277893
923496
68783
987404
267433
136399
133969
988205
711796
351505
977773
970159
251228
924940
681830
304741
783631
126923
194667
481430
804669
217388
978242
960156
245829
160641
883084
417972
430532
319643
891176
842015
864074
424264
948529
174725
241918
921041
776881
650036
329779
196865
990138
496857
251776
506655
712841
365592
522465
800108
39206
663933
136709
833861
354090
298579
128666
219406
16186
539253
893087
339385
707726
263327
652608
65143
499725
715165
5856
581137
619256
855542
853043
472817
110577
183900
944713
701137
28413
921518
715518
556019
395714
708036
636775
953157
499716
122362
899408
608277
449099
194919
157041
951046
717328
633108
166006
324754
408846
844038
83682
582418
53752
435783
39297
184194
246111
508250
628301
691634
148911
264792
976290
566894
587104
742816
332203
154715
789647
847355
177237
894134
406945
736526
928340
596877
247339
737665
907493
671958
163927
581827
710639
236206
729508
263538
985635
458207
920634
286592
854237
304715
957824
971480
710147
691559
145922
325062
324037
425367
167739
570559
548972
395278
685292
967637
744533
266510
92283
572457
96842
553653
386094
465640
305400
76460
442547
730413
586939
770618
969533
879160
885785
489613
590302
398131
603513
188116
982792
62071
962651
83667
224690
167305
391555
654059
115768
373057
796424
143801
178891
307672
429290
980730
955192
231956
821342
621843
692999
860160
987865
734907
197245
589732
57414
218620
471138
478738
545198
742918
11217
407947
283510
344706
600082
286493
48721
372905
279659
498087
416744
540313
85050
466094
559519
475860
267245
576367
140022
565431
582061
574025
460275
417728
290204
209212
256810
817800
724572
877841
856712
820014
439059
749083
586597
882596
807874
332703
149191
92738
970571
474606
795710
678285
534851
923461
304184
827671
599314
343520
312877
990452
606252
600314
8008
21804
292080
955141
434763
83563
486028
901087
362175
776603
674809
161376
425892
770238
708122
225046
220815
776322
816779
781836
815238
546146
185488
30545
541965
984002
42997
592310
773315
240434
310823
576806
548775
161700
545721
466209
745687
372571
414098
737189
7004
964211
889449
913459
468920
754242
270637
889600
564524
318084
109870
81913
839792
878308
535300
23046
630894
875791
337126
360151
721826
179529
304331
441895
425761
96465
341596
983832
143093
158165
758977
849524
3559
398760
104514
283286
98978
854929
703305
657365
592653
388069
115445
774909
449783
695414
369825
616262
100883
520055
758698
869606
810224
438713
509872
341860
441735
785694
926990
833867
926805
791073
275941
744236
938153
570380
603053
652424
170178
78221
558665
498761
762911
367016
53794
662143
282267
768597
187580
290484
117521
723370
454596
391418
532889
442955
643884
93505
512216
930556
57604
31337
686299
837529
488396
764331
314579
2177
589191
311687
244808
982197
363073
340259
182995
816849
587133
760324
478980
178644
437179
517440
880092
623612
936054
837782
93751
24294
693598
244813
367535
988075
623898
577135
634043
799115
379064
834901
975785
592017
621968
516623
344143
13944
79735
187612
628570
626617
361165
664716
906306
570073
182381
869957
568530
472219
384485
214151
197911
863321
735466
743570
466440
927079
105857
68755
728017
41282
163333
939872
83728
15557
168594
154460
58646
497732
414582
543028
210724
153315
772639
748067
778749
476631
816268
752501
857122
486151
305244
747123
448708
919953
220863
288813
107123
52946
979309
167164
945681
860195
541261
955643
403617
887618
215820
579333
415578
306195
769480
285464
471790
819024
3234
416155
731570
51081
893040
685219
266672
363802
21805
111117
964646
582447
153741
277545
859606
305015
849538
583651
310839
473841
619351
377766
723323
306286
19340
204688
752537
839252
897984
299181
524080
980138
525634
288193
328961
609491
339191
851055
508046
848592
923837
460739
939531
611750
689905
295245
231579
929341
711109
776855
42622
365566
241121
697442
863256
82998
20771
878828
700507
388792
504271
275051
942731
417155
141347
195665
525504
549531
420879
721336
540632
772715
179298
451956
575209
661751
352971
517295
725892
740390
984239
444892
886982
577032
497147
707756
5906
188147
155036
52228
583529
210163
943146
854407
116767
715632
619597
214549
683747
10938
25387
981476
177925
236537
91937
95990
670514
882787
813200
438179
813948
238704
507283
756168
147549
477484
719553
906178
786436
44858
4901
77519
881185
974475
842991
387397
281769
239578
736564
593452
651387
268115
136056
467874
775585
922238
198508
25253
374490
742956
46036
191817
550331
136330
89607
281862
38447
287553
376662
75753
195442
671009
718865
986128
182814
78079
643294
230036
85485
343245
572030
263481
477567
213356
499430
860403
427188
677094
935548
593309
698618
445447
687787
343921
855512
426277
645647
597665
55699
899420
25874
942127
428982
623205
220099
209341
831255
186631
367788
413139
106245
51620
246680
471174
358873
193361
787153
473902
789115
441120
930254
77364
715264
2297
390020
480474
705182
954880
978574
133093
56454
228312
467615
724783
531039
346257
43418
570505
96695
651793
526729
31483
630515
66138
485547
45309
842900
426067
960928
852738
599155
365719
450784
826180
877626
917940
550510
395821
483268
368737
335944
459900
507004
683607
416431
248348
403187
482360
884152
885980
30728
194142
213197
779246
172547
963925
441489
211087
364266
126772
723812
202810
36376
409592
807948
170433
83835
491609
244720
740693
252575
615299
662341
528123
444152
876889
566434
921547
985471
437986
748158
914463
295159
959929
461667
793038
299450
474918
551659
679928
653165
134910
567741
465191
641820
987137
585156
601723
667008
709461
852709
204269
418648
639046
25548
80584
292999
570701
291364
200647
629536
378987
491751
246461
543105
486667
516906
737508
858818
474179
420807
761918
742670
945691
20166
535226
619956
209941
549359
467819
464979
950603
930496
81976
543207
365794
955526
609652
495338
244598
558286
181792
399030
3342
699441
952187
675531
215301
153470
920357
502558
456853
294688
419741
615308
136973
399991
656525
66988
507048
589202
918653
630552
838706
292252
567022
297899
136601
561888
189523
939308
358898
806217
320250
657246
939296
975265
697644
916746
387924
438924
282588
105069
351038
502778
801888
394538
117048
193582
53752
495394
900692
837906
988221
425538
429549
145525
980389
792582
924036
579098
911359
202310
587841
502713
91585
364193
133050
647796
503926
259537
135377
828907
363210
207801
793239
607063
14164
334312
805438
705390
221084
135375
917795
742383
248613
516803
138705
471996
127514
583778
722235
497593
400608
315119
75326
245494
290634
708266
104394
458509
611453
395661
743230
479732
544371
437407
893352
813449
456165
44975
386778
99959
490108
715083
953206
584106
769004
946111
669126
38880
975099
975901
647382
118570
889209
442030
475551
546578
39143
94605
970131
727287
121679
794109
257907
775166
208179
3708
226229
703216
599778
367510
211894
611750
807468
419745
599992
772578
907505
666842
630355
477083
69864
237058
560970
629771
737535
922939
393560
680585
760329
473806
26756
38978
885549
899663
888557
231322
802341
976028
379044
512469
957583
266505
333533
13791
526875
474830
136254
401719
705464
498115
816362
453624
620956
162927
901804
336902
281987
344274
571173
186485
285405
80717
652998
937414
227991
353574
907008
359411
443444
183648
546378
897322
410314
973040
380788
251104
668544
810377
849530
714482
561722
815871
701612
158656
243410
39614
371316
859835
725723
809733
648767
197370
581521
274190
505409
267265
630897
289463
798216
172921
262128
361717
443804
48772
569033
321573
641773
84173
419741
418484
914477
857472
840751
722134
858193
740922
573220
540238
35492
361633
302740
717983
903438
607368
700773
611867
608984
265893
926411
431481
374667
662155
73838
580876
878497
25565
706771
3892
583605
913265
602255
597718
118611
599788
600762
345343
44430
621196
555532
927453
583018
741616
483810
586637
289127
235215
234119
946567
437437
546145
170400
348757
764223
340956
498173
586411
957803
212871
265901
479723
439395
411511
208375
668784
935282
725022
119934
896554
837642
331124
915255
839304
924721
507590
532522
43965
5507
725972
96300
918425
175314
447562
497916
689200
922398
701035
962128
841378
779087
799733
692411
259536
947710
821161
864434
512535
361074
359565
640987
787989
656096
189131
509700
93959
867570
556022
554053
887831
769605
270580
355734
118491
573507
271957
198688
246977
37004
362281
23991
120201
84148
521721
300960
769310
584828
711305
119026
116174
837550
462939
793395
154710
407466
197875
258757
633342
440106
541932
395367
423848
715322
627882
487623
652810
144392
897153
303099
809400
526384
198934
423424
691582
385621
829563
321053
467017
42799
615410
951240
847872
720395
98482
313612
523951
787863
100130
774348
13795
190209
475650
215892
703847
972097
319305
926123
883158
333241
132309
898094
231580
594827
582155
394985
72559
233264
393092
770038
899300
365615
911506
492924
957018
671732
958111
73347
214398
228678
579376
610919
220520
665825
55060
165571
340329
822704
432784
314173
389341
276761
3299
114711
885491
167467
944973
939735
583452
421431
843644
735282
685618
692995
22705
961356
949
854691
793911
807830
253255
337332
926969
3487
801680
922433
797563
531030
72475
389630
485079
249945
4561
942983
537531
369923
708054
432857
121141
521153
584064
695990
648668
705170
786526
102834
369961
534872
879172
961333
267129
338500
285668
866072
308102
974413
432159
102812
676918
169596
280997
344692
156943
661303
871532
575847
213119
226763
419482
519710
436919
384417
35375
55399
567638
641027
798132
364836
936528
929169
345916
100221
577395
362847
332184
802695
219873
539558
163313
321671
79474
288068
980053
774399
405081
521042
217896
254869
529089
344412
294824
244903
469690
309600
554010
565338
413959
354736
547967
746187
815365
883545
257403
733200
551801
459825
659713
395350
745277
573507
163931
774929
823124
689251
502702
604540
271140
454960
171044
900223
866810
290051
429904
741521
889480
437200
245833
938261
892313
205989
141827
934952
882419
875749
45303
640287
199258
26098
363652
457655
791948
633100
803293
184738
232817
962953
494972
37099
381777
385378
246084
193200
684047
122968
170283
272527
191220
927527
423157
932645
757496
921177
178791
366088
570948
296923
186636
952246
825909
66961
753128
344855
781947
752043
825813
688668
569445
985865
381201
496492
560057
516980
466720
968488
396059
446707
913695
491329
905346
846027
377095
989756
644237
66652
50671
756925
580487
307538
646758
556069
86055
897817
145550
894266
434530
373185
66073
558468
212165
200026
331041
427226
534847
874223
278743
815756
464573
537762
589149
734286
966086
469709
395863
174486
519883
438936
351000
202869
787797
973514
89945
840674
36360
242236
206818
195982
326198
410978
604587
561611
25356
464128
118328
241353
368107
133301
78153
6439
669726
536865
729077
878586
413762
3205
209801
128693
146840
835486
820168
650840
391207
287449
979773
962805
120581
652890
688779
203825
29449
183410
193655
83290
135782
493769
713102
562106
831869
774693
187336
176668
710978
812171
109743
20261
774900
198630
481190
433344
515443
92059
689719
261571
936277
624847
446226
957139
640078
479887
711342
968877
245189
108646
369458
574981
814729
287381
579337
228472
580765
91322
89306
38876
165598
790525
445853
783586
978112
590445
788956
368230
631341
136707
168794
851
974814
157699
674041
2429
161673
240117
211771
950008
222370
581545
349606
394972
690886
252090
660540
472391
525363
307416
799959
149625
644304
243111
642906
768934
756562
748534
315264
489279
429488
813786
671147
277097
885634
677965
73231
89525
634240
895376
556870
187282
877302
950168
923338
511871
821072
414453
657910
880039
337113
951342
338557
784091
633738
855652
604733
42253
935206
201339
220864
864686
13135
254631
631754
55294
737601
563258
592791
532680
894780
53372
497067
678182
840951
892462
300702
782770
176385
191711
227167
598233
170778
463854
614793
590277
519512
942044
693593
728241
362437
735522
303330
633927
181349
72462
324103
515002
264923
270838
458384
871007
559050
776515
681592
81243
136073
358228
978140
555635
569535
412044
482225
224272
616118
414122
349469
170210
862531
113793
923098
357555
468803
377438
378144
979410
641206
437965
632287
789060
29550
147779
294692
451606
702670
510678
160498
164646
515168
60893
144395
588213
704238
885080
730782
756502
960911
668403
9367
806607
455954
152700
393310
626513
897285
693081
199050
144199
987165
353757
454883
929306
359983
754150
815020
890684
452134
219499
739468
450166
198039
978083
636878
628745
314934
35144
374905
234944
793065
796176
829210
309533
702613
206759
112787
361762
720901
369437
283817
454403
486083
592551
912146
298851
90566
640144
434026
140876
305714
38580
483446
433003
309228
81720
97908
871484
177811
381421
785
412917
221851
842890
449749
158611
713703
186017
453127
279336
281494
248609
581419
311834
544660
199
411587
977974
840516
750979
620656
802215
827456
978674
607060
39886
376825
868921
505381
595690
718820
72893
17071
152172
141660
895443
734151
648296
348231
600344
913228
413748
571938
379522
78897
304046
964676
864988
410285
466451
696969
735702
326861
284745
936510
563016
807571
186516
673625
240263
964269
623034
443145
669918
359785
88396
890809
90296
674387
911481
552762
245529
454644
923013
746098
554827
955293
882378
900867
208424
751472
829220
10030
706564
340702
10624
267508
702305
811428
316668
495812
689014
594397
8363
545422
887309
863206
413354
901361
939243
91956
864379
697735
427998
881646
423193
147240
738188
615545
92282
119216
649164
66007
747695
287162
715937
116700
425724
491472
310875
589163
596719
163803
637278
670411
381904
943356
514632
697251
76133
76674
792806
833825
480980
586506
860199
985159
947234
766023
396939
272320
906938
331461
338940
382751
644805
573841
981864
823249
113041
563737
927401
410782
213963
891019
685146
670577
848714
79866
769139
652959
401441
613409
519214
830610
70477
155159
623885
682648
602667
60734
537583
589877
563034
894163
387527
955274
385340
141270
159179
156951
816983
805613
648921
672545
195869
379342
882150
721213
949563
46171
854147
945212
621425
686474
508549
133152
288871
800849
772735
164204
984906
34672
820967
108131
461233
563155
363345
966646
91356
815013
859865
955649
579421
529592
577786
66941
312471
759966
616116
672519
654324
867176
36965
369841
130678
600311
704946
800487
414369
61685
239882
521609
35106
982047
756941
838146
225747
699622
938058
376984
571328
513827
540495
902851
717791
199145
841221
120979
509979
365448
831599
657202
87072
395138
287707
424815
755513
399619
364445
984443
472409
157640
225679
989407
443445
460029
668955
650604
145996
230178
879479
760156
670078
634086
170058
829207
551424
306895
363841
82503
294824
519189
454274
375509
387806
344154
235060
290702
175965
480635
47417
871524
362069
250059
406038
796469
427904
130790
741593
921682
251425
23510
169996
366256
436082
787408
351378
248075
811348
973398
917870
881807
898970
621539
310423
172299
804862
864275
132020
742259
410794
408405
509900
751588
888627
92366
516846
79723
585664
703760
749988
871570
754121
424751
299229
96731
728409
275741
953320
671086
227392
631347
971200
180486
237855
901683
945243
485983
835095
221048
631740
185577
124762
738126
878181
367353
681598
272765
69185
68198
74572
582956
552411
587909
524882
272243
890099
673669
393050
932381
598676
567951
935270
281245
718078
916207
115945
23932
358474
53906
41648
99580
958173
56171
764475
227464
148607
893163
764474
428013
385806
335387
538193
643081
137627
456158
786376
787582
385761
209586
622379
893873
352132
605463
946486
880074
5329
598121
741736
876356
539758
323080
173521
886885
607213
283667
71132
805584
381828
586509
238686
824694
684281
64832
257174
149040
110341
693852
768969
580256
508259
632628
662979
268883
658229
612841
53214
869259
44960
104702
754060
657615
172089
256268
397348
661857
590963
289324
604244
247566
678657
896626
236328
86715
90483
904317
805439
480831
258411
257737
427603
427885
868128
714372
659960
713795
728868
614283
339336
125702
97549
32400
316330
654583
114726
833810
363581
606593
139923
971095
546155
660556
754206
447256
101948
743680
399256
511638
759678
780554
943336
967634
901331
807286
967106
527116
388604
203211
746280
985344
101817
414507
355888
162985
2769
477378
847045
267448
131223
203878
546707
738048
59452
194185
413798
535109
957960
106628
738203
674130
308897
360041
13950
767781
310587
616724
169979
572776
434609
383180
598475
384245
269484
517968
379898
63028
168945
467093
143217
52213
885193
617448
427549
736945
352048
883576
470161
862338
566264
639952
539147
322863
870633
56443
484312
825861
286422
420672
29873
700450
210698
987073
538786
321320
482635
346908
900194
541128
464338
725519
633377
405343
662652
663811
89123
28276
778097
851209
732045
390704
762347
753091
374914
903060
733809
14315
605444
20008
348343
645789
873084
406506
737311
946226
56782
136837
564751
938555
342477
434963
86290
759871
472356
84541
831263
264321
551080
978947
476162
331157
162842
863872
882638
764563
61982
514232
445037
266674
231288
455845
887430
426152
265485
664846
158916
914347
104437
126063
486361
653626
928885
702782
669850
903359
730992
459879
907658
373519
307254
689556
786008
23578
720675
47076
743146
790811
244383
458064
445761
355832
642487
728474
567930
970682
75995
471209
436875
1416
844798
624389
416335
909921
22405
684668
465512
188304
181896
251509
228596
602649
399095
418745
749935
186207
843885
372299
542239
786623
849702
991657
497951
758703
129255
266982
923075
271497
116580
247525
926550
887252
238796
776091
626035
928878
525985
183253
957778
402375
719133
157578
941096
326769
368705
290704
507686
215898
222223
236385
898998
845901
763000
815157
504760
84425
76496
363879
73851
131021
923923
565385
19288
77367
509520
287092
529191
858083
254481
537054
932667
773300
289189
169535
181890
13040
663987
256227
809751
598439
571538
60211
811451
923222
94469
599216
518363
659018
819185
881947
972049
166529
885917
246768
41422
108129
440885
162133
363291
157267
52574
289632
401204
375056
685089
30521
43142
733328
748632
630497
364145
353972
406565
354292
812706
661385
124838
662452
608360
221242
118477
282508
18634
874847
208562
877557
896394
807059
331868
610207
350907
886914
34120
776144
980002
94542
511325
609730
122874
178885
560951
418531
26578
746322
559148
923140
299021
904525
266345
603399
960758
439088
517493
985807
720366
320915
281234
319933
949242
383905
889883
896445
775086
623207
400581
667317
552091
314085
229811
593368
350248
830851
531019
862636
846534
958030
85834
346884
865512
452357
565456
165190
848365
775321
898908
649930
628377
154842
690638
173224
98598
330606
657282
80785
835523
970805
807271
20291
415633
497970
684801
542673
40690
111579
494974
332488
346175
402070
913371
117005
170641
179548
906385
554023
441501
47040
396557
797653
766280
696967
97642
163496
697373
33463
227740
925754
578572
122296
831311
711772
852390
812715
428739
370005
840961
466503
407294
274794
748466
751513
958325
632760
938693
563839
682227
780055
648414
698365
854528
793581
301071
738947
48903
60722
441463
636527
224415
106218
273246
351790
172135
562735
74020
317720
709073
760846
974492
768950
753643
288550
155740
853623
84854
822045
825748
150308
357229
278598
245600
320815
733005
754867
183651
689095
168548
961273
81131
495891
841550
842492
233014
324057
650216
98342
757581
29516
465222
955659
817699
786765
483899
794602
742134
257843
494181
106096
320245
5024
361730
552478
635151
489890
612336
12505
812379
927204
434418
933683
971557
52784
812762
834705
471863
310543
151233
300208
619226
105466
711384
14877
215344
914983
49335
169270
847557
174941
807916
257441
223071
989781
342415
181893
396837
924153
395432
566817
660510
786867
447149
582405
417399
129385
934430
22503
848063
965169
51173
922498
217006
954052
924659
681268
904173
837807
441724
728614
265466
984676
437603
916887
877837
639734
437322
343209
245930
592052
933026
931355
864683
54977
957322
156603
491426
338681
968777
541322
142677
62307
907144
190728
542787
619929
573403
79496
721711
607725
308417
572367
764191
3973
600704
628700
121088
716951
99017
782642
405018
562505
324414
337201
358947
535117
139701
161154
314570
295456
103979
82408
590741
407319
851432
710489
739691
222942
184752
303228
787649
494478
491990
80226
196639
196066
617757
725389
750630
452800
246326
973284
303794
609350
242338
970637
174480
829118
133984
626590
140000
594940
530307
241397
948991
216979
24841
960122
468613
301636
362914
61137
275855
606715
305782
98503
599947
869853
755983
540595
344105
365992
728350
312295
299697
175227
530899
570700
403064
747357
934870
665896
821001
315019
866982
344095
98237
256242
495335
961401
940044
116035
416912
707696
112677
793259
382104
975904
740892
735306
798087
886888
775850
698958
82906
957417
576934
411433
897962
643029
47136
709032
541085
616034
232862
564266
780223
590978
256190
187141
557962
529113
87300
70142
665375
507952
575561
344708
769823
857465
929277
175298
647520
526279
897792
123582
868763
284543
31533
526554
902418
117700
554052
285026
337293
490176
899685
87037
209638
74831
734181
304129
578753
817678
572198
246335
118240
469840
111677
434253
36910
411588
891963
475175
817934
788694
601204
972806
133372
193110
437254
754882
256474
808158
292385
381595
600552
74332
718330
873242
64615
51553
315793
86096
872783
513214
67798
703169
91284
7683
818685
141986
351336
705702
830416
706625
772236
4499
534394
215268
343942
683687
929573
183545
561936
523727
177405
5638
37164
564064
746385
23672
851738
778528
18853
257037
737400
573032
164314
562441
637056
817506
940511
120157
677436
342036
155861
171287
189565
197656
555927
190466
581177
591902
1794
432690
628566
716010
382813
581596
561423
660963
202363
656912
652668
486992
591183
912471
304664
314148
116774
158109
262322
763544
610958
332865
121403
666902
911880
750072
480100
991613
668263
823350
221816
679977
485922
356055
222136
702415
112832
179757
387083
311876
584174
820558
780878
722082
170900
965952
315523
459996
867678
736186
593070
272542
923484
721500
276085
34112
16237
511956
936920
120670
916639
861321
655665
86412
295257
237113
124496
810732
311087
64810
899116
376674
652039
119588
921631
239840
428491
143032
906575
362234
751691
791986
479632
532947
19453
262304
555937
425539
140902
611511
745989
593202
341119
491850
629241
215053
403848
702371
981046
548450
675244
82162
284557
258209
345739
918567
39133
738777
955902
66152
219364
622263
76895
191314
638807
743800
200556
179282
428705
518707
2894
811636
574669
285224
70155
522001
171884
390438
65443
808937
605313
452337
142040
270963
13271
642596
584978
259751
656803
952434
499305
403997
389707
939626
361494
43462
483853
932954
842174
428643
567486
652722
117250
681259
387706
42738
337772
712172
185339
433482
111994
678509
176390
173457
281034
403848
197083
515195
867617
211130
180702
253707
554309
351431
191903
619269
781242
731551
7887
863590
512496
882387
97612
235601
975045
732686
90111
765803
657477
333694
836415
87374
116336
79700
497274
236294
858585
927781
551767
906381
905015
862578
107669
912163
976996
369297
83468
632924
687758
818775
384296
239504
587314
990979
332550
289004
229668
801751
936389
12887
29228
952799
99513
726550
141253
368147
243104
65675
751380
510645
733691
182418
766277
255588
305160
536547
868848
451330
937753
344963
389291
599421
77948
820606
720415
557331
143980
723242
99724
857976
371685
643483
445503
342194
761062
518729
250993
50861
344222
783802
57675
931637
360292
887758
478315
349796
913492
446909
363281
706883
164000
432182
40528
707955
655850
525902
628447
585437
660888
189703
154752
274520
985199
32108
19048
811627
971362
516487
213871
812752
671338
526258
384526
668020
260365
861016
289801
475959
318677
983014
658524
43939
130277
408907
363472
588171
429161
867803
205837
28100
632732
416021
559388
635085
518177
574391
141892
953331
884187
460372
615787
230348
694630
431763
437211
808512
297473
360214
232015
477319
940224
135323
827177
534560
586234
939818
222180
157245
502571
969661
347319
438406
984703
21726
334177
719998
510336
111604
940565
80985
483717
331951
562451
488596
27888
208906
924275
336356
298967
803095
950560
592299
436399
26513
29041
772772
293249
574968
434451
476934
451972
328339
398896
873887
866484
367300
60215
526293
536798
549622
698645
121642
148572
198397
591786
587034
172298
914359
243938
701528
939789
944673
184520
380267
42570
370619
921278
577369
947229
278157
701973
857053
70502
772533
536125
787299
438147
406914
825900
379138
529508
48369
650531
5873
60679
668151
456145
778292
857718
965504
65037
150761
706185
691430
690999
331793
634621
484584
730944
865678
439833
251831
725588
625154
681043
576095
129457
275589
945528
347859
933680
703362
355114
664622
559668
480265
619253
604198
773168
660695
235315
299157
427595
859245
294396
642608
847847
557834
803045
807599
690470
460931
824990
93494
668055
782007
441930
180772
540604
518694
159910
907490
521463
431357
950999
286199
579335
587489
421061
634278
523415
211257
977996
80730
755008
544781
949606
109971
537900
565284
504523
961908
33198
209955
296089
717203
429798
938839
270058
524509
758400
358155
295869
431881
230391
413736
14541
597772
108706
203324
58561
772447
161256
620072
374832
845861
522268
107620
895940
157210
111744
788606
491612
299725
112849
178416
756078
432374
455304
262913
302712
442376
143385
181799
571495
162327
32911
687558
819533
32467
317925
888156
320677
369289
233477
325219
85181
115563
177917
648030
330782
565187
64563
298482
887173
383957
638975
656504
486386
482971
819933
426737
544924
397176
59421
864559
972493
369377
673031
283390
69097
851134
59301
309401
695628
943714
811469
460983
959296
257980
346598
103411
44938
42313
106367
24251
920833
28397
446714
643398
557991
350088
657246
290285
602736
397321
13449
851677
257696
561966
622421
800563
349418
823125
771484
742661
872320
773212
436553
304064
858992
307384
23566
859780
376211
741140
185679
748876
400560
877581
766176
141697
358646
803244
429100
618870
200041
544396
249161
713430
484371
609902
467343
963648
669105
770825
449369
880521
293934
338090
717532
336248
908401
292400
23096
32926
21141
84807
964124
932958
647178
575826
84838
159480
3288
431170
818319
240486
210489
103216
259964
733810
763043
182374
831116
593475
144527
571668
725924
905264
309033
837834
763341
189938
656771
448287
175538
445535
104408
208901
683746
374324
271237
381249
429376
237151
81831
724419
147284
22651
925413
952469
392785
429034
573839
101560
710403
219671
354696
919174
84245
983835
378908
839730
650204
355496
222374
538555
681442
68550
640948
990426
383957
853108
185393
139892
381035
663435
107267
366780
464221
697487
598003
526142
812568
304303
181207
437105
546444
829365
739903
124102
619981
280443
195446
739858
837496
3646
416
493160
830170
761406
453395
853162
619441
398269
585296
934573
585701
81603
830254
927585
658162
141853
178306
138654
707842
969097
647112
719609
327329
637462
853983
123373
278654
830407
42023
51540
818067
79819
809815
477052
327259
958306
698155
311546
889918
894600
33998
826877
278466
784399
940939
564640
937335
809678
983259
147043
379381
961000
658125
708965
787038
200596
635831
49276
320755
673926
289158
724118
684013
96649
80811
388759
899767
612288
924982
482842
167723
57193
621958
927330
874026
449366
104721
404393
727668
685650
199941
282228
155200
73462
852973
387730
317662
465077
78349
403281
560396
54561
723383
700769
281526
886724
584314
948130
259134
434482
601994
195840
882740
534930
597955
589254
778864
982949
366876
452718
826589
285268
540166
70772
522139
789620
976401
728205
23075
619219
678885
806906
225812
898304
331958
124020
183406
791864
729442
809143
926660
67467
120791
35924
451308
439240
788960
395888
631448
250866
49
86136
482915
620175
204274
64027
123384
896187
703944
285530
424630
435251
112168
523551
923608
919177
239354
360761
799119
870913
40886
678257
758736
83568
280828
875682
581665
920820
144679
169340
318009
411451
828823
575544
655739
326898
176342
642459
29725
229535
665047
846416
671164
983100
432660
22297
206843
576258
287708
589850
578904
71261
165196
245745
218161
35655
462015
293324
963677
937633
442506
399635
582271
733013
184089
288937
600801
554545
276806
86312
406503
784485
560986
492788
604692
787836
488557
171469
203152
948384
560163
97178
758462
405175
167459
79030
226525
337696
676055
426734
665464
209411
104554
287817
782456
133977
197763
802239
36442
516892
753642
473590
111495
933302
142063
134237
598490
615543
887789
633453
83452
621889
79833
966958
977968
149240
408282
70326
775245
251466
368254
13702
602670
773539
330641
702256
561760
665054
621061
743226
378792
961700
360043
777778
304738
986525
556630
768349
292544
103803
668829
174022
182152
350970
940457
558504
463721
968754
135981
711145
248264
628991
367538
323105
381071
961488
545832
578817
848792
773619
572317
244968
242429
65438
668375
331870
665944
642890
835297
974120
764802
930936
401866
401870
8946
293678
896154
634819
635587
803228
869115
972729
397243
227426
589440
148664
919365
291343
679795
965185
4021
688506
703763
348383
296096
672157
593462
270526
821212
794635
943683
467187
631562
632179
295983
250137
654909
879142
875227
644396
339163
131957
597709
692894
585570
276028
381127
732015
925432
795129
530411
884211
31454
537160
289779
437298
391616
688429
214790
213539
220082
524346
989882
213624
879012
956402
243315
604326
364809
969905
912433
100207
966223
437795
767982
821515
658638
560142
438085
577843
734772
881371
171297
630025
125066
940605
770814
61642
482587
78316
772539
754341
796591
175300
390785
429176
647875
688577
395150
36649
439271
551468
277105
304643
543554
925657
432087
212878
94482
559408
717266
180401
230114
779920
917382
390059
3845
732217
535292
427933
861411
705905
646328
777027
950016
135700
645036
865249
490041
491168
417136
793037
438038
521459
775361
583029
809413
842455
657548
586458
650431
230751
302962
791602
761541
642925
485908
535782
705037
751428
138240
345435
321902
200521
407065
404457
599938
951885
261302
56146
249176
16467
536815
874206
752622
688176
281372
115391
887754
293760
46066
775499
814583
294546
701307
219109
435860
462109
554279
755944
415456
437699
599622
298794
667406
73775
27943
129421
371868
312178
668905
421049
301970
411954
276541
62889
223333
251237
542343
398405
696014
806161
154862
655989
417989
804992
365173
696394
131345
575067
42613
636046
442060
512187
647390
905459
44536
556208
329876
584967
590551
417135
241018
383467
68731
536335
644775
502616
566372
876366
988495
173733
546688
590722
612387
694839
311892
679775
952789
652734
788706
770813
239959
217788
584675
173853
617074
577880
11912
910860
955810
486186
293677
577721
975709
94514
84395
559009
605469
148230
602010
549780
749612
803285
377171
137469
260726
443686
26802
434948
43899
816572
813411
882071
270912
738467
529494
759582
723174
215932
562760
117912
720543
694735
305255
160484
191421
74017
437311
910847
651120
897871
396410
631062
660774
61376
954205
835036
137749
304332
874581
40649
884865
650735
669148
934770
424892
784156
388146
919686
403909
857533
782587
195943
431120
700792
606162
836656
578362
464798
558632
329386
908067
467305
2877
548493
990970
589813
211151
404168
788418
958837
784120
716002
282975
396724
817622
381747
670922
123250
880404
405143
595431
136151
784921
620132
991256
196253
646489
973908
606023
88349
719958
418721
361968
953953
477591
234016
319976
29231
421180
900583
911065
258617
432035
526882
378276
613587
649471
762264
373878
792950
755014
864553
132633
297492
580701
83337
231232
510449
806383
382207
321755
760848
677046
507256
370023
783969
916535
559021
777015
562104
935915
208514
844553
122857
890999
635289
303665
296673
147164
849940
561831
55021
74362
519763
985826
6801
612798
182319
613418
504370
887433
935584
364550
19579
304621
377257
615253
819555
498785
278074
551244
271706
344999
76858
612171
899669
461429
306748
461027
866927
65211
777073
672985
965133
957326
664015
393975
683329
81954
695787
682920
505352
94274
741082
586494
18285
553552
332782
294266
308556
963441
729762
446047
304695
642243
769202
848570
58781
878356
706376
21967
666626
280910
988228
206286
959156
770314
666342
384474
847814
59576
159489
392002
683592
187783
284732
444320
593538
236957
897041
103248
641447
544394
367670
310792
739131
896113
242966
70683
966176
21003
215802
755228
777809
585634
399990
681477
637534
213951
591171
364810
277813
402150
165833
863030
114630
530807
172574
477192
90886
494444
221309
166840
980934
65061
932945
890584
432273
665599
180075
914739
294259
272478
67604
606155
238305
992287
99956
27936
43371
289476
880485
562177
167198
922105
724467
33350
932648
440007
445598
137717
769294
532043
616179
198854
361050
354482
345615
509199
656212
499427
32805
284207
807186
706719
228945
27810
572385
881581
289110
710059
304743
413755
824166
703024
74196
850909
838716
230801
306778
469979
521435
192073
371348
906613
658375
457170
432982
353901
554023
89456
146224
381864
515333
486296
808665
503130
582583
209073
867599
243234
471687
665955
937100
386885
214599
318085
290238
858445
283992
559742
691585
952734
453908
751968
583143
36961
372284
64655
992145
767959
880857
726148
100846
637231
35177
991331
274027
11121
170969
230859
336544
429253
736275
660990
215954
1938
100454
314544
324848
139333
815880
771544
916147
647133
546891
538117
251353
762983
15436
496692
686577
905301
955015
526175
432357
407832
286683
74947
242230
300525
342855
219608
798914
884060
679826
545794
684834
272862
359106
210934
170826
868140
578256
771531
618530
969375
834450
559235
66509
586391
82377
653554
191421
796462
369552
540802
832880
148148
386036
101060
925519
614532
659768
32176
189022
271725
213946
941839
381770
558595
597267
585573
536816
973857
179547
694409
723264
311684
388172
753673
44895
392923
658455
207565
862754
969908
818375
764912
180655
983203
749799
608667
935740
690287
522054
230263
427158
718779
560828
561050
714777
42848
985287
586254
61087
85132
158499
773673
62388
31510
501058
764895
541604
564073
29000
746066
775452
500676
276226
193458
861696
901781
553662
350988
585680
860681
386301
78860
567815
505153
734972
580290
153531
254719
934211
68555
651958
112149
706012
632157
668539
488101
704287
261404
325030
573390
767586
21239
509316
37155
882343
592062
209995
407217
255261
584175
212087
877196
489188
132884
723772
263411
772446
632302
102401
382089
546793
529938
150668
874215
688906
144850
924073
461250
694407
824270
574811
735099
958763
565322
201085
85779
620371
442483
929009
69552
904292
20371
619215
378393
764108
558262
927603
290927
692219
125660
455898
109104
959633
797700
262859
185459
788083
3837
459179
785746
236213
75539
808053
950418
243065
492675
210526
14307
897183
778446
707780
703287
374116
840273
50295
880554
828765
490360
232478
422439
819909
261355
886236
349809
893983
637163
978743
298324
887461
804122
261329
283272
396592
595064
760248
973718
552911
169925
533251
982892
697313
699322
594606
63858
20000
510674
296683
88526
262056
302120
434360
410555
650722
767410
615758
962838
593117
806954
922919
127085
739668
598601
321347
814414
987790
425730
947050
837199
731427
192290
523486
588587
209367
18481
666157
43871
585149
198208
733625
578886
225628
965825
959395
864494
805105
302923
410715
845981
430488
367369
6241
452605
122884
529906
77217
434235
360888
509033
683979
339973
629506
40966
33191
485825
404901
720517
894318
531202
53544
536757
84778
173182
133096
766324
816849
800605
943295
735420
442798
393654
390293
335868
855479
263324
883733
465662
117797
458986
627291
750755
268739
598724
875564
349628
643386
583308
179470
568905
414304
677548
942936
831963
701319
824017
904924
958619
443220
754635
702768
508566
714117
716073
169089
41915
702627
780680
247980
792352
177828
65586
267988
565121
69511
146395
977067
873184
768493
102073
887550
933879
46795
582633
243011
594853
588164
383648
88917
395374
164751
430098
322318
57094
794280
299678
224740
366675
764232
804546
929338
164766
725950
380397
958027
558339
667525
529492
26691
740450
598549
570253
56292
980867
672115
271240
96708
734913
467608
495887
550110
89075
445909
59987
329668
12014
133829
17397
323317
147054
474654
516728
580070
702545
306925
230397
294287
840130
106600
266006
656197
446514
623867
542898
66177
368185
818097
236463
587593
514478
495171
508816
835315
465613
931304
362614
679408
297261
198357
596353
823595
355852
619541
87249
146715
138932
547567
964893
352222
557159
117106
785928
15339
153780
696679
468482
443262
155554
453540
195821
255847
936882
666328
183869
965379
523426
358760
928569
69577
522528
110930
687485
56967
952256
76165
401207
452961
248584
224636
470642
55277
981984
755028
175198
652109
889050
797655
801302
659166
579258
219010
167136
329550
437492
495899
968814
325633
623068
804380
619845
233717
37592
470946
468331
990386
95464
798149
229176
111279
178785
146275
775716
99757
400097
449784
597606
638201
715955
757389
591507
168180
692126
435447
459490
668918
522427
109289
552406
878834
950458
600145
128517
969246
210512
65977
521809
511453
842203
393214
323791
760279
719001
658289
411267
444557
308007
539044
46810
815332
570838
90368
441501
114851
495908
898834
865824
565175
495369
480407
387554
215599
902294
36604
50481
141934
248751
12381
536855
598438
10661
31283
238473
804979
706550
262523
150056
200663
376940
366398
238518
914270
541681
269692
430916
104946
56480
771736
614829
437107
172619
378241
260639
291881
954167
230556
367513
195573
471430
246722
923977
960555
968330
665769
550670
291931
169693
751023
466923
814194
992030
666190
249554
848537
106276
120856
946533
83697
354705
420626
296557
118564
388892
832030
442813
880644
294947
252039
831250
155579
585408
990161
323673
885585
567203
961919
901080
864194
547221
271091
164709
631111
556552
916417
221358
786113
549240
334815
258555
286004
76060
866581
783513
518126
792845
632812
449488
657196
250821
908241
276435
394535
310932
892693
430164
557204
95502
226376
187925
194784
577536
552283
750373
826508
262940
808816
90665
599145
556508
407065
313601
921961
992356
220824
61850
302202
16206
779963
858969
874211
20450
946094
776837
294867
747403
131282
830958
198161
711450
884864
793577
354760
825511
523945
789134
422723
234772
508128
903566
919830
981180
697586
30014
820905
503223
585692
691445
919355
616141
461688
299052
159825
494645
724803
933507
685577
637782
958308
55219
535154
797751
59678
646232
844302
383668
930569
906761
733369
852019
878930
838603
698197
96688
325408
634464
841193
47306
260296
8442
694947
818786
776169
215559
696603
738995
111350
343470
655654
300711
158330
141214
662614
851260
536038
591931
709321
326829
907463
154099
248768
477047
691925
466354
189231
455166
462890
179637
974669
342057
182947
352803
475552
615742
195684
737556
184552
170310
21334
379419
956648
616834
554522
812003
817123
141443
109159
323768
642378
682092
301498
461596
612806
444595
49086
758406
414856
500229
411571
622816
649079
585765
776472
538597
600288
802850
7864
94564
770518
163419
450007
795489
770154
533993
662406
690899
122594
194099
646689
905318
822703
472814
609684
506473
991991
558372
498493
433300
35039
396997
166650
393990
143903
292525
123859
584780
256442
912827
463883
545438
34867
422407
938228
301932
696109
763882
203293
409244
864524
342916
760684
816523
29484
318979
858007
115858
850188
973677
234813
317862
676134
758410
299237
768577
564106
675084
921462
149884
480654
202204
240185
707624
952535
551076
391654
741274
346922
371898
516681
112400
620209
459958
880055
738667
232840
140186
470856
970945
801670
821302
97506
601709
953953
336728
580851
756063
328507
268908
546839
213547
505061
921883
428948
888187
157657
755288
840835
162397
404006
263694
649573
499845
270997
87231
546766
83877
814483
450804
242423
269903
421502
658085
572407
747946
460516
714501
737037
667534
498111
257573
564925
795072
352744
49766
378766
349965
323652
772994
610691
666507
568723
572333
875193
396079
767468
403428
959090
52604
934991
256338
603656
660026
810409
569348
205154
638705
774859
809738
139163
778701
204736
388620
328963
828987
98679
254123
940406
500696
981228
419147
932052
144441
406339
878110
172372
241456
114496
967256
46542
59981
697060
449203
984208
326395
885598
179862
517624
129752
687105
229096
262630
359212
148239
423755
547496
336522
879301
536906
600654
667788
880517
559806
328947
479327
922144
816025
565588
903531
792145
62952
411056
899439
467625
763480
426446
371232
571201
896249
935104
589150
433149
192458
561653
544955
532141
504897
678969
34709
749651
767458
224071
578513
286315
395629
873504
399066
831742
69996
861651
13954
672251
713241
596989
707144
36268
907382
934804
611764
521061
371438
302649
418702
122030
531874
436717
843323
260695
256779
235452
922411
689165
979196
80881
780777
763350
602237
747134
967632
223690
638804
562271
662168
788189
645737
619594
468279
182552
836846
585861
982255
156004
371388
940222
918062
380751
93797
321330
47767
84905
761369
648684
548746
573495
499206
19443
887661
340137
125666
787096
740200
288680
316820
846407
404192
304707
67142
13547
915894
28599
356973
405330
132751
182010
228739
576615
244695
641764
535919
370294
180452
255698
357013
1818
215895
284784
503482
731642
487683
553585
782188
684185
902902
509933
774
193786
395224
635627
585560
84295
845127
913371
207313
252831
767208
212544
225516
836179
933985
291634
392458
84168
578616
237095
512912
867718
165246
33062
353942
852595
570214
27281
500190
895675
318282
822940
823969
506572
256873
831379
489706
193130
334239
757244
789428
624648
894061
410085
949343
37519
211418
769151
402592
546152
673122
90279
336378
499023
512432
137144
804516
561660
953708
804531
267362
537282
766392
505658
565484
268190
784165
586866
927427
906464
944432
22689
887453
324289
257820
203080
216913
399451
400396
302467
739617
689279
716120
29513
72909
390967
396992
4351
215501
859179
406804
642321
544213
459229
532048
209797
323394
950273
672843
223857
80381
448646
952333
480586
929741
562151
166028
292344
383076
196265
206026
937325
983046
671066
774814
199697
460182
364963
879626
734751
264566
815299
598502
283374
775881
103476
809314
6725
547756
45799
551845
264561
237675
434499
119324
750453
217199
985251
139206
584011
178711
894123
829346
58795
677467
839929
901471
868761
690454
433201
325810
525141
914954
570215
804767
319429
51776
602800
53863
203384
463065
338788
978405
68616
64909
422679
121078
678381
599371
841819
720147
576260
571440
700531
521594
717954
834697
144509
989949
256436
537160
450886
550504
136419
118268
558078
423089
19360
714134
881666
770868
95039
313140
663493
840276
587608
286918
979464
701971
534244
224218
960708
734059
806242
472574
191748
737737
455004
817129
430310
768249
723751
917942
693708
412189
850956
88198
802837
946494
947325
739312
385889
191031
991303
349976
624442
10041
526073
583526
428600
443155
810155
529614
612511
964215
947964
706002
183518
944797
985067
355737
608101
168992
335761
372896
31364
32995
372485
510001
864094
21304
254266
702719
542182
14665
93370
633444
866305
921870
128102
193335
247062
169331
288248
605919
129940
491818
641196
29002
442038
286195
37834
335446
52826
246938
24544
450739
263821
322117
576388
443338
101406
805566
714367
895554
820323
506521
434982
541961
202257
62785
13533
810260
409842
666290
625018
290986
210608
711556
589282
76357
537924
204853
465282
330287
145088
527717
606722
279604
178502
463028
682634
87150
272310
922619
370387
590759
260731
141103
469638
466754
474330
239686
865034
269694
269814
421536
218315
419974
226782
975873
838669
133676
698065
966393
714663
735477
816149
197639
662904
392913
774364
250216
477569
956199
759490
288251
903752
517145
460129
832074
151763
253915
788137
909012
714628
296781
281356
922368
360434
16371
7314
579883
156546
791703
99129
198907
33089
833704
946252
740287
824522
355048
413827
538960
842022
406500
351644
307695
489042
668650
309652
981341
874945
430145
874691
406511
631150
82503
734244
128180
34432
991875
987561
14908
880474
781335
853667
53215
153223
952210
724444
242502
420655
471376
670315
926279
580663
814429
902266
91387
212391
525350
896610
691681
661591
709150
693318
982659
433069
378035
870186
267829
350071
211183
376244
508163
589225
212987
893974
704547
864608
101572
133239
245253
308630
762604
349519
812494
295512
167627
23466
985933
842188
488479
41619
675452
756366
943830
589515
93444
706173
803533
899167
367636
843138
245056
364424
232046
583592
743874
32012
453936
332530
371887
427244
253252
429386
121791
577449
224460
556065
101002
990680
282546
884519
367607
626520
652684
665499
78681
207309
198551
793345
469305
259081
895293
588423
374084
890827
166981
40261
907961
106684
561047
248937
364411
669455
635424
938495
983341
854151
250355
93063
391346
276249
130365
125931
940124
523130
790529
102512
758776
144077
168110
170876
126869
579102
186735
221651
107934
360160
232716
852916
365557
486283
701374
372413
66602
407109
887888
362100
43540
916903
713503
694207
569851
471917
10920
969266
450082
320402
482496
433429
295944
828899
755773
950762
276214
120123
175010
742314
408160
515555
262427
334370
678995
798200
118692
362867
255718
179983
444410
900761
425135
256581
845394
353070
591792
561327
165224
241646
436766
947791
58237
148627
244582
504222
429362
615342
250442
105950
85053
488649
471975
461422
658037
169897
470159
512020
540178
279440
603831
274713
93611
302735
834405
950760
432957
724766
116043
973897
691982
748801
219853
480749
825410
692897
590746
640342
805379
701236
514008
321936
849946
589226
616673
399751
615533
367926
833243
740285
658923
330365
32614
94736
73891
37421
650005
812600
433882
567296
269207
692024
662780
307421
163767
92342
609059
666398
319215
799209
682073
943578
296446
479651
262836
946793
507555
80491
458042
957226
577746
289271
488080
76878
298625
310253
283166
893798
113124
789983
111736
353252
158040
404569
363309
232311
966859
612060
131609
432400
877023
767735
792391
292057
640078
638489
496399
889793
641318
575475
903473
11651
318979
676787
719842
485668
432850
473514
370643
296392
43360
511824
866945
391050
236102
729528
46323
257621
487947
309896
770603
199543
559845
572751
817801
632269
191130
835158
670226
199127
596378
815818
542146
368134
742444
440687
27260
661016
667745
468193
245171
614949
257733
832315
904716
405100
877681
112565
967785
89430
381700
414047
919249
30975
726932
416323
366491
217308
762892
865520
27886
959800
519879
797193
697606
795577
80938
767678
875962
950318
269859
429421
150644
927767
965741
433754
109201
491752
43961
488917
188014
537661
64293
691631
162011
717087
452086
146505
159666
260367
1231
147041
171184
960217
696469
600380
498189
684619
602446
517864
861216
427250
14270
336057
377477
530187
921365
547048
666619
906730
479034
227371
268263
154581
967903
848279
338095
112515
64333
881676
770776
938201
388994
739020
593168
924464
961917
300867
297854
219574
291957
386452
301261
895434
420924
693759
690092
455469
481111
261216
709830
892521
909808
231622
683483
502307
247174
235573
594422
201515
907841
506760
234733
701152
422679
480322
453028
275111
397128
468013
220192
826715
742363
60043
691371
923096
772605
56387
619326
500877
769236
988670
801389
378188
691767
101084
973537
741499
126300
523013
790544
871572
700732
959747
638600
755425
214107
939346
73260
19517
987577
601745
492853
156048
821764
742859
86091
265310
251203
615032
568794
90560
691071
197833
72563
436196
870791
959925
110364
323538
404792
571836
807734
473795
384560
706261
85047
990023
725793
271945
386371
143447
191327
967350
639076
92937
867093
668314
616651
90582
294246
99871
309876
685435
191413
351947
991378
515324
254442
513513
558555
653008
557421
439763
272611
592148
651979
703701
929746
610177
945212
617789
880495
190710
244133
267693
336282
63018
716460
546066
72827
509496
410278
949353
204348
988095
429324
244152
373780
21355
227876
523850
405039
477305
556408
628513
582602
530634
273310
472302
221101
480749
823583
487015
854938
538668
549937
587289
853615
412551
519251
455710
83918
183892
540418
607311
368692
910994
807602
590414
199054
163489
823538
892951
402919
291064
510028
70864
77309
291147
981000
150595
345736
958720
828855
655254
659468
291110
799580
687742
910972
728322
398408
599109
977286
166128
864792
28060
252578
930518
467720
158363
601915
24113
348524
150919
597838
64923
515117
552119
849406
754286
725302
473017
396277
641867
326804
761030
591766
41705
906896
640530
981894
274169
225548
234506
167424
695287
326097
615365
906114
540177
139640
917880
926239
701071
85904
219631
638172
404540
239901
86263
739545
457110
57839
240919
706075
34194
8790
908177
316652
619748
668035
504824
475611
865949
81098
828947
380961
31523
95009
697105
107090
599283
328166
591541
493454
800484
324123
106637
470033
262822
545276
813614
340825
675434
591735
404833
586698
569743
234169
695259
168934
59878
644238
424305
309212
309361
379053
524785
166444
752965
549274
90991
840748
626741
563153
286135
989937
393592
460546
327719
222023
284367
935888
704756
732965
379139
72946
205093
218627
962185
368136
420848
178430
644514
2987
370302
239999
377388
128169
781311
49911
144780
959150
145829
542828
978811
184978
944851
691928
589335
44095
788935
224735
562590
767559
248380
965850
838531
414355
696683
820843
965908
789812
126433
309516
497648
889518
857889
709692
349297
762347
72241
46430
90260
741847
308081
855721
70597
891336
579883
985657
728077
256301
578633
119083
422797
973387
412325
516304
793617
226950
36230
387866
470310
192296
808584
115739
661633
780495
521384
34585
865051
553082
783439
628517
427357
230140
814101
526446
365168
43512
982961
738643
60928
233788
834457
227903
841544
498603
680540
291725
324664
832329
857368
75172
378356
257853
105187
820824
53767
932689
801124
715095
545311
621379
399444
838227
649467
957481
660310
627357
440057
4584
797709
402649
920656
298299
385854
721104
855490
470648
790352
763054
19348
519433
56062
252969
750175
603807
44547
941673
939021
511902
502499
686071
596615
231667
774913
957503
105093
484105
89503
682727
399568
331537
184774
836388
172496
978875
141313
922919
897482
519331
580671
852153
418706
599919
851418
660745
989900
216509
821468
618117
857898
341395
184917
166605
180427
133698
788490
468218
389486
824454
84152
415814
940805
575486
697184
477043
512309
861102
67284
318088
895091
497697
253619
301079
84460
783296
378433
508239
131780
410015
434146
675221
614685
711197
564675
203405
911135
292722
34369
453366
777869
716650
718478
861384
48800
93457
612398
261401
460957
346818
571396
476977
389265
988472
773158
879014
1796
530901
63415
601880
519172
825686
571732
590871
133020
244502
510839
236084
724221
555265
265696
332042
898274
522269
52606
816741
128208
220095
143193
263095
662221
231529
740113
377794
888683
169883
812283
217313
582217
480850
385141
27376
417468
973343
693327
563634
862705
291327
98094
636151
637177
338524
125452
513715
686507
799234
946596
794823
318051
32761
476933
45009
744790
334555
192504
928418
902334
412548
341485
571447
211587
594860
138575
916771
798983
546032
850186
529777
182660
859485
442710
686027
593057
657655
241658
738254
485588
645129
333468
118213
506492
378884
560030
795373
6978
470308
958720
334478
588
747350
983559
693008
494294
164438
969138
204802
172123
696844
171850
48362
135981
537412
288536
123886
319435
359008
928181
234847
678849
7421
313461
804849
535313
49338
87975
701840
249610
550235
725241
38378
436585
455925
32089
144581
942866
203278
35960
592962
594577
246705
837468
545582
986400
779874
758119
448110
789764
765427
726798
807479
176498
439031
112768
463698
987545
699100
540734
460633
425497
233986
569373
787744
116159
800409
408329
686750
90394
639334
37287
335034
49734
41087
172113
30220
859654
650224
710378
282651
171374
436554
71000
139807
760440
454365
974220
141494
508013
599312
175417
793666
582253
51940
736450
262182
575685
75638
171854
623720
528909
904350
369471
635379
106313
336751
760270
669683
764073
936232
307151
824285
110649
169873
960128
865308
240453
691349
837779
874865
726231
26770
31458
637744
893665
938226
488898
342991
920521
807018
571503
623949
254621
841331
649990
201772
563165
88933
487350
990071
102740
755643
351314
776207
108904
123674
728535
126339
565067
406896
192757
539906
692653
834023
895005
722343
625787
125352
32646
618700
66744
8532
223237
145816
416952
738573
18278
650239
40847
724122
492095
764773
483629
354957
155764
877534
370790
845330
250086
654620
798331
18815
524109
150208
15688
626829
857651
280450
956459
200601
346647
792319
247560
685967
621181
320273
448607
662809
264462
732418
549664
937618
27319
704832
31121
825103
145766
321198
143544
428162
225278
838921
704010
418337
731550
871020
907682
980448
151349
198586
592083
859466
617103
165587
36227
837336
161176
836657
238695
293476
647508
257489
583398
309568
970312
187011
474204
519665
864828
73151
504575
988664
313578
943541
525679
808736
304301
218646
405993
919535
128523
69017
615152
426667
858224
289200
135552
207120
11054
928192
541298
223384
549905
590024
929357
527117
452834
779406
402572
718347
307567
101300
341533
812313
808844
596769
975392
693382
365658
979520
84126
796053
196349
597515
853994
26046
682270
646842
563552
763571
538197
248833
226361
577061
220671
613335
840225
336160
491302
424043
102026
810331
420152
985912
372593
953072
552785
42853
766295
297096
521876
484869
440328
638706
375053
150807
903552
844803
880579
799121
686945
229334
727205
374872
904949
420589
983143
92837
220727
716104
505709
90892
694033
273212
618608
348583
845702
431137
812062
796133
367391
876895
445884
252448
368596
302238
309946
216035
177623
20987
370760
882640
372992
239262
942404
533988
65739
245021
293911
216144
234267
622088
982708
986164
854937
698476
137301
563191
872330
367177
1235
520227
288517
94168
381162
677452
971939
516028
960711
180358
442119
645635
979535
557463
600686
90694
255233
43532
797760
517805
850967
32605
134021
826008
155168
600078
685625
539581
394656
844908
45624
425979
272406
303439
458389
692443
771478
582508
671644
170826
901849
64137
676504
478746
15325
231511
829691
207309
617778
267561
434695
112783
876982
306259
610373
244168
258227
430125
308385
751650
322721
728909
177141
141795
231384
721694
887592
918142
680767
581878
601372
56875
475463
754508
834328
425134
263292
31369
412317
582585
45658
39973
368550
624488
555563
371995
213359
9228
102652
493360
773648
24341
459363
62350
69750
91589
251596
717310
600098
59583
722506
412635
701431
16426
828345
820163
660070
593790
356677
945407
848099
604983
668838
483469
956782
322369
616459
125047
747741
639172
584917
589789
470029
949777
215682
746403
159032
631412
484425
498066
901457
358517
137103
569056
125332
53839
520176
954516
214311
872225
951446
19235
929385
518267
584625
583460
450354
85215
315787
494335
510249
439987
91336
502886
635489
351143
149281
377612
719817
922045
19018
74867
310378
899100
355761
465523
537370
919551
752892
473775
819383
754096
610817
196998
524626
173629
386080
66251
316189
97925
742868
132616
691569
487886
654784
760222
177797
3322
591262
872701
987027
581056
278392
775657
674188
961412
926760
830540
57466
597337
581326
66396
591457
366569
78533
115748
870964
167352
577512
371345
901426
109205
504598
930340
878003
409903
562332
796738
369260
440571
539603
2971
193609
396973
969175
134025
813945
730288
569941
43079
207632
799996
409222
698296
471949
384386
667816
280610
677732
289131
140855
789953
96790
630653
775142
3167
349404
415668
112774
645244
520646
889933
6979
133060
949340
849728
590503
595600
751416
819597
25836
400683
14250
492689
919764
395588
782965
501173
730419
499404
302926
741890
581128
63176
84750
562357
298542
632741
253370
633165
437607
748598
801257
545490
854846
979438
3323
43614
161300
846086
134955
765801
732717
582093
146042
469409
167601
150588
769097
505956
968878
495457
816381
681687
538450
427041
92569
295688
958505
653220
141341
588606
607905
418142
679590
228744
338707
58327
318404
509139
647729
320101
104720
899311
100625
646189
481567
469911
891351
827811
390885
974672
548057
161033
156950
194116
863921
41755
60839
724098
68432
161233
480276
953794
818147
904927
147989
660177
505391
679215
817267
716938
939860
245417
890320
759942
252455
836981
292202
112016
575896
338745
696801
676304
721570
280511
138056
210850
697591
320179
721236
93934
595894
244347
67410
792029
891001
256375
762351
746434
174788
487457
906589
916884
879017
701478
329083
913176
443940
199585
709253
546264
991694
586753
489564
335259
228634
889275
383854
357679
452691
494591
248125
442745
203499
586412
984010
162143
312889
263090
921534
642131
616150
179482
732005
760360
94734
864182
39137
783933
135908
351316
732630
854583
663540
675615
74784
327032
425447
616491
70577
71423
818128
789776
527241
310194
756281
633767
349651
926788
118234
782678
812311
387530
555640
211208
244011
236342
917180
5151
710447
105503
917725
700157
788928
831939
378174
184693
422100
738118
896884
169905
120680
540779
469351
222773
253552
722197
814037
898232
770034
731932
717976
932526
259181
837690
610657
773883
414408
288473
217580
973848
567647
113218
154055
773680
220601
345437
148421
140854
961795
526501
404316
206892
444427
773666
753661
308515
640453
775795
964052
763920
475118
448069
434593
596529
886675
16651
707756
646861
161623
347472
436809
343985
798092
139332
172801
730581
292054
660692
807255
729209
717598
551199
318252
568520
166798
816852
166427
437663
70562
508650
220312
508090
156823
945875
356603
634817
767412
554174
903561
529563
82506
823824
459825
122089
181306
838165
719652
666361
874473
759124
534994
792617
953073
57924
67930
852235
43112
558343
151151
481121
704546
681227
330608
521010
963571
778630
130435
91863
620544
81518
173894
436149
291237
142780
849875
61761
472745
531031
182963
5660
802423
915969
639304
342831
300257
285635
226408
133609
444475
768689
969473
194068
321122
79260
401632
635023
128424
391056
195405
521083
654821
455159
729663
265525
109719
684263
390622
264417
156203
277229
380442
85884
613988
528319
357228
198487
26098
150365
628936
523789
559883
565837
736447
365671
293001
728186
516845
330232
593205
704235
710017
931406
507067
679695
256920
416581
683635
207371
503146
518435
338489
116219
48012
713243
287267
127514
559362
894192
60645
121147
931678
746623
943830
534992
547251
393208
822850
215206
852717
78801
466279
177374
364339
444287
370682
193874
227475
90479
71757
317308
718060
795807
816197
754500
135903
229197
452445
485028
743705
186892
794912
72388
370571
591738
664957
882316
753197
227243
71930
535739
180334
286394
651470
587210
686442
405725
872425
920714
870507
714178
759515
592419
347712
791772
20729
324570
349371
44670
884781
965518
400945
375984
575472
989312
650403
47307
892749
584747
321819
799907
257193
279731
459547
509415
297220
705100
401797
537267
878452
739361
10485
852955
496665
593126
345729
304881
665969
670376
950624
218414
385032
2601
253561
36662
791452
615712
710679
968301
16053
660379
568011
20524
605037
567916
694788
21707
895666
20422
593551
105131
495870
60367
315130
479482
120375
708183
203747
651360
490403
354687
318460
585380
427273
415408
780432
709595
645775
709319
87995
569703
987753
131932
257610
865816
387934
164635
649064
657427
206767
505783
926465
296594
185476
124126
384899
203674
854538
190815
965402
838002
20762
475934
678644
66631
825614
760087
409083
23033
835630
939052
420407
831625
764010
466393
694246
990577
674877
603709
211209
797653
264381
711978
183187
77276
519835
655663
62589
587855
54988
686848
199315
567880
625104
682955
352406
622083
56955
880525
338171
37795
574844
469488
880973
369181
478999
198193
516341
690936
623712
853851
550827
457302
814350
449185
788097
509072
27027
35938
780578
292183
940887
579787
671600
87941
574790
577949
600931
668631
152426
948730
435821
923815
930324
359278
339478
415646
670448
823074
724163
962869
441820
643017
278113
714446
845348
218422
266967
358594
30724
523677
217381
801613
559646
573343
403184
195147
435287
511690
679326
240872
886165
263117
186842
461030
229962
991601
706480
378183
953197
334186
292877
228059
298682
671600
725525
249998
129371
990268
736767
967140
215988
84800
630159
111616
832437
534549
857522
701795
97373
112054
732698
383301
943551
220416
690720
600670
641889
357119
209493
164796
152982
69878
78540
740846
73162
216780
486475
203078
938964
384210
374063
747705
507070
5043
696967
620829
546824
297244
418587
107461
740810
351599
333715
986720
294624
116786
101946
766767
416110
904346
373379
642471
13000
409491
76304
949277
414906
673721
471427
821133
682514
732337
869495
739497
227004
811644
194249
594356
231740
836459
684759
902549
85903
648344
855883
226232
905392
114511
464389
21051
354568
809550
887342
133795
754104
262326
685434
392729
612893
29200
189675
647968
233047
500572
929943
134511
394150
439275
198907
707335
234896
595759
838558
332215
116916
888560
153331
110732
864820
564778
411320
946573
206020
968620
442857
34985
794127
964409
889706
274033
223307
57955
936664
905398
440519
569120
391562
932894
151339
961650
114693
708144
413361
295450
864587
600033
643005
362821
720218
34516
312215
482076
17976
277912
283108
456606
239394
735997
80225
610007
442914
823930
545372
51261
659182
773277
43298
192428
106397
704027
914275
144474
716827
672157
29961
57490
394003
579659
388992
985982
202293
762340
661274
956266
441889
488141
722675
809186
2321
406451
395010
956918
65873
751026
571245
504990
661993
582022
791782
548677
384403
947005
578048
939889
832730
888185
339087
848227
493337
231543
524077
419616
385677
143196
421188
44245
715279
423047
454617
425488
636320
598188
115956
228706
339685
766016
833942
467814
989821
145620
231357
221475
94460
829004
109311
760150
361420
354464
16416
141919
503808
367154
384808
18983
221278
30766
823428
152652
894854
681364
865768
236494
11636
406483
884598
362665
423026
458374
735460
468474
87593
974395
3514
780704
451315
222158
142037
563610
441889
724066
881766
847320
754954
889580
98452
493015
562816
502590
798397
320808
207781
441568
486477
580413
742810
743696
502783
852902
424905
872143
554912
50447
245883
935291
54525
297957
624010
129800
864812
821914
169211
481468
6125
903464
207064
195906
609415
29918
299722
817794
82916
954218
713063
15539
829574
512210
365409
989020
854013
554048
794683
198030
133826
200612
709543
686755
335362
86913
19054
566703
544550
620385
424381
426915
692619
864710
532733
919364
625950
346237
656508
487379
926856
298993
563561
277346
610716
379952
678438
147516
416962
54067
189366
816928
980016
349949
957523
37679
12871
324795
362866
725505
20130
352825
21251
689335
581840
334437
818934
34229
343282
33764
624539
716017
761467
164175
464094
654257
479465
726509
343119
434732
210244
4043
514438
406403
214514
48796
672225
920553
718410
254121
923100
238730
629060
278576
902607
865114
681304
3563
154070
307371
282888
608217
49560
745472
440904
893251
694014
649755
50620
550829
959524
380540
564580
222921
28678
488604
295812
622982
131120
929762
726784
775680
155272
111422
357027
711367
670257
353018
609330
637239
830926
594215
788841
153612
356863
323284
217778
833145
134861
505906
824947
397830
220703
64257
334057
592181
701803
497699
443617
379551
309502
357112
720808
639182
318252
20801
721126
98393
331883
533311
495290
938736
257467
303332
813906
313650
828474
18040
326563
259484
412823
801628
655337
598580
578436
650152
956438
200233
82111
58927
539542
909561
954370
567280
437279
555842
387776
10897
817352
813235
551972
435354
444610
66881
146704
352913
169862
558769
676698
601228
410631
345620
110731
374364
60944
467885
953728
931785
532124
367792
43031
766081
507674
417250
769323
581183
669214
400032
720264
431767
325953
794855
679952
337981
232434
647502
560062
890576
380056
182768
405099
376289
248599
110338
375662
688659
851726
834601
47235
594887
840881
306157
100700
83189
702261
483495
170978
202772
477957
344576
331393
502163
198006
893786
678701
78462
176997
984080
540743
106385
539126
749971
404325
657528
702582
746142
889681
801452
372892
754574
843960
133674
107165
508408
527315
236960
153898
628216
371143
355316
175155
332779
379972
681696
187794
259859
533303
897812
34380
77156
302780
961467
185284
961805
37451
682963
297880
493736
419964
569718
526823
619100
644523
627353
867862
732366
822635
658875
964027
611757
278212
725706
219594
557312
774630
433472
389490
361822
151385
585311
62722
221107
426269
769959
287626
131670
373646
717718
492256
977979
47139
558814
253119
991693
634071
216673
857753
227832
773554
974219
723890
226617
670425
279923
849206
629983
400047
485228
113115
776785
718994
665122
170956
585334
856391
18653
982383
417419
540802
33596
51170
406035
809182
834004
108167
185172
714719
666221
576161
206746
491797
422964
941023
984759
172090
326124
571365
19428
118891
642115
639089
979152
869932
429331
458228
853911
455878
460570
808799
223350
208657
481027
976686
653998
707062
451279
687299
543912
175547
772477
663444
157228
184350
659117
653423
814663
295489
815539
536986
697938
503135
491608
868332
692808
634873
642185
439290
834932
255528
551858
265104
73753
749022
339925
908115
252934
682571
319806
389465
625189
34721
916630
533850
415902
73991
635787
986225
62197
829042
343861
203598
444236
69506
670030
296302
305869
213240
907333
488659
563766
428727
753131
271697
585876
14437
691974
356782
721374
398399
52611
772276
161610
311377
165016
340636
3480
258929
108326
619040
496118
62848
785809
318212
980788
132662
642472
179722
17636
469939
923429
656943
693466
506295
99020
277970
759544
385537
262133
802729
49305
790554
871769
459567
303864
300582
285371
810971
713270
126221
441054
865429
684568
138262
983743
423829
149025
50203
706414
41302
296568
596317
4783
883585
607710
497877
562012
250043
837398
681230
214332
85749
540651
330780
893530
253568
947614
757039
690061
271511
488890
605243
60573
740198
118792
906095
425304
460067
219724
498286
87239
163772
246215
514357
364791
303308
931254
990581
940313
908082
253648
131657
523098
94095
867519
66682
423490
623838
743195
578039
289403
765448
958929
378564
340620
829630
633797
802832
86369
248305
763796
579331
342315
620727
834603
494903
532864
150845
57009
618987
672556
165861
437943
693126
251701
608288
439
466272
871891
465117
666945
134756
157533
962573
977069
545921
609027
662130
23796
338582
639288
378598
638801
50083
615713
719466
496234
580746
904826
304256
897276
426096
245073
365246
343593
476271
958200
254867
569851
492590
47666
215685
800184
293290
206605
952611
709302
447347
591765
552650
478783
179818
327160
908246
777731
861621
666922
797274
538112
371705
187911
515612
382646
724530
279292
848717
888689
923612
302658
554875
593071
475893
642835
171083
621626
170505
270875
889332
95633
555655
918383
772324
112864
853164
705555
672964
192740
63419
468480
544074
802060
656724
761798
160841
315102
164946
542247
531527
142303
889232
408113
209250
38135
317785
915457
330612
534473
497868
490742
391736
727805
877261
508456
483971
514851
472738
991525
86023
843731
129587
684466
192704
232475
208294
678990
251956
487969
123961
492216
290261
662139
565944
298423
260991
542406
960172
938796
861860
695669
344638
238901
364561
852750
270750
895132
453427
613827
295063
94428
892017
566944
220266
151229
312431
569572
493766
693913
98864
617096
560035
847139
275124
723684
62961
851480
605674
186489
66561
874264
692999
560423
802261
504503
841663
245395
750069
596408
630031
983315
112961
286761
875543
928632
859801
152301
234249
472097
630430
651825
3901
383523
913819
511493
900150
197374
207467
542881
425353
960095
369850
413621
703625
127951
308000
511187
63691
688043
487764
160502
848983
18885
828906
787712
251242
365360
147137
637196
284974
21643
117630
730854
776844
378674
127447
537612
306926
800680
752876
59158
709722
976076
676664
519083
458607
686022
780602
96473
691666
228209
48655
657324
550469
773139
840262
235877
62026
661423
980613
739729
345316
45848
485004
570606
569494
314768
55406
608923
403076
249048
462613
841796
971807
579595
562580
3656
799117
200868
430164
774584
429960
850578
469965
425308
961623
637523
23715
507590
408358
701079
424153
823324
935503
472924
141947
52931
595968
229781
553604
819615
563917
87881
160983
582250
384536
472386
845752
380717
216566
569002
694557
766062
974236
664974
977587
694062
332088
965204
961136
868843
256595
745829
341545
711042
858466
43292
800740
730560
857217
205774
766518
565312
762982
125310
257329
849938
348581
139522
856654
41835
760101
154542
474421
167682
369630
106212
487952
57281
237508
506409
900075
871736
915953
555667
305812
330910
966540
376749
757818
250814
774486
277917
184080
223384
723601
878308
655476
319536
784145
798426
255282
219952
969085
837242
502680
926141
66061
645156
855511
335006
564676
605099
71781
718617
765730
984571
811150
846542
796838
123129
506589
63396
307917
210111
778335
52253
770120
668819
674042
591328
696084
746556
970444
381790
193884
336515
563345
233588
138457
264540
616355
813093
712593
698458
355496
803567
19630
609386
707125
969704
214310
393527
548612
28401
310387
429513
22257
377383
874727
536184
248376
122578
48984
351418
826323
388441
532323
914213
562221
975757
371126
601703
497345
146002
778164
489815
800054
721790
106760
45370
59184
510693
839328
791445
989948
310449
640012
152346
127138
122352
862427
121904
243722
434268
987594
554095
119363
25054
950704
837413
926260
527677
771711
748454
316104
24679
616108
677153
245482
850446
394102
36939
336816
468234
151881
345275
886114
771250
727704
16363
361424
695233
431142
289168
827465
211130
365797
788608
418366
606852
26552
532810
535889
727542
25090
499116
596489
371744
714900
46386
710662
554421
485667
990890
232570
209553
23224
581899
426381
816669
480439
577489
280261
202570
421608
348847
858908
138887
531920
264554
178351
577555
72015
611722
454811
923801
56457
54770
159304
987876
330825
572476
151270
375180
180601
857562
662729
605391
14541
826142
261789
87392
838842
372140
188752
654009
498915
337354
484048
821411
202724
572582
461146
611562
338750
301970
640645
908882
626335
776340
23704
321214
698486
692991
727002
991616
558660
403071
339710
102836
614670
299664
544309
200081
113136
353626
454868
446629
489469
741944
264925
88421
232612
217757
273888
579848
721915
470529
443511
838956
767957
249094
197414
714647
260448
391810
547074
43479
861292
987765
274374
504149
98757
606398
124955
425400
883727
475062
898658
769270
188762
532249
274404
107359
349613
963471
114203
694831
45892
427123
951718
222166
434446
934432
655945
310413
853912
245029
251263
567083
574568
113410
196707
474744
949908
86150
640785
46620
286240
498901
695628
500606
568278
904444
18463
756938
902812
722144
463034
971357
754448
553154
545023
60631
98191
435024
151746
100392
574128
333846
848040
966049
535735
937225
784466
953882
634729
799316
532081
400709
875929
410415
546886
496761
787779
819834
100292
273723
42313
907828
919022
388913
58692
26389
970269
730457
244449
738525
613671
585410
929533
383986
859585
610988
817527
357583
852911
575198
649844
31301
886310
278903
577883
131612
584448
538042
675285
636150
14523
497109
439786
111880
472100
477356
368457
393153
543411
549867
692345
389582
112106
6083
767243
627747
777211
269540
362063
42653
793332
427497
300880
53036
361900
792605
93455
975688
160464
328326
466275
851004
369388
409202
601974
274425
899786
663316
619535
443060
562980
784044
956389
469371
505819
55768
897190
802332
397603
222197
443557
986795
235797
29079
712585
286135
653820
737762
493377
705484
594569
393724
517788
390800
330923
495412
28247
548907
560477
290185
184497
56996
490593
651465
990964
567917
301651
183876
799492
390841
966081
333104
84309
220648
967702
578674
604826
978212
719922
136459
664759
163841
944401
215161
172085
788651
708423
774632
518281
481710
678586
816933
259111
139032
56146
193902
411730
43238
776815
586890
575197
313805
912067
470244
36151
589335
515
507543
321371
871512
819135
716105
277481
428653
115779
902428
283558
714492
896808
209098
211744
618115
829534
782342
790729
772994
84082
836518
433147
529610
503752
168582
729535
268108
436002
639628
960548
468053
769356
371525
243047
424835
750222
568240
29726
89533
341698
428412
644007
314282
361758
586716
258529
670262
363025
656100
547686
793315
468077
332434
85285
101446
291794
242100
9916
70315
37030
380668
359100
681730
327294
372651
150572
528316
408230
214360
815109
629275
305787
829072
446854
129849
89605
624946
676354
131106
853807
903692
755650
629816
596052
436166
525928
720416
515339
361555
882508
223644
973784
437375
242267
600815
693740
823904
461181
328989
782273
332068
98236
606240
897782
935207
409630
72424
334603
637260
968865
63891
680942
741837
268539
538845
840888
902172
447521
229063
322159
250573
21154
205030
141257
111487
850755
115189
340907
458121
693081
337157
948492
725194
16170
328716
864316
507157
941310
386416
654823
866551
729395
389950
457382
177316
318009
388874
192790
131649
264048
517066
929760
691563
686102
353820
686142
66966
373474
714480
225258
488208
836777
711677
105329
963994
868072
362152
220370
498704
179143
180366
329804
168009
809294
931563
485330
314410
303881
366933
463978
117384
903860
203196
964965
799439
497830
834369
574889
212793
902550
705873
590968
776655
750356
69875
220237
647055
888856
8396
145316
479607
192937
716044
904774
829724
591119
721959
170092
616927
386970
924724
439541
424962
255570
876340
480165
201811
455771
84654
384321
776332
873699
17013
601297
704705
59884
611504
724342
50890
984342
924295
321865
108798
383568
927001
876616
71787
20235
74730
358812
405252
522427
684155
231536
575332
536080
59819
152730
493483
122765
700223
253693
114995
22996
385333
668875
964663
992072
490433
622582
735340
580155
810686
351747
419260
4141
611189
959119
740891
671604
674024
910120
541922
881584
23207
693457
845263
568542
474601
184726
792751
714336
518231
221355
765711
576672
706363
827014
545463
840976
394010
765881
248422
22451
274614
780558
364226
329223
747279
449317
309247
833506
793014
547931
137389
419900
848992
131517
882513
249122
229056
885686
976730
163044
367711
300555
300343
972601
834749
942076
625828
826678
287895
903588
598929
634111
590174
471188
599722
963519
760566
126039
778712
84747
339372
825587
175859
90059
304270
872095
58433
333860
894981
740727
30719
434540
488891
617213
129486
663858
406461
408333
484903
921971
754203
859801
838680
271588
354749
581089
797940
584357
346387
667430
247539
796489
225053
991063
243441
596449
82779
265779
732206
693494
193362
409646
78912
942980
250474
840461
542984
32913
536531
784524
414438
336947
469698
917814
729069
94577
418734
51390
168509
662427
792052
925270
220673
300455
262077
658553
75909
278775
793689
186525
811069
277699
548884
716525
59286
481551
756629
389350
117125
874096
392070
930108
827392
926026
306729
15171
177705
775892
877145
336292
760982
476920
381583
112781
697443
486108
404191
556022
876870
151848
280400
570812
260654
782514
484632
42743
623349
932314
386388
425402
460482
116739
185524
305286
645017
555495
625211
567
285266
230380
809661
269548
44061
148239
469955
546234
641928
471123
642800
865119
456484
265992
252541
207074
51010
45772
532224
692368
861217
786644
619692
766154
917868
869389
430770
398711
424863
700796
251596
866911
612171
222429
906053
339257
457336
781446
609693
985288
908456
984589
730
596080
331570
559159
671313
33904
712855
617316
301208
594334
333998
898881
675664
607450
488458
395987
186091
390975
943585
793378
170072
790862
94143
26115
485793
983846
490642
248505
874048
865234
894440
802401
544394
299018
106965
251058
831300
701481
601845
484025
75382
285825
254240
704927
686882
638248
451555
691229
805646
145168
532622
72231
955063
985000
470691
426802
686065
211988
233670
716045
283623
82740
744474
977107
767138
467528
651224
129338
613423
259800
390931
788283
881663
701793
484030
79574
33383
395969
464426
55803
376629
135750
920869
70863
485261
78235
505949
690939
79409
413917
852778
232230
599334
687133
429609
391035
473830
480212
668694
430476
734852
617628
406045
241721
555467
705737
939846
885197
915543
842565
769738
398267
154636
853190
208575
496223
257178
771144
947890
81448
467276
539795
654821
524452
537644
474373
766348
119343
597542
498160
778089
727208
848691
302737
646838
184992
222971
401579
935465
370100
863976
949471
120285
813289
809997
962167
555367
669866
340810
308591
382478
815386
26875
981607
767801
934151
760038
877113
313886
288447
395152
127950
358748
498463
381765
538992
188444
438013
258949
207946
189127
431929
231028
892510
309687
302038
303231
187613
424237
300992
815002
991699
124740
30752
399647
736711
859474
220793
196877
460774
51231
708804
869825
546896
777263
727430
446148
339758
931026
635625
208055
943117
66398
215657
577192
224438
598016
147813
485512
671839
279965
860428
288315
740439
915826
938849
155052
374793
153600
621324
287204
515972
879115
248824
732442
911985
145913
172913
40496
169861
654874
196115
979783
295409
422582
553777
898331
744127
193115
451768
552134
380795
795674
53639
220965
571966
677006
975990
950127
952366
561021
193602
799104
564288
195164
779208
109126
842969
948595
148155
263227
743797
602441
944061
913168
382908
310281
328767
207336
602195
720190
860856
656378
153809
68401
837469
154071
757278
648953
495782
253086
630278
316120
665772
743392
60735
314234
7035
15943
629762
527741
130935
331372
186633
359145
163231
96953
154181
884614
933805
476503
160700
412530
425060
710309
518118
724323
185603
576619
965595
644574
862757
35941
267074
831618
812456
146140
87033
908740
412654
777148
645077
520990
615136
904796
592180
314523
431703
625977
83158
453041
943947
472235
490238
6670
209092
135234
287239
228045
65242
770993
788070
762568
770988
237763
9321
128170
280748
122161
198391
524678
424729
840310
467638
957361
932739
520746
748391
809025
683483
76605
549081
748814
422712
184337
582718
965062
681515
473759
511803
906431
323247
535676
807840
519934
723163
161705
905751
854853
92276
872603
658679
399757
102364
680842
487352
390632
501665
971942
964514
361297
918327
302954
677067
974250
38010
581069
524167
262183
231244
680727
500881
850336
536451
893531
660214
446564
927079
915301
649745
296928
978837
937160
416387
615178
565344
582739
729505
345057
663387
991282
99716
254639
674721
516307
400103
590908
290413
526149
640519
118745
839170
434862
761840
6330
536202
583335
432282
378009
681953
488707
867457
970034
853813
793319
495702
510684
259575
863308
833126
652310
376170
146737
484963
533214
31636
647752
493546
942572
434550
968360
164656
965802
367042
3317
889515
593165
752918
990098
579563
27203
314730
887041
183679
853575
667155
296926
641721
216650
506042
418499
778272
745682
740524
784990
962472
166191
262136
677077
970206
355422
254420
480072
19023
822923
67663
112123
412722
307995
716984
898309
759837
422946
711285
76375
513039
511798
202253
541999
833841
567132
537042
725989
723766
540062
85256
152490
55007
6575
726837
527941
938684
482043
900998
10095
576920
886368
160235
477352
598506
734937
559899
895590
612828
486697
444073
339870
153762
352479
98809
612179
711638
911700
377857
453986
874201
792237
765239
816753
436652
342926
535655
298220
612270
407830
790193
521743
23317
592292
444822
608108
342278
15433
218516
805113
950802
552010
830762
218469
94180
12112
1266
233914
88021
682827
252347
824781
300132
975610
442230
687580
726151
238799
385792
730254
359106
932165
138009
138658
151491
627645
616890
488700
1944
423676
939948
99980
350916
843620
623988
196729
298363
175594
473085
62992
13163
197616
410011
162165
328004
49509
439926
949979
286967
622207
378490
275588
707448
86023
897792
384636
921443
443213
295122
649872
669734
363238
755056
549965
496421
726779
126469
372938
524041
13967
845244
235164
464197
572175
384101
828279
382811
974253
984126
821975
87384
66216
538786
934383
366289
948273
638369
255190
688662
489105
524532
532689
217107
109015
283720
648443
28016
192095
558610
419117
680153
120801
547962
587323
522036
655986
151005
221690
103416
594394
822890
957920
666369
347221
117778
493008
203538
526714
197703
682205
276825
211925
276780
103272
523353
272717
465158
952318
763719
510617
829445
800061
622961
485257
423069
643327
348647
805985
543216
822308
671569
820460
850044
659700
723990
929422
119666
251332
594500
207121
437242
985800
663559
91194
952310
804599
302833
176064
893035
202388
96090
219712
94440
830001
979851
43828
934957
383835
930392
291534
446662
436306
100845
825801
122152
978268
668581
810788
738042
446487
463503
836272
553775
403770
938562
583644
683776
686285
411172
790673
802706
561186
665923
723126
49772
12367
865458
271990
493966
394265
548141
199198
198909
384087
362229
112817
279894
154666
947780
126038
266723
916024
491832
313147
348529
424083
676122
843048
792332
172651
121751
54092
982208
730963
345480
436778
796923
907149
310213
504567
653970
281356
146575
619602
446431
160008
963474
539052
446426
396953
386816
502664
784105
981615
939848
856305
614325
330875
792453
698995
16134
711199
950819
335593
75035
472255
591997
160654
241893
882349
666770
397820
617482
740037
881367
424965
349555
253193
43210
656537
762509
401154
857107
715805
853195
850911
235812
642436
422601
619024
14480
290065
499821
737449
511294
470269
315265
328204
43249
845855
689721
61931
179750
728083
9222
540441
789841
628972
114057
61523
990453
662161
727826
482179
542483
857223
913318
275661
899859
255031
224704
334546
714987
139404
213242
566788
427167
409646
428233
416854
52940
640315
729630
342187
54003
863999
949912
769470
719954
175685
47957
729258
991543
859975
734366
777916
241330
544050
534901
833072
924595
945128
189209
122303
519098
256078
682566
862217
803374
346053
485306
670702
894233
834576
79913
574309
140557
637569
469123
886955
503610
272008
750742
320614
585922
116039
503442
54463
385985
577074
760568
73650
224409
197875
883980
822109
924974
256202
815644
29688
618187
842622
929123
737044
860572
658018
130002
124128
978966
936963
585101
288212
24127
304796
91594
91489
612790
330853
725827
719634
841587
590552
175173
176265
660447
810404
797661
197873
793237
721208
18313
307709
243341
467708
476097
623831
654677
91483
717877
283337
678985
253590
160999
248230
558023
432261
380363
222338
206370
565308
276689
948751
126475
926771
265322
85537
754387
259288
289829
228620
488649
489229
267228
373523
352366
496515
605483
793670
258899
527418
625690
748059
184645
756628
361101
590422
492103
728758
490658
433684
890465
103593
554440
388321
154266
233432
670321
79685
381903
622595
141266
810766
527831
981269
806900
825399
187185
694586
798046
368572
80705
943879
519414
250028
509996
911220
883947
650909
332428
354702
513704
546732
689329
726897
891137
199775
17455
829449
478778
160074
570004
295178
928236
238358
546350
679880
124980
609339
209745
333965
421597
289113
255804
230255
553618
818916
527849
678099
338452
820463
287711
583650
827254
142731
696281
451261
424928
280677
47798
50269
93768
341200
650542
368842
558361
565811
774748
788715
954222
625868
512265
440572
229335
917560
38625
49697
172963
135587
503006
479392
629022
596262
4969
188094
669636
956254
739442
538725
894977
307263
983953
228030
383557
140195
469029
483534
179754
763317
631561
835009
322399
411840
597492
253454
357591
935092
486490
106620
353889
757348
223528
846143
629407
627486
483043
516034
992201
682775
64193
781019
120261
293571
367216
677548
985821
888589
373072
746701
265011
785800
58151
362027
883585
837146
633697
160450
853054
281954
227627
810166
851856
472591
766063
350711
567931
929836
434570
835659
970915
149353
723561
772780
223790
552475
918274
339915
463859
783480
929927
5843
896150
953725
421146
723288
555069
554027
14217
440869
440320
832141
878839
397704
754927
212471
201604
422975
834876
516556
328992
465314
705094
264350
719774
982743
653054
11179
768811
102483
185440
198512
27619
111577
97417
415234
73367
792212
940518
265270
16738
835630
557844
487175
119451
593833
160982
709810
920281
681855
76122
684540
54179
407708
126931
788147
771491
941253
233173
12076
69864
241949
530040
13438
196851
771553
501916
267099
809136
375376
370347
148834
353255
955193
839484
708496
696998
424754
36650
160810
439331
587044
426986
176792
492472
515106
790003
861168
327305
225186
640625
7140
900357
635793
301917
232730
774057
89068
957265
320540
890266
272443
166873
905301
828884
678768
657962
916390
222376
946486
398063
318503
782968
109031
395176
15336
936311
341858
113495
616762
123384
78271
107253
319545
287483
698399
452062
569082
113894
405004
509019
423111
749533
160143
318320
127301
600413
974969
349781
836714
341096
388461
734466
405426
392779
495442
847591
640864
673726
230163
678895
784533
174225
25798
432277
280516
873764
55067
911215
631016
322077
29436
824457
159770
480207
962278
613116
377080
59289
252112
882550
729626
442336
736704
193416
200390
885327
564065
520086
114320
652395
105175
760040
184603
779314
624462
826531
1135
150054
63577
144238
249162
509210
825496
807975
393122
401713
152688
846459
859182
203259
757128
129856
813101
490737
480132
402162
385192
830242
29394
297904
386979
740010
203330
838533
573148
221603
209318
597893
976803
384283
117079
114536
221738
490197
751189
980351
120747
899528
603935
271428
536145
167335
287052
848870
338294
225260
470025
174383
654958
738052
72751
743369
524042
361189
53495
156277
351332
69993
708835
520951
104460
568294
257249
154310
260000
757174
163987
950908
742691
212159
436659
2463
212530
527916
852352
573729
303275
886165
715174
344716
804013
141243
485735
833723
169334
137237
799776
372728
287681
195266
302542
422041
631374
252966
714600
363081
234549
236314
467567
163647
330104
238727
733593
889185
563007
722045
821782
867193
726102
71425
558976
317626
604523
50085
364127
690016
164346
605434
432011
863841
940884
550549
148110
469673
240442
68867
69578
812456
831794
127347
36138
728269
686913
551709
77204
985399
537203
292281
17861
26481
245681
213044
683038
367403
531189
718537
445889
58764
148489
893530
422339
672007
178645
386422
77985
622773
321341
486540
866528
929545
444274
80557
958334
202638
149590
568962
835069
506161
477202
911061
858433
328038
267335
853463
271105
69069
911046
978340
941540
34077
335910
613142
230116
850675
738343
79056
955110
736375
773354
988327
750460
958752
428277
802649
871875
960554
800308
882237
302910
870819
180640
836479
167076
348542
494701
335979
459104
535793
967300
803123
855310
2013
593808
969152
128333
846025
517927
800130
119714
600587
546935
803525
767412
955554
393114
110154
108656
88812
814088
945882
23582
164582
975849
827247
429716
533629
42944
756492
395718
454794
538131
847336
80934
255875
781326
769326
244321
31319
530597
237262
941748
182710
61728
43054
487031
502159
847232
398280
741907
957995
159122
983619
534973
582870
163709
725463
167107
462112
111835
655603
445525
533507
119073
832338
657601
935614
740330
713406
181064
519881
670982
280442
780144
89908
732449
815561
509260
576625
818239
62372
669474
281535
230339
8804
577922
390414
795373
23370
652858
836540
44161
540516
650458
41654
908670
522960
532434
578698
203561
323341
539313
352067
53096
346163
57934
584779
210104
598210
956245
853028
215936
490631
816742
317702
487328
551536
534516
951406
86600
25231
190749
455574
132868
542236
769497
856018
165761
744089
529571
276881
657924
461444
193525
259039
710871
285112
445254
423618
507868
43101
916142
474651
760223
585316
802983
121582
37419
442244
599108
56271
109525
837532
801856
314184
394153
263768
228173
323023
444877
670645
263293
517173
725849
210515
474908
680738
132093
846337
371825
581337
973507
687454
81870
477291
210851
947995
201876
74710
455545
956180
546871
179174
396801
302961
761982
294086
937841
492264
789572
67356
325706
336676
178216
328985
82322
715605
413596
662967
5369
191477
275932
31346
261468
101311
549450
860268
181845
732831
164503
570438
688581
410194
666156
247608
242332
856233
945542
817165
295073
239342
452186
4272
807612
966417
983329
176451
794684
167197
374141
361243
163931
466763
264897
972862
449080
991101
402607
319486
226728
217665
701964
655816
171801
472740
555039
855634
380892
870588
637788
438112
701004
245832
772291
676336
459151
161242
183733
209071
242598
463569
515012
118844
418345
10264
257189
786086
570133
891478
776008
966115
668264
690651
594409
340039
64871
881901
511546
943746
73522
67669
343402
528175
121809
497344
515217
271788
872809
864171
170560
960091
338087
218120
440136
957459
764069
571780
760437
86461
715554
626490
576843
357017
306385
543463
679720
255083
966540
848445
138868
697057
662044
244343
902878
928306
96254
416803
320485
697637
628192
712902
702996
894339
45682
21883
851466
915908
365457
465355
62730
593048
235477
44872
538524
730083
491974
341671
791501
639268
213916
156966
307537
92888
141244
302198
494871
279845
61572
154026
906230
33886
43254
205552
821952
22953
716567
342887
739469
240120
932722
450607
577431
764218
537481
618017
889581
479493
434986
193787
404832
298256
950171
976576
481421
962113
790263
455390
848050
282114
462259
642094
875794
696556
336098
146828
669620
360403
638638
565005
99299
398267
394134
302062
940471
268725
768363
257303
801907
810100
96454
141891
815080
122213
958637
462349
296337
353655
103386
759264
840544
967302
323029
348492
482908
582543
921647
441107
405568
148321
647514
883493
86367
18861
914792
211904
784587
63128
953993
867042
838354
97194
35463
533610
125483
258988
891869
64599
124936
529166
642648
462019
65169
1385
259357
524667
926565
412136
85072
815421
905052
955285
488702
130572
784821
333957
976735
974545
157625
11481
300829
892854
387648
541952
182945
768380
680711
910665
155638
701003
449660
921675
150819
974243
274069
843485
233119
491505
416995
197517
413218
888668
684132
289754
668681
551081
107603
465396
533135
882636
95626
379208
762460
178240
26023
464209
666669
725649
416038
202046
26186
577382
340227
111641
206458
75756
654726
442833
280538
220179
7886
820976
211846
70127
316756
432807
731177
948862
982505
709541
637480
216138
809797
815601
312653
957487
629107
864746
190372
200001
435075
853222
850582
948278
634843
649222
865839
636040
201442
459072
863282
321711
767259
489813
483818
635612
479827
499981
762313
536096
231703
944917
591191
962047
487283
113300
314478
906497
103425
867441
230357
76820
78339
3735
13558
843456
227948
43287
878626
868125
892699
592697
491650
460370
900534
304063
800523
201970
392143
340325
506959
759981
709524
433102
156801
651178
982145
525245
190590
493513
455874
913835
717324
142675
39252
961431
935038
677970
845666
633281
422458
276793
714155
521132
959283
474187
963819
970282
807044
670686
756070
752503
989458
412089
684127
328523
813544
465395
649846
159853
134279
415579
370882
159771
481437
355973
915685
839395
617593
266305
832223
9583
92653
7812
544166
692522
15366
581812
935739
600469
246316
792069
925148
561553
35195
812272
444067
197200
954373
699486
938683
741412
401875
39064
484865
202222
155810
976127
350137
308753
911228
323154
228664
421707
112103
221946
331857
183544
901426
576522
443910
364180
980283
538069
867911
315406
380834
412721
502771
856264
288900
482804
745333
430168
42785
663111
252110
567103
803587
672335
857272
648049
146171
442273
559238
652536
467710
696105
708572
950127
233148
134010
694572
743300
75738
262490
303307
368007
873143
93508
558124
345353
857527
797355
601567
822553
181619
249579
420076
830449
778523
354093
337977
573069
861509
508863
590446
853913
484000
491121
872754
569993
743653
821568
431429
445978
744368
535570
272414
264794
928380
605467
536581
883916
984229
237758
4794
93293
802092
457173
131981
73550
648774
817803
149986
310964
305385
352369
249928
93805
893118
320509
413186
742730
609204
905299
12537
716515
856097
179016
790271
662691
442067
267597
308819
126189
308839
915593
921389
423969
961167
722247
777205
420996
51813
6380
574456
824788
782856
55961
731467
99254
39529
784979
230869
242849
281979
315951
36797
646468
215257
556311
536434
581715
603852
126545
234133
21740
112774
792946
500263
680753
308594
943229
458413
397852
222156
531270
417871
807631
195183
573893
820647
959915
92522
654250
228496
433037
197758
679293
761068
606521
522817
738460
989012
736161
867330
370347
965507
712194
641193
798942
186023
769402
373005
104759
481044
143434
821836
485731
891217
274105
736536
645834
563337
634711
13104
598546
709689
340875
319522
400067
519579
526059
122268
976558
978423
409626
728116
872223
61901
406072
229085
209549
933791
403582
722995
315273
220634
49752
958321
560632
9557
171871
828726
350884
412839
709441
923866
851592
850341
160622
36170
167972
801276
773146
83868
139802
559980
295621
246724
788012
598689
145510
122695
921703
225992
580073
800479
703583
963738
106710
551557
856505
47280
549456
415804
761393
330994
923959
803177
468533
399514
235813
723661
331320
77054
414742
653397
564098
281296
414619
850432
782384
981154
634409
498346
430165
30963
534628
132550
79065
4232
76704
47369
95827
338112
630921
745332
396579
141508
561179
58351
173885
755632
87407
821725
656328
391189
215228
768599
920656
272517
971371
843737
136642
925836
635500
864819
530966
227299
303639
174704
688608
518844
87619
989675
631100
359888
102634
31385
648275
859911
146885
590900
290084
357443
696925
119597
241755
922179
684609
990171
215127
653222
637461
509289
417650
519786
859142
154252
491588
400227
926007
31502
692779
719135
700498
292500
233727
797179
303298
61541
401573
579653
443106
641300
398965
811598
716775
920686
505910
673046
26857
581880
275007
908203
159905
580774
314137
485924
715132
571692
270285
193669
540060
891432
428273
903864
205877
832950
585107
165239
935147
952201
780421
137407
671198
460642
883699
663788
235444
187928
912650
637732
241567
862482
51650
387377
469092
212691
82034
476397
734971
844133
805355
585508
10285
711451
498329
610552
274835
332004
106828
203226
129575
800902
319478
414444
56282
771311
23345
33581
517361
758014
650660
291429
120915
434602
838303
586539
17517
67605
820339
763562
31369
577143
601251
23737
642748
273305
631132
762179
254326
945746
166766
418244
536789
774795
380674
283672
261655
506795
461840
430556
935868
622553
613729
345003
950723
7670
935643
685887
327541
233797
37251
147558
215028
266902
469323
934051
413701
945899
136530
854046
911783
877795
405539
36381
554069
42619
478795
552887
240177
627288
365619
563057
760959
520060
370743
354010
414379
856299
202431
99511
909700
516725
893720
782259
296002
4405
724740
126633
791494
880115
641384
505742
258617
388993
754806
937217
353752
293211
128414
767521
311510
530591
316518
600580
949646
332620
506276
280778
699450
375380
588450
942994
414852
19437
986402
850491
755144
839431
684979
444731
37601
458496
60161
686967
343549
228316
267460
455273
469318
426217
344737
768557
890254
404972
78040
934841
651845
588042
873668
188762
507294
951305
309069
925503
605297
681527
891472
471125
285829
218923
553399
433697
483456
126839
748407
564188
407810
5953
766684
968351
6885
10373
634463
486131
935826
370350
545838
502534
812602
378125
906627
410789
356022
653738
397309
593470
46515
743073
474692
713100
978193
786906
858004
935010
140357
488198
420368
365452
145543
494958
725058
765538
55112
988388
747197
636235
705894
509024
199224
714743
291784
294619
223133
802217
255760
180329
809504
742520
186782
143615
636567
671835
576685
4731
764287
977415
93982
452305
314557
744056
867563
585126
320560
399092
968379
75202
332409
884747
418916
590078
766888
195683
598981
695697
806063
315126
204748
524554
469914
265094
267816
676676
755626
116885
539338
218683
947600
834275
744763
888711
118952
32282
450092
846438
583528
936314
669320
899443
835868
934164
643445
689866
640900
203657
301512
165874
886000
339355
616162
79311
269075
26743
116493
597015
65539
287553
85870
251441
264506
52888
704589
566763
898907
708660
803764
817389
212451
761873
196673
959605
652868
444451
985454
761864
943011
883987
905641
806511
591253
601325
343384
552710
864785
344316
948156
787283
272776
130539
692749
120736
800098
882134
268457
356493
163010
729554
870787
367275
856168
933015
777212
101722
763167
719574
753522
296974
89712
387250
244111
228810
486346
920850
534284
400150
937785
24478
434670
93373
308393
709746
852445
562526
475751
73405
331433
199928
357243
801567
868336
715502
869198
79890
233481
331001
434541
327512
566475
132320
8389
455650
537289
883398
963468
784566
309144
73680
380493
779493
388545
710694
350895
173086
965561
685518
687989
403292
177307
366572
981731
40518
625189
600232
219333
663269
876928
30020
983214
265025
732696
688019
363150
32634
83216
721522
712385
707858
97424
553744
859426
636913
281984
444792
354238
823504
245810
969083
48626
43419
8231
403191
51871
756203
879349
353738
764653
210973
327077
719771
207542
542225
984260
412307
744857
793845
240903
86671
135444
626217
458891
690260
110658
155254
784736
92913
782542
42980
504010
802486
532731
318963
922284
922637
180119
948045
855243
106368
957577
303147
163357
150226
153318
147732
141805
751909
935316
180935
623096
164854
105154
862807
722268
474480
383152
668145
944091
421323
315712
217475
684324
173253
971159
531017
757514
154995
364742
643046
880512
129740
586074
250787
910333
712529
58419
484381
92898
429204
722035
929568
490108
247437
83846
94438
63656
147347
189821
304659
725184
568711
628657
628935
199336
524672
653570
857374
85718
121310
627469
300446
213248
117548
290300
367331
176708
536053
731567
913340
681466
807838
657838
474654
339682
279617
68503
794070
362052
980255
883214
662774
804066
126
199845
687231
564599
605847
121989
649034
923932
13146
572852
501853
971922
239359
15488
700105
162338
347872
481036
991173
524822
224579
735680
73507
441288
600593
145286
583694
346768
926751
477768
950770
869431
21935
826755
431234
695684
886819
247066
227623
185402
54896
457775
525281
752853
905934
653710
905769
821220
629744
865550
734665
695173
320902
165389
475751
42980
736419
276414
904467
863785
882312
658907
370778
310552
806169
108216
825949
765907
109693
491216
739355
240327
350764
225502
681139
747059
529969
888040
579339
306460
331332
39835
336924
250609
919915
322706
420528
224760
824201
632522
500601
301076
728692
390171
732143
933073
578569
198336
531261
773108
791604
364247
421227
817015
303282
847193
88882
239803
503891
856776
953334
528900
543417
921381
938368
800572
497110
303934
669339
757814
891327
228137
235101
587623
500703
270043
922297
991600
298072
270830
986330
432606
710292
737239
867284
251854
388768
930687
510826
791569
137164
734719
637454
136787
554474
634174
149228
694502
430438
429634
805608
787218
59554
377589
833437
176535
19720
144695
376540
761689
889586
13607
485832
344555
796162
439951
728997
344278
491962
72548
932355
351390
929367
984950
447156
565720
534283
664717
436293
439116
874844
530621
854911
580944
667974
688255
229217
988027
715873
745408
944018
642256
945583
811547
535299
225630
338542
987866
740350
437540
211275
247199
687568
658438
836307
690234
301806
149730
638935
47914
318851
550371
102815
658206
792344
775354
746554
504726
545485
292925
889739
670108
534163
404394
548274
578888
888350
294588
876309
475271
442942
913312
501432
57184
176321
546833
820091
437172
543943
410447
767611
243386
894756
825876
788483
522399
80999
71880
165319
385957
648789
835037
268506
802659
386883
960601
605940
454821
490757
313625
788458
303892
391717
491020
152751
310394
305837
699801
838823
587031
782969
612145
202624
431046
447561
62308
891245
601349
272643
314490
616315
690596
735297
696143
492421
543305
127051
249577
326466
472249
319996
117812
660068
729414
34473
51211
445977
573641
875916
434561
721105
707110
206419
189831
745628
739322
954590
63633
264091
150878
608075
964824
726771
417243
18254
784709
20762
501277
27530
866021
704976
768219
813484
276912
875048
882126
155663
922466
183334
712982
78370
222047
179293
358733
973289
7065
140490
246355
609087
703740
636429
771695
800731
772158
157908
2468
70283
269616
703054
975195
571025
153546
369365
923578
150553
112093
431679
884107
957189
391662
860364
435655
230797
569396
819322
955170
552515
670187
703610
40717
527560
543346
81041
758475
345102
890934
824499
850918
120040
86774
283393
880805
289222
815016
219480
503375
411452
832035
468787
188483
406334
474836
511166
641462
658991
132967
452598
306511
89886
309938
35311
386784
235213
106221
901916
379208
604357
800260
31357
548075
36198
489662
185626
397766
214197
657164
945520
225152
448387
326852
376850
326402
655633
184524
266245
678553
507540
700585
33105
26763
928550
637972
343683
306918
394497
794640
73386
555407
443893
609959
318232
486114
443864
983365
160363
371443
544296
191996
847782
560016
983511
9511
139760
469449
230802
259554
208202
131518
310176
826421
491802
721607
673793
685018
740714
609117
753892
814861
528890
477892
598090
724036
181396
273537
24523
118569
280509
825158
38182
278186
624001
300632
24512
901313
359952
639436
935060
464808
448644
276982
909860
326601
684051
418761
809553
213556
266012
165424
396669
570662
65973
906191
915043
321867
215019
221910
583134
186342
431665
413904
876189
145359
462634
558167
574440
433912
493613
199477
207017
2657
519976
20963
161333
626605
928914
492632
136184
458417
426993
33371
53851
921329
457788
184242
104955
880604
927483
820055
177787
963012
623519
734538
554219
139075
103669
344111
481502
533078
548370
833405
495303
879302
155657
836199
418511
827583
819746
580634
928430
419033
933396
870895
613244
595066
371688
879077
412394
664517
657845
849682
580737
460581
46953
706440
446360
810185
791824
930382
739133
114784
2174
644184
432447
525298
298219
663572
958251
360360
801109
635398
28014
688655
555983
109799
334865
981514
54859
126027
459805
887750
620822
826872
687223
1680
492385
387945
611475
866512
918770
636776
934061
924494
297584
287355
714250
5737
765799
987883
173637
874855
932796
69605
141286
674402
784852
14888
986089
880498
622305
765448
403796
918600
105945
428877
560687
439450
962339
950137
76834
110070
182160
795046
628095
878234
472245
127114
590601
412689
478887
816506
489157
783588
957121
875600
72785
50835
194688
435567
870638
881620
35435
392369
286014
409916
482254
143366
55292
891215
877623
882704
657666
337955
814971
198327
672256
434406
270895
980914
357689
310959
425810
804111
802945
326552
870224
950106
620699
882510
320986
271513
587392
102924
679050
262083
299868
893136
501906
294475
138175
460670
627885
255294
757333
137027
437223
602966
46922
719729
821321
387550
805889
563937
947186
646398
47803
478307
14003
411420
964409
490062
754549
301606
447471
680427
944856
349924
653357
707394
932581
339778
687684
632406
506771
719287
565835
802200
67283
404078
275928
713532
300729
628016
51870
716764
23310
124896
604297
6791
639469
10892
820736
250004
346072
6860
26480
375133
506896
711273
124259
125825
103884
297304
341675
516384
706660
902988
204896
856028
168717
391476
666541
719060
54180
589340
862229
947241
584793
665437
608885
540972
238677
49203
132309
791583
748752
193639
621363
518577
887336
569691
738859
929306
963933
150139
829404
367481
868626
755733
915075
416757
811712
922047
201528
928983
798617
303626
57055
458539
270834
308141
653918
119156
834619
809520
184524
710493
907410
871982
639006
854401
449908
774369
886002
477110
940939
336206
136466
117
297143
157830
787382
129071
629826
940708
713391
775369
687435
258267
795201
571735
96672
878052
989743
765697
826363
941837
749567
520913
243854
447305
975695
519201
619696
353820
974924
963245
144234
244937
390350
382060
906635
258739
487747
556282
542991
564827
148932
371968
60597
701196
183046
936157
367246
726610
518359
666337
75387
718109
523684
228935
698419
980954
190749
171825
90945
863787
781496
652967
231120
659240
714785
192850
514094
549518
428446
987499
197752
85486
577241
611680
866772
683269
725168
118005
443770
191836
2108
15763
119552
898597
832420
318729
922427
447772
945434
7223
19151
368951
40194
839409
205314
78610
50888
985360
814329
752472
53346
7554
324423
1003
520056
431969
755594
246229
389249
236238
506008
886432
449356
989721
286370
633974
371305
687945
389143
333006
567312
627183
442189
752716
974085
907492
963391
58954
164616
589812
240347
777024
14511
959963
880248
483683
224824
738128
232216
847233
540676
776168
129445
373926
287567
763456
720182
595331
492538
923311
112596
139183
121619
829872
629282
870686
732410
518142
867768
1759
259906
214220
130193
130949
985546
712045
381219
505684
2996
256499
377746
447623
396473
133953
306886
605157
697475
606607
808149
945249
145476
132686
623341
625613
777514
27628
72722
317436
543722
352657
344510
52399
499909
298707
536621
382393
545404
185493
77796
847596
542038
821613
676709
341820
15479
605640
629336
693115
934930
227724
807804
204682
581172
509041
884533
264491
8668
238769
640969
535880
959334
201778
186287
557755
136368
381572
69145
624525
689093
603167
69967
211963
461950
453367
261766
800783
293209
725952
913748
346394
616848
343271
198311
873555
188199
16071
263009
728282
504033
736078
481767
150198
278741
545510
503868
142357
490750
544268
733561
835408
215804
644442
114424
627111
837948
471659
522845
252790
926097
232584
561328
989005
138976
984498
226117
785766
974873
841038
766148
858993
425494
89458
768582
39316
616873
738442
253986
569547
698221
602774
211767
412781
287818
323649
70950
896905
607942
155891
195830
748163
112050
178583
946765
889782
684333
977337
284519
460461
600692
649189
758331
622898
213577
655026
506426
686718
855690
455764
103222
196954
288529
384524
131306
281446
551258
872152
952731
90807
730498
649675
58675
139780
277972
59852
338794
802027
881133
817286
681488
266527
945097
373520
314562
782758
304874
35436
57869
521461
199490
541755
572534
127641
758470
345736
201311
267750
669099
503612
164381
435561
37102
508061
532237
688041
938935
448371
677976
77977
618954
625912
232031
561668
968109
550409
100054
257671
351101
632247
149470
628672
766839
453318
918668
188555
166588
725677
625479
478500
432708
889800
104943
841882
593003
60126
974807
463991
664365
969143
796255
618337
216254
440553
344557
635715
562997
338679
982761
86274
736249
198873
375688
946252
558350
565954
841055
659055
765001
668633
617646
97409
17546
190940
38989
396168
148406
856859
642716
203343
862093
603595
649915
173252
302443
340670
259941
762221
157587
172035
21865
403477
13749
981295
591417
462588
109404
139425
342373
31367
930503
946588
529395
253209
303821
596911
2524
753977
591258
434336
859076
567869
483322
16789
383677
105791
532294
441814
198732
358534
661007
715394
821419
794152
284543
360575
192104
221640
628778
926373
84300
255148
880585
390705
63389
187759
981900
165464
962730
353418
208268
907191
92008
936558
125683
242381
565467
305547
415542
359916
653287
448247
389115
574455
704252
33847
111501
657255
658509
327656
947625
352624
443967
254895
575462
222645
489071
388327
152105
828347
313435
153357
361674
810318
670590
257197
886548
431241
488084
763105
907452
486199
730153
846553
960475
48074
190994
715120
110296
330657
434191
159739
596045
988445
694914
39748
697816
521376
462209
407087
699102
819372
163280
905074
768163
898572
122486
347040
718941
537922
180680
446483
650354
177879
870407
928033
67195
18283
973346
107560
650890
286004
777291
191972
44170
357149
632822
365496
369851
839422
765151
665968
525616
536724
558168
896086
717138
133282
449048
887334
332685
708565
630526
647762
477057
588379
435080
535851
167693
850098
296865
780397
870730
448333
664021
959258
429759
363029
242812
748078
82507
857107
741345
431671
329579
552008
736875
11687
581249
9244
825372
894303
414823
482574
459957
70500
640440
831885
45803
813101
805993
442459
852068
655454
761739
618557
662911
801252
94182
53860
58931
8218
299142
906564
686282
14987
157671
963208
952070
959268
176626
622637
323868
502858
709974
762738
114078
312980
91795
102888
687360
138493
573259
316360
585539
558908
62591
370002
476590
476053
697163
752043
76242
238699
531064
989099
594975
488696
643418
654993
185078
738318
329125
326031
621278
283422
387519
27051
239307
195344
132140
313616
184482
30852
403711
122914
810738
527609
398323
310695
665077
949510
988306
13922
47691
329559
769407
312826
191412
322672
95824
697357
163488
819744
688718
890966
546191
93273
700545
643719
269390
333344
399751
257179
696160
57007
304307
518020
576217
57418
602943
527524
867683
161703
400572
62365
801538
116139
698696
1753
298826
200141
976364
102222
926912
297456
654711
798612
875932
850181
56802
849640
322200
755409
890276
953210
893359
601127
611086
525380
815482
395110
537142
302105
786730
452191
987880
728710
215881
258448
142375
191346
300365
976512
544271
622596
935648
241488
964087
470053
793800
10379
303402
809997
408323
77149
281335
619119
767699
781223
782968
437521
603670
386419
892022
533204
637913
381159
43643
298982
117129
637101
881926
879559
432640
919568
112237
116825
142082
347282
609391
803241
844389
394597
924350
304894
46474
7210
59224
918352
916490
483857
829507
441942
192179
273929
357182
720381
225164
968342
307869
900669
237183
706193
488273
402676
265218
397980
404755
137413
71146
25921
9740
425956
476593
321178
981061
317780
553612
867302
957480
895739
546490
227321
341634
325034
226704
442854
771791
658774
568005
681865
738980
167074
516805
914320
890256
739248
116576
39620
261449
413450
691081
847837
487588
273662
966851
749592
792028
763304
956158
796384
150869
888274
165090
293501
928674
252312
252974
259473
311850
419670
376657
176327
13417
234299
403313
799925
263420
970726
823815
883342
845132
502706
876548
65274
501035
899410
808134
765971
498744
529285
835451
183707
685276
492809
34842
981578
120949
486352
936376
801196
725723
257897
16621
584574
635859
372046
463452
157325
580655
282756
535512
476790
29536
272560
429214
270573
183099
266610
557647
699192
981935
348306
199727
354574
362320
128221
198995
360459
739799
917667
333695
852101
608457
442690
101637
593630
68715
684059
870625
304898
618573
240022
910205
57601
613341
855894
27752
434493
202428
517732
781730
455633
158093
607774
268764
627331
659966
609871
557831
770300
96268
625119
53219
228434
632139
351404
413992
853995
956018
754538
387280
478761
547590
638134
402103
39808
747811
220926
645101
657217
21285
721308
864614
338569
982689
903804
362864
593159
519712
982929
603529
528994
510589
875245
491428
502152
537606
377100
907306
302154
269997
834297
378068
944589
806699
112248
683094
862744
477981
730545
451759
988835
476363
785018
167279
925649
627247
347199
708726
720945
26262
218687
7114
148669
236621
243416
688028
807824
586315
714655
798395
101357
240747
264886
180681
301565
506171
878396
195067
642039
13636
739703
29429
8985
453916
137776
600738
169148
965270
122731
239039
521899
309778
956610
230625
469958
568175
246927
784905
645083
874956
706419
829533
556787
9858
954208
324394
267519
18554
456315
568140
796746
621979
17711
587253
905247
772844
457842
68514
203654
643412
360247
372144
131212
773239
9584
17978
697124
93067
663299
267880
927941
353295
300084
959580
31618
155050
983487
549127
66176
859648
566943
37881
523744
694305
927472
36707
148957
842073
10455
509387
301142
871496
397494
675332
20643
189994
758527
48246
22880
413179
781448
277534
710692
727531
120017
418150
133339
649186
281547
483700
785815
6931
522919
117914
75992
680577
348810
190518
563321
25697
81013
652137
56604
633519
917136
821878
246639
168636
708910
310980
865610
186160
903530
838497
83336
944264
769626
835892
610437
315121
851958
405886
410918
482104
605702
793668
376343
601885
496113
745262
533456
70368
474377
988304
136708
391039
922034
885103
744020
604831
370759
484763
258522
526526
930291
866709
981235
774241
361099
39868
383496
69317
526786
161446
587818
31381
125253
807422
125403
499703
454229
576424
234727
630204
35357
757844
415384
331587
767353
370645
27274
43330
747654
67817
169660
665864
601840
542037
466369
378258
787222
222248
800216
10367
838813
158500
778578
26556
179889
489404
434848
626986
557039
928224
554860
527509
578855
720492
179302
695370
857031
27075
165115
493303
217429
564294
792380
388612
484914
965931
704697
668906
904365
833485
438628
380059
252495
848559
440300
561223
151701
732566
188869
251594
343424
499161
851060
145045
508291
745526
123091
351835
737258
180847
638661
755314
115741
424379
202184
662408
309110
215679
184714
692137
777860
37638
407660
779243
607299
502187
622049
610466
153777
428076
749920
761285
962578
212414
457384
321224
471001
469215
548834
662510
714143
498041
776159
830993
187226
566984
516237
700978
729039
306380
491659
115187
874707
743676
275387
980334
284753
774701
620620
20988
943727
551037
264162
659960
519254
507121
361581
727598
50393
716837
740342
318238
331604
235683
748302
644428
726472
48480
826212
970712
394727
27991
702986
546998
147907
181400
991358
898218
563753
905849
652109
952690
25166
655007
831135
288307
688605
746327
872644
625068
328034
945629
279198
922809
557007
393631
451518
479706
184425
900419
659140
230369
615039
266696
222407
855060
74085
58522
74193
751664
66840
922238
773000
720886
912416
392607
513117
843309
139177
740253
490609
221470
869821
484783
279336
856856
191816
455242
869092
231303
220726
138754
186651
796189
276904
867512
268524
392373
598270
752109
64011
870516
836003
21049
342837
845377
742896
30495
567892
569918
974389
701219
528009
152444
565198
980541
303908
751621
618285
830055
866702
676708
910786
271705
133129
979281
519048
22508
128712
211134
217617
835224
836494
15334
648164
591693
681692
398634
759406
180154
918481
718174
555025
881211
621529
80967
794730
304068
636927
146166
60724
361224
654279
14522
218714
469034
945357
793967
419688
867514
99346
176724
451200
98166
815899
353202
411697
409303
161714
596553
148264
629334
955742
907662
347902
322178
27024
775861
353685
289681
381187
847454
733711
101051
297237
264323
659632
551198
224284
604319
744395
852845
576638
721785
905795
275080
639561
820301
371466
199160
552040
59015
896837
958299
195339
765337
754841
852930
966325
561006
646244
787445
766430
777975
784004
458986
113042
631913
810570
805854
230151
536275
348212
425263
489613
429448
489332
337938
875451
213541
877210
344681
429134
364396
356506
335608
196299
697927
628588
189867
400313
509433
909684
841838
455310
334505
352644
647150
721133
869631
389614
45240
743144
704883
59341
184049
820778
952556
736562
617391
743383
303199
546893
28910
370369
978448
341802
963153
327419
48
792723
290334
951847
177120
596523
731944
299533
571791
205302
672326
325395
866471
533494
758537
389218
837751
396798
905986
110879
836268
424588
937777
874777
630733
506894
449041
385460
919377
874815
417433
642349
758579
176258
662966
688161
246432
534752
178387
187812
16268
472109
663011
774470
130861
427199
363804
325466
280584
514222
518441
711281
451039
891874
837995
943386
727229
672702
518885
853629
623283
599462
908931
116227
30202
11947
96693
478634
196394
486304
294536
887382
618648
688910
635978
95986
369972
396548
7391
508547
160042
851410
653981
799060
231976
280861
301966
870817
90640
755426
21787
700073
606815
892350
918730
501381
144400
287024
684848
506958
119408
384210
291359
950306
393657
414652
659160
125699
199843
918824
320423
740046
303107
475702
193432
435173
878762
132097
521354
300956
368184
53328
224605
542758
884253
553627
488925
311979
738495
713667
774636
529365
864279
658576
224627
525196
23637
610691
340401
854063
517829
827336
813706
305354
407649
46729
841321
764005
340475
500588
92482
76984
888505
241118
378848
542373
647477
575029
841102
351729
428226
194969
141252
818006
797366
155481
885399
255431
332212
495319
368951
31437
541090
612812
745612
472569
788715
928889
321547
5775
134433
530041
261121
251407
696198
818475
402578
798656
761982
961203
883231
815369
621383
841440
567490
471031
584067
274170
546132
883342
178286
119685
975775
50083
439065
187770
24991
192188
574118
530181
666274
271587
134309
33397
254365
940640
531804
740694
650706
287795
812654
420886
450826
193330
198278
231640
501608
684462
153720
507797
151585
866769
275529
98432
245299
884777
773667
25385
787226
42645
310766
922675
899931
61814
361421
345797
950921
71308
271772
630544
228150
336548
910171
13719
861093
925216
545359
97224
572450
697542
904026
610379
350296
964405
890430
831146
50868
829283
717534
920517
201557
746058
706667
273212
424533
663199
519841
846547
446306
549467
92086
764078
736577
922398
805975
415165
887398
893973
968450
959117
399174
377469
751433
317994
309860
661233
6822
198197
730175
201186
47510
463929
476421
188684
809166
592776
724824
284708
384523
436385
53141
911831
441481
197897
86967
576811
482645
724114
560136
309120
334406
311139
155261
991309
755941
353905
770208
84030
223645
212890
514268
249698
470146
714052
536960
742474
286485
744610
402631
403752
488595
780683
109760
402669
943204
547312
350217
944619
860773
48749
813237
929336
171634
472895
111881
151162
426494
274482
770811
822141
449796
934840
575800
950866
611689
851258
582775
537580
789585
517876
694641
887604
214177
258825
414254
87299
493734
816919
897222
359755
257572
72294
309537
377852
911912
195640
799327
511626
337826
954538
672956
740096
502784
50024
9518
4453
58478
11939
433330
911495
629026
694245
187673
677283
890472
971440
36986
200734
918285
384216
787671
251483
558859
873722
521318
373678
564014
300990
967387
937355
784781
682841
379430
842781
420311
207303
787249
620678
502277
520252
103191
490133
209373
553831
747598
934921
676898
79287
255637
3696
518790
182106
463089
944576
295939
530130
980039
914982
773726
335767
878553
463435
90251
146751
38563
83823
59556
951718
281566
760206
625428
399160
955209
616083
169055
210955
372392
450705
524066
543051
270427
162128
11099
285230
209563
969777
717643
464576
256087
12405
258378
738099
908581
492437
162560
23073
779253
469093
802508
868312
130029
644430
148572
873861
31533
677079
417762
821450
785717
773514
579256
91133
135722
492347
288887
525336
316153
412771
266434
992068
717563
342980
935010
202210
522032
793667
419243
334389
361299
148543
434890
188248
285761
777928
714447
559677
911822
861272
97167
977685
69514
157308
725041
36943
102344
895456
828709
620297
167858
24123
177841
448885
242971
568373
42539
503147
27762
916041
521999
261200
607636
488975
42757
70920
330502
911458
785900
836242
133717
151246
959980
82820
203291
859324
173435
955684
456085
121745
795866
469538
211187
949376
992022
917930
130557
296424
66150
761209
106118
862160
988111
330872
130733
14959
302039
267827
508386
820920
637294
710642
624460
184977
660108
273203
196304
862025
126978
64896
809984
224550
85994
933588
194803
158108
485187
228888
285420
62825
416487
177756
420707
6590
755765
537596
377875
703244
535944
440251
963561
389189
620040
316474
622537
57510
646392
598115
128742
977183
948435
729317
827193
589887
947056
541766
232467
574061
35554
885271
201559
149250
71601
140467
51069
470753
79888
593468
137139
114145
79323
973442
438331
745768
547008
428045
751125
868747
915520
363019
81992
1908
442300
7544
603547
363328
457447
539585
567160
685116
693362
48038
513608
916004
276749
602760
930757
911122
10759
605085
391411
278025
747313
459055
899779
457176
464800
479210
450200
473390
2631
728916
443429
462486
817972
864174
895427
196847
325168
399417
812291
587953
427642
172874
683443
484289
272158
592450
173153
919086
612047
44348
986156
286040
715859
333645
142547
136824
201248
548963
345297
518813
952999
652851
752802
455667
333745
890465
329455
243305
837801
848628
425167
97373
46665
863006
928271
106694
702011
302500
791935
40026
974770
958935
874267
193237
932096
414036
776805
517125
168191
435222
304627
124010
303523
965685
717285
895957
915843
582796
224371
887859
294871
111090
58308
250468
249183
276310
168462
332790
172729
600736
961486
697169
369387
371055
526827
860966
472147
124320
982739
978284
655617
693974
955491
941755
519526
599783
838202
129406
212434
820466
676011
428287
601067
149185
477994
110852
139047
761532
861345
860327
816878
716608
490672
351343
560828
433069
463997
813860
286750
485659
970141
748816
792484
777936
440255
949110
562095
124102
218665
255685
678211
796320
88598
142245
115242
822274
376729
894206
413797
903119
261727
592554
147518
318356
96662
597052
271431
177846
985341
917607
79202
220390
226354
539465
801788
66954
459586
905754
341634
766421
453431
625667
255697
693220
479238
572947
711148
197360
842407
850967
924500
115258
875204
646572
552614
110206
794181
883829
774965
921849
509621
349275
120990
328612
85180
914164
257155
695288
232460
796717
159050
923802
322344
35150
847242
446593
405286
21564
558226
690448
384729
805503
104817
265953
871217
881615
164253
654716
627953
506915
103090
443673
933103
8452
750827
73625
233853
645393
636519
642679
302410
7418
416254
816835
889727
306299
832927
473806
396745
681555
267502
507029
500799
725077
670766
940792
540336
340299
262851
77487
278440
742017
443106
231858
776595
389121
494403
877564
589410
849865
714841
390180
135817
718029
948412
351874
265494
139490
211054
389162
978384
655237
540640
782017
567000
910311
317803
780026
647949
713414
913714
664694
603050
109236
22638
364975
952023
574181
577273
294799
39219
380808
573599
930630
56342
525240
305779
331464
31184
193040
413114
853674
777470
248599
340543
854730
151247
933342
885503
225047
690773
296386
266285
618741
346394
652946
395666
407950
28804
598651
343167
589178
418053
277360
807436
93144
752338
481849
377095
205530
968389
178433
811459
311504
273695
356734
803956
646113
194701
828013
11383
722903
890567
987085
618456
967001
277493
13831
772900
246710
669023
852536
816531
811860
84265
817916
87176
805802
969177
274925
915771
814694
334715
175066
919366
168825
6867
121088
862092
657956
564047
625798
684089
935601
190410
667624
832511
452855
984597
380137
485770
368751
383897
668536
849630
359439
440058
359906
912906
892585
335613
671141
505764
823976
311056
215948
155417
183548
326107
57039
879429
486857
202732
300511
778335
709229
684672
389649
676156
982622
104568
639122
877511
644131
522228
720565
987331
64448
735805
512445
251681
551536
547131
968091
987074
179875
876651
815714
285351
719093
458964
396811
914133
763171
895018
874208
373035
158304
840289
26808
621103
666032
832144
262894
507457
155224
154870
236927
313647
359234
842769
320800
493437
917322
837135
738134
115991
392487
196330
924130
498696
828694
256114
804996
812554
597716
612332
217197
510088
707062
599395
484361
276526
419517
365071
705756
657849
649831
133691
147310
231083
72519
804866
486706
42513
756552
754389
501492
583008
451982
864818
380066
419833
39475
341630
58003
149295
801633
18807
621197
478424
882098
374021
32640
895769
324521
630597
967532
543053
981712
132364
882429
122435
591880
551054
378726
276412
992299
688492
367437
179434
445081
99837
601811
462745
914691
948484
237646
321611
493034
119816
779637
284770
557024
959199
154805
197794
162013
177270
110878
617290
390867
8904
743532
480374
383518
809244
531375
812699
138722
682126
662474
936548
961390
686488
724720
899648
928937
738983
813983
942234
934334
731591
551677
66660
356590
900767
288805
669712
251889
846796
464211
931689
448267
863653
155837
860771
546043
404718
112043
211035
564468
360775
23088
835880
61178
113908
225126
682016
300940
742858
114351
119626
417505
89637
991812
463568
416731
223898
711915
422064
88694
283992
957732
222017
499453
204979
37280
600304
167660
601237
503259
848820
140977
416040
704603
797429
28272
819860
921389
131582
80242
437784
53428
145090
266021
389800
514448
977692
311834
670974
460691
67550
486409
566004
35586
704920
61731
680240
74317
748277
223122
19360
640965
32734
987338
194529
149224
217598
958597
770928
307693
947947
497402
141840
962290
536160
139112
758317
98670
553821
244858
588861
842565
206795
371351
265837
32269
618962
655116
9620
544255
239300
418225
277570
542425
655872
988221
61863
88087
53151
307815
736461
317014
743626
495831
878036
561882
659637
977951
294164
795819
309252
628130
906514
587547
384375
336444
863857
742028
781365
760159
686274
563793
934821
125634
863479
187631
124669
584608
216624
63115
864403
746260
277571
96601
189371
109206
646567
141378
386675
360512
648191
941704
189080
880024
27153
904596
242436
112869
644910
621816
386637
115126
321682
628789
356749
524356
768698
732784
350595
906213
218577
433248
42228
443329
441990
405225
803732
912174
424912
290200
754554
710743
400700
449937
675440
689485
371738
451835
106027
484244
826212
887495
180018
75735
698748
176992
882349
765599
209162
821683
779798
963774
583667
26777
58194
805091
947244
989026
651387
564798
555228
117719
620986
9905
93150
506221
907288
130606
637389
669224
318648
576162
743677
475976
931082
382364
401485
134038
350497
542130
222118
555130
6356
829316
703045
844161
195281
964304
57555
182678
713793
756646
56382
32945
213327
973238
360271
559412
156994
876093
233976
36022
981187
610806
24608
977111
428914
983025
851075
129847
213763
136854
209213
902389
415884
277344
779003
738851
853951
547922
288251
240439
110443
353124
516116
346886
377590
653904
75330
778165
491484
164387
793913
718265
577104
582022
541902
412525
645361
317530
399134
845638
873914
943258
138546
65363
869345
509847
736028
855070
972659
697406
529158
73877
108782
557420
903055
480042
1835
782309
763114
510559
181934
765945
288924
648627
473613
812007
878216
301487
214753
854759
862935
504734
920152
950704
118141
160688
431042
283558
762028
570444
920305
810004
587948
525774
690281
908734
372257
38763
275505
582166
832217
205759
439293
657195
387181
721953
723593
681952
427216
770499
458811
291718
226912
968707
539791
952135
501689
491046
248553
569694
424522
873731
959865
692190
645632
500730
264681
946328
199788
804185
991106
642798
378083
867167
189336
388765
540482
657262
13092
428380
501749
631680
962594
274784
541898
670490
934702
358582
709393
916913
763053
822975
107974
550351
935764
232503
734730
410216
81205
714505
923015
669899
95994
176984
854427
76293
447709
835588
313132
925533
533954
572115
683466
178805
798398
970072
505833
297985
483465
646028
147579
335716
207180
278047
271767
733621
202883
134699
126782
44697
251842
653935
197022
555949
861310
758502
892909
492989
323512
445560
251882
485311
848644
534420
7853
370250
353122
943986
160327
324063
615427
620780
86980
251021
271866
601864
599745
871870
426229
924272
107643
85344
596827
489422
715757
218067
540285
155364
473645
137650
114359
363844
210484
575183
650725
353981
278918
460238
466401
312180
873084
362402
520445
44638
228565
828547
543174
197217
117197
374985
876457
529396
156599
618551
403673
721521
482988
640448
900583
894311
625077
794617
322007
974096
732054
107788
178573
303228
354102
609662
144273
244873
639182
335648
438787
782768
707225
752281
314651
240344
655001
252945
664029
520475
269168
44500
263051
563573
638068
961148
882538
304316
653646
504483
851166
879545
546872
973858
743317
810287
68319
735220
858369
371612
879436
547173
380177
591368
239119
54495
243050
198736
320042
413128
55752
752489
103667
634285
929092
696451
525809
790461
733057
291239
640141
284553
139539
945291
717452
738554
230207
275855
576996
669372
354189
699723
527722
719750
36394
223418
684564
283791
780285
348639
519666
547322
409617
290104
803681
817181
572988
787258
884438
891872
18364
662506
75336
66822
490076
505118
669734
196249
219096
899009
280854
281565
307755
386437
564194
544921
946692
522597
774658
685940
136221
483417
677084
73509
555752
311026
967529
703803
784278
482194
241727
863346
929712
575351
231887
237111
416089
72300
694301
432871
939270
762391
23647
730335
154642
917708
985895
472977
168123
112204
321992
829369
564211
923287
631622
538065
923199
121539
147099
685919
951716
82783
602860
123123
781585
652375
255105
641519
881466
954745
630241
386388
911359
419238
534628
788052
611387
851312
317268
154995
303055
311289
9155
986865
676050
165683
854144
648814
242646
599705
556028
284420
590409
415522
824379
688139
828967
562374
90486
364367
515380
664092
626848
233240
515382
962986
329215
589425
24918
550074
317024
180365
727430
957541
670835
237484
588478
209938
793419
939291
916085
656077
420447
356799
794050
262785
860538
152568
662138
295964
707254
68502
436195
592871
135371
68094
587878
745828
489731
823622
504535
528526
740354
759147
781
419674
305797
680051
481425
41237
77460
345500
857466
40966
972079
705646
440434
526085
70116
115393
505199
309621
883868
820813
717604
475216
259380
125489
969687
350007
814998
502266
301831
33258
575156
690017
976489
636198
685728
516999
785319
666129
607410
542963
112535
421305
176293
893087
524689
186146
832507
567115
809496
451052
962908
765037
697776
617024
21321
981402
626319
208030
198876
722192
899444
104633
750449
69879
424881
713507
6965
51343
782766
276173
180745
498596
348713
819153
280041
504062
94752
606539
14586
911635
4967
252106
846537
583321
831459
945238
842677
533487
636635
434815
591682
373125
851055
455147
536990
558760
209746
721752
71385
519621
927038
118815
682130
234493
679432
207431
972834
264818
688828
837097
241790
91178
396918
869479
378771
968396
463594
336784
484920
267329
735404
417064
575932
328786
754515
743362
80958
55868
607299
31863
909139
819179
764388
427132
839347
470553
22687
5681
571145
527212
632626
881071
502025
855933
223920
286184
314495
822936
268704
4885
284424
407694
310688
252015
445394
857601
764152
388868
532063
284254
620027
518403
346990
376444
668809
530531
132751
26357
145479
82820
364977
166885
502157
55895
346984
390258
108919
835262
444421
643055
723440
304571
580073
540981
916942
593903
107411
44732
636463
639772
636504
372748
569514
915119
464431
789423
727037
757552
271577
14802
776145
52209
637700
343837
778280
117553
339650
923245
455290
329628
230835
74277
452986
839730
51711
27553
758607
222506
916312
95795
401392
110980
898091
482045
380322
84455
521436
180929
324335
179335
106195
319865
323230
62163
777893
562015
399820
135531
834025
110951
560471
730796
315699
176128
648575
547845
963615
87357
91657
242967
362898
732590
121549
12723
899301
959043
864664
64518
776008
161177
29641
504529
226025
249666
540255
64020
128052
571659
917294
763216
372699
510565
603398
307919
542769
566639
654824
11168
916338
664681
421612
333013
73719
489090
44230
166772
634212
686713
119447
480886
409247
805934
371504
568756
101279
437689
442236
287951
536068
203919
251991
652249
472535
648906
356781
480538
911393
554240
193228
754249
111686
147611
317639
950891
709368
901991
749920
731305
751144
554764
376832
83975
824119
504735
270333
694192
702237
73125
830057
206644
358646
358280
874897
213248
103716
109955
197698
566440
32370
395280
311300
127508
591419
878826
344328
400901
705445
38503
31894
319270
302973
856131
903946
572409
648123
343091
84228
921993
677076
805240
342548
845537
325967
762715
304702
219342
785386
82102
622198
265147
625566
597089
376570
98604
786132
107069
935220
186114
177709
592232
554290
952067
442536
851784
517702
65002
691401
754887
90416
370544
335359
798382
34576
209347
382708
693730
661662
173717
409904
643296
462563
816964
809117
8807
122028
207674
991672
37924
436727
955241
727864
210321
268464
840027
413430
539646
256397
922553
231322
84509
156842
834907
370879
580056
628189
836571
182487
785929
835482
574746
614505
838499
810014
154693
472755
838039
984755
23033
554886
29864
534805
209705
231247
887443
622341
855584
714025
570406
79188
682548
685821
130356
566087
460313
11642
676715
839603
193117
502259
593245
168258
208537
647638
85374
748078
221495
382832
340819
717306
222168
256527
626382
301197
52645
460642
448501
541628
67370
238001
213393
209717
940658
216699
254108
251684
841706
684082
605536
374655
126388
509300
629408
431538
806263
621845
353276
434668
748512
504067
58888
486175
918699
299262
142930
764756
563938
965377
536773
476065
263142
615184
639312
481095
821239
213252
327955
964397
407754
25058
590614
604959
844793
147153
624561
32092
800002
531585
26766
378970
349160
119834
570343
401853
838015
241721
889023
604552
702428
580989
571294
958812
65149
880112
35490
885537
392264
924280
67385
602963
178160
239946
907810
119967
447678
738646
209659
692893
878793
285109
797379
791636
324379
922239
254908
702295
914811
982153
984686
608767
51817
555038
848450
747727
342735
229470
79172
91659
818318
783932
286055
502646
115939
557003
639010
228690
715979
929513
307488
397412
484332
500105
109627
510503
845270
149782
330941
570580
219504
670559
788140
54041
169615
662536
149503
487154
254906
713517
983307
430578
32110
887259
150847
186180
473441
438703
689239
796299
120511
845080
561082
700326
927924
861865
793750
243745
316321
22859
323811
385155
70246
713633
990296
182708
621065
264439
978931
206732
48694
363876
172871
431066
286490
934095
810101
783102
530359
375259
360133
816190
689798
857388
932865
627594
117955
399442
352360
773904
822796
397165
239070
67364
56959
494980
685881
838462
227946
224101
87636
647655
627850
368800
925979
200115
346452
181801
922438
38427
837275
584440
27988
123629
616677
950630
698431
228508
292303
582725
399116
966417
730962
244875
28863
676920
326286
342989
643115
576833
771353
980309
860903
937915
924403
50964
612851
759789
893469
224488
794009
322882
929762
530078
782745
622068
333025
374687
691114
772820
23252
509115
908617
837109
847378
812181
104997
399399
388467
724772
137537
96863
52380
141259
941775
252855
58599
458705
876204
39117
172337
892762
750051
457060
822562
719715
97763
515518
768705
44723
854791
380359
177462
239920
427018
287993
189019
573455
272051
197731
917256
951113
774879
349890
95417
643119
147441
809592
462772
739446
811477
382833
124456
704934
812052
939781
578353
8896
96862
595851
556389
365161
761241
670008
489075
108988
619746
154091
471655
551625
324839
261629
791052
701497
111139
841632
611754
256199
899249
343270
277774
961478
620175
530183
25754
302440
981314
52278
13632
49411
389619
581498
465101
173188
198698
824224
317166
826146
965320
740404
148851
455504
194406
900232
9046
365305
254444
653151
891543
488793
68759
743430
807830
805878
359013
968955
360388
148507
156001
680109
240689
331140
517699
149725
509822
794817
62088
628495
735298
609464
52538
89618
722535
353111
610330
880480
605929
394570
956364
612810
633120
143421
285224
786535
456115
34256
833210
835410
48291
654765
80586
664711
230000
17435
875607
339965
660009
183811
215561
57111
483916
502361
349835
2666
673767
113096
428141
850823
696594
407207
456284
105878
744451
489211
109954
297296
933234
399794
33226
216672
757818
982506
761554
340340
531621
697867
303554
689771
888545
299657
86975
888306
811652
810781
787546
924450
361708
399236
280515
984801
577229
584616
447442
744105
232885
268450
651913
699247
702821
558590
981614
751936
320058
645236
647925
508141
922138
207011
247017
786546
553365
486727
815620
550576
15420
225574
692653
739510
389037
600480
308175
237596
821898
679470
399262
706098
816946
484773
215743
716830
607899
290593
295652
532073
361550
753156
416701
194743
39989
308033
151342
335468
53332
42949
58350
974741
836901
385980
952609
35146
439275
760622
256084
685460
564617
416710
572119
974676
245141
78555
609598
448650
186774
317526
71984
551725
470657
89907
718462
449429
22757
645539
124231
134235
336570
184884
888040
241757
74368
675857
955228
924692
536050
403474
36543
822804
909785
376702
649932
778452
736623
22939
326509
560916
749879
384837
621323
40365
858582
19702
545193
128742
316411
502184
749974
671481
334728
386500
184865
521434
825921
369469
774173
365195
196550
981243
271868
71373
329307
440828
494943
81084
655553
322328
514432
95734
116061
644437
942014
498878
509556
336152
578921
119698
741598
34509
120672
876661
406694
874696
652406
66208
104420
326892
726941
487857
657523
884829
105329
13267
358159
311424
36361
29637
772136
562491
713196
388357
889867
68802
644666
123625
318875
298126
309980
280292
719445
655977
915623
627312
761200
398736
354329
375585
763371
923103
368753
91577
657784
201437
573491
504607
562505
909259
3332
595958
581954
978837
559151
873536
290201
577842
347392
112937
624025
836938
883876
664016
396990
178940
443103
956468
36928
812318
161345
224245
496081
482661
123764
591218
7065
277541
40076
931192
827411
429670
289328
374243
728677
885602
31668
481957
864481
333993
165022
985381
946902
161436
243214
288652
389793
948784
102516
767087
150011
497778
797361
311930
836376
913499
765092
106821
56
230266
25329
71917
945552
248726
401775
235387
932821
705251
228819
404730
964016
106977
247630
854835
859811
424519
283639
891821
708592
459189
593501
972063
111317
426896
841487
782262
251487
307748
851066
689656
93633
66067
124962
425696
729159
58616
892480
826386
351513
957244
628270
299764
365398
451218
575499
922255
808505
550191
238299
72444
785090
832644
222258
469512
845945
704123
34055
68758
884997
747463
114749
575773
707393
442025
903875
51755
612458
882057
476117
352675
693942
478236
401374
169068
480450
595467
235298
275880
891805
912752
960445
650851
169903
525270
387264
74594
793968
940977
694184
308459
868573
142001
289615
877975
370546
669367
851840
232938
557916
43335
32357
517450
708366
692923
467669
300149
842044
154829
520720
211654
352039
374717
954664
4716
847271
116965
500231
199348
673849
820776
563113
458390
336806
312986
621771
706618
92222
756444
423569
888270
346077
338348
7942
809525
369936
441863
12247
269702
883303
273460
30750
251943
728327
80033
606223
250959
48957
423340
767196
57315
533414
183076
726630
110432
542741
655347
888217
178508
230354
294565
961836
149601
587044
526577
764829
574801
595791
655908
714738
7143
284854
596216
746990
356193
534303
662623
69398
199087
967091
273493
951192
244816
496586
187020
215182
508494
337553
685391
386188
361239
813221
788225
678389
592543
442012
647295
46547
419527
314145
500277
739101
747282
348024
365608
65044
376010
877803
141665
292338
114432
813137
121526
518925
348315
636276
573620
334924
848876
944848
84927
745679
421434
519560
371369
299745
253111
509413
850877
66413
594341
984090
194370
878957
610927
295032
771775
175424
498207
257312
453310
335898
101778
231760
657134
658136
944914
660894
558181
389345
760125
880920
288498
427432
610060
454955
690845
207554
86011
14783
683888
669397
716102
365910
666927
798073
44564
418887
168338
92611
926149
515378
57748
242416
317700
852598
322872
530562
964431
151764
637677
838108
918465
369694
19842
755624
705428
976931
15825
388476
930209
881903
943250
820787
617398
108702
499839
495023
919802
818096
120664
571086
865898
182293
881230
545833
867959
633701
44442
28153
254527
931018
300691
3080
698538
706749
538455
883688
109568
847238
364767
170452
792394
167824
654341
642888
374
440128
260899
894185
705369
482964
304307
964737
889105
758514
488498
573354
768251
836006
884449
757119
228143
346895
192799
465373
87590
651572
525096
947847
89606
438466
641382
601447
22424
338333
762433
332009
390152
404396
855627
112480
299067
370226
976553
880604
106554
452044
742981
871387
207123
385498
505617
615228
397279
40787
50243
605826
595991
385781
974838
1429
984759
759739
17356
675303
601751
279545
474367
729365
884189
9559
668113
20534
309879
161565
76162
429789
919437
657996
950109
263582
125747
899186
950195
313336
281352
514350
127130
232266
279712
385894
212144
899373
461511
790672
246058
109915
482989
891710
569771
852694
560268
316934
800821
309564
188382
6842
293188
572304
440352
58745
674850
56266
587913
593405
546345
792548
735747
407467
268332
885538
359620
700162
928102
667961
392171
228711
201525
64356
903687
595162
140413
679043
558218
922533
499816
932661
15728
947513
33896
349590
565121
870006
967290
785038
255730
780557
9981
763317
839639
876119
900708
911315
63070
204194
386407
352343
676765
884288
475893
653532
226677
159887
319035
38439
6077
908810
415903
506707
362659
228713
726409
512363
308839
759572
646452
623612
697643
358205
907655
981830
935100
313692
364331
803717
101463
984430
426269
226821
511368
799603
731630
171892
263221
510788
304722
66483
199432
538103
142722
514401
122300
939453
848603
512397
735690
600917
619804
520169
457721
509798
588500
363163
166413
412052
381231
782735
20763
336880
991168
77200
205810
580598
69512
591874
36819
28668
864304
171409
730017
873815
935638
288716
568552
954908
771650
235149
511001
768917
758616
25434
357078
548363
109282
602295
952767
540528
84969
837721
939065
584879
321512
98972
643507
857651
879668
549967
42571
671826
400743
578271
911374
294932
531755
71069
861339
92221
417729
39711
367060
340182
952423
283372
683911
364252
443761
638854
670113
66421
62360
785165
198318
485870
4893
838119
811908
568000
125701
472635
637051
943885
228188
28511
360096
258703
932056
785578
843623
212704
32511
374831
942200
908189
114783
488759
794616
120061
645421
388583
730284
564200
810381
900949
431730
250321
910799
244473
96594
517611
459191
226257
163575
143710
168135
948405
280080
143394
284337
700461
829810
894846
874817
330764
94711
705248
395197
416544
693864
501559
345455
925689
451961
93936
343032
653944
720370
141262
845407
119336
18467
737668
379136
696752
261709
248136
975310
977144
703066
641937
964891
64515
753214
245711
587780
686092
759370
865511
388727
873777
399009
516560
140867
387769
138138
470866
269899
311359
485823
722585
54838
474334
360482
159131
444981
315211
476421
364673
318414
94127
239359
203163
583413
373978
639374
782277
972852
201878
879326
325935
278866
746436
371251
26960
58909
880301
506956
159516
694849
820486
698511
451292
327609
497834
348688
830177
117059
525187
485051
256480
401247
733097
777863
671459
615687
840182
419668
589547
989953
885532
618999
817191
594796
582718
484354
116211
666487
945874
499659
293515
223860
524345
467845
920853
990020
187574
442307
954726
572255
718651
229070
453414
452694
27773
437167
593386
310437
816916
736609
106779
965352
692373
251117
553406
778135
176528
32674
638755
288052
582990
175031
387062
720772
11477
589837
385643
885867
55769
804660
567204
310068
126842
390236
815163
425014
894453
227516
719713
610471
431866
506058
688879
7147
763226
756825
283079
956933
101978
653134
443973
11713
893365
990507
189640
593469
93448
170979
774153
350443
203489
268311
6288
459614
350276
367824
740832
344461
194159
239840
243922
580346
387531
777704
208428
81589
97542
479395
185929
162627
374238
432728
652543
919613
412998
481551
176733
290061
373426
966531
406979
844760
576738
54272
20224
802062
550720
975536
184337
669130
21350
663370
294849
292736
215848
821392
550918
477539
796260
851165
508734
815684
977183
148551
400128
836860
860862
875381
139825
306176
816368
197699
67322
722637
491906
370948
86170
617527
676208
293311
666378
262020
186989
364855
572011
699608
541244
659297
934017
720573
924429
564046
650422
592646
686462
574427
882702
473287
429613
317635
647458
311285
139087
366068
583096
913045
589470
730856
774440
407584
161555
51797
61842
227044
716025
468123
168075
127606
775166
984909
15717
131470
40146
894589
579480
901462
68290
772554
418630
705232
325971
251974
650607
255300
823696
773312
246311
657975
261541
870116
758404
973683
765968
773484
615527
465507
5713
625899
615219
234982
43925
764482
558558
680917
84347
149088
454728
492704
767960
631748
804981
354926
586789
385991
372111
583740
423575
840075
156304
58945
780136
688880
428417
317476
56376
293960
19076
755949
444194
542072
480198
491524
767875
494067
827955
114076
95953
180443
272492
278362
478688
949483
508622
37704
703072
942865
556599
511779
350870
868716
364705
262891
480059
9560
455149
945261
520720
526221
59741
656641
318901
740327
739087
316486
550080
551391
816344
141823
368840
833642
845383
360659
817060
789618
283787
562266
38761
856900
562258
270219
616454
817402
178269
536539
731967
219953
942663
385080
273312
365371
432082
549543
986824
94983
149533
484428
456979
219711
168790
703565
731595
103161
450296
90638
395052
582215
477849
523019
232687
732168
228521
568229
551917
328845
130695
682571
891164
633668
961887
752019
481732
315717
54979
853021
868813
958961
187693
988200
691396
407176
451696
211782
606625
359659
655494
251620
633901
777429
323201
622106
613035
541333
588010
371776
679101
614369
898872
706489
793523
721830
503916
884204
604886
300502
173721
511178
230799
414208
97764
204950
910745
490131
83162
504140
2802
980861
625136
624120
35132
288370
35254
759248
754343
974864
990740
859599
561430
652825
971373
514330
807529
803171
901288
590252
949902
782677
935852
949678
77749
260458
488404
179318
443356
25526
197790
167722
649121
20055
860704
30861
158740
526735
5238
413544
899283
956820
516527
568455
607930
416139
975130
208593
604846
851902
525180
320692
371704
659366
117875
701533
853833
882775
271656
714244
277041
488
761200
570944
617063
895168
495352
245278
44522
934076
540404
53373
20231
124794
483027
964695
850344
517030
700134
407122
506913
195364
121054
467704
854266
708033
710457
650886
547612
166313
39622
74918
50335
766445
39018
162083
33616
537691
419568
93093
876272
862831
378294
364869
632036
903443
532889
510561
414462
472249
936987
76592
98077
150725
256724
684808
685356
728805
537526
167952
496488
405375
474677
965197
71364
72216
345960
280913
358913
645506
327072
64966
122235
42069
214979
304381
221568
158076
132201
619249
694399
156725
696861
507331
275261
354563
162711
561923
213638
446418
592910
34073
761406
946356
859133
901266
641405
920466
207266
460817
18938
134899
449331
61958
791171
544613
7690
740960
320910
689722
694750
898160
744676
389998
290820
295809
615295
49774
709014
165617
929036
789281
608169
309226
147482
186788
886244
590165
717543
776128
468192
491691
749861
21164
32144
460003
324350
388936
593683
155407
73421
943032
190066
448213
805486
890202
41325
860858
58007
866533
433019
283708
31416
662860
353687
90390
494278
274352
583802
32256
988568
287655
837810
591334
141817
207916
273074
791004
73318
520505
296568
104890
622559
196865
565903
626442
959911
429379
912979
559569
349610
36257
407097
854479
540153
17916
537960
742692
629545
253337
310062
31809
979124
169515
915856
537907
469381
513410
177734
215392
947903
703200
134406
339069
461328
378778
637687
216987
550133
524817
464497
351608
708678
959633
191978
480717
576658
563677
88195
274208
309021
247315
585474
385999
802594
903486
457271
289735
870594
200759
293832
697523
516661
94212
650764
47331
359145
791103
592731
9460
133366
743911
828300
703082
462608
647049
585185
786871
694887
901019
855239
202312
99306
11217
610422
624071
606005
852600
346794
706050
248882
382821
809545
849101
530732
801209
691254
341417
910881
509619
523060
775322
719224
32105
760836
120987
370055
877625
501772
29927
114577
70461
434986
559099
306201
340313
279323
831148
79491
591921
545515
772669
728625
886562
971872
916161
240658
575425
314934
402095
97492
29986
596067
571067
397623
879067
792118
305252
7174
889808
869017
804448
592370
836050
314869
545511
572279
41873
497792
809655
315478
310462
473257
417034
58395
311495
976705
525522
453171
574507
529566
605046
808265
413884
829211
473283
616741
220435
669334
564670
714578
116906
226424
943723
803907
866128
558890
195438
555308
587626
917061
263345
916965
800753
407070
106063
705216
4783
581450
321174
593963
287385
12528
436939
555311
184698
989332
834585
176814
289256
349010
123493
330968
363227
393083
90627
220262
353491
114866
639610
921877
929436
281924
640907
600068
547263
211115
966382
335590
398735
812534
641449
932647
416608
96469
511857
306786
148149
843932
700395
111731
84614
78473
943824
43727
816379
793031
469165
145119
962157
727799
454213
348352
22071
91796
255801
735573
871485
118391
156196
558285
310657
560849
454012
512755
344368
391318
860186
29814
912942
553935
16235
385152
550217
275160
634161
175544
443149
311452
89713
163477
937251
382176
936201
494636
527141
910698
128967
849187
916388
130009
824558
728455
320010
196672
359896
475774
368151
595921
594272
336670
547574
794694
436446
867071
655463
429907
552035
170768
729285
293651
791936
807843
49433
442140
430150
419836
461426
375833
288242
189951
48166
526000
634281
59903
695853
277376
207634
231463
881978
51562
980480
600201
929561
21077
775301
634208
214946
258752
33110
831658
894523
554651
825018
818945
773970
117279
398444
490080
458015
881146
157786
138507
440301
344547
715749
312555
353364
348821
237897
752753
402052
751746
159471
291104
45393
22474
389217
670725
913784
538332
819318
121525
770914
420817
720352
379643
861471
979729
706742
300654
276210
477586
717807
11540
990221
630238
117927
581239
620421
924315
822399
134970
274001
395766
952549
484096
413545
180171
404797
186488
110279
79670
290687
929606
410115
675015
882498
71380
565650
475166
663639
960745
612412
640905
868989
513332
522003
370648
611629
811942
178231
765802
596038
175100
160524
800584
867189
680690
725988
850742
897653
201627
434093
748165
438509
574454
801571
717482
146261
783262
531578
506607
381214
466207
487298
809263
635794
247844
515359
46425
446057
721399
29825
988847
356289
100603
372958
228051
434891
275056
762424
850267
972187
459844
814566
353748
964279
103611
729883
523716
42965
831097
11423
695173
171292
338624
81412
9641
880485
54425
215023
446538
640421
73404
714045
713653
11630
254699
111360
376663
495096
951965
315259
211562
656033
771798
291285
130941
38903
220746
825509
389023
896582
843472
589536
820256
871639
388097
221596
302638
322889
349199
199678
537888
491729
601144
284202
683479
759074
200676
192106
788223
843094
106376
454906
282613
28961
705280
787695
661340
258459
48049
910523
363198
598219
221827
955071
258881
484817
991910
117939
40482
624431
358936
178575
696227
516983
832343
678668
34959
30851
269974
947423
872550
11027
256233
335558
409000
787263
549595
382526
395877
764178
866302
277123
180816
288878
71033
571137
342453
825900
157310
249054
927757
80394
889415
626903
445816
169627
366850
343839
648035
616747
264290
977947
460837
508819
860517
497530
83293
807367
728043
935892
57480
209408
36474
12756
558356
264638
118686
754723
191249
901494
305469
940800
53558
895069
469304
803841
183933
806618
785772
362125
648872
310790
952680
153941
590237
117539
602530
834219
907940
812489
138869
710949
676854
971863
901281
955705
301598
406641
725982
809061
947881
444044
88397
391144
214647
710261
504564
181703
772580
332861
657595
795475
48104
263658
92748
831502
816314
496359
769544
860908
846288
177706
84439
679977
742973
206204
74436
368678
299568
976770
835937
632828
206298
728966
233425
150603
749218
21584
956139
719146
702479
503669
955841
802469
497425
733327
712662
204010
138458
796456
650964
387104
327197
240855
673613
154147
8293
768367
536752
737241
125518
91935
21301
176366
907761
276584
226393
379009
594404
897421
813039
73864
774261
841434
462432
629476
849612
349198
753813
393239
475493
283778
663567
704750
122723
454536
768718
537255
791897
370202
598038
27729
171996
513112
649032
407002
199373
446832
42144
442427
116151
591704
8500
423504
501161
880300
64592
7668
412206
707614
378860
927567
97729
718750
309389
202416
139698
152437
698018
361065
328722
948849
940243
648035
667272
250248
629282
314586
772965
425154
614329
357459
481334
513369
806484
757001
413968
986854
326265
657855
158302
52738
272863
51673
289479
911750
674599
328992
730618
18735
662463
758934
706949
746971
351326
788014
366580
340621
604114
67346
119925
987829
970913
958875
135791
262186
682507
810226
898440
229328
515513
645220
645858
712349
392664
985677
849750
291275
305007
486092
772120
885248
867086
898649
821785
3469
963491
761631
672702
271599
884272
414778
718307
838017
715060
644657
811298
122682
422803
437375
957027
226621
30196
502772
386747
873568
405150
117451
810104
452038
329979
337932
898185
78228
980386
518696
963687
464201
31077
651771
616089
924308
831103
493033
528703
388872
380446
49620
517340
125127
535934
173350
487929
207682
189597
178414
214998
682128
703863
497018
230062
358723
888005
114253
912522
576896
457603
413543
522823
170110
902614
117002
875687
669807
440385
942676
657174
922738
688825
750571
477038
513211
71332
225202
22517
500064
493163
384152
105106
718545
297457
266839
531194
860158
610230
84193
686034
475350
472797
786809
470666
688761
571541
651333
474645
336815
7561
28885
317341
285732
724768
797642
16841
422602
964823
244373
809918
226539
282808
855699
542271
175148
938861
924990
583677
216049
799523
179866
481251
585551
430494
355997
807342
134760
296691
683181
415749
107514
871102
165783
954165
687653
859093
937230
74255
147543
452559
233665
372953
512642
3055
789536
862034
463701
252793
951662
269954
382092
803276
906920
890329
335128
552079
769704
459614
191750
668384
18302
887787
626193
243705
657878
315727
232935
412551
406960
51809
373277
6143
709054
786110
184164
618787
639005
873811
674486
935780
290024
159482
43864
272875
622552
318879
634077
202945
284583
790724
180030
674776
135694
978690
201240
521275
577743
101642
752253
732846
886592
976413
499060
475162
34190
417876
279945
644058
794699
264150
556842
420978
10931
478671
849740
927452
593035
343066
364772
52307
439559
497663
976916
950519
930317
142852
979865
679978
331825
29550
42680
6020
155961
923936
809355
863077
816824
743715
802296
723241
181939
506767
591621
947553
850873
29511
505380
173461
698865
948386
802435
654056
936118
251752
253615
246809
591889
79206
839232
368200
528265
375518
185386
792965
582383
179150
596996
887112
130434
47087
834815
199885
437025
670960
163601
668093
896714
541554
593435
263901
925813
774450
92193
761525
483298
265126
701503
228778
270213
312827
300824
772218
440552
462498
258099
135118
816004
974695
66552
909654
375297
762503
83635
310542
616672
879950
726096
341998
485713
337192
563091
375681
39807
699449
172370
264851
602300
342516
596574
147909
282177
136762
389451
123986
31881
343947
39080
161773
693707
740340
74862
368497
633126
860861
73997
423094
74226
92419
200399
266615
420895
444107
133707
909355
796663
335489
63446
613852
514167
687309
718713
544644
231028
438867
228334
437369
416507
720532
160071
646749
240562
312064
530373
79728
697579
978669
184996
619651
939730
613359
570357
982009
98144
12340
848315
301087
190393
136770
794591
638775
678388
787029
71545
820400
754049
408194
262959
783928
724539
388155
615639
12494
238262
473735
322423
966004
262181
941192
358418
394061
707103
117433
692328
221962
289673
837461
270122
93628
831292
124778
471745
660312
521449
657608
688032
749288
376161
28542
742168
816546
90930
865138
336716
839474
246828
370373
114354
463384
611672
906418
153257
455306
554192
507683
520314
741167
767790
204398
952725
559576
124102
818796
137618
130540
347103
955006
845632
44922
598480
112252
629818
567793
68286
599565
269877
419789
203955
589693
159637
503145
135793
36155
542609
172056
397071
516801
337686
335895
188652
566273
233302
57027
691379
580138
102128
303296
863660
261034
337108
89792
320946
900787
786739
217155
883835
340633
227168
43019
301004
474966
622217
716767
606255
603115
840161
57456
407886
310623
394701
325486
295985
683148
941611
41904
986038
845559
575617
676827
61647
12305
293468
845384
165544
918925
474812
615778
142853
675122
605827
534151
646155
451990
261680
409399
471199
890461
28418
548216
465088
73103
847130
81329
387122
559254
971268
352636
751963
700161
408882
325555
802795
559542
763050
252031
660873
833262
813006
166056
952464
456961
742902
910381
486603
283151
220657
942916
774225
779581
450191
198315
138245
755973
836465
176772
428452
558586
142779
183081
836494
369781
924781
654227
77521
213663
814927
988509
81806
923648
516811
652305
987408
892612
683026
402908
479839
254325
480807
661096
62662
239376
606019
599431
116846
129542
957016
806633
369535
778250
223219
955118
157984
125496
807555
402217
808482
750007
278916
326060
149223
565160
679593
356951
657353
729481
28472
918402
92594
869541
688193
630778
967278
897207
875970
25327
384450
706847
863165
376980
650008
776466
833065
193048
565043
559812
536067
228100
85340
402032
487051
877188
118168
443108
3784
719433
210789
631046
205806
960808
691817
498109
482418
653038
360282
923660
597015
954636
672757
107750
491462
419417
244287
498186
184735
246778
826408
372343
745577
290931
589820
690387
194245
21372
606477
776973
979700
127307
53440
338172
744026
344401
861871
637181
702399
883671
207938
304948
26978
90336
533385
908355
690685
242847
232725
755572
714574
941836
897452
706624
709675
508948
974086
21126
677848
154299
470809
843171
778436
503663
339815
716102
76192
597067
976032
702527
48826
666996
86775
103872
323464
25630
635438
904465
139190
606441
571576
935279
770903
770487
339775
316633
71043
295600
15219
957252
80882
724627
451706
713509
28663
176704
536934
76603
897789
444428
179802
849976
839390
248487
834784
317500
133294
710805
692938
912994
244387
890787
672406
680140
791342
370293
877974
770883
8822
877579
94788
525597
725524
491179
983288
672866
636869
486673
970359
693205
637305
498847
795652
66050
691742
517917
729916
623830
654458
893549
512466
433822
765040
143792
672225
558143
176437
153302
497125
36089
982390
838093
474049
440797
422736
881198
153544
31093
778120
12407
720575
940215
364886
986520
813068
904026
853070
663353
656250
895910
776760
894653
198865
323894
227354
444283
209955
1974
365385
105596
72265
533871
714800
227062
497357
618368
829194
119585
366350
512306
451169
403009
156712
97453
306685
180281
89575
607968
776895
790291
873609
974130
814947
601394
23121
90572
924047
155517
130202
144857
455937
395667
276213
219627
657575
196317
464361
430615
952987
2812
565842
888416
510541
458576
291886
58364
242549
596702
97977
984632
863450
980910
377508
847194
98269
876516
239204
960698
821644
603974
443038
676375
695365
795272
602766
177560
548761
914424
728052
958931
396973
318272
930835
253494
646965
892507
526544
147813
760599
202725
73556
513421
285836
43964
163451
166308
361588
539876
555771
701405
221120
237009
456612
545098
503640
989542
226885
984017
710510
498157
154344
147493
952880
565939
57049
30958
634377
352364
841394
849551
105478
298277
480433
860970
119150
288918
758018
872078
482562
67967
740153
235954
850360
752029
66511
216592
879130
871072
35843
627892
927227
671641
888909
884515
814382
247478
68639
791243
75480
506076
253858
827205
671373
101073
224866
407866
462438
703692
250170
488758
826981
772073
761795
928813
831459
815811
668320
842600
907287
181370
549569
290874
735301
460752
574478
702012
955676
105628
459251
243134
285511
385838
84965
100699
427047
299533
726002
644777
43932
710197
947036
136644
898153
375493
330024
747910
553471
912916
67738
414249
555317
821985
163270
626959
554397
776484
639980
727213
894883
244679
834242
258369
250442
353167
363024
909665
541803
854491
890742
759147
843922
429086
312340
215383
876814
108405
324788
50645
352128
91137
702280
375618
882791
104050
668939
517701
150659
3984
268590
169502
849546
113172
106507
405884
972203
207468
966210
669747
209174
576870
166582
671495
895772
145173
38004
464142
392893
86060
25995
48662
850819
251349
2717
368060
968566
897278
667035
221842
876182
754396
375204
251237
576435
808611
729106
762434
219881
820184
485217
556301
542507
644201
899745
805006
898000
31270
395514
621703
43903
950585
754223
547381
486850
118431
671910
613782
943297
916351
26388
133270
630166
495254
813529
901382
93833
706245
651252
121090
688449
525075
514519
805579
299351
272380
92957
710225
535689
64720
437056
977223
738152
754908
274198
424900
175206
12153
618688
137389
263886
476536
337509
725796
850960
898856
470153
910733
807534
755109
781906
405111
658188
428548
179812
335692
72084
210644
138832
80517
714782
623945
150807
687008
488026
20490
744270
906103
253312
730370
347414
908147
393012
818333
698472
443653
43013
636731
681737
413821
115141
671031
467059
720637
116610
66159
589540
191527
351232
277893
834748
489233
377556
674593
411426
570485
338757
564716
526077
405294
437402
367072
367156
111858
543184
12195
671597
209374
973088
764765
866894
294372
820149
928377
764628
784783
232796
58609
48017
190471
882889
548271
375143
224605
864829
734280
601525
888218
377832
604253
192070
706372
477807
352883
247700
648036
987191
182855
981705
594299
264505
767747
978734
908887
229480
839455
262826
953422
938146
560115
974028
508600
737215
214577
734792
418088
532843
596099
757000
878672
598063
597677
381725
366113
652080
444164
132671
136370
340582
974002
612686
37585
5992
665072
842632
263041
354762
324326
466508
791941
287610
692486
790210
118308
947482
957012
728192
757064
977582
954820
224064
182040
50816
814429
940471
946864
814528
885705
896828
601919
333693
181753
944636
57825
285071
852937
175301
784969
23507
793259
421487
590412
477688
293986
57631
120778
876471
19395
345855
51432
915021
204047
323970
123536
844274
7343
600580
613279
759593
282958
313438
471594
856566
632859
716876
91405
773533
257372
900580
785109
682650
716663
434120
123338
38301
296236
407011
951452
42219
883993
439506
979922
666948
32116
197694
601498
102666
377170
473237
276796
607836
11112
550674
621023
292941
372723
896558
215365
316652
676255
536346
709527
971247
316868
942335
847049
962951
91372
374292
18233
352695
218347
239342
452978
377796
465793
952015
50904
946898
708371
967368
892238
436608
824880
327363
115926
279155
812047
695774
622622
196490
289843
973048
431889
300145
570557
194349
270060
513127
39081
537621
863791
589728
956840
98781
122788
130137
122447
680188
610668
807726
754556
202179
918074
266500
47563
5754
280300
597200
809366
281085
87471
821322
534993
433102
418023
222096
66717
815043
207540
48369
480755
2109
212399
377409
99768
234723
986762
508029
780423
8409
716200
35707
40337
544946
76794
741324
333206
987676
856546
39581
130364
388224
108869
546542
296794
927567
302218
702063
364673
379538
649570
242379
307327
401890
936180
410220
916310
748772
930234
517069
634989
452846
832368
681684
938353
116411
769280
352212
515800
687837
274782
488668
10646
237430
353062
282400
318772
163629
442464
177341
875096
801000
357309
988862
748824
689263
153267
748987
205980
815076
299175
423098
385821
252776
397639
92998
541644
71209
93973
724887
383601
504634
729288
640017
221735
213919
440450
951556
613461
137101
525819
507802
22822
9791
467596
674960
869564
54790
591883
113971
527672
161373
696188
928522
350649
145375
156529
426816
215819
729179
992060
149649
198862
749465
445159
165744
699980
497418
445853
415105
952495
797564
380464
610589
443424
306574
680098
138404
62936
134596
913678
570166
46634
869007
643342
170167
898187
509008
610670
563301
51758
610510
125222
231794
266235
409812
678497
845537
289006
570890
174483
88175
141924
111963
334569
670405
285924
848511
589105
139756
234650
967910
136510
631599
884739
424869
365894
875242
308101
908964
181823
746218
55253
18643
785444
341507
705082
595543
966551
842483
433097
869488
597661
949991
319024
270253
714663
491417
292425
253068
159541
386813
326626
449499
851870
605115
24380
963776
402014
830100
220749
618814
790358
697204
431373
164059
107059
488321
757747
945921
987548
802548
129724
923867
546056
916702
749479
648551
888676
581057
28719
916491
911370
852341
957812
778281
952855
376805
285825
657118
657441
651331
207231
287801
403100
446906
9310
76819
942518
224895
48725
269243
496105
145437
559596
219546
253296
78809
686552
985273
681421
499068
583578
518603
96523
906901
620598
908223
33158
513164
542675
171983
417030
497637
374401
288727
709036
875844
455865
375005
777292
434291
160167
498301
263912
743320
445200
827340
909163
407237
329228
500602
412723
572723
652875
277367
93435
945808
558820
655199
803303
313097
592039
906023
595734
18361
36816
271334
183477
323817
101026
139792
623466
577852
967546
75721
135543
970120
791632
586344
68570
384916
3525
796356
395447
597015
396375
321530
469767
239142
726515
443012
266582
30701
549129
709602
884277
707430
496750
748081
554325
36825
720922
897908
973234
407402
285454
891807
383556
924699
537016
866748
795244
102592
923337
874349
739244
48064
255900
322356
47096
645437
563788
434672
919227
70847
389304
223741
886823
237955
120436
261741
416627
838348
488276
238689
805917
469084
531980
615288
719423
903361
805339
978723
643580
439880
507384
264920
772393
41594
597404
84442
653526
660467
101743
791303
510975
427179
430827
815607
238779
760845
207102
156459
547327
896017
219508
975246
484346
19246
652209
3167
931854
687036
45348
926973
681635
826991
815214
760039
702298
646364
359451
134261
398846
599908
408075
303624
460043
722098
871414
728203
545362
438507
969431
977640
764104
138996
373544
480003
127681
706837
166972
507586
139830
321278
320836
831109
71028
962864
829479
127351
333489
823739
837606
353250
109947
348649
215141
664937
421658
973048
568432
507359
983910
569388
11405
449104
188005
539293
824065
107953
126861
663473
698918
218877
621285
587717
368861
668621
625820
113149
393203
316513
471608
174004
266263
505115
418170
892533
683951
682477
191514
461251
484652
440255
362491
362032
467825
845948
397056
85874
504729
673185
361960
289947
751052
948117
144668
317801
282376
331512
868785
86166
748985
259921
942400
686000
469270
926992
166333
462702
389559
50212
286097
434136
654381
778979
633255
580465
332373
439796
384241
347792
65618
709563
318072
613579
298562
341636
586497
653750
141375
510953
648239
361703
985951
191917
732274
882759
812611
210742
620945
745085
743459
37570
741868
916726
405086
788697
556384
673206
159936
477288
445941
180768
16530
937078
684097
828306
420607
636789
332481
95546
843605
677614
257739
2574
383902
485901
148838
902911
269066
969441
449654
462565
447689
80843
289162
127209
746265
476128
794136
952224
666820
38518
481578
837364
565674
219088
555214
564352
682986
179471
694591
155328
151942
839164
391257
222245
25996
939056
493506
336399
461357
294238
129895
813471
815034
128406
461462
337126
971843
554057
539589
276753
168056
591163
743830
688335
596608
379674
359907
699984
540765
430109
669858
86855
975698
395042
774908
467129
662646
8787
960922
196067
46898
739430
858418
226519
201346
289218
658572
682623
155090
611085
280965
685396
952545
975927
569440
734005
310752
918994
423990
340388
276870
90250
9510
604269
805561
788048
14612
422966
575990
375322
674415
830814
132831
778285
69354
5705
866762
514270
272265
822264
823580
175382
899171
959625
406995
750196
677971
53989
728616
622935
16631
465938
978814
253938
481905
516325
934201
687079
171816
530287
665694
60642
285385
116772
476217
804511
916012
856203
791389
682004
966702
278263
163127
361439
608295
873310
744496
316589
395548
494391
476805
911789
944875
80337
343276
911307
590036
985417
485735
280095
191458
859564
199459
761748
558333
63496
483819
596018
948182
48989
116647
240845
213294
302203
792740
414023
161391
674196
802893
508714
941037
804954
225411
305730
19192
236998
475958
122120
293089
203493
727586
32449
945800
748427
253674
546995
137114
913540
775654
366578
404248
161747
165919
731185
364310
209645
639121
9913
201862
762941
879031
276235
531996
231593
227273
626279
123884
419252
875700
95774
583506
350648
992262
58964
420958
154428
613186
337065
344520
983589
889929
42384
682807
212749
148380
194024
468432
793118
953990
879847
333221
237309
373704
852240
772234
680983
368420
350733
240105
366257
265119
575759
692465
910560
620015
221951
303325
708519
466612
101671
891573
296997
269047
75138
931521
159424
84150
794075
467147
401291
803632
831164
190087
36237
162642
194737
706552
976918
86184
611295
91033
324233
490206
49554
225136
246066
549070
957220
237430
929134
77359
292216
329242
684595
347348
1141
988200
222417
545904
49258
893836
322847
618109
551021
660188
291947
754366
103450
126556
494184
984936
894660
843075
448203
922867
489369
716475
656527
398220
954944
745718
126939
458378
2553
990752
224015
697642
383754
436312
266975
208774
687207
22334
71104
899338
950526
216686
378995
645496
145653
187161
231022
867124
532577
509659
395768
930144
951362
326745
501869
602563
664925
385494
667183
467139
445635
387934
406436
404311
909679
305065
326987
743544
13282
717887
356574
741498
10519
262761
726306
269934
989846
931641
977193
393838
126471
810174
381484
333222
911950
415348
941669
7398
526488
513632
95656
507529
148714
595507
212543
402326
951345
876289
868019
469248
381112
228950
704236
110883
830591
232233
982831
295893
733139
342530
593359
171462
316767
332089
263935
903941
311304
954820
604931
6656
513212
829690
257389
505620
749755
256075
874859
94710
421008
261857
240402
496807
620864
739391
508538
970894
783945
138261
883613
784946
345734
540142
927659
322735
598689
134443
426618
520677
14958
3397
709326
260923
684863
408739
417646
698650
860092
877618
566295
473717
664230
302026
347019
937710
239176
930202
595250
171727
50022
541892
319830
387705
759105
705052
706118
16314
796177
452461
782623
1745
266560
480335
247575
880645
918787
818953
351919
779037
584620
703610
191358
785493
758578
981237
446529
638812
114269
957440
966622
53312
17519
536615
67155
409274
726938
846766
467550
110668
509452
614983
406389
816814
559482
773819
980464
536831
575850
196501
847251
390441
803977
844380
640723
966640
539137
304230
505508
310616
588696
391543
914529
272145
816704
753269
889974
75041
216390
575305
511520
70522
287718
644172
167887
836664
191008
476552
54761
18595
563453
268714
202447
478245
52464
565237
212659
318650
807968
79890
99730
3652
798712
201596
704656
13307
132989
251426
774609
214955
331195
392750
412892
216660
59519
419820
744148
627895
17348
446550
492305
771030
915814
63385
210726
741531
461390
938065
71496
911514
927793
231651
827508
943492
328557
748984
88193
762044
344990
293994
329807
171385
576981
919134
476408
468366
652632
537598
370301
383597
1329
683745
450799
363005
69413
32191
433090
830051
719682
598320
835737
520873
2408
185097
191610
182079
528810
739688
613967
278501
300886
436790
205897
219587
245166
492632
655933
104754
688470
813092
915149
142607
421128
415827
174810
624758
885092
291421
982315
173818
902790
54797
380483
1160
241268
451917
28652
498982
838291
490714
323528
426663
218629
93692
730162
234445
815243
623646
435772
440643
268778
862572
808578
135443
424326
743269
809884
604848
948836
203229
682832
58494
425077
949284
413761
557440
902914
816673
948215
234942
879115
754479
419090
386945
472555
805724
97943
662402
360541
715407
414331
747378
632256
524203
410449
468135
132563
604988
92232
97809
506006
63157
981541
595968
634945
131147
564650
143698
790713
434997
665435
406931
367992
860007
287949
895493
177185
315848
574410
175934
654263
830501
334368
288650
261056
720025
948348
450461
851496
49386
54745
175743
832361
29688
136393
265968
957882
405488
477670
512994
62845
233885
843581
633153
739806
510010
17515
463595
208632
166518
743286
574204
917653
840226
168146
974072
21907
877031
384268
172824
202779
433319
878936
473236
869358
834212
142276
50836
925992
505420
879883
751126
919288
69832
145309
537175
365512
453717
729305
818713
516215
467614
312230
596091
835767
991931
514747
801459
945660
447007
10247
763599
185942
815968
127117
760875
824140
203436
613890
454100
480584
888462
903905
19554
103423
859627
533925
7051
584682
340174
495127
133979
743425
647403
126756
31166
160333
825946
56047
893437
967194
609243
488164
893235
281365
673011
632131
333266
868672
320717
93837
529830
785119
443261
566388
606993
745029
143661
218658
284664
793507
638503
402139
672893
910453
71424
381164
760567
473488
376369
224545
20981
60861
836764
860319
18955
180634
124047
449480
108469
879641
837561
982389
852835
77318
610521
820682
687417
13089
429422
278224
840735
277251
591918
245083
918442
146391
472770
406120
682342
46435
717406
793967
186636
808338
107831
236587
127175
721526
685202
706379
657787
957827
396223
299502
130235
454944
805656
208550
879736
772841
741170
190178
195713
263914
931723
606671
4908
445915
578356
808278
731221
679839
260348
790623
109431
337024
823153
788600
311655
127607
63656
192137
654829
728883
751404
85127
207273
160643
82135
845897
490553
129586
874018
441336
200689
910460
203602
287810
194478
708912
557342
437138
777719
564406
667012
719206
671791
83751
432592
387813
910777
753315
358183
88198
302428
932528
687491
818871
253317
512723
484596
720416
333103
550143
973685
977578
498748
294470
369747
866010
130648
188235
792267
82321
719209
780103
91766
218882
990816
45539
895184
122227
637826
313802
627444
330509
517809
866475
580800
466097
437095
792814
708494
36622
302161
537181
969839
340674
747759
250938
237952
127509
187120
711862
471977
86770
557302
153530
473511
393003
406829
250460
540823
275026
591524
89483
779822
900970
474518
860955
127323
406781
365095
727920
169351
834121
208274
528275
30977
594755
488144
608208
973359
468774
518231
498707
89075
267106
918209
150811
107247
538719
937185
645629
165400
628301
885257
616544
353213
578949
50278
281724
688315
444375
593058
834759
937169
71842
674069
722718
116978
327860
27418
580324
167648
245102
58724
890897
116963
351387
234115
716659
861804
76396
637151
582798
528081
133514
68710
611186
920356
257450
179082
418877
497966
675678
976657
901412
466231
417512
609309
126056
642138
354378
186588
523431
123902
24982
492977
825229
371468
657077
15367
77809
531998
84055
919999
889591
501463
663922
978232
526949
825639
406733
493788
468000
959796
221876
343395
710180
71168
148585
375164
454489
309225
206438
494116
851472
449558
638695
93090
253361
756136
547974
341244
494786
510210
139635
646413
295548
722658
104012
802158
298862
943996
347171
516533
382478
848489
279601
280428
619518
621550
643792
910543
361421
215837
100817
507672
366685
268844
264420
178272
442249
702742
8589
282949
19023
716000
951888
648691
387670
291247
445746
626518
687609
841485
910764
8730
523979
67408
900592
455373
717907
953760
891862
783034
880530
170500
449793
825477
683186
326646
579036
234189
426252
442182
881506
134155
863273
282103
832151
141475
513248
847725
22011
235834
649879
179438
329137
775188
328072
142158
726319
23905
271570
194381
475580
224328
558839
258400
442136
271877
23157
357538
90306
49220
691154
194278
615067
690915
37914
322123
431281
915218
314595
474057
184164
47450
487232
83696
534669
934110
32597
50953
123256
730976
452093
308747
951785
617954
317334
877382
127957
283267
398301
423443
351386
820766
269645
704488
945997
275695
379820
111840
714337
340750
249736
837983
175798
433259
884999
704645
467410
324625
799610
617521
796700
213833
67526
759682
612046
669339
173220
531455
467349
202019
338605
369061
114456
448181
782961
981220
771869
453741
938396
430095
267330
458720
629288
727359
991495
674922
146693
36619
339544
566517
217047
808409
255478
39291
273710
246696
6420
106440
99151
111110
638795
39916
642354
667057
384194
691018
507426
184247
203972
736769
927935
143088
79058
718754
861171
749124
922123
713241
573821
627288
826988
11535
563373
729922
171123
144239
730876
563672
34262
425094
190531
665654
790493
736038
196574
176693
711654
777472
837773
988914
677301
605472
281260
333091
983072
740577
236861
645194
558781
891561
637742
745428
366408
8328
190524
497920
261026
396322
726016
852158
631411
268263
570336
427882
711299
191505
389932
446005
640013
496047
234912
69672
329958
448732
903912
170961
675492
326101
658142
525144
379889
734389
664889
496721
182172
686773
368482
422996
94731
849078
908407
882507
655776
334477
251972
444391
456052
716472
301384
559172
142878
490717
770433
137122
865149
853602
854820
39787
422939
450110
650718
549039
493405
671596
387477
483333
896120
244479
487896
869596
284564
353013
321644
397264
69766
557099
369502
141597
76947
955959
176317
863218
352950
825773
361854
750094
88426
419421
843107
338917
829085
701219
311996
803162
716488
513288
914163
169616
517338
826159
703765
509409
189817
252990
800995
387396
550377
10428
794112
258041
665174
419669
869339
97186
891412
747776
211924
50595
727237
803258
387537
184458
295545
21205
678819
427567
325507
749756
386168
781235
400390
765783
916156
157866
379397
447353
248008
736690
927790
787316
303142
332834
452992
229554
958491
890766
431035
895287
141703
541850
108503
323807
278207
720100
802478
157814
964717
583928
336974
334921
513224
527107
22421
539127
566667
86604
240755
247446
574063
135516
575726
511369
445847
216949
879638
207151
199779
356751
402545
814262
538512
284648
687792
644131
409906
416167
847144
652739
766143
810443
581909
969928
856005
864810
448189
907622
515934
800092
419261
935996
828961
755345
340859
361373
277466
780639
580418
114152
183161
573710
841006
774354
184552
648088
389524
300812
658392
522516
621932
365270
289125
143340
11523
985847
226534
963954
43530
320196
403991
909760
982010
403489
644266
94765
176118
466214
353785
907178
583245
624097
508375
752104
45594
189535
533999
873705
950054
772381
378964
97333
47301
630531
571238
338093
51249
621239
693893
960877
174717
844272
503704
801239
346166
287643
272791
639348
57325
942747
250102
833589
936833
937594
894997
598642
753356
755648
752540
254717
440474
895612
443328
261741
619215
771828
72228
684043
226914
856860
856190
605831
977936
322940
501749
886213
342803
499404
116178
676204
889066
677371
35512
54627
864361
401808
448717
50753
274759
521117
833798
353991
306111
573294
942353
47878
913010
228802
387848
826471
233258
379122
938476
908360
689424
824474
654317
577810
746293
281576
622856
561757
959814
165594
89866
152211
484532
852489
342570
67815
908855
629984
467577
405900
488424
906025
675882
434280
146828
425577
507805
295129
421873
84280
950152
206705
881008
464117
855145
166627
914996
367017
706840
181838
756621
919072
42300
802701
695557
648305
773125
152899
599426
106132
906799
685808
839409
60468
901232
510356
186046
499661
893335
293773
655338
510598
326257
488632
538596
337777
43676
976086
121168
691217
333430
258239
45190
524134
442737
285697
635974
279272
587160
257542
455246
298983
69131
536278
787358
467848
601458
159352
102754
400209
432123
305298
74235
804836
960995
818380
933643
304440
786735
213738
143533
455782
705365
524830
732393
400959
387189
632617
281212
699576
919676
341350
518643
603246
925067
136025
922349
228428
92403
391340
503625
947386
904743
361632
395384
455297
566108
596393
873174
618425
307000
696038
564687
168729
620613
5908
736466
242199
689715
983008
712211
278068
423880
591017
866181
647099
947175
100558
788285
416472
411796
385477
198697
347899
636500
432827
615208
371571
150844
126718
182765
484076
434934
344220
913968
352445
18606
561429
342920
329779
123680
927223
725716
707070
877948
725589
907995
202442
265219
282396
457048
42696
779129
180717
41637
164748
153950
736725
198193
453373
597413
806802
958121
103652
167044
922907
584170
839574
548585
418832
72671
78997
960480
277082
746225
200152
71547
798498
290235
65397
472662
189541
982842
331649
156491
680945
766247
92176
257614
460182
171508
384009
860089
773534
254157
833514
946659
559286
192846
751993
829672
198059
512326
831927
960627
451823
342697
26146
580176
25574
452773
930015
990423
750658
764535
832611
901086
375960
100291
816927
172367
33741
744061
517311
255861
778784
412412
892969
227467
788921
237606
379473
271394
294873
790183
802446
71971
720209
311749
81987
115926
833580
104272
761346
829346
982370
915324
774841
521454
253869
975027
974667
956300
55956
173473
467542
441276
712309
432605
911019
860789
898767
663393
161405
410376
460356
399257
74633
562432
708726
379561
686973
412556
333297
92574
777365
713542
313183
519635
762978
34985
710465
219871
340649
830402
371205
377362
132953
248651
625608
674203
595597
184816
536786
252895
686602
689053
172777
55278
990262
730627
813861
192576
839661
830146
297476
562473
176707
742041
361117
90673
59515
472663
338221
337080
67685
724135
162020
697726
967124
915327
470216
767013
800781
306294
225578
374156
777948
147536
300484
281883
827562
420058
158275
473798
873039
582654
916812
673828
636786
201626
213009
251106
748984
957742
360935
177400
973017
251530
150235
931401
909848
439720
292154
170693
120087
838226
174324
179125
141333
75053
45357
97473
29752
220158
651632
819571
137558
294581
710144
388637
821385
622140
599898
77687
92229
845656
518014
300199
238093
479937
849067
811151
414845
916140
539731
361273
559910
361699
452762
287119
157457
820686
753469
791867
241633
294230
923854
711349
537993
307163
106935
562451
207542
379470
163496
168660
410638
784924
425597
226212
664148
843597
843844
140435
767139
84183
433984
608001
987759
108914
990211
407417
853845
323052
655224
875605
726908
891989
869941
853747
390584
94475
736421
376123
348341
423155
41766
12138
425100
421605
518581
256934
422055
648437
212092
138082
989072
962190
783250
964289
71065
989940
212502
486163
659150
585259
137355
138917
248222
667167
110513
628869
192931
451961
295523
452340
884470
987450
472475
59971
149582
559329
550568
873758
853883
622896
288216
90450
748222
854920
306333
604001
873837
363958
237358
397597
913953
472479
607973
311065
375199
175595
627341
881813
749712
244643
171725
723671
215126
800090
195791
17866
319060
549189
590845
230601
551489
939800
462651
969468
591674
222172
975305
200058
821499
735170
435186
232683
350155
611326
693777
153248
679363
892049
862666
691495
400530
850648
571176
498301
458289
766591
230221
837402
940587
176356
201842
450451
134798
608774
258916
172314
960289
456200
400343
187894
213888
471962
840089
319233
245743
501668
598165
733115
944370
620142
666654
604769
297291
581500
459494
612056
186127
188494
168222
341488
418243
97658
894683
808279
37903
80616
749446
259211
872004
449470
645630
922227
519660
920416
756607
417582
419789
758564
754688
951966
105557
894992
481820
218124
288332
160645
618888
251629
762452
17194
474086
809794
145520
603003
24335
708244
934901
626037
79394
288698
696888
327036
452282
489830
918634
882388
651640
482851
3806
809445
755424
273189
425681
552298
179891
987623
49471
829197
354487
574410
528810
949269
780470
615780
639052
101431
493392
681691
641390
807189
365886
646591
255764
525123
202398
793255
318486
557560
667154
511356
503991
566888
415384
199649
197861
517279
955722
285713
343018
561357
452220
877084
248149
253762
876702
529236
916137
144811
326952
61418
670253
495580
21589
739796
126419
709624
196114
221204
976527
875823
539553
863554
944116
802416
439001
721543
260788
829017
166719
830808
308402
117750
304196
639898
812571
830116
312942
317349
737802
549634
540443
802157
508138
483993
909574
103959
113135
425751
950017
213784
141441
94402
252095
637701
84967
940632
305452
125891
989729
964589
72709
381340
222256
940421
295967
806159
823123
258326
239303
906721
258032
718708
483415
15918
76593
519664
239643
504192
214738
788014
634908
278255
905485
247869
121213
83611
177046
687404
339316
61044
708057
533710
501900
911072
18067
629184
366284
436260
62466
167000
329630
660192
881415
590796
60944
315843
815679
557909
915786
513309
933474
468190
868699
460206
39241
489343
857192
154892
865672
241161
957479
312740
256316
171325
963210
749560
936680
150729
495053
974443
808523
906522
371530
176830
839965
597840
836630
520065
694083
908320
261832
562394
408997
817634
756485
372202
857102
931948
213120
844683
574018
57609
866632
227205
516866
64898
580012
205362
664710
399042
652291
90253
286848
464130
869222
658067
437402
350308
5954
619666
772443
962181
30473
474489
477786
155647
153849
922071
451766
412941
196271
329668
875404
473187
654362
861606
676222
97694
241814
886044
847167
31870
613671
617194
457892
228912
358655
436563
275956
467926
433620
378477
335135
842760
470028
121975
938007
932394
667034
508481
979445
412508
765218
297401
905651
195547
769548
877869
747580
450192
221382
929442
448281
959895
743517
36103
631211
945903
456636
118575
516710
488556
746815
345730
855837
337596
521665
543067
248376
484061
146196
176799
370845
446997
336529
380240
811938
324370
265180
196007
509345
756472
891501
419135
886954
816758
540340
766182
535838
243211
301185
576788
983829
94635
370765
294591
330268
96659
535540
863238
97389
19430
579799
898620
902727
584892
365365
923746
842310
832054
426706
392845
644740
735757
957290
550862
349949
823962
405612
352549
809212
843384
964358
145636
884561
914793
668683
43632
30870
205551
61194
845667
52186
310246
737941
469282
344826
132919
115723
254898
653973
545891
46544
601379
292310
130583
982457
185171
68518
359781
623322
797375
78221
24970
409669
449227
856873
430819
804754
579332
841207
91700
509445
115984
294892
862450
857949
190741
820662
628503
209450
537993
357341
747456
544832
95447
428291
758108
632849
284920
138197
32210
261889
822466
371518
242698
500883
466651
551936
519454
737588
840646
732413
659989
698057
616515
19996
591769
220865
188453
651611
509931
312253
966313
357018
555861
907588
952455
17702
160906
943238
962538
704811
62062
732342
337470
676351
485992
577487
749536
438776
162592
472667
695243
36036
79803
715184
933634
38652
320849
143795
478218
752793
808682
476629
118889
916631
443943
341411
74146
252182
636575
838792
418564
389548
696612
577717
515693
351723
268677
565081
567321
535179
188924
491562
838832
209230
971404
782688
108652
21013
470657
621708
194339
909548
619787
767313
290690
128533
60670
846025
84297
252256
151569
939635
171243
965138
846785
391480
368641
602398
377838
963305
210508
324884
273527
756555
114177
61983
721021
578331
682503
213631
728903
79381
980817
687694
918309
518178
128290
400553
503555
275993
319391
769099
181141
81937
647973
678776
520648
582109
349089
606036
314425
200679
857125
127254
731035
122795
491026
895590
24339
512590
129714
365560
396767
462872
834212
807060
950349
521930
507687
705202
987749
378010
125172
635431
934723
43702
931934
521607
423487
514551
448615
434596
44397
843939
44446
222074
660023
657258
151644
336528
838664
440637
394183
645019
36154
647499
424119
630949
840745
220341
978876
126692
557002
834074
599769
54456
253062
610204
986409
271347
915455
486310
286340
818518
303446
143530
809370
517399
753350
490372
952734
563211
616958
235849
4079
485350
168021
254622
381742
636561
887029
493537
570339
611669
546631
750748
850835
473431
504779
537451
968580
662120
297922
164974
505539
78215
284956
202088
137816
57455
681152
572928
472687
82229
795657
122751
597231
492662
182931
240764
266579
737597
813468
466348
465510
594869
39196
355211
107385
281323
890303
279945
74505
761238
188009
6915
737237
882754
64863
136145
254189
110055
427830
577598
366768
873126
742925
471508
878525
238057
221373
321360
208817
187404
916694
878174
118621
758439
739827
426395
903258
352197
146875
427266
388625
168465
272886
183535
208143
837799
642205
768075
831289
736349
103392
489404
791750
262944
813227
355571
881012
87456
50905
60889
507795
925897
72458
240602
307779
837784
200701
197752
853688
606827
172451
581297
151689
678485
670085
633752
482212
154692
13886
20495
705783
911250
822264
154029
655768
775548
94869
166974
541677
615662
946735
918729
914130
92023
689906
720467
379256
337457
107735
373141
22954
682059
499418
74354
278038
36960
229040
225606
154059
156679
319394
839477
234492
671587
542412
369497
623598
328453
381594
239485
283811
161518
66231
123084
476223
929719
604844
885680
747170
327242
430319
937991
477312
660263
458974
472076
329818
627507
492973
694529
715422
226868
841354
394911
910438
284074
367484
636653
587711
226924
731882
244807
910601
689654
234560
518375
493883
306368
950638
807636
185624
572889
315091
333506
725194
852117
105096
318141
43055
541678
256704
21863
76855
183424
63010
570795
258117
38273
768719
776525
839304
882098
688830
676913
868368
537931
689585
847061
101551
544265
358658
373756
753553
55936
873252
368978
299006
31069
949860
931078
659159
4622
152349
751755
422332
740288
457567
260512
533454
483714
4524
688369
152912
254794
958706
784306
988451
986953
289032
535127
709239
789452
439577
639769
760912
297887
856480
453680
409281
527286
776586
763139
240062
291555
856503
280367
75362
75793
757634
881372
843738
613906
901873
553132
461314
154674
198418
943026
296413
916170
255416
524118
790701
86249
526768
192045
439481
94603
812902
550448
259933
337880
126077
101153
954376
30956
90603
685127
94466
237772
827151
203256
451633
126758
908638
488603
657000
473674
319743
180924
119645
184280
42937
457932
480632
907013
294803
860324
240491
573004
208920
393382
713303
171724
439097
689454
894508
971765
110045
677428
251566
895878
208185
263761
838593
332916
799852
892007
974025
328460
153975
959903
91587
90974
504512
563555
484930
317733
144255
159746
257647
454449
32983
419178
941963
650111
145434
854518
272887
458128
529885
257577
507689
410070
651639
205839
494667
176950
829666
726551
658730
583147
482675
660671
200005
724616
522656
654837
516945
488473
298059
332058
343845
106801
722262
72992
223545
718928
270874
493673
678098
585384
595999
300659
311864
336443
428892
655823
863867
211690
90647
280976
920254
654063
963184
294402
81228
71185
746729
352957
737539
134523
108390
924037
770389
384010
9901
324505
140994
796258
523674
978885
626641
832727
446868
261751
336070
790630
103623
71554
345093
461153
920026
614882
163463
727415
10019
385609
32770
913959
891080
473389
184292
357307
976163
906930
441721
935900
127473
925198
266952
95671
704829
528732
441334
980496
131035
226482
109884
77160
185497
801315
236267
643393
624698
969295
755266
835949
435947
106243
342217
617936
374613
375613
42090
402774
303842
786125
976992
988433
644660
78392
148735
857063
950402
708016
989037
864276
953768
628714
491323
450931
557710
336099
769243
10333
44706
577324
590088
284110
213082
114534
416690
929956
281877
494787
903961
211093
724910
931552
3483
263356
853044
765937
478686
745898
467371
453523
451595
151516
738635
789269
674320
176949
425321
295859
991983
73537
94168
490385
209070
340158
889728
169652
611944
751666
361461
903177
929613
122151
370721
528825
302939
609966
934388
789040
255245
794107
939093
813998
359291
97966
442820
68592
299068
625350
255861
822426
215631
884760
657006
565817
177819
77538
288097
216809
484898
811072
304319
446060
618762
450267
942272
335153
484666
948296
490566
12431
943287
579692
478978
947288
404113
448717
583420
205233
896893
141351
166770
407598
566761
800573
931864
673994
164517
26150
115696
940859
591630
16025
984452
602917
664835
703166
126603
853508
566765
521856
778335
538611
893318
336861
720490
240086
893343
556037
623272
258103
970114
540121
360343
42556
691460
866918
863035
375968
325060
343710
437728
746549
132415
557134
560941
158983
374344
19509
677143
382429
675230
255351
50780
799632
310091
575277
384285
274710
899068
394197
428606
291812
532783
411304
567727
294061
363757
610011
499161
235026
847945
768314
857330
981754
380469
401730
711003
106423
856454
936626
348114
90459
578262
444762
342709
225075
285063
846940
840254
265151
713845
533153
944888
231080
333277
56877
204012
986561
766624
957715
669741
490868
740017
27555
697687
981556
510942
738876
699071
577688
62308
657917
624204
494038
783551
361150
891781
20128
551203
470516
626948
933565
845378
341496
21489
790782
183732
440694
683427
859138
235878
459779
3494
502442
712823
421829
524746
679196
919482
820596
344204
786636
644795
289957
588447
548455
617230
907042
152300
945991
293363
761330
592485
376321
117350
563183
53572
403255
53608
430488
642556
626849
196645
161259
803922
192089
260093
237534
421897
158733
81542
285496
210506
230892
919283
316489
697555
778935
703030
913411
465067
222809
765947
973763
528761
930793
539788
736884
799523
921921
150926
33540
832619
523676
953266
436291
244337
192331
817471
307227
539904
223174
29833
274412
947776
547543
393616
19250
661567
438271
415345
819960
857744
883274
690138
17597
163340
355010
358441
534278
619484
975700
675920
61836
190450
181888
51135
817735
211254
239183
433059
91231
50652
395062
203204
583066
372296
814922
518022
506198
594717
441278
778688
156332
61962
223774
36010
358131
615639
546602
272918
824513
535435
62974
653272
87955
200821
284266
817269
584867
776501
79876
545957
774256
355524
251402
596314
490183
894372
144343
213798
696507
663452
597839
263143
228483
838550
975952
942101
362867
633436
692202
905037
354980
789527
354610
127484
737475
417402
354747
461634
382106
136314
199584
616387
636042
255688
390838
74963
895518
299138
233866
41540
396426
534841
566034
619954
688588
719774
722172
945328
753703
361638
58762
844110
146145
265039
419104
688606
114748
847612
283330
255206
349112
576177
786938
69774
873810
784421
255635
504600
439733
702052
322811
217458
39067
37150
741392
631631
744026
71576
300797
519920
119254
194740
490760
955361
766571
325705
932279
412631
517849
366564
403962
181349
151783
458417
394057
928186
845018
657921
229029
268550
885079
115359
819118
571560
323047
253301
364423
620543
322191
718289
275074
190261
557574
627114
855250
491689
665222
221682
103684
680762
738275
269304
722895
434438
491574
338526
790861
317087
112342
803429
28683
596054
601834
251167
930956
583420
513048
475984
413321
198092
531916
211463
519073
470416
307825
260329
21458
131012
342985
345466
66508
887942
958184
195061
116356
954675
244497
782653
890291
36948
930396
691152
172668
559534
669714
715750
187923
149346
862054
70318
425820
442082
894999
276033
308821
750410
792747
700149
210137
587534
695783
93234
638802
864113
163067
721329
485467
395796
197762
79116
374240
702102
585529
910425
199492
806712
741908
34921
816569
641031
341721
124781
402870
172305
378018
127819
493153
399051
948906
936169
520144
595088
463246
168590
102142
529590
934969
333003
668633
557555
674558
50776
961491
283726
92810
104910
282977
848718
812166
790457
636529
327078
913826
417906
246403
251132
662011
535878
455229
889730
586453
851508
792350
365547
937951
152301
802825
333015
69492
988068
224436
762139
251161
703033
886676
491925
201888
875881
509674
849035
236985
310351
612181
586869
961012
491697
301125
105928
2468
857700
176539
703691
559968
210480
932479
205112
18958
20927
860357
189438
296753
303988
538406
954680
86177
615527
651847
161143
107364
721405
793941
297062
417482
891863
948563
50071
276707
683859
207913
74425
624142
721265
196277
695364
883121
121377
639100
848848
559997
632705
424672
219289
971122
954280
392403
917727
862290
885422
653731
462159
119883
720357
531597
129405
205875
135254
976486
753997
433086
635582
706925
138774
225727
864614
127058
505886
439164
678249
642050
912741
2422
832195
175951
810132
409761
540127
98779
107992
570587
645314
579425
372889
41302
445080
606241
268528
781636
443235
320488
99014
971233
777731
69367
739905
633261
407865
782139
726924
815376
860261
984752
547630
199006
75816
664839
717669
381631
62754
288445
639365
863068
141008
790339
278237
566426
30173
770352
857116
544689
246509
979228
83947
481736
129508
527321
718267
614507
95667
542390
372046
266204
493897
485290
345149
411532
602659
211923
92440
745021
976094
10688
180491
621853
802892
818297
918954
458070
240738
778276
208528
981369
796495
710261
496227
123289
59879
397833
78295
494383
278046
791192
769181
923070
935845
987930
330317
96430
706451
628157
347088
69692
870535
843104
537144
974719
730922
759855
397396
356405
820137
334612
120538
464656
430615
898733
157154
896577
167353
878764
4739
678980
762724
355603
676408
919022
322759
959444
264640
547972
932844
367684
39042
68824
377073
279576
614845
683874
455573
487251
569988
651875
776234
837759
255943
132156
953680
232080
459409
552424
317479
638588
828771
123294
965045
125086
897083
486102
533357
589983
374804
585892
308091
456269
701587
386607
177763
48594
972156
727543
487138
734780
894562
618831
889213
248656
908849
143786
810587
806352
380700
659861
42328
887719
763125
507104
784124
49743
408228
418679
123848
333121
445270
161304
309723
77272
313018
422706
356671
371008
179943
566886
781287
990866
388582
41111
542295
462661
743077
236641
354502
530673
418829
436176
593522
751302
483104
772962
411053
502316
299904
673466
217098
852132
916338
495153
532506
400102
701257
740036
933355
17563
357702
537033
452430
48733
574163
838575
849550
259955
227668
408370
646039
615697
794234
732895
128335
829294
884465
354194
805093
470411
438673
39548
627938
800730
987238
486728
748040
397186
366060
687481
423531
86698
455005
224094
708615
405153
449541
990920
64484
537680
761472
436896
277840
285841
44742
831644
6065
269086
227286
691406
710136
777250
146371
624473
30805
15313
892416
551285
486843
190090
251959
871814
270742
328031
700414
977184
490075
316490
501845
777469
91044
232385
648890
426544
454345
123132
58287
147984
421428
152942
610435
648250
552325
353353
417462
512226
979377
452097
493115
624365
899937
897563
256937
589280
154915
106815
711613
677846
620726
897090
327626
862131
171809
316219
511852
930275
979414
77244
660041
291182
794537
251015
701274
337343
119383
99236
589375
918492
155381
362853
847927
292380
392448
740715
416473
393827
120961
849758
427970
962232
889225
308219
625054
378160
803484
655388
752020
611786
194523
646433
808394
721356
718451
529665
325551
684767
94087
968833
264946
518752
961972
884591
252325
384444
979567
25233
86440
814679
274072
595832
36701
348400
408201
971873
913482
517404
283206
197329
191060
221085
418610
894431
557099
246189
139013
230222
604980
235200
805881
118744
57287
652563
904409
772950
202827
289104
170844
144906
852986
121178
619860
516175
426703
200183
880594
537549
151062
655746
955643
456925
452975
426222
980499
628006
82552
128080
417996
690977
89110
410826
805857
593015
610593
77116
879497
921682
602460
175612
849379
570823
883168
942094
215233
253936
381675
717064
735981
440952
813327
204858
541689
196164
79922
505118
234649
528995
453510
33394
507169
523725
51747
672708
483349
497177
795134
159948
780224
737134
161650
876316
873214
894860
66541
29679
285547
787901
897560
733631
415138
148077
289746
909697
231186
496778
753192
871485
209374
144439
701845
892852
131923
557626
179042
804263
671637
405869
133588
545454
617097
357
394125
685828
131048
475628
109827
27904
597470
671751
316698
585086
905178
652876
133341
249108
334908
676001
376944
673889
149931
210243
67021
84698
536088
787032
58839
130842
603879
126182
443450
250062
274628
846488
216578
152561
61072
388470
249401
153351
17836
609966
863373
292343
422602
108151
433053
605907
33069
52306
67452
489055
157916
408649
124706
734945
3501
862074
939681
731417
663138
545893
665854
253963
718526
448954
759693
118300
223141
367287
610570
320335
758531
575615
271353
220875
392436
278170
445427
517024
886488
799357
333676
165850
706499
816527
336017
315243
487762
577659
41795
548878
288340
92314
509232
462155
51652
841134
801321
788082
981453
586997
175114
411022
927274
540838
869503
296397
500848
300097
362507
254732
714579
827779
733753
370218
73109
532752
276934
22638
51512
753987
631159
873164
745539
871220
832027
211087
362540
525997
339097
383902
971340
972702
702498
969264
870185
922513
387129
540554
602733
23621
198322
888569
788187
404996
225099
111755
92517
636308
175245
467761
295381
918605
15805
514123
70542
123603
940675
942717
43682
215292
752444
1363
73748
181384
542395
713075
638634
776418
552112
308762
191465
619459
441614
217644
367328
185953
227668
758230
207237
450360
249148
893005
244377
221076
560379
957087
589270
948420
779305
518020
708098
903980
357924
790396
991572
348549
325263
211164
465382
922352
365505
538967
662270
688737
616541
50222
263833
113070
640000
367120
795588
925504
734719
766766
673985
38805
63464
115558
632983
339425
490265
195282
603448
441097
516372
915239
356246
368991
712619
547199
480866
129617
479854
889125
469864
134406
638902
568041
635715
767035
358862
87290
941191
406116
704848
567147
429782
193520
355695
176476
76111
483191
768457
311631
134658
849844
446032
232612
757640
365393
933083
568672
912005
157425
660016
937503
32005
329161
27769
83910
199119
510072
32152
391746
982949
482829
15339
156389
643701
764490
493397
458583
39627
334592
148834
798690
902818
98955
720569
867400
467188
421523
689277
912435
439925
462723
296602
544760
603623
608236
946488
672193
470004
155335
758823
890138
828940
615600
558286
584057
966382
212939
340594
12504
232283
697793
127142
739036
440571
755460
508601
380477
481648
904506
133029
366589
541674
439261
158798
315329
433517
19330
19307
160023
469348
467995
153639
919812
203681
145537
152603
958946
989136
669021
709425
354630
356649
622117
117704
143187
558073
223574
610475
298255
263914
928511
372136
847376
165787
220875
971379
889216
301176
28789
478050
507006
517974
806147
48546
129575
856626
967100
532377
921997
316500
820877
831451
642161
824921
958351
749659
96147
219773
732149
894328
895131
527246
642483
642823
968664
536455
416747
467550
648565
711644
37156
152377
558455
912630
453084
101381
60854
289797
507587
324393
61602
214344
972307
760328
514826
153786
849147
932975
2938
928284
254129
392398
951552
353830
546995
883720
14967
230700
517156
852600
346413
973635
675210
80074
741758
337362
377451
710975
170597
759380
62215
974620
605336
981317
664932
631267
458603
551754
282599
536262
315056
695129
834643
857362
31586
802326
435946
704141
408826
889869
14311
604467
777316
761018
174421
909500
37839
884237
274223
97004
657187
349511
797278
880364
126028
761814
202173
222204
709615
577158
427653
226079
454044
5782
972762
774864
786706
910433
935227
941080
824732
868547
807320
187891
841673
403709
179143
180978
383661
431213
163961
684887
526301
827590
114905
371016
851824
659821
901080
152998
667408
965232
264214
978092
259667
459616
341993
353487
902698
956999
470751
701012
8859
527896
602792
633598
654711
740622
371603
727158
661504
780808
515620
866603
347458
204292
976395
926496
374065
682774
931434
466862
33374
844475
698962
973720
97185
383921
563186
459792
240557
67098
670003
140832
402457
286713
724723
642376
820469
196492
473697
541053
865915
79823
792955
580319
114619
108584
251951
484025
202255
831336
350299
296464
421442
263776
214933
647265
167816
324489
141203
172906
565105
41282
580304
464826
633278
584567
704253
852932
88655
883627
477283
655395
297557
301833
165576
564189
380303
875557
733128
16128
361550
389172
985973
357573
987104
196644
975940
704569
907933
57010
738224
407069
907440
766923
456756
2694
987034
50536
157903
353299
503774
842451
302563
930756
273371
604117
939071
979228
243531
56104
853629
657449
700785
12802
235386
523613
357155
912054
96108
877579
724925
642259
353443
420137
511093
197765
821346
509453
594343
741242
978996
279103
669558
316618
725747
662563
616034
411226
675294
512054
533871
876669
460901
366123
770528
908005
734660
786674
593165
10629
901426
814585
122435
873519
546934
292588
602056
804400
687856
248423
238404
229244
454997
484875
394627
93514
954503
119913
842833
83155
391697
741824
527708
873269
5617
44921
794991
528497
433181
569963
398378
168010
677949
853320
190129
807113
18345
705365
467248
370115
497068
922631
296221
658880
254893
866133
428971
140539
776321
533660
497223
410306
242267
711142
120087
342734
991482
526799
659963
504163
424548
56010
651793
703704
213570
169272
852206
383721
141509
263179
374525
891391
154987
866941
401971
366075
604274
30087
512632
214813
934554
712900
318769
844175
756313
616370
402420
420317
722685
287133
719317
482608
437084
311324
348130
713004
119386
891548
191071
65124
919661
770679
496910
381500
811771
320122
6023
852595
228505
959273
120036
434464
88529
335209
818203
70496
254153
966774
657506
35522
303563
18269
961363
209886
935513
389914
946157
787144
580112
795808
167999
595379
935533
374505
743452
860138
300852
283596
758393
34588
327623
773292
541156
748410
354762
356115
257946
820194
378668
842821
168850
566085
186625
363316
207072
518130
309193
236066
102983
544122
475250
885512
587777
506301
794090
822182
75173
988943
708787
611074
285825
544761
875788
45063
597184
499583
787378
227907
545942
931394
284143
626354
47190
241076
437275
175004
675292
368032
252863
509471
363118
810029
139700
675426
567099
359138
646389
458904
955549
799082
44007
521994
236530
337167
721983
467508
331334
270852
118941
678391
164810
183556
374147
366780
962989
830348
727251
363089
338279
74327
149481
140403
821054
922363
316589
630592
746579
396608
386458
89482
273888
376315
870077
974305
59206
961443
58947
843545
877424
106607
797376
436154
227379
721360
291438
477262
860677
565960
734185
972525
499408
783054
433050
145063
588766
197694
405157
917815
628343
394363
291527
326610
430760
316049
591373
705827
388130
685652
407115
8961
13812
903363
209710
655124
392718
381552
957807
19964
296938
314721
437154
778449
631190
148409
281149
841351
897241
582256
544876
540092
496202
800816
55144
428814
114384
477862
10383
519564
918940
430293
440549
732451
486877
27312
701679
42507
514415
620391
602903
289925
434576
503185
872607
818103
779627
656722
281344
902300
198167
213152
234560
590446
368701
508455
885005
302636
423641
137363
962089
955135
159134
573286
684841
119985
874162
264880
590938
411364
211290
690794
395584
336192
901857
254654
63448
403870
467289
957228
284536
887468
505482
242112
104330
305454
961463
652049
313004
63713
832115
548300
817406
33772
447278
148300
573661
925160
939541
408249
442634
760351
109129
179786
789296
24971
758114
826643
956428
110016
18409
878103
872810
321577
394877
518468
580641
491532
227450
480861
130275
132393
741416
862580
221167
583822
69460
36109
969763
363202
754270
961787
898349
247299
552414
473446
568034
410439
809725
385074
235646
761817
704040
451115
984215
318079
33387
921140
252927
569236
83010
47775
294345
12445
292430
399196
625693
943535
295169
642973
206028
305037
586945
61694
623378
975619
656965
416545
146680
726790
472537
505591
577147
291369
41350
983136
681722
823186
699792
141630
41746
821442
838722
742320
651354
350777
38066
180067
379287
670920
749760
891930
909799
319957
703966
501105
626907
516892
520940
763619
697685
212495
337487
359327
909519
516644
748488
876677
383176
445790
195935
507353
840196
112709
342235
732867
634731
393433
883875
830903
158187
363256
765965
701874
159020
472522
770263
432094
373426
6723
381818
270420
957670
275795
534625
76971
347517
68880
561762
688349
536761
563127
873376
657833
275724
240005
471012
962423
368165
528914
502494
936685
285389
343518
77512
474975
861171
670740
649715
221522
741734
841252
555449
918627
415516
689370
704374
562543
313393
615658
92116
466784
449739
291513
378969
565569
504091
459488
145918
226771
833130
312229
226994
690864
909341
201217
286201
769666
224676
391528
125587
184029
707530
857368
869952
778
721190
139559
223250
116592
396890
986815
174071
787380
100403
8098
288812
294937
180842
762830
66610
485640
419099
276547
615778
175041
576623
317252
326432
148690
302006
821332
68820
202374
671259
510020
252717
163821
813498
478056
705854
473425
625240
833201
360345
885274
330246
553999
366109
744183
432162
216927
137488
181796
348498
206266
567800
910987
525807
865179
728856
103575
235675
147452
190529
860343
701687
19101
9353
541974
302785
813581
388338
448808
684815
958977
8217
405203
226678
360695
722943
433345
438747
694344
242266
639369
71396
483221
47473
557856
967798
706194
516925
941052
146120
990728
675319
775992
35428
395683
197922
250323
283572
414374
703411
872883
864755
718397
768507
814205
457662
692012
449941
154929
559272
81475
694430
199521
422777
647809
853875
741423
23012
19896
83657
182766
756387
737085
281284
344882
508935
659730
601163
38494
955017
867129
495546
729733
835194
549108
356462
656999
104593
160904
869206
326635
449234
925980
406235
433459
165589
343381
321494
549576
203478
345062
332872
956627
211712
237785
200811
982528
718454
565480
745307
427356
343017
656663
649358
352426
581978
159386
426942
626449
828628
803313
24415
288492
169486
508407
923737
559125
426520
460559
692493
754517
574489
51151
230592
886866
535952
86667
823200
789191
933304
125789
53802
685939
498147
490346
381271
451136
924130
447829
358998
548974
341102
190273
854261
720810
807539
113782
661458
32835
881860
182879
907655
568086
697262
845053
484558
795093
645530
46591
923053
388034
367722
265567
848675
966726
750443
444052
668437
202906
340273
89900
183648
72466
753682
142601
965753
935237
79965
637288
3540
556365
524364
638182
607711
201124
143776
225268
455568
64275
291022
264242
922375
780358
742707
692225
665900
45396
813948
126019
678088
18835
80978
902885
694228
594708
889063
140471
622232
956446
538500
520801
271812
971218
453018
432470
586135
594945
885875
124850
481050
328009
848748
944835
441762
331103
486282
304139
831671
3966
642709
141808
247293
320077
20396
809924
892203
404803
33543
63890
356615
309310
377207
202362
640105
840949
27007
607220
777091
322877
600446
127170
501449
780514
904216
358171
819317
14610
239733
494790
544379
807104
207559
172816
976197
912400
849490
758971
991839
479788
682269
476711
43262
273504
471608
391105
801611
614107
827077
116356
759005
558139
605417
67678
376734
335202
648770
67272
468119
167340
672365
906197
4235
718927
466672
71773
270826
74900
667152
396577
575426
395729
439909
323877
179330
688981
949768
80221
32458
137732
851889
311198
887706
819787
771639
703939
988928
744344
84327
475410
938984
878958
292002
137285
48355
903063
33698
167158
12925
307297
983236
37528
605116
879478
145737
799848
140348
259362
373606
36472
451586
215342
437444
529038
669211
918138
91693
332410
51067
468817
631588
549307
865715
248335
76866
836021
309912
322451
601463
847046
415195
307237
82517
44113
424029
981980
200475
823862
833491
88133
710909
212072
759094
989744
142650
910491
801575
355600
712039
166984
545183
612235
302870
603548
888891
950821
718864
46685
780926
901059
220455
839198
538019
286860
681761
963313
491780
599924
68951
119384
429672
7647
777499
209249
334306
122391
478686
242398
478294
246757
398390
921424
652557
132016
902589
189714
894156
270317
882779
686754
585894
213760
930257
286129
520774
3812
184495
545019
635162
937658
980714
239604
977035
974713
526236
487064
477038
113199
881557
639552
502301
410996
834628
561146
31715
98671
415709
974880
729380
125338
701084
971017
761819
263129
873212
235231
537664
328100
829825
42370
406676
347713
293643
220061
779609
195470
151977
910018
498649
711032
780590
661840
138871
321496
588847
209311
464686
242966
319924
732964
29402
24595
395963
97529
889773
856239
562757
889902
484246
535878
428905
631446
227230
886843
231176
911743
468626
640490
477796
378901
561616
63245
133668
289647
738275
771698
888708
783856
939940
768990
952537
131133
495852
209490
43049
890136
353130
428081
354061
591484
99301
599007
438685
639049
692297
600640
794503
592885
833112
854847
277412
261794
96199
445733
721498
836747
227513
471157
660638
405109
193481
509684
191554
936303
239614
931251
517478
117924
523508
600847
288260
385623
902840
155130
274419
22489
83537
214876
323369
880584
310813
705234
838615
510492
638602
990036
804581
611353
390051
53470
616263
228310
492330
559291
424442
304919
461273
193451
467154
131280
136686
953916
355989
687724
491415
118206
164141
198785
425058
268268
289405
973309
724617
513476
795881
216121
876639
306845
650890
539707
653034
759397
66715
769949
243428
616574
378982
214457
118184
556024
462706
843280
411397
99213
676998
7459
915359
612505
813864
322009
328150
631553
174096
263121
702981
108459
595401
673894
30832
110629
710133
507237
642965
350791
477035
68205
27627
401312
755734
913951
201759
394453
856336
613334
49716
202751
882232
749405
412390
203595
162234
985236
807672
287835
370743
301385
575825
268531
490481
214675
16702
549712
357151
943184
60228
202243
150582
743117
904134
188157
496520
34440
112134
647495
270824
49495
799404
52263
439988
108026
398372
176988
986090
127713
133511
821753
922019
185619
801006
678964
827133
439666
214595
912600
890878
762687
607501
524965
24799
78605
37363
492913
918943
634535
762996
289824
26391
34675
682966
906776
300307
112491
169448
220039
216950
88539
521771
773888
456193
252552
140664
173524
106312
901233
248401
478298
514237
307122
831406
325069
289938
326845
49367
185180
202349
228605
182576
181282
176
738090
160256
484920
659143
544225
156758
61772
577303
805594
511701
517412
871769
478541
129957
368867
831284
109124
77378
592874
278866
393155
269703
977681
451930
581668
402088
704345
953503
767979
355531
558671
318858
183323
916623
286477
45626
13145
342207
402523
333380
990428
431622
617626
79214
716745
818491
879732
222082
9296
47373
168648
184250
103235
107057
249248
735306
954117
190629
740661
478519
182951
598867
987707
564807
590399
294371
75606
61601
427041
887491
872823
292507
643336
174237
888276
923011
702470
70886
744257
606727
804663
650955
467124
659408
376835
228084
600492
550720
145064
371059
951065
226864
584425
313198
418932
990535
312555
580006
599574
820988
297907
612134
792445
439719
788477
688646
463499
820555
854169
176880
167846
339853
314017
943662
95386
843688
491253
498902
290019
552899
881461
339551
44341
328967
8128
692818
342236
656140
663409
2737
250533
774328
715202
659654
788602
599724
357985
903131
191797
536506
570377
541718
555223
638593
981114
34738
609894
171791
614804
847328
523524
911009
946776
853686
149369
305107
542989
30613
959907
946296
510218
408728
513609
939809
133899
226539
757071
455857
99675
858064
610917
978030
575226
290646
80308
752124
601185
295609
149045
138615
273352
418286
500100
290820
639355
425542
978507
894744
269169
301343
690206
339852
689941
173949
946210
617383
151466
947971
200387
288534
6861
216800
724258
136544
483902
511544
352260
635817
80540
606329
730958
828832
129763
983768
975794
171804
547630
489721
317159
479116
33612
360893
975023
85821
403183
464879
923595
12975
836673
598176
410647
446324
368107
814608
907936
281540
877699
619341
844679
915860
134789
812774
123816
747311
799293
203884
142813
921062
324383
705489
105543
793242
479573
956792
519441
597897
540671
502395
449775
727224
483235
983750
93312
788045
145804
720204
791883
252813
556116
102160
418158
428427
641970
818861
229496
63019
920866
800670
866825
159742
20374
536710
202612
547884
911976
625281
172305
607087
404359
668363
378925
31481
592278
394070
565071
3790
818385
170321
222593
935410
661842
309674
779678
117146
256567
469129
271950
268070
182008
768373
349943
862665
449213
461321
484573
758652
934606
789169
665428
890243
277866
24020
685434
791104
83945
406705
396494
935303
610277
526220
712081
118754
841983
795819
195184
697026
748463
460842
239423
218665
69567
386614
804849
625945
827575
853605
542225
36054
679170
828969
31053
496263
36185
317486
39572
936992
181720
76718
294503
854888
195070
835388
144480
609818
761247
864121
637154
816325
53964
542548
792376
302137
827861
260472
442899
577439
576194
161054
953443
817361
844382
632880
117077
183773
478575
589385
267989
8191
60707
58035
280678
213866
929854
910275
610672
713597
911583
555576
627405
616654
840094
737400
696081
450308
835919
918759
5454
674224
475528
547706
938801
902367
564018
966680
988427
89494
566479
655591
824607
581779
427566
417188
361727
954050
898466
652131
823987
547548
357849
905339
956167
899522
258040
50864
474102
565999
366218
212272
671524
526982
125072
768593
195965
643828
384237
146593
788066
279480
337497
49616
603771
209810
821968
944249
652844
624280
431294
894299
868688
55199
386029
814478
64273
891520
409106
378048
596484
816947
218417
819503
712295
778456
103094
966852
284552
977753
511861
725914
28105
191539
537833
171294
701919
274672
494820
761330
670763
311637
215567
366445
352531
164216
263282
110454
330220
601589
513798
227420
256580
858424
446755
7602
315855
23230
177639
430838
54829
891299
982596
363643
406020
98127
468381
876433
861321
745908
653283
325976
212641
260516
255428
676143
845192
659221
935383
496785
635839
410850
674145
307805
341978
401748
967970
160302
638414
755091
384302
869558
831057
831315
652176
220058
647483
627627
373122
818942
261266
944240
918170
358782
602139
432629
120265
220455
511660
81761
491061
320382
579740
828838
916338
334859
731037
176326
51511
573769
239895
660147
560433
629947
385822
542574
97006
534185
773403
575409
343887
861533
697069
906771
705762
175127
940273
682715
164403
141532
274791
436592
887330
659538
22336
781913
741147
252186
747625
186370
437179
845520
269768
451060
824110
608058
784705
24234
213759
293636
975343
635158
821714
32444
766671
316803
371258
360112
812398
956555
288323
307953
139708
731797
366396
871130
766375
171389
320743
229970
390643
166050
558115
669389
368140
191420
13885
929632
538672
135414
143741
415026
582342
29348
696800
98322
793409
537216
168318
392707
373547
3533
95852
103990
990650
351610
406043
797806
823759
507054
452443
750440
396966
275366
753392
32867
602376
658198
309539
592654
550842
164123
330837
882125
820606
765773
552259
616745
594135
226693
688761
33825
717974
166510
207381
200715
464524
551485
865194
55600
18602
426057
643110
916336
311239
548593
641981
944229
173556
776364
865201
467385
10745
347311
770645
13251
172346
101031
562830
567988
904325
52968
328272
92291
760720
613793
635243
342708
338521
386279
956601
161962
63995
222869
885922
683972
97981
970379
291577
365952
119030
324950
344068
417322
760657
843895
107800
696447
247563
321173
151275
306732
291910
455465
193235
584307
78131
548418
228922
623612
718254
771746
555104
131383
966126
763409
142684
702169
967011
803235
959656
267370
946624
706902
675424
844929
12396
653493
618098
242068
815754
20121
127309
312439
487505
678402
699779
543982
454101
15693
164740
915253
421589
309348
110883
80902
372235
465937
310658
940012
223804
389899
313055
343317
624550
233794
581794
128433
344731
168415
919311
967171
555639
913280
288497
350377
865782
701661
692863
681289
158205
656727
533712
367025
709864
667189
245652
405069
777907
290651
846032
990015
382937
201883
556266
109689
949528
706657
216859
927045
63498
527459
880161
973209
974706
347117
73565
178268
688904
153219
434256
225098
961775
697257
133371
802813
686266
257807
594213
173873
733706
419797
412942
159141
402397
606917
490592
911572
870714
203930
512376
306606
479233
352617
969794
440740
511962
262190
484101
537814
547579
98489
297606
256665
701122
131370
380228
136319
363545
455243
571607
463049
642787
831983
454839
429798
582501
233631
257720
891783
429629
374070
821757
236379
664405
493659
101505
9121
256506
526130
61435
733368
399932
578421
573492
223258
702242
916456
675306
46617
446806
696018
911868
623725
734577
402316
257590
908143
449120
445168
834357
657774
56896
343450
929487
588164
936301
203020
424943
405689
788790
811783
141824
881072
294357
919032
909045
368641
459180
666031
788869
181252
787359
377937
909334
49836
109469
242488
149955
322330
431199
943148
437293
805415
597148
121184
170242
771411
121238
976607
694702
483078
230268
31620
685722
502394
532592
727568
667861
52433
127174
121014
896449
603196
61930
458116
653361
187780
453708
523954
785592
891090
949238
261816
161526
454055
605132
226748
185430
99471
524073
149737
500622
929211
288318
129972
772923
827632
623561
837110
97993
139748
142286
709215
82691
544483
410706
381477
772529
154389
423873
165847
708968
324254
177232
921996
660227
797152
427437
54500
525267
90685
61413
239468
306958
942466
48302
83029
5983
228588
478371
76940
789886
820046
616290
921508
675624
4994
968791
856807
950446
133162
963010
290420
647230
687648
872384
836031
701544
510625
28091
486118
898247
377099
459743
243405
227493
376359
309385
63715
284769
676594
85261
417716
917410
691010
240541
834024
145065
204660
581617
339417
536447
680757
600698
699110
451954
156683
375885
964523
940491
899461
701489
960768
248331
331649
730917
370747
641219
845088
463364
35147
886820
676027
733514
307174
332274
87602
602899
782959
467779
194130
832396
946493
299527
471738
737509
905394
932
16505
684169
290804
383876
596170
145220
240432
682338
810174
605373
937008
657473
756152
740570
190188
180145
414269
667304
110923
214214
263117
190479
425293
902855
468273
730842
699688
416741
326337
68651
287055
256864
835913
968155
231006
974849
457426
71687
804432
151262
269571
866453
643106
400412
538323
422522
506066
297373
383886
795730
954713
770301
171753
861162
545337
2259
355345
458651
69153
260297
67606
699558
329685
226636
216110
990303
760580
951390
344038
653717
387289
793187
724354
807896
243154
862685
924799
339369
852060
251531
300781
143256
294597
416689
300250
543963
404566
293229
760885
102562
401990
602
763476
451860
884434
833250
4351
284339
755110
327086
681754
322331
905562
842371
835309
565139
354706
329142
25762
362597
709034
842470
938964
516919
378328
131354
52440
940109
176233
142212
857317
617760
663642
105221
733628
495699
771958
313583
26179
125093
595313
914832
926170
866914
876203
907725
63026
180388
720205
954258
172325
220850
112007
40699
457509
175342
649514
530368
84185
577183
740956
957727
906528
249841
449352
798227
239623
835119
779221
731561
278903
149986
663106
941744
227978
300650
401216
365826
20377
255887
106597
245024
877461
488854
505097
238795
156709
159589
422749
274069
830104
501288
965890
934010
909682
328867
56037
629351
113615
788959
905608
377680
476195
346955
216437
463638
257045
179512
790963
758136
965951
599168
520867
519349
558952
246386
53309
664933
206313
2283
906910
396457
967274
87234
509784
405510
411474
161135
789313
515896
754181
522058
900322
148128
526533
360330
932260
176215
414531
829603
832977
69798
551094
856143
101946
742565
499255
121609
110415
14937
876307
173604
335864
869297
228417
232690
231043
442521
300933
493171
483398
398424
4263
839981
902726
334889
704887
371941
216472
492795
659461
942435
329573
698221
687476
478151
145942
134665
216644
396542
925005
195166
738437
279952
802741
361116
400521
299197
178466
174055
337698
86668
666944
306323
10006
194992
822778
158732
156412
492825
230618
268336
245976
795241
469039
266507
463973
907418
378433
563162
746226
974629
190676
593748
520727
885151
646311
188468
47453
623769
168213
511497
870
99337
585492
158014
720139
373495
46268
266880
247901
578223
989055
725183
532584
247481
49559
6868
592283
262685
350328
7609
854160
712559
901767
44907
134134
381858
260359
553175
784445
303205
108478
778143
648694
529545
448550
431025
294917
427297
234588
508975
141482
378954
974260
960839
122442
452663
701904
470236
492326
211301
697882
479743
681342
623760
304419
941823
661296
985107
708956
795323
629573
673431
446528
96301
376488
795367
67570
71855
451155
532973
697626
654527
293772
733336
625485
129357
662388
423921
520808
67971
116966
628434
730451
794083
244607
394592
187882
416552
405423
248415
560686
226258
436685
533217
341250
900937
325398
729175
758349
98044
187470
156176
924397
861144
310637
102791
942826
343168
205343
535978
601975
873236
459093
950647
971374
909058
443813
384
241723
7321
942813
925567
600859
822255
846299
53365
855501
44695
234171
624697
397180
482498
355304
858498
245370
250421
499773
135552
165185
15462
411103
651079
237764
237127
507902
473576
183038
64983
713945
490331
35830
472105
475853
247433
838981
715352
100729
887899
915321
62336
961582
379874
184887
153593
174468
403549
244150
570840
717568
403212
272561
955509
4018
753441
376887
57599
437539
136040
112147
264085
340442
921493
875718
115668
710323
129076
819412
677164
787420
271577
657350
377104
897218
619175
432032
635396
90545
598516
826484
396062
380844
393478
400089
347416
268478
180448
430418
343046
614585
733659
312515
100519
666431
693591
688848
584635
399094
279341
718051
234654
808849
327179
774657
92102
559853
96747
271363
697123
100908
741121
121758
638654
571695
526266
590858
716105
958167
81042
829611
811627
180724
809995
366877
429369
100055
697290
785432
115024
609512
465709
104535
831144
649429
173920
702976
36573
748434
758246
737380
679873
738242
368307
139428
504926
796369
508486
95099
778221
521347
612494
369404
816070
861438
230493
402847
81093
133225
605944
636955
553482
774064
965003
955848
938735
273383
677398
780161
392569
342755
830143
677971
843756
6628
793551
474006
308833
240671
744500
774821
834403
204020
311379
311497
780253
592616
717429
138105
680427
427270
285924
600104
239814
883508
866000
387145
205502
236671
311688
498354
651202
48504
72929
122748
881544
734402
310849
660720
193568
597885
77784
935933
391170
922082
107882
153522
206014
985942
613010
787614
219421
605861
15141
424571
681025
604067
16538
446477
10163
585417
947114
747133
928381
620057
241863
18133
967788
697517
947220
290512
366456
719422
608719
38744
928905
619554
529971
872438
880950
95023
214933
535664
614819
97651
725875
122400
649659
1902
36481
941010
308686
699554
164564
690513
720613
586722
886541
64244
257061
125116
985472
577208
275338
651865
432386
771009
279848
254485
353921
180900
447867
97879
802649
931477
335108
317645
798273
611043
980568
720366
551328
236253
940769
852171
507251
291236
722985
404406
747611
883789
193839
276559
331889
382465
245170
853406
747363
944283
699822
990979
525920
172671
550808
646577
731643
321303
160103
798787
574982
532085
671063
928346
287133
962681
107535
612041
811628
331043
833651
783520
983497
545365
164411
91400
928560
597978
140396
957348
82819
727620
645339
33891
151222
218268
421307
4803
438052
311872
509353
927942
553153
835882
4838
199284
440866
427168
106435
613392
29111
676953
276373
609323
635163
326516
276641
275069
627320
728545
803084
643248
556715
800411
570302
125485
112613
239929
798852
909784
419914
108684
616453
490295
176949
84365
774030
573993
698131
69332
408989
349146
781170
2079
84577
241531
499425
277019
521136
509249
474769
354232
924494
144509
347916
382580
249533
763944
834669
864818
337659
189309
811778
712814
489585
926105
238377
369484
199289
31729
761980
485313
839856
368236
245840
530706
281535
479860
253145
62801
759603
942091
974917
206532
776882
678186
13367
768296
706381
474245
210255
456257
990864
939895
132797
550005
623692
509341
722069
909745
493519
959537
847623
517064
670836
931372
785276
761311
370714
902668
515738
775865
927602
295403
293870
678602
202090
672632
933982
152619
189246
334746
219772
874071
741183
604660
732679
898529
774024
604355
798634
752497
98697
815718
794471
787909
420468
541736
276277
876652
489371
974268
266495
84025
596721
142309
842215
77775
718895
586077
656599
113182
241
378775
558120
951019
174887
534745
665199
951420
702942
222400
80003
464418
215847
84613
444787
796430
171155
454124
7233
767287
142478
112263
640225
181028
488443
91044
314529
803276
71994
941629
454908
863551
852285
319949
319112
569383
624886
523912
392352
33614
389249
225634
8672
252072
167696
136036
986083
748133
991198
570606
59060
505030
101072
361859
451990
778280
793596
949872
130311
772519
511580
238243
803712
573278
765289
22621
218648
637516
173351
403645
319049
431128
867242
922001
573438
312313
706683
123329
857280
913757
220294
351687
432551
153185
774481
40864
596136
937990
768714
826436
860545
574899
304206
183959
738465
450529
963272
773296
687724
234874
465729
761494
569030
586695
706888
126033
605815
107689
23352
46625
402489
832866
402577
563430
655839
907802
726042
286822
957598
984134
71257
631054
374538
644244
978932
681352
11393
675174
191050
747788
685439
941521
769789
890797
804533
180017
338513
14074
715896
683267
921965
664244
407598
138361
297783
686442
605288
857516
967117
461705
4903
985248
930297
214001
921196
884621
145715
22722
827641
409828
596324
827888
568427
384633
315038
355299
167682
744654
695612
570518
908181
462405
985079
773364
688587
712036
855106
604579
535944
896285
117492
853026
271161
218460
974145
710062
833211
950409
65911
745319
150858
114915
950524
384061
521458
578394
421927
813971
700366
55495
595998
701023
334048
979503
632537
336950
738001
850318
415601
444639
183664
786614
790470
3636
330950
747117
64806
627427
96767
349606
395496
578387
584746
592357
566239
207266
396875
842331
637410
893169
906296
175452
154686
460402
248325
660962
653717
620097
245607
857942
41951
954988
988136
261369
497822
536394
910562
145519
369498
975152
313530
639782
233902
440421
599452
443198
135710
121868
877485
236566
795214
204521
815227
215653
486114
307054
192892
867695
483641
340428
989596
534849
553378
56492
554850
502835
221972
143470
246479
568078
913413
208845
130555
64294
230069
785391
77586
294075
351408
156461
744937
52318
437744
336803
906151
746430
102107
893844
650453
857084
765979
62447
684886
489999
81384
421428
362271
737157
77361
673159
691557
574664
263009
106063
100249
381862
438586
664100
876057
44713
6327
561856
360197
905170
986501
342499
527463
788475
524899
787349
193158
459482
957368
927732
86312
889806
444614
169733
911708
829794
212079
571431
704169
258055
16586
56164
790986
288083
584230
472851
68177
784552
738589
410456
867951
486496
372986
127380
357942
316069
498121
381485
104248
239578
523522
233530
779550
896995
831673
460594
207839
386461
981235
33168
740794
576032
980874
595340
869829
169692
866332
308249
257898
584088
519454
173050
932208
621468
349006
104597
231750
690665
473454
127382
79230
60342
337443
755287
318617
476054
849679
917720
712685
676341
253216
954844
69349
277546
870930
6882
217605
650782
965553
964162
202816
934865
118218
446528
644439
89214
490670
314876
560166
896930
718179
258979
203774
599609
863112
616034
659279
652487
690783
751296
275182
465510
888763
790797
166742
38750
44096
497534
79124
254013
221955
111944
789479
375170
617482
776672
954519
39653
120365
736429
927882
33417
842330
495412
334100
742329
751816
449090
347171
646160
267514
742994
212050
961093
176632
27089
457311
258258
889197
394617
425034
9869
842771
289779
186962
825109
978355
211319
962863
490422
474661
664865
312262
109878
518531
212313
59367
462229
951041
555015
154517
352654
272205
35569
972780
960422
924635
43016
328708
974806
163791
951119
609795
239763
860402
968234
383231
814617
260252
307332
180039
625698
402850
634859
220807
95660
934449
768019
624433
556680
509621
822655
397984
103263
158074
635579
897307
151092
115413
295580
702321
570016
432720
592256
149911
53705
895962
753351
9132
49922
538416
425339
350747
857662
659608
890484
594728
612234
957388
925123
114298
410464
844699
26309
981964
332454
256915
769832
578901
721869
635055
92260
845407
160392
95751
978597
679914
69244
288432
736057
679734
467884
606962
523303
507209
506903
399211
616328
114596
264403
726731
935066
534661
63083
180321
299401
257959
937163
377277
148892
76473
639877
577580
143801
244098
699586
428673
690458
263267
282295
913685
946654
582103
35732
104985
584165
399802
212482
400255
262622
600680
327910
260583
147661
724036
831290
486491
333114
450683
980972
512482
168739
479227
937309
805857
801224
26916
806979
681711
638497
648018
740246
39104
788558
987336
497524
176433
769526
237107
760969
131816
428868
679753
436308
680866
705297
943720
868775
395268
98188
129776
807755
435962
624653
776592
973671
390334
273024
398318
893634
666490
565732
897276
914254
707480
725882
69634
726936
473910
571076
154259
515960
720562
352274
353560
877948
624784
309746
778644
798246
111473
851935
258338
936509
504463
870695
569447
127229
92979
291604
232036
304079
924019
580790
309886
832340
805484
656077
617615
297949
357972
822964
173662
135945
478130
983089
868807
222132
117401
826910
281928
865972
318628
429969
441265
545700
704173
852251
959781
425194
475037
752866
272374
91052
950955
440085
692236
717198
521692
76882
888903
137448
171416
22680
867758
432786
651597
204703
671749
21783
43378
416588
443910
922900
826562
752391
929719
73450
669095
911847
960029
345009
121996
789364
24113
192276
516620
332646
588749
968753
281767
348143
919576
45003
475479
334955
689346
660905
716298
422359
949796
127730
281447
790084
616963
298211
456724
308872
133425
613846
772327
373078
589172
7892
777970
857710
161391
585031
111353
639929
151276
433528
330469
828976
951222
652226
355705
240935
711502
931089
764658
886014
275870
911247
566582
740909
927740
237533
347434
446621
681078
697818
179065
154184
795307
640254
980024
697940
121667
427460
617817
353943
689523
717956
991278
28996
370335
628530
629551
673372
876933
876865
270865
146781
321554
778710
85160
24156
862765
166127
669271
104697
431028
196634
697077
408673
2260
354518
897191
963995
780352
809535
3697
12648
190545
156949
814203
759891
500882
38787
635334
440773
416803
253943
891988
610672
632626
382784
756840
219596
533839
590042
208055
855960
405173
225037
546683
945990
283259
348871
514986
108670
642502
178685
129951
115930
211951
506769
796569
628123
491209
772660
448133
779343
252807
268499
329541
350910
794490
702844
805843
601728
310698
908246
799206
651415
262864
171979
242942
214793
128680
578619
108644
6111
608262
820377
373714
190241
228331
84710
310750
648509
148683
129498
106158
511413
710331
834776
67525
939298
200393
927075
425798
248378
327226
155516
766117
758581
92723
353598
660505
30042
530037
752426
270
284275
319436
757849
908612
20350
586702
773820
281912
317415
656568
305445
645273
809769
488951
519174
863637
927081
971447
452078
891717
526105
843479
105834
158349
13868
378060
869326
862627
293897
325371
343752
989253
796338
70173
229922
91223
321871
747762
930029
759882
492859
606876
931999
666315
250517
570871
670685
860822
650520
745588
211770
473955
663462
475862
823153
645995
494827
854519
247879
493463
401070
340232
132635
541238
137600
498338
549101
213226
526109
858810
832570
623774
518886
699355
132690
70141
680859
975680
680493
787559
824641
206027
671650
21336
933149
242557
120508
691705
309951
739387
327905
723819
608952
946744
604240
742289
83490
536460
238543
113916
500703
949673
682098
37262
218758
622130
459646
506885
484440
808086
168839
322153
518361
101594
844253
792547
559275
769444
316934
710831
166100
226402
755684
63160
256673
902773
264335
297928
955685
45417
588696
462726
533863
405473
802375
705411
568913
986919
3152
266726
884046
968451
8767
91220
86377
821250
48808
945962
125874
846688
22625
26653
978197
606535
963761
668143
177943
484968
298399
307570
675204
466327
309781
910067
10807
838920
975620
94269
949920
699959
230835
897617
532993
690140
307837
475437
654413
363804
230181
1458
597420
457471
571850
430408
588948
521979
425242
114747
35478
839604
75389
192499
949077
419320
218420
813802
485700
512526
415100
152994
718879
311733
971624
691110
410296
583103
476579
856747
356394
517747
720041
419131
587455
769128
648202
304107
619131
556540
404220
658640
795349
570644
24175
917791
893641
868914
962645
859224
634325
298828
380798
196383
572105
353233
101608
287775
206429
822904
7343
846230
625181
70228
413196
56861
11993
382165
958286
122150
92257
15244
16416
723513
74679
361748
581767
154520
533006
409632
311919
453108
845581
59800
958457
153911
717578
472430
507552
551974
203152
208326
759644
375760
802716
782471
949597
722520
71799
557901
77361
450000
465463
888150
698150
75072
821173
807296
520174
13587
546616
599715
251825
97389
112074
21063
505122
435792
796275
467839
685547
487806
386687
105018
220335
118794
45287
694350
561829
899940
223286
806773
317246
544506
240393
785180
887922
410233
923618
395761
769107
337206
744680
579933
95893
752708
345674
308148
658935
579042
751092
36635
144643
919438
652427
130371
443923
622853
70001
592246
206872
103726
622545
987633
808643
407870
417586
864639
540016
940161
891149
229916
903466
152605
457645
128421
414730
920324
355889
112163
960334
204538
644087
773665
164903
211839
861908
771476
963539
569955
420826
281357
589190
989992
730618
894684
839626
682187
399881
37511
629087
682366
157165
251709
310876
180874
11114
473493
408941
874425
857378
652969
592888
516310
387786
417147
8520
396514
502405
638690
192825
960353
63999
424486
217534
596042
268990
528678
698970
189223
209109
697858
839625
240031
780650
908853
901859
519805
979108
546997
51654
12856
968554
839334
621207
446771
966171
350772
680900
848260
722121
663259
396606
725472
129754
861522
838466
862531
360993
17751
844318
108967
490523
296604
59677
161213
475459
566092
509526
830279
38945
752779
964674
138568
240849
460092
658975
534057
532996
829747
782000
246032
21641
588464
752355
444800
987681
106983
248684
921528
254342
135917
271874
4595
594185
467720
339495
637236
841469
148466
246641
577563
292822
539653
440031
921673
331545
105196
988253
143176
219229
221302
313463
960259
410504
748843
867839
380643
526100
474180
171659
166284
251046
275120
375848
273701
91390
60474
682529
813603
295421
753906
958024
93035
942332
403862
28717
134506
244695
479772
821846
591073
682632
370765
316901
737813
520936
471645
309016
239393
736166
829056
888070
801525
965717
405029
977751
856719
756087
597295
409563
986816
943617
736959
637686
968310
322768
115004
340798
149437
19645
622193
264657
130727
747896
269123
820439
759098
797782
334905
557078
989987
462543
945212
120853
596067
103972
302756
105828
147621
223341
795781
556740
183716
614621
520841
667269
545869
461962
821047
704776
567445
352406
730097
836248
436544
800201
651495
294917
749550
569412
660226
388889
118783
795744
402958
924709
477476
547821
207791
647245
757574
946415
409020
492592
375727
990304
538286
451643
302333
284202
547963
457784
915004
238995
565504
8866
823284
50749
602389
537004
384284
742953
949116
434697
832614
319810
340349
979863
749143
256218
379705
222703
795483
704435
912537
21613
114342
903994
967398
839513
107519
16555
778450
569732
461938
555766
954419
247428
875262
778476
716437
611377
322493
211810
377493
858763
247465
5940
309088
385813
712636
617117
811205
429096
268109
526937
4385
946741
750085
932393
44465
21383
422194
522664
65249
567759
582906
162479
488452
651242
101605
254506
659712
644187
48247
247450
469195
924219
169539
117208
97668
350494
646614
942916
129973
292634
355714
212746
350388
766858
891026
456486
661526
337578
184441
148905
582804
885379
543475
607832
901061
698328
374757
713809
405109
722775
942519
576614
948696
934861
855712
902154
575998
816617
789042
482628
329318
804692
132385
11169
386840
262476
904226
202819
550981
640108
346946
682864
118519
563260
534139
984550
683934
979887
890282
566299
74669
10096
58092
129340
871788
645982
281049
262293
345263
452701
212196
91790
290796
906448
487647
952817
95140
354025
288714
463773
134268
4741
188424
588711
839074
679175
891482
72690
9368
851606
984550
196239
303233
403879
401033
632298
91362
764333
524748
855557
671643
32160
694725
636567
284446
198934
562600
200473
948809
459639
523604
818989
231959
816323
594177
172069
912853
310862
530219
609773
18667
294704
443744
758913
480844
669650
321265
59499
69130
470774
844056
958308
456064
622750
571110
208262
497051
483137
533814
224566
696218
110136
938955
911561
247379
727620
507734
920185
182589
219161
380238
517302
812819
305746
456538
827889
179740
791722
663840
387991
977605
820777
248607
122338
829250
280217
461668
693380
379786
584018
77297
44340
375344
255373
555378
949061
435923
796796
619155
456713
468984
13961
984033
863219
464641
352075
958590
630631
387978
755002
970610
462246
96620
637209
876070
120526
830214
682949
99486
886686
496943
319690
415128
344464
62441
537962
826619
527475
963280
205634
363921
55368
626992
210368
976534
332235
50599
985090
580170
560668
106687
803409
324238
36861
57566
44995
809876
94288
28208
721872
862929
541313
280841
873750
111300
738172
215312
565276
225989
377291
831405
150594
106506
290733
812441
609985
442266
122824
919263
527313
149435
159707
927351
693292
908287
502545
461449
316403
812671
478460
186851
468943
965174
634901
799489
18273
886617
1267
618888
583532
1794
874659
965760
644617
734358
780279
639448
853950
365939
7730
276920
763463
874238
355083
726694
81443
45835
542407
510147
344507
817671
356438
405048
11478
757160
865192
342379
817682
372852
280978
321026
99743
401230
975583
176461
404358
130540
504610
290776
612593
971333
49204
26912
729519
209910
471286
522933
573781
844211
541239
859845
888626
469109
412806
691309
974520
83648
69047
644893
133288
137008
468043
935724
690608
203152
918099
210455
494227
834386
88719
694739
435217
188790
576610
408380
903255
669865
879095
57692
244728
248083
894308
173633
243352
288643
623328
468649
707901
93813
681645
274252
486702
873102
337378
625264
271701
22846
283746
974360
254355
986471
81256
610792
478845
486262
596190
409689
874297
172908
31025
476810
357320
89878
381666
59609
689753
796176
808751
659703
20256
878667
721220
441229
12295
984814
348879
268990
929068
566516
582504
851373
974413
533466
802346
798026
449708
409813
450736
324134
132368
20146
503131
749778
953090
181057
725104
692845
149231
408196
59073
291305
291241
486398
753437
621820
810300
338190
963501
167656
913467
117211
847527
700823
608829
408121
242795
716642
390055
241083
28136
369203
26877
476536
501626
223212
343517
641155
21910
410395
37412
64547
764160
142633
671731
42847
450682
84873
483872
417251
931212
685454
874223
438414
361285
95893
561010
529894
405656
928161
592312
509438
496946
279151
579685
286152
821826
84982
846300
163964
859899
323716
123007
653807
364159
367123
499020
909430
913007
31866
906039
955455
87656
668199
43308
768943
602053
717518
847679
841215
677567
583013
511232
64925
174264
933495
800229
857121
636200
145271
2027
137232
99382
970031
291043
682092
455037
90724
854602
588782
110497
171705
602726
574739
226024
914506
855111
901064
446888
183716
370396
25676
81674
549348
963199
518232
152584
132477
780616
333653
608344
728903
318668
449451
184022
304327
964423
780072
165501
766322
485963
342190
588394
288023
871623
468809
509619
79677
483556
585166
505354
192453
422775
785131
445902
611999
779375
32888
802951
109375
207821
646829
426366
712461
255896
405156
906993
856933
835038
545796
650530
125451
741574
155493
294355
964722
208418
545620
888130
145848
275524
624980
759211
591234
715116
257110
785257
283998
943976
74611
289366
134262
689337
359240
239990
618616
568881
705748
597843
495375
88655
549636
542219
869335
679872
258185
75419
258605
989881
564746
564397
661553
65849
329395
517896
766108
359460
749096
214562
19543
643343
66480
676744
335195
373938
747552
526846
414843
896351
575640
45991
95028
423417
941660
950288
838188
459330
267624
103264
116372
353327
85007
782504
803190
70920
860735
213403
671239
948364
262143
817347
564820
157579
701842
828438
758025
209450
802509
803521
698276
434990
697844
551115
110031
950049
7027
645866
789263
415076
253981
204300
441691
742956
389311
423523
465231
103732
765443
282279
321220
611578
226781
386129
450133
663913
624424
868823
952434
887709
450192
832284
144563
874092
672446
364465
701240
761137
90627
838855
183636
258611
23609
835846
571248
370839
97816
621088
666527
942255
986049
636702
170625
490404
18504
695921
258995
601061
446156
226903
314696
659952
879884
684679
813717
142435
181783
331519
200593
181025
355051
541922
217675
436467
166167
756752
661196
39283
79698
787120
198318
792508
488459
936479
329894
44137
557885
717323
83033
961533
842223
211792
137574
75747
613737
944682
393593
532115
859671
215162
374211
551137
161783
478943
393573
871175
194365
335705
539054
409742
716809
987871
157135
984750
244025
87155
407677
674288
466273
917602
374323
79590
280234
350844
982832
50225
847396
63249
714074
77648
458327
855400
570888
598957
545025
503079
80130
367924
879307
574773
565827
544847
382454
194334
612552
402588
638903
638146
501259
3127
904318
868537
980081
953743
976234
832347
841808
507879
983804
175779
373143
199569
530531
417764
127986
552934
136139
64808
433646
125998
730123
207290
461446
142977
644429
38843
44318
430224
619607
215289
953903
44188
442674
746187
203396
368013
480726
442150
41694
395626
943100
455752
977595
755231
554169
480070
908328
826256
952678
167303
793147
143869
461891
763454
458149
685164
909239
518660
734617
190151
485058
823673
680013
654617
322155
463044
520817
786965
139033
831366
764523
277689
971779
431950
460265
665435
474495
471217
793596
913078
582609
736192
777566
400951
408415
662924
716756
311759
308797
288897
792281
562733
202375
368504
419140
560183
298648
418683
604877
518144
128059
197058
973132
301297
772895
716275
311685
238192
33498
396607
756545
565402
227513
900360
233915
430832
856560
704053
142845
570163
801562
239315
47834
193506
53659
6202
317212
850877
144921
186867
269200
224417
903960
890810
917409
60790
3882
639781
918155
54754
76680
407418
628903
849626
126506
165628
238630
784957
244318
109262
879988
121815
461770
175005
497317
59444
955646
155824
774703
471568
768174
349753
813975
393350
89033
534905
17955
959992
505025
758666
721601
816486
971059
672923
591367
809888
201783
965863
214219
351595
823369
315366
593074
864291
490662
609680
787182
730747
785541
241612
23413
478591
91937
898060
649735
103237
163875
870865
103481
539178
294262
535076
417483
798004
926300
900269
920154
710613
406014
865117
213365
356617
208915
738571
41908
864059
160109
962436
318357
625718
304533
335275
707194
509683
425347
255703
729614
720983
204842
624334
318981
444647
443958
871180
605475
558037
585774
369320
589903
330708
711036
797913
198815
648106
105239
875172
110970
236270
815661
490910
929157
681963
935387
339565
873745
580085
601088
204737
461381
590412
402766
774854
945762
684591
497252
662092
309722
706615
264743
760064
936072
662599
137170
729369
770188
213289
692364
65613
791488
787523
204108
285573
46419
521468
465188
448225
763060
792112
194885
521603
881870
738699
944239
673191
488924
768017
935109
387520
60302
377548
184037
101158
403124
954928
830326
331057
921483
616866
674974
315454
353718
59000
469967
570565
390295
643457
615316
133564
484754
175698
714618
928814
321412
860236
644973
974570
180831
492293
62408
597334
25246
834415
690691
477408
715210
492289
909350
670053
159755
740595
365278
711880
392537
39526
59148
321722
96640
246887
368650
463391
983288
635997
829180
357243
20052
578050
586917
346343
260913
495031
35188
989704
335146
483744
32143
607009
824136
163822
686482
125434
392351
595855
329994
277769
230720
681315
781441
966906
878641
262193
196321
712940
556700
238358
546633
519575
425395
983338
149257
593714
581721
249411
377248
870077
880461
152908
710248
176015
663626
87200
880721
854103
506028
231570
787144
601593
824145
609777
348230
537784
904836
694139
692968
303099
691982
3705
434595
481834
371335
475439
677774
378709
820176
806664
549758
642405
98129
521259
194677
604323
5680
785334
76598
805386
938412
701085
135781
186106
42844
230788
119011
408684
187524
740663
111486
466229
8374
362394
900926
358668
128881
884204
337167
116395
881888
907480
252488
438
621622
459801
170726
841538
38513
224604
438146
82063
931394
234375
43757
852362
599824
662784
927675
260303
243355
112294
596091
662044
284369
557867
709710
941925
412083
568171
635935
708131
77874
53020
319796
676717
593384
453456
77101
543408
341213
152476
63000
414840
206650
770353
549350
143731
833108
532141
534535
488230
361362
296675
862036
281409
779187
93257
970046
7537
257028
103378
364655
913027
172078
113526
744695
854069
881732
321934
165353
505762
865684
797186
117650
162802
343660
972489
915442
679036
22852
644405
143969
773050
778878
791686
743774
714018
549411
752772
830275
409162
665280
855026
665106
711499
254020
246344
342273
628391
982153
420879
266311
506401
494937
537190
928735
603658
68665
441149
761067
194899
60933
277620
921685
950799
936836
895914
543651
546116
620077
470482
689855
111292
658691
525849
109721
172951
383181
869868
488449
699028
296649
138634
842572
486804
658849
402721
297752
123570
37467
342318
735430
980653
706042
100188
784303
852888
916932
873901
124610
892928
803159
756783
921139
258784
910369
471000
64061
863509
896756
808730
103523
804778
548555
684401
111520
72272
991971
130715
776400
263480
319089
175159
106845
520802
210089
64655
395595
100909
10097
695724
194555
30022
786652
197329
138782
864977
104228
44524
157981
353665
982685
133434
75402
210056
559546
21014
720313
232081
448711
725141
616253
3238
291717
4577
99939
976936
181381
640146
938566
40834
523036
959627
672219
802255
534210
816881
336420
692284
671483
827667
932655
354998
636862
573801
361145
825627
185149
641744
818515
423684
579056
543474
247475
496106
788273
622158
917621
478639
296138
743675
731584
606947
978022
145740
128131
794216
754443
45627
492661
536471
329528
459953
718147
279505
523779
844581
235677
814884
27862
381128
284400
637897
840325
921790
721475
906401
379082
430552
326865
329428
371545
351356
134047
538622
494060
911334
441512
483168
161002
224277
140491
316154
231718
625868
607030
939453
731610
261429
79283
111022
804112
802008
224413
504373
242940
873562
518071
808101
536840
886120
549060
352996
50328
391815
263169
661693
213099
737522
475980
599987
399930
511281
350379
239709
530627
322756
905711
540975
177549
41903
581556
636312
836765
485295
333120
465753
456507
341080
674158
652883
619244
882713
22047
798021
643760
814313
411627
121409
549491
179554
946962
322014
52254
67083
969701
572135
490451
774891
79063
179526
751799
230493
403010
859075
427669
538940
970332
917109
94394
875214
1650
98666
218196
910530
822027
481789
984178
885994
719643
288935
462616
664749
519339
509274
402316
940426
868965
646141
280866
426611
103141
127606
285840
64233
940156
934556
156482
545492
207223
571711
538731
848526
218204
45490
342413
249659
382133
376867
921309
39976
511735
475514
53691
605090
913226
441648
624417
848413
432452
266442
989573
952732
436592
139581
125451
65819
793248
842367
289541
469752
182649
211172
475923
731912
505198
119651
456005
553647
236308
746575
921157
258898
934997
831093
766354
552554
751942
508792
724346
33039
896295
486652
700965
789421
332546
707839
552946
497894
780050
963643
683487
760984
110133
103822
408427
207512
501366
417617
45687
858908
9140
706904
17227
449674
715795
65548
541078
123294
326536
71815
756734
636755
692817
611154
88743
652048
135168
686323
859185
935146
588664
739552
203291
478014
374701
322637
195710
259715
226968
17205
79391
62558
806221
435778
408066
519863
398998
487856
80543
60631
671507
502140
990831
14300
837246
12389
193829
767112
409278
781435
305428
555587
522373
350699
916000
498841
856566
902715
19388
555811
110764
53289
33324
785303
29912
394933
371016
406075
876450
215805
750304
342889
843393
403198
868406
875070
983804
496490
232512
974602
190339
761427
875409
904026
16897
505170
41066
758342
316716
837305
159755
181766
520466
117762
629080
411999
951803
670156
498748
897189
680895
286232
556497
687804
155765
86973
26968
710342
929608
759830
214256
241664
587579
449782
957719
906798
248178
391270
945731
255083
529858
203043
910829
442412
773550
659474
500227
122857
862803
936025
527554
169785
621714
129647
968373
880739
459098
868847
685585
225256
242746
955988
604915
568413
606480
267697
477296
707583
869542
533366
833844
731291
807397
303508
495497
147182
743214
371677
952601
869942
3070
58869
166756
683524
632701
132372
743008
666990
753320
12280
181856
304363
181654
185321
899982
154506
230703
632858
685591
720140
791022
744926
309598
550526
429026
449735
94939
350886
125422
423894
53829
752950
569441
690050
275626
467938
929943
938729
353569
550350
125174
208756
537467
153300
687052
576537
137153
59095
926963
539824
293034
146368
606813
26183
688836
842957
171048
938701
320911
389549
356437
736565
453893
511615
169959
671408
456575
78101
193911
62549
761485
539278
772201
769171
714242
603434
215901
826035
544418
555788
343114
248469
431256
485813
627685
84953
626412
353628
368611
991502
22653
534770
671956
631185
435213
859019
14024
632689
546891
79354
667192
140280
977567
163616
281387
919847
352533
174356
116488
394834
485871
286564
350454
373824
616336
189087
784327
782872
703184
757138
657266
573001
514094
613030
441401
410799
738175
833794
803732
911742
587663
339885
253807
940649
341717
649114
617468
56029
827148
523630
937339
23048
824934
462442
640158
619455
590628
454671
83846
703219
398244
308021
602476
29171
122688
722985
556744
746552
580282
574644
202136
315719
266545
385368
831958
908040
182862
265664
559052
398049
201991
78225
510909
422019
174745
479097
16108
971578
680617
828452
729645
474021
587427
237180
152720
36886
611279
823685
180446
400808
573840
726294
188188
849037
138959
450268
771562
886351
838047
200021
115096
602707
985870
541879
281499
110507
518119
109896
137511
720914
362334
745124
990950
500649
327794
452706
970349
804557
881560
605723
250161
35064
575291
936211
968977
41545
934623
961799
880292
599234
552600
735516
10878
2018
196110
969104
391709
537351
376148
112426
307503
880238
489789
982607
537993
813796
404530
852414
341876
119570
508010
580098
352628
347766
564510
858539
114477
167509
363491
19709
324766
68783
702839
988275
884790
671937
748954
616570
264023
911402
884602
620561
806639
909139
84321
266534
639719
680756
414327
700397
434566
817811
588362
769200
920085
870984
590612
429536
820102
152
457690
977116
190060
296609
284219
974753
59956
650681
728904
840576
458322
56499
784277
420862
428488
866283
286659
829719
821018
450646
123017
598606
177547
194482
774546
495121
326360
787573
271005
172284
288901
367853
655024
369837
639375
269114
134820
710232
641185
911597
967363
152131
523927
663513
115585
73115
32644
732706
214255
977760
309669
564196
101977
578996
3301
503391
5993
140837
408423
490752
417857
198171
440337
584422
616857
83419
489711
329043
873925
407477
277235
357370
463755
123660
940398
265506
101825
101718
578824
284456
35188
307131
689538
755259
942463
209667
836568
667863
334600
978289
980398
482972
152441
976325
295022
237827
178936
595660
946516
769252
911771
412192
773332
708170
60436
303922
541846
402697
397327
541386
391812
268444
349975
797127
638208
525940
702687
184519
894181
7911
374959
461421
677009
643865
733463
561733
393640
810510
206557
272865
850720
847585
696423
836149
911275
931540
99968
926021
383083
689943
267527
414798
675417
181827
828281
339859
690489
809761
189403
700170
128640
988085
701780
23268
74909
280570
560034
187046
866344
840958
750295
297121
285532
973453
252808
726413
348410
23905
218150
488844
556021
45128
382963
239881
746017
810254
133967
765189
210772
782144
311812
735933
363069
129217
887751
757709
837870
847182
208553
826784
182243
825365
942999
51001
160812
399430
935357
771461
397107
285400
681051
326212
683806
11035
76698
524569
171620
265883
487771
845490
268094
68371
525291
328111
168888
920237
162238
902680
920838
529485
868259
535071
154725
14846
347444
175122
434471
275491
858727
776456
171279
970647
334244
11482
970024
600646
322204
40109
523694
546706
326871
105249
424058
355982
731282
456809
257601
614880
665185
506950
843893
760881
111726
230070
859782
443879
684868
929998
493933
145843
328159
837816
164391
227781
113833
839716
493553
66148
711122
870164
478574
691782
783705
793445
769123
37703
229439
868400
861184
247595
686225
423360
487614
774158
463402
391551
863588
48494
85363
131776
758751
496588
933061
588656
17708
95650
620319
411233
455835
730477
130265
292407
235170
982367
498532
586031
234319
949091
46823
393941
381417
944575
75137
568856
749712
42461
467206
827067
986446
221124
227571
841660
403213
24024
343258
976114
516009
718424
568395
577451
956332
385511
304427
956623
432199
441521
541985
838817
636800
431106
970589
514699
707135
653335
314825
677359
813010
883251
457836
546586
454842
917650
447441
725803
211283
370200
628605
927683
171373
251963
572089
224698
220124
21303
468409
638840
376154
981355
767045
939589
296486
635518
202398
21237
453210
823835
379700
202504
970518
936042
407812
901603
964491
101995
71600
25816
525770
1402
418244
116862
586824
127302
487884
592655
367656
924913
106567
751419
239575
250764
621798
227499
532713
858917
197914
616462
62665
623093
148081
939620
919239
880530
592188
860517
510472
731962
955533
9802
33356
358532
842056
680868
272130
39043
141966
496437
547679
43899
77646
866328
364808
807481
942593
688196
373446
978459
804434
402757
308111
171712
984693
746248
442298
10528
507549
433715
359318
507763
500971
292170
973137
801839
471003
209733
832683
790883
420961
243944
475792
927568
547298
776510
131674
129016
437932
235912
332486
516919
480649
743358
279662
325111
324711
64192
430373
166839
114835
869818
871826
961502
792142
481019
675577
579005
453509
784015
890710
939652
756620
482309
767469
82268
104282
356511
713632
780131
318700
193763
314480
428770
540665
988524
179542
179200
328846
397805
184892
916005
139804
80193
65554
600092
883876
221705
672179
981400
27146
216562
713765
495563
896417
689531
446044
580375
981666
739848
470761
220112
760641
590597
617439
768515
631159
186779
917985
860637
566854
122416
655752
691879
816816
55631
763256
579027
240565
757861
245872
785150
860599
598689
598345
365421
134913
739882
602134
821056
871772
925033
287591
228154
222439
904128
701847
391152
187843
189330
985070
377250
887348
623866
3346
935971
666299
434178
733833
347401
284368
894198
702788
466150
70724
78166
309786
81853
674253
293076
224090
773919
650999
845895
213302
862221
165357
17669
453216
556732
27551
79057
219128
746903
911649
800512
783502
295874
282596
763075
894145
783082
707150
834899
401584
530750
429124
738645
927799
249174
694563
438026
570947
235561
655440
483762
354204
265532
19444
143366
233858
358600
380106
768572
822384
869008
316627
783647
601346
545920
976023
191329
404742
30515
218688
794018
451320
905931
705405
236818
530131
61904
659313
96959
447528
521497
493334
55786
886731
519404
467073
827921
721360
425396
489870
964408
98276
870315
854243
437700
569144
914878
442179
511873
214390
379830
208894
280988
207712
391390
18713
732101
366779
916452
567392
543273
41160
679716
171923
794614
601116
963394
287668
170393
566952
320701
68507
831424
944773
530497
748666
276164
963692
769407
107804
451225
952606
18670
515967
319037
536224
453569
849709
276816
938425
154717
153855
131991
497308
111701
436147
931838
235392
494674
381282
93161
863078
71871
952399
294698
874818
835044
846641
712698
729242
985100
530332
441200
509628
734586
590448
405257
331142
919587
477004
268380
796029
315147
160174
167362
518080
323931
74367
104131
103262
275448
716325
554544
361203
592361
739139
98170
145825
671712
965986
876978
458749
591691
447643
390240
899203
293683
340370
607318
458735
811854
456876
776235
964077
146416
645878
198785
553280
659578
135557
782729
918258
950711
969750
247747
717404
532933
254601
162210
746758
267867
832181
863560
525529
398035
764003
82148
269535
725724
853374
144112
107984
362822
944953
302298
284035
688121
402846
691791
463442
697517
467900
581887
564516
445429
985469
695808
444087
502408
150936
181333
974562
390723
102228
773296
276775
122599
229154
332749
970166
326835
123867
191018
12054
71750
587104
222154
391605
548206
253009
658320
195147
634370
894459
696871
451019
404223
294313
163341
61878
182663
112991
881578
624537
480394
488217
120559
773558
325746
870214
206565
535536
919277
799379
650190
500248
156059
699301
961186
43472
748666
356395
724197
851863
565264
294180
251559
927367
966239
724066
755018
266072
392334
428932
73882
129505
577686
251051
690520
768367
608974
179336
460032
361560
65485
635999
812933
243386
757074
22913
140849
186166
510513
856158
162858
843425
214941
107289
318814
647756
701213
76963
536013
420001
386848
956235
517266
779260
79154
529028
724708
748965
293434
280236
882213
210760
812784
831721
267201
5522
374145
245082
618345
855010
868275
407806
449187
646643
178200
99204
463555
71627
220485
676876
79619
624612
508005
704702
699443
969624
75765
256463
415342
697180
911792
930532
885252
174974
479092
623726
146970
621411
98612
110102
734369
647260
839494
219874
55425
305726
168040
548728
149662
788173
805270
743148
527619
267340
70865
450770
372831
892812
953508
905343
480062
463373
824766
703425
132759
310091
585760
586207
279719
791213
125512
56171
694932
820731
918476
158769
71649
425111
724670
543013
752549
356962
256181
112216
417062
244854
355644
934372
282490
338833
795151
845593
967650
188887
560338
683022
864324
239538
613718
424466
391972
598632
774849
188839
952145
371383
618869
171196
132970
557009
784571
981766
640449
590555
277202
212217
57819
301739
337068
967044
392294
35961
852791
694966
268738
247662
456133
313270
262482
457031
519504
421123
795393
75621
171487
434661
487332
95642
801828
491862
398901
767157
441017
195961
587848
395254
862697
860952
789014
46380
154113
350999
322691
789035
298632
679557
481307
25871
501726
106009
48972
126348
227220
853650
348354
612102
920052
976272
321470
677579
874244
14408
382958
706306
445974
302881
738859
22293
79262
265707
615012
535658
898079
592472
566722
229295
122823
977562
863506
145761
459189
378163
929782
528932
207244
845718
518727
852403
132759
826509
815926
270311
347329
70832
150951
327297
451622
32628
797014
442756
427748
561330
574585
939533
17843
605722
739885
214199
189062
349134
8637
613424
53998
493678
594814
106915
350797
651068
288444
738282
851886
614436
617996
226150
262237
410582
384921
727443
408716
123013
189567
320392
25640
327179
157554
854719
799201
192386
162973
270043
238218
741848
748460
96478
223983
135842
624732
815544
50300
783593
50896
211235
226755
277447
818568
653306
691154
609202
668613
506146
14488
436575
112913
305076
436965
702883
129423
173495
592491
991607
251890
884900
346143
370669
91478
760502
667396
109550
49933
967756
291296
159894
631608
358476
718890
226179
62546
845992
6849
693125
853346
192357
371729
799627
540353
38820
146997
772115
583656
599264
866953
101110
544536
272990
313044
355492
461512
59007
579153
54440
970657
956234
300392
137592
245801
605977
515560
646096
901444
643221
736687
670635
91042
270713
883543
87077
408660
610902
726264
257588
907441
484986
690867
498006
598141
759729
291766
428834
364665
307071
864597
624544
351876
254235
698551
537503
427952
648105
427355
85426
973734
877637
295837
156657
333348
618632
270915
875314
718858
869766
350279
729587
951404
66274
923337
484412
762823
584704
258735
420355
880993
791425
582035
947563
943258
68082
973131
523471
279084
868009
51229
754812
256360
166871
850519
895780
472770
888291
949862
612670
673814
933672
481744
666548
884270
322312
222196
802213
425317
343508
247648
62744
134525
881925
29616
403281
593099
923257
907018
698112
221877
189748
895973
632234
914794
805831
729379
633072
859205
306820
712292
627700
515477
166846
298976
425610
747956
362437
813564
497348
766772
65895
759349
442743
27093
781647
81737
949062
336094
276404
501623
880573
328454
1063
911751
168952
672842
739410
941298
603450
612032
163144
731582
695744
414721
124065
65530
462090
9233
863951
688922
368935
587183
788053
279845
397876
959889
442658
438300
251237
424955
512956
873403
851876
51015
259929
367213
392849
56064
106930
811035
978836
761044
470157
307874
660049
221592
860404
420269
664493
919083
887309
90991
342586
328253
185864
383899
487490
342795
415272
161233
357341
317750
915417
465370
767070
379533
749368
494244
960175
613602
613795
835823
231239
179515
664209
724258
574589
372460
525657
643126
308376
265287
276697
796243
299417
98470
928755
771140
178064
80885
499302
920439
391896
423092
820639
297186
398013
844875
279572
187788
482803
7275
269331
596608
714257
422830
896387
709856
862039
606057
774269
51508
790878
580176
14540
559377
691025
234465
365057
341040
894016
354992
407106
48658
334265
991307
966249
235843
879843
259483
804994
378534
847738
207743
17794
404430
658721
674439
18182
555962
488030
129910
24468
903189
744937
728336
705
405478
391822
475834
551280
643000
616088
525657
570104
650369
100434
112693
518716
725631
551933
708388
38109
361400
969191
422726
516922
332199
336678
826412
738233
891650
700162
556317
869590
24127
660794
13664
134510
472760
534188
217305
291335
782384
908919
210495
627497
454037
3890
629020
105975
893575
456059
270131
751352
234686
7844
516385
487707
414182
518013
171289
195301
229877
494488
518009
113056
914463
505858
4073
714249
522494
695683
793557
644495
283468
97167
406636
360658
370643
72339
408621
267403
769646
492769
548918
810894
124803
623759
453145
691615
891408
325108
861184
920264
210420
370869
161377
203685
325322
941405
539449
115267
369520
370660
749362
582454
529538
55927
182289
358079
931259
323375
839694
800118
595951
546361
180212
179848
811310
421769
750296
932375
685610
116922
151079
741703
712500
618556
643586
119658
457106
311612
554265
334040
928667
99035
863931
464451
511625
278009
914869
198988
572738
499666
4691
207635
921436
508985
259959
412510
402039
578083
543250
318023
439738
800286
275065
705109
543147
169438
646322
619407
901660
279004
853948
729987
353051
107451
381806
624577
971999
979339
315658
587338
446778
989844
54151
146865
50774
130292
783845
572278
871022
94829
253080
735101
105146
344774
222095
949746
300807
19418
815793
912337
62921
216598
747392
628530
409686
599060
421627
785948
501619
6022
578230
386682
608527
50622
823665
428464
67575
420533
285197
38129
28798
382640
582948
425971
280174
270339
764261
957985
802152
116858
930673
702083
299165
397938
505750
531027
50318
218814
725169
179440
335114
134446
809367
14696
214582
639190
38926
398863
118842
257202
431888
66472
305008
172600
424669
623926
745866
667451
394062
214395
563969
656784
148181
815360
814461
936541
587812
540000
458533
545336
686
437034
893874
928391
38796
553378
571266
449387
177036
912140
339855
385542
684271
206330
926568
679330
31748
28115
130851
773954
439469
439989
106099
737939
335263
437394
579663
35130
603246
715984
955669
677480
461551
922905
6001
74727
479149
295721
251242
656366
46993
792734
554449
570095
628693
29896
758499
15049
223623
469746
172955
382986
273015
624504
212119
843279
441472
114719
784379
255729
334461
359890
939180
824465
524525
650396
160970
191582
124034
190899
69372
655307
448922
843772
669909
125835
734518
658891
472285
881570
969841
166647
619397
766098
776648
352014
480447
102904
668208
821676
945849
269613
229514
309414
817224
180396
867728
653690
807316
341895
228705
531847
630927
771222
870832
305834
821548
173110
547011
935893
770211
369463
569875
116178
858255
463064
309127
531929
321727
972301
525198
104238
456507
128459
494319
308977
963164
100428
497658
17940
536215
973736
70905
225222
227112
565632
93878
891485
13680
609094
462114
36680
531780
650958
226980
111622
659981
112656
617424
794789
817956
138580
390918
162808
599053
24301
841500
61024
605116
886440
823810
365571
434859
101840
84944
398370
437596
374124
188378
517884
926350
648691
981824
395134
490152
37063
166778
387482
552745
479447
368434
896551
979192
420593
534261
816964
255977
787124
905286
288614
215530
947718
174778
759230
433302
844977
708291
523025
857719
119169
219086
7951
267604
482306
625202
49139
986907
278185
314014
974461
144916
36225
879088
394894
106278
577596
110451
374032
397262
693595
309820
303109
745229
874655
615713
160598
524804
522851
378141
522226
819135
358079
171020
702832
657248
280823
641553
627618
343282
844983
558340
890382
744422
385891
652449
20791
888681
263764
837643
892781
933715
897434
144873
641486
515797
23546
669133
114524
677720
812583
252279
966614
408030
458953
903306
369203
772518
449641
686275
389755
909420
317782
178592
71516
895197
627125
849176
155930
498298
778705
850350
77737
121909
355819
27916
726892
231085
968506
956326
552309
368623
13473
348542
374523
374828
53402
103973
121178
275182
447508
701701
176893
909558
431902
344844
955948
141245
115984
568463
747186
208500
607716
609310
603018
861916
979662
910997
644615
692554
718853
565868
183402
576223
897858
609242
170384
256409
139866
89872
987064
729686
344778
616922
693896
930960
96293
544394
898175
240585
126856
491186
831046
163891
285733
793152
559490
88975
610987
817278
641941
763283
619575
26141
811624
701910
869320
527462
901625
108722
939766
371532
575899
941403
523229
268194
75561
94316
335678
791894
171818
854320
128084
805833
412975
315303
647074
741778
786899
741562
330842
619069
800465
671308
988692
358940
710463
903055
174759
431599
150343
696706
581629
723226
53453
975396
502509
794354
124889
623977
65821
410328
123603
111098
597076
298710
382798
894355
414111
542968
14472
402913
940662
269219
922809
159423
479838
910332
368433
768752
449374
143621
947932
475006
388473
380367
904611
645957
294561
381589
708030
949061
775511
739031
680896
937195
288810
979960
463894
456314
587027
36240
600160
713505
948567
858440
238147
500590
269744
955938
228064
10003
944564
10314
264263
223755
960463
133850
982362
153241
957340
732007
65210
324876
202385
281161
943126
506114
389598
241942
766787
642425
143538
936973
649947
655764
272297
619422
923177
312360
506262
940912
593076
630302
172843
857012
356226
19429
536177
762315
342210
982807
650605
321567
364224
559027
376950
6287
937854
612652
316997
77116
579537
716846
102931
976609
16815
807393
574124
37223
308348
914728
159382
187902
388178
881895
371776
341696
433344
432800
553356
563494
338373
146670
195645
223166
205480
607214
79768
558476
543228
547465
437815
444683
343073
841400
629740
966340
422598
118787
149908
156300
963348
196077
114119
534886
461457
168038
221842
564359
752496
272127
599133
230235
494782
910170
857710
323036
503924
474975
97298
971628
306261
588328
603753
958384
79689
93171
848329
80690
836646
430448
619226
710732
688993
376177
483514
662679
310867
388286
711860
574594
690608
520926
107379
537684
204787
48101
746710
986377
213871
98107
825372
185168
546927
53937
473006
486123
314332
945798
615340
630309
123009
505404
357040
586020
97421
127551
361803
433834
198514
666306
425834
306766
481693
739061
855278
428216
101302
439143
468778
207546
345785
174650
399354
136639
738605
368727
379880
659981
171320
757358
245465
69327
774049
760893
427328
50246
767936
491262
333837
553380
280038
247357
525549
496171
918433
174538
474673
886310
206011
337883
879999
419011
290620
872069
798248
2573
700471
669694
826551
824767
800362
311181
880713
439521
699706
628753
797766
397028
158716
271960
946835
473885
109109
232033
474715
30339
411003
241378
860407
407111
679960
346754
275691
546969
459084
914919
640003
939487
873250
96840
485463
948770
488781
332936
974202
230036
926140
337821
756679
836921
844160
660203
794406
62015
161294
769978
615999
346466
59762
337911
727009
121615
499889
554691
372336
397050
735150
918366
208972
195244
947705
474919
26681
950124
697198
486624
945828
159704
669402
42334
520100
605091
386525
487766
735354
967056
778216
879162
824556
814965
841031
645536
52534
962755
263367
795928
670601
171129
445347
710815
18583
629092
628280
332251
699132
427655
255394
309489
625117
711429
321535
571358
232329
887839
213827
367334
174769
123027
181973
318305
118902
38815
127380
245979
986114
536061
627929
926084
249714
126581
790259
324734
234686
505222
90241
432951
689745
191658
460
791007
353553
387378
593265
133563
165839
769327
168043
650540
510351
135571
40739
764122
131663
53030
667741
450128
165413
533825
363246
45697
317244
964494
594031
213878
65251
890615
105131
52855
128110
307297
637866
449324
209039
272729
150577
784266
446707
346316
802096
458991
205194
472097
369283
274089
480143
304230
206723
189791
953754
817616
961789
471182
518598
386350
801168
223198
810756
346196
544951
335442
727394
888640
521790
641145
104861
849154
302964
647601
590388
676112
546210
79179
137857
415609
165975
168842
411620
657110
343097
279399
298622
288465
479813
129826
157950
849441
900781
674510
897763
837000
348583
93044
991794
359688
718623
489068
594548
198297
347623
383922
53653
820755
239336
760701
645489
227828
332251
74272
676058
63826
699468
570622
312140
185547
74859
700331
826462
23586
399406
506198
349594
67200
227294
206609
83811
167689
161210
405483
6894
321405
109317
357495
143205
734380
288878
292694
180479
392228
78671
444834
210760
314326
365813
249363
571606
493976
329216
53297
464091
818729
800456
58753
961269
891279
890029
317441
777701
815272
46904
347206
28325
769977
350173
648820
540836
450941
669680
638898
380034
74144
946014
495965
735679
30565
365479
755081
630091
280945
744654
639840
511509
685209
591924
329028
964912
984202
910524
599289
489157
712854
825974
945308
908546
178717
602211
21
316313
677821
192340
426925
872392
634033
418563
452731
488852
654208
504967
818651
396867
344429
241619
982939
196376
382046
844944
299916
161539
663666
555213
601646
249096
838991
489371
43143
890093
685426
804971
490042
616564
832472
694232
448715
7802
398086
255669
460265
529966
409768
751502
868497
500272
210820
40634
113885
56680
883892
663308
357839
379510
190839
800930
228444
25134
987111
360975
236527
312080
366070
97060
791650
67593
289753
236428
655490
321718
827370
399741
530980
209742
967163
158063
153333
366832
558237
634907
100164
945533
732696
459465
857622
823389
47898
799068
772489
352149
524207
907432
574541
501324
882463
917933
580371
939875
621519
251991
979766
591675
927381
298083
543197
272029
527947
255305
696149
680953
451326
436838
17057
147793
556512
16969
353068
222731
623729
145109
260625
281623
435682
783438
652707
839273
134458
7107
971489
410274
54649
255681
503925
477494
621597
354693
116313
483885
384703
956089
931814
260061
406020
608517
520153
204295
716347
910599
872003
440600
902764
967964
179535
253547
76301
569178
143713
366986
468221
290629
283200
879093
235840
77846
31492
770552
249752
322764
522227
303960
197865
208374
363442
670233
446499
668992
799326
505983
933574
888996
344292
990969
24447
340432
817327
565105
771715
859808
762609
370179
214068
330395
285834
661249
315245
682680
745173
106142
165663
572428
115192
815107
478938
610257
898472
504239
19563
27116
35264
425925
901883
176119
990481
114411
41084
809496
116454
118482
57173
901395
48910
597623
673045
48159
821532
175734
762649
710019
618664
487497
161734
202846
969666
416105
785746
707376
180969
207347
695434
840105
540410
661861
9478
160375
459939
626480
630912
925893
971053
977633
201334
235013
634576
258009
490915
244533
262592
536398
18718
568932
940336
480092
691902
86299
348772
542198
293341
846935
661848
799833
542959
439615
844151
788249
18356
826850
682151
634811
720497
743882
448907
710614
785846
269355
204485
732822
95897
367434
580519
98446
232172
616550
115594
747282
793451
532509
65432
390347
83500
167552
480700
862068
569082
701280
425951
608315
430283
726294
644060
937295
611619
683086
53081
813898
947628
220297
14661
254130
88963
304525
127806
365181
802608
890640
822246
466750
640990
325731
56649
437715
259550
413105
118451
913375
529742
563949
278552
882612
297778
821518
224836
99933
367766
843679
957281
418995
154696
68578
891078
46194
670801
112464
971781
40568
148121
807067
760783
875332
762322
767110
168839
110072
207213
73436
845376
556475
30026
638966
916786
464693
426285
243274
86190
880111
840044
487982
799315
293321
763878
739752
81889
259836
796869
227110
617294
479265
735315
756088
201727
798279
230419
502904
130075
22152
77762
751773
797372
678532
153479
984942
132546
605543
583391
945388
299644
485077
921201
874650
802999
516739
456316
385057
529376
756631
278997
649379
789217
788475
459388
725937
405710
41976
817823
861428
786120
488018
948268
65803
109691
357088
246468
365816
915232
103566
680050
761235
533302
289807
944125
522420
354693
608686
663768
204447
596411
122682
611259
951948
271989
859591
499237
961341
192665
112065
692546
176647
602532
700380
831282
168516
121457
826720
518001
309141
420117
430773
591805
842548
501989
391918
784655
907893
722682
388094
38778
247412
818201
65776
846919
6538
794807
62510
404993
52522
18991
205835
494999
933489
359608
206836
435480
511652
795109
349399
180719
430507
495221
436041
397466
349830
28639
931671
834518
656209
64411
853565
111930
670358
342908
911467
481076
782627
910346
808441
286130
565864
970700
494009
776865
749901
260566
843924
669095
185766
544396
484778
139982
911620
115541
171175
156842
395122
16751
357907
13448
285629
645149
671824
951271
412334
743620
18522
589852
856815
533404
71272
162956
432430
592830
159537
476074
954824
943298
642891
617417
288184
603592
567751
217310
736602
352250
696211
266709
617213
154120
146612
16073
591647
739964
873683
410810
375173
276216
909334
111077
156476
915802
120559
938073
394428
338364
502206
98052
717582
759171
692871
641626
980798
901528
571186
95248
423851
826233
646196
181445
381771
168455
333174
680949
103673
986092
910300
341920
208514
796499
828356
110912
609272
199050
752970
165863
323290
610470
631648
977804
202246
90842
15935
389622
818912
137959
617049
98957
97709
32017
973696
772919
175344
501191
898013
695536
881893
315979
202287
694019
482492
423545
548465
569834
972927
667318
932924
324336
789115
469040
551830
569531
303010
628067
714282
964508
531959
727676
946710
300370
181085
98944
149951
156685
544821
401745
391186
625384
491240
372773
412637
225622
936886
534627
858847
481599
510256
659933
81548
679313
317858
651564
758531
414645
747393
665028
798336
772495
335171
474863
888462
730782
476570
757264
474736
651571
110194
373554
467276
390059
192357
927374
475912
700282
58916
71293
720461
296950
396324
482336
74475
752027
300519
497
694007
802787
583935
73972
245821
789451
797264
416808
906275
215855
455412
164295
238560
583774
102671
67182
585013
921271
718042
140521
679207
449673
471752
434822
627502
838399
367313
918714
576804
433759
946159
334400
485348
745822
480721
516216
79507
980696
440541
666596
377466
336597
49678
318322
33967
879405
741468
218629
225184
95698
978035
629603
265598
928891
802697
764638
773219
253720
976550
477400
650230
774260
200105
273920
904638
659863
616682
338804
333958
40779
849007
159169
263128
921514
844693
259011
49789
421259
179138
474280
338630
412261
668903
14677
346434
324611
177393
10344
931734
815889
512108
541350
964407
372648
112994
950954
930107
639486
862500
75352
603178
260733
183311
717817
483696
293702
307870
819926
12868
204706
698721
647530
2671
815914
82212
382984
822370
472016
409435
203083
646733
774389
105158
113029
440284
148760
44962
14655
195373
869909
240284
980668
614142
135616
690118
189316
84980
834702
558741
606177
252690
664642
110273
915765
519424
331002
692995
495561
246967
142595
961731
112738
855729
842033
268991
28038
297234
949064
953712
249159
848546
249662
953406
67426
424737
499816
782017
89307
458247
590579
32495
948521
255491
657768
718627
44526
255836
922626
73720
951905
104317
145651
91382
181965
191410
934628
266712
116250
630110
733433
548732
319208
262587
278713
692
227330
588601
550992
847094
126854
752047
955582
852138
759819
789199
591300
419040
289680
302514
267531
379727
747098
988059
378715
263009
620169
133089
72011
246717
658988
151484
33195
943341
775397
74159
261458
920337
889339
236068
91012
738630
490625
189243
116075
420082
570513
778149
386580
53819
92041
214538
747684
413917
677752
379194
521795
331277
156763
289508
373427
429450
901924
108057
120092
66270
527346
303595
519001
212505
640308
36854
43658
344688
986175
856619
126078
229063
888845
512396
578356
235600
758641
335642
979522
745191
188615
215621
510427
244739
443408
30282
914664
771190
327814
516888
988823
361834
536938
756257
429264
824153
361268
443609
433889
920259
591357
50452
319506
612324
804494
78808
785500
273507
614429
627414
882643
103146
479645
769679
969402
345420
149620
427073
200573
520569
985739
254299
922527
982116
392203
705668
773016
245536
485713
686167
333369
184091
275737
844690
95950
945322
289227
736966
886388
239498
488070
214119
214673
820771
490318
201297
616051
802433
706290
952272
800446
408293
44211
505197
136834
767213
517010
790614
411721
762459
464952
679060
244234
789629
598723
39626
543378
894606
713596
836704
241716
242935
796164
521587
139763
184057
261009
541244
75534
118048
880336
330168
638151
885255
617214
462571
979409
646785
429197
516938
980011
195486
879287
768017
694759
258944
334394
207116
536553
274154
422914
22795
921771
557377
927667
148050
328396
927558
117862
792706
963309
708622
238917
978895
821517
553058
346738
622661
340811
330830
127318
289877
284910
888410
522312
987136
498031
952085
759978
300026
902473
586904
395104
818444
591551
499665
83438
117972
790840
798085
325398
649357
703546
551654
789823
220185
526809
233282
55167
878318
945055
560947
943883
883195
581061
440285
689784
76536
693880
61534
138927
593185
296545
406814
193403
753892
268919
589948
223882
841134
331435
675759
88053
398264
289640
88071
829269
673449
315054
572478
370047
345658
4022
562036
729903
86290
751064
674209
272513
645252
16666
267567
979865
129721
622112
821090
96226
750216
427840
20701
169429
194941
38075
923905
424476
263108
956775
715489
250074
919718
236421
730346
645188
877572
577932
603758
2743
258322
25568
432935
848958
457818
297127
1514
360825
324778
123395
182598
278547
137961
142770
180317
803631
277037
734042
989674
801427
143854
780796
859913
917426
305943
417838
790202
338358
415992
561823
153391
315606
919022
862069
649798
158585
692121
156060
461785
462989
949978
722266
363218
611162
403732
887416
58678
948153
947392
301454
327964
984281
312022
215347
490994
380331
724649
330557
389205
660012
771358
981299
160067
424435
289705
44871
586110
937427
834953
167186
206123
981932
206291
182786
90636
552141
569534
298674
280225
461208
489979
708091
986750
675044
457007
893782
955830
491529
173191
284081
515446
401299
427021
919959
970201
721208
287512
189629
182457
80821
372051
347997
792179
929891
661023
532703
527816
513681
954797
378609
678951
856761
569404
30806
329077
303450
593041
351943
2644
599252
576679
119990
338204
770086
658521
343405
820418
322459
578242
941164
470874
557675
985202
76017
753063
863317
14286
912012
96436
264271
714856
615470
763409
630457
173227
814285
628544
818799
267125
725928
334731
734526
303813
855015
308724
199133
208333
732000
542919
272696
815347
645325
440981
910817
562380
810031
357963
636712
579838
208235
904579
93305
414447
289827
407557
527351
992100
373991
719248
224532
511102
417398
941009
239737
672781
526018
470966
297723
193389
26651
472486
924852
66518
502006
515994
791764
76709
876344
717540
676712
816828
183279
457451
688185
793085
294001
974567
613182
929750
152325
187444
860815
983919
283169
597807
390735
240677
290304
182356
253262
260874
756446
840173
354725
257067
783126
465378
808970
750641
482862
226210
768946
948939
469022
392507
372849
648502
953052
379391
474118
972634
629329
607721
806924
30932
958375
782109
269825
54760
943846
439548
800731
779231
394307
85996
428075
169058
638026
942702
383355
277422
884203
564992
407063
353253
951858
423055
341113
907828
668857
469819
395748
631582
148960
831157
371986
657334
589833
197893
580374
381546
945030
174973
190737
586887
357902
497491
65674
776978
70260
792665
383611
327273
206915
3572
806237
703332
789061
803269
154577
183039
240401
991620
381652
704017
699379
437367
538268
602773
425040
563257
834788
154777
386342
365796
624604
5731
335299
507973
588737
823765
297052
830885
805062
148207
943956
797446
444960
699665
500987
421286
752209
920184
565528
362073
796588
829522
166711
259283
867802
149122
167555
196535
370558
319550
566273
375107
222264
226782
561853
982050
630431
725880
232751
217360
246071
418106
506765
488357
226358
815632
960160
472451
703425
30150
349893
483528
318710
551083
306303
450824
344008
327233
844478
215077
876556
340323
12463
49820
137587
963163
627754
48023
314523
241499
12396
618907
770108
581690
776799
732160
654907
527736
704997
987781
941880
658084
233198
842812
158628
858873
535540
23630
694878
103762
662502
595208
648006
13093
420621
397763
116857
84692
523374
849683
738571
956889
980897
22790
743703
563152
458826
990856
472077
205340
587098
925484
447566
361392
635551
678631
973439
925618
218181
552223
17809
782931
394520
493899
543498
848486
724292
9692
344613
881387
555675
613778
84723
490925
507540
860018
499368
785326
211999
156960
103705
205845
134371
65242
204114
466470
194427
586902
678962
436731
957715
753365
362040
206156
22576
643535
719889
92733
544761
264211
303890
919511
821027
336165
749182
844134
327735
63625
689746
233795
270965
4603
239471
332135
31575
152403
323063
471679
753186
676637
979105
585571
747283
49103
780765
503282
64215
542978
176379
397445
99885
17688
539537
365569
93576
433052
24057
190105
869077
469868
223535
220246
684830
912585
152474
310971
646520
454527
693522
871552
475381
746982
814475
252148
137713
155284
934107
134358
927590
489086
60505
560162
444561
586647
629738
355741
107581
141266
689229
735616
468203
302677
804667
705648
918564
574850
34901
127782
923700
348065
611074
341322
923910
464971
378373
323881
875858
697120
240416
364912
7814
669158
986941
916687
972155
978040
598619
447501
405149
596287
635422
657902
52977
245319
568479
175974
435011
370530
345631
845636
645090
922079
170519
675297
840299
944545
359107
522044
17328
172811
307936
635209
940299
146105
211077
76351
662724
614918
651383
788271
641922
97385
49971
770761
249806
750968
815484
709349
917989
732357
941277
509918
849735
5064
339855
594545
275910
740584
265950
258386
559202
775204
346134
672479
701835
604442
203133
282713
540583
245016
682799
639675
809682
598503
333912
462134
822145
484552
147594
353077
509704
37506
571240
495329
419318
585025
186312
373285
988403
98052
204047
943346
182987
583807
853769
607690
649290
277141
634588
338823
928845
731719
242584
941663
767472
101409
308091
141484
928735
954565
332046
150337
880355
326333
860216
615629
281074
145671
513710
120678
428668
916730
160344
947687
979989
428413
63195
455263
599954
723701
216758
477353
771708
561239
743155
963095
964537
368666
374005
719925
256092
494591
665632
592784
415509
470116
160837
79897
826079
578462
252419
783532
729103
855342
643895
10058
912685
808284
352535
962418
430041
852368
58561
12961
118619
777654
935828
450526
852153
278944
206927
379301
826272
441518
591531
510104
651907
959065
298571
469067
199901
539467
22467
718989
218129
328417
976205
471804
729661
74042
804986
307272
169473
792590
721337
465236
59792
640789
160188
86716
211978
698954
105981
54642
538625
760708
313732
337097
945682
683546
669929
740086
501539
773341
307742
647954
931527
785839
4385
379515
830537
293524
644551
686266
135353
608195
164715
780667
970065
505745
202493
915788
110311
338270
159363
55384
343684
789343
500761
330824
428745
897225
210927
811153
207857
164675
206209
681754
213044
632323
442235
8249
189494
297590
810645
787604
773996
334791
594225
745505
544199
643937
672623
108977
559716
353085
901785
74770
981322
920461
382246
737909
234825
145199
507444
58385
506845
705930
46228
788390
511572
14261
812548
875285
830293
129379
828592
463703
736189
823675
236390
804347
281804
560628
644186
596501
348618
143747
732724
861468
936512
190328
695617
446724
917686
820446
687699
381541
777430
147397
615813
335276
704422
371659
225373
792263
675641
818231
823808
754601
662973
985573
40389
391237
578419
356779
314907
49513
442461
335080
193076
147995
166693
507268
483806
521085
284831
490032
685671
281347
239629
667337
328785
917760
212124
641955
525501
131591
80425
336197
941003
464205
99926
34803
35349
528204
357714
184526
850951
987048
862196
28634
134777
52047
220842
462989
896292
159430
338682
582976
116212
282492
794197
287258
396883
655882
803260
703792
711612
644181
242399
241627
142447
253151
150792
844751
785067
314793
535096
747933
591727
529550
565869
986368
335223
250671
468392
893063
228485
501313
79204
448419
186520
871117
38684
646349
513438
729009
694693
284800
931476
465886
322575
88403
426626
797604
731343
446818
469877
268692
209065
858858
852983
764408
676064
266799
660826
551841
416562
654123
833797
577283
305920
630761
207113
42173
59832
654971
146183
588510
926905
452175
14420
357075
182878
254220
548630
536933
749486
431689
116704
841713
931596
165177
367169
741021
179545
279535
716897
194435
881035
7987
537176
466129
188519
692176
545347
642284
610058
129036
655232
549234
19905
723163
777265
818939
760841
522532
280540
287385
756340
664347
234662
201938
776967
365956
745345
615796
56010
65191
390288
125799
362621
690045
800512
950981
741714
703078
749524
734362
404812
655178
417161
540819
142619
524081
891190
414887
135821
833759
175419
848370
683433
782440
70016
51379
362264
240717
476844
565638
367264
908881
441026
166873
685611
597308
969336
632916
844373
539646
174735
645569
103061
587555
450762
611966
394858
546107
74779
826402
53602
231237
557817
368544
776127
584203
880125
866080
436445
297054
193724
192208
100238
382559
281604
696819
836197
549519
501658
24148
377929
874583
585245
302801
864577
4622
976887
308687
120000
108396
966936
74935
494563
722043
336541
11873
981123
115617
393092
596932
877930
449896
13996
707293
523106
649154
987706
292658
714135
916370
931662
965225
919317
350779
708902
288217
397330
248977
308275
354313
545314
577266
715634
350578
285689
779746
782857
775190
182232
396988
287740
647357
323210
56870
473095
602576
456440
16244
284679
420359
529813
948592
806853
27252
89385
447930
554829
515173
685399
315562
73650
449881
331692
516203
452334
98433
64276
330680
897044
742578
535303
726567
621505
440699
398921
722583
266882
556508
629292
921526
457676
147511
46070
9917
537297
355813
851906
929768
750341
918458
418712
114983
938363
414896
500886
367500
622047
206067
254278
321163
992273
115235
923723
83691
602018
75446
407945
578649
458364
543700
990887
790749
56793
988614
107823
763377
683099
607357
703652
677297
122410
747480
63523
422847
569938
417762
408217
615635
452319
491746
124099
290749
325924
707668
317396
43818
657666
76572
887213
759968
720634
624918
183800
942703
51547
720433
850442
553254
449116
734886
119006
457073
721607
541494
649920
576657
454195
13104
252744
976212
392297
262296
428999
68603
368705
631880
150602
75364
368112
452658
915023
634764
523890
149597
852164
2380
77306
116374
249416
5394
539966
327706
375467
295487
41808
129458
901782
790677
250713
114938
649792
527659
575286
448404
223791
439841
526890
542631
806549
523345
228976
558102
126676
904967
974086
477496
246138
75689
99434
772877
101777
58049
541159
541722
528739
408344
829303
791085
336064
732193
924748
445879
868789
66461
159264
145746
411005
366601
567943
600541
967870
532225
90589
277518
237039
750767
336618
475699
194621
444432
730997
104711
170730
397286
596110
154691
41491
529216
827519
66739
447749
254264
432499
143648
632075
88252
803688
530830
966034
709615
5739
432399
901565
667905
652699
589465
457490
533393
385207
705741
692330
868157
824192
651352
46429
440041
509944
144486
711534
107719
43181
209183
341397
299233
175673
49564
774239
711008
736940
552009
446707
272981
505600
565645
98688
694491
122720
563074
207637
230131
20394
832434
597981
550139
378694
60898
322490
654515
606121
124127
656360
548000
598742
562498
129038
28104
255145
912539
623861
204212
5244
870675
244893
618208
15601
951548
483167
192535
970990
990193
907477
920247
911907
782158
651436
343973
528310
876407
425905
765125
793226
608107
935017
437875
453472
177198
373243
731168
547335
898084
118008
885206
427894
355410
297184
616059
846593
444875
19201
867920
706761
635643
760452
246743
203088
282861
19914
983561
117075
584704
326646
112272
622241
23826
924515
324139
969356
978994
637494
690414
169551
64616
602213
724185
278271
48224
657508
923795
538099
930708
748578
424931
320295
919245
725297
827327
718857
619180
321094
68492
2576
737488
962957
385583
356216
540243
765272
639890
211329
336630
59682
85120
833670
355202
194026
336183
96581
912989
804344
327267
341823
331570
26667
85677
173958
579427
303139
335253
734259
861745
916779
624225
599328
186641
918850
508282
624116
538706
986221
291243
593963
183450
895513
132562
315833
143783
989208
668553
183446
165717
631734
4823
361765
462817
615637
685744
895549
783286
410620
839010
966967
626905
499750
108167
732078
193223
741627
927893
882586
561570
190295
278892
979625
53829
670382
515810
55511
142755
836415
814693
542125
888829
529177
745642
135967
71776
591127
383022
953806
395851
465766
931307
983415
984200
829028
340145
693278
557445
858653
312395
598919
589223
110081
769116
887582
667619
191116
137529
988255
231506
483547
621682
844668
487169
946446
677767
321864
658450
920138
943478
93480
733658
222208
254372
960308
47846
82868
854416
900424
24877
20271
785439
806435
785384
579521
757318
531369
986226
386883
95950
758283
744703
167054
823620
477297
381707
701381
73578
331758
736223
187724
532692
279078
296471
751230
892053
813993
514412
654276
526447
975727
373525
884711
457033
160728
883011
251911
49734
317516
799473
709144
46562
308232
2855
941578
206932
580425
105349
821855
448377
609773
274050
857848
717699
833170
229334
46760
113558
581775
78284
921435
178975
410071
16552
417458
825654
71114
104995
774660
527440
212500
777627
559737
489493
744861
610727
798789
463950
766487
956401
651770
9125
267693
226082
362209
544324
934449
826086
205030
304267
624784
645461
397142
836778
74356
298706
653784
953050
692872
949077
317329
697718
348361
655202
785163
796261
240197
21641
329877
561984
378402
271658
875190
219401
125218
140523
484710
720561
6167
743445
9458
17792
259368
980599
40931
448191
584620
920517
458931
214628
693561
925099
922906
918585
681389
599475
190694
355008
762538
947092
467958
441096
298072
54962
433675
220522
802353
353381
112669
680347
830587
583843
423331
290087
383786
680807
895380
470917
528405
653553
181097
925911
11994
878316
313693
505479
690777
626780
910419
659343
855883
681374
150712
755049
224797
27809
136048
212903
639142
640013
135822
220115
393926
688052
810956
741662
540372
708626
954131
581353
424538
948362
951616
218276
829880
204696
153195
522403
855427
489377
253679
1169
711512
917964
227672
535477
491799
214936
884803
194868
505027
568804
968106
194095
800620
361864
669057
662546
942053
431707
370067
452595
401533
782042
974219
983352
130825
275905
874535
655552
15537
857200
29740
455992
817545
192345
873785
238576
304821
941413
59288
659935
720803
558663
179588
292025
723330
815312
204431
935138
95916
915227
748160
933423
725121
907804
71817
687733
487288
636836
604378
143780
43295
255731
94468
70840
638681
961656
652173
556307
686261
640260
221975
28644
494368
463921
591759
520893
736281
501985
780986
436166
58855
283682
131448
982615
278755
326431
53249
871365
160112
726025
834399
67647
493446
479735
59022
974748
184863
463124
109078
286074
763405
847364
13972
211843
368567
141503
278394
801022
311179
57292
98760
151568
623597
278818
487177
345562
622061
753295
722946
488415
448486
918167
201300
889815
322825
458067
189512
869933
78554
834739
419942
908760
783938
503631
523277
163681
866442
786316
703341
826718
600983
286995
598828
795634
485697
962205
730970
908730
314131
367075
248061
939103
989566
400555
689930
267667
179319
500050
627731
659015
842895
920199
448462
840241
893011
168844
643631
910493
755132
461568
428817
818315
98098
726486
129043
795643
735888
393650
754678
817691
663812
961817
855140
773412
154478
486866
412632
694278
61820
390245
302566
216838
651899
694117
232525
949148
729632
826078
439298
742535
195204
423715
234141
671363
51871
923890
928315
369589
43986
577489
393324
817104
579895
627663
451128
329596
584868
166724
236788
389178
548852
84704
931026
288730
495988
564240
782272
250158
863086
65809
30788
451277
44834
812406
728499
575586
875840
332683
430794
433557
586006
259557
666894
208853
165192
522389
989701
382886
827254
906564
717073
672227
11814
278646
50712
152861
518599
854609
244538
432906
53365
557401
279445
105529
800888
464245
745709
290478
652783
311010
719697
618058
813349
563478
445821
761343
84680
500749
435331
126150
662889
888911
125227
455325
396611
745487
324221
749801
207347
212572
593739
538616
954972
385167
988256
909871
777254
201499
911813
263493
62911
805664
419329
16585
685393
755073
536542
808303
455179
141301
381959
986385
48200
681816
248084
161964
578154
113712
330548
301330
853599
507232
759525
914175
195680
255745
973734
66966
220789
561175
264623
937965
405865
339704
668645
535033
111967
831441
453341
978959
939712
433182
353676
284491
299221
385957
123520
241368
98345
741797
230103
314943
788657
353768
83681
162840
593522
762797
587022
377111
682384
233523
232765
481806
9462
344173
589918
101588
894520
169449
243645
959913
494997
478098
536051
683069
179270
476848
212671
738453
153026
710193
177105
20688
357068
142324
345633
981892
289224
327353
154867
660292
232560
416911
687228
310399
443774
906991
45310
175771
550654
59066
722118
37452
919993
263665
818885
100276
289206
182855
471856
973598
245160
624544
852223
486126
490132
491931
433654
22130
102881
473964
564195
445142
941773
208876
505478
148686
372486
154094
560589
768353
512159
660192
275227
737987
931982
357303
321215
707009
752586
450096
876035
45126
345815
120095
915829
535419
575064
168251
722211
861405
680827
378254
682470
334007
578745
988701
554444
209555
861114
780137
619537
324093
751973
735736
566039
326353
651953
639984
465387
88951
796677
569213
135085
671806
609314
379541
621567
706863
703652
489709
954177
552001
738099
544831
802553
222699
72529
527189
199177
597993
958107
930355
600157
418331
297170
939972
494352
105008
179010
606061
725907
983198
808705
510398
65992
368414
328596
528091
897461
599877
235469
514507
743290
590733
130668
347795
821113
362981
602181
476311
303354
299740
729529
106115
699173
765615
132305
347284
670307
58290
877200
572063
197326
941571
156059
160181
161430
129896
512297
569519
290034
505754
900506
22728
300056
403103
916396
854763
758591
342493
126397
662137
298472
145637
675351
343927
233373
550441
548561
826924
412758
826317
505375
861520
260215
449181
824534
272201
827657
934669
141406
217707
717925
759132
310165
817942
343196
792014
256309
91328
672868
607550
97055
507187
934875
85826
72300
614761
348823
687021
113987
477432
799727
831520
869162
477119
968517
504805
223919
669429
898733
466096
770099
338799
473906
524173
562637
486923
881912
461486
692743
913189
778596
729808
721519
342841
955783
247924
951326
22213
294342
35508
785485
353044
811720
741342
334553
853056
610178
839325
563189
451855
491802
227410
537138
38397
473555
64639
822230
80962
462007
576588
760200
71131
569203
634690
503131
496999
544313
595993
319333
155728
945020
648977
166379
647068
342131
92909
296693
172472
680283
682191
148167
494542
897809
225503
531936
28606
961573
73310
922509
506673
956819
485318
731839
26517
787462
12565
338514
270360
500879
688345
664265
320215
355292
622945
67881
760984
818273
677949
447553
929749
940531
424418
114465
273561
448990
273002
329509
888751
150830
344432
655621
372685
557823
231646
128033
185221
213693
871256
613948
845447
812698
227774
922753
293150
847406
985493
141288
957403
174265
984688
49648
755653
606621
615414
828336
560471
454931
710093
337715
627616
530177
269089
742847
212832
867047
456209
982820
128122
530702
259066
303573
49913
173429
959633
945849
556789
544146
709998
541703
468350
274460
303287
248425
487708
673961
933321
970879
685721
818271
787787
904078
969239
431422
447872
539679
528524
639694
509850
237129
729749
173304
715340
145209
681372
497059
858345
321552
321925
777964
93180
141671
975026
246358
945687
632522
386708
110779
493281
308051
293046
73942
148603
408386
64387
882478
143326
990960
175994
788539
491240
488803
846726
803158
882569
881985
447616
482763
546043
766019
735227
602675
91014
45230
234065
71164
744762
688458
200697
352638
170634
398250
674225
534807
652247
433986
668888
462155
401125
788234
979137
667635
393943
367595
228680
822445
164258
137593
18403
309938
278886
812204
6340
220270
302641
942541
309352
729651
440212
859222
744440
587490
205639
273000
573051
3642
465943
757642
318894
935338
295946
991553
967471
265473
496305
455658
76551
787170
959906
65219
245320
118909
459349
73461
933855
239632
505875
19246
124303
452639
854637
590097
673795
776179
146343
480775
331104
599929
184707
144693
687933
131115
176235
475907
706062
41043
860740
272099
669522
576318
688341
727095
692651
711126
306337
835588
420023
97562
379153
28015
102645
580191
721988
613367
59741
106196
963812
298703
853034
540618
366249
956384
328805
364487
390471
717966
655270
754920
667447
730773
669220
653639
32370
749882
516427
910547
399893
873133
935471
662721
706620
66585
795093
434863
724480
487124
121696
754049
165204
232593
392032
143493
187028
955655
425822
954072
122813
316995
642742
139372
294050
831394
337911
927689
690863
778686
417789
800672
325536
950500
177471
951952
723467
961166
107115
176300
388608
266102
358754
196378
11111
370682
698730
187975
727910
20522
86119
805213
907717
28070
597067
97890
586757
971065
201078
537487
699014
425416
42508
770425
326981
734220
909604
81586
226437
380495
194767
213016
583464
757841
329837
67964
657402
809481
690853
6726
698384
221675
459939
907926
557118
94998
602753
614926
179607
811390
51612
318540
701926
196157
829103
80064
453962
772309
484502
567243
821977
797942
20589
517162
400336
200170
119869
816757
461303
797918
316863
947162
71581
728455
923516
440038
592428
127064
917807
394599
54356
383817
653583
960157
713025
440614
975440
641999
835612
111842
808029
567196
2304
755977
310404
114078
953021
227227
228819
764848
674824
407666
221132
644182
277939
761605
55244
758153
335755
862488
267770
538499
815974
383053
99976
134047
263045
298036
666820
935260
24731
738284
717523
356854
248414
323064
452685
559605
505392
589104
427688
813099
721457
702312
52296
56393
273345
944404
643670
822448
896739
585428
25267
406863
471246
617077
468125
17110
765418
21241
652404
283304
202772
124093
483993
132368
268871
80630
913380
876995
675993
341628
250767
573339
146083
387882
983017
617547
22529
59176
27587
252429
113210
149043
245588
604979
346195
713858
93724
548437
652626
938639
254523
931688
563930
332442
949678
920058
510726
452156
303880
579875
895886
801951
289010
365505
600667
971473
55700
436112
626833
235658
839427
355150
736686
661278
750874
625893
671234
226916
857983
592439
220625
889067
207517
497957
989920
466806
429417
902461
604357
882844
438582
979193
980241
379267
424407
677366
363108
388705
726972
387587
435077
1228
740798
599826
4977
666256
507416
834963
128314
526967
233761
246552
460555
895973
191050
194177
295367
630139
851914
414384
126210
52244
449238
142219
895444
694486
123681
18867
394117
160632
609704
97903
234748
514196
517933
40206
741088
526501
53212
154693
985244
316039
599422
590594
409201
108672
480636
584550
160978
560822
854303
115940
709525
810986
862100
745178
927693
751551
530205
236676
214172
851400
888614
711660
852784
651974
743745
378828
420564
124677
617153
277396
950494
105785
33782
35776
966722
80774
446479
72337
687322
151781
52840
627593
939996
678323
301319
234427
753811
831080
509466
198181
762408
378447
28191
472306
606067
506038
358970
113509
188487
957995
250991
944071
467326
759059
496309
74103
57544
715865
853637
72729
915805
601120
846837
295843
490767
526433
785565
481240
53923
798219
436562
633674
166496
625623
33565
45058
709178
292555
191551
844327
669438
783574
876818
935714
907154
608194
321550
612637
2948
539458
977725
986443
712750
812402
670192
484879
546216
480066
959918
528412
372947
33871
169229
728403
65430
177570
33028
287066
791000
899575
815183
13863
298241
597639
981736
136005
696613
976469
300660
674001
455525
590663
45574
919023
715978
781340
500115
98608
105477
321743
534756
510709
764995
207873
708840
61015
569548
797200
420234
333844
789109
171192
466591
447090
455421
646491
505123
355648
602167
873926
794112
840119
539034
648725
198037
898503
736052
942190
28450
877682
535520
225898
656586
766439
956516
805540
394625
741219
709704
125279
983655
26908
976472
340049
554957
791707
729128
714722
667530
553021
484513
601878
668603
356113
500437
968692
156678
491074
823494
693943
825724
373814
865903
463669
371989
900099
988670
219051
198336
16063
302563
227820
557212
920421
29970
714793
673394
976082
87202
912158
435071
965039
850315
895712
84816
810950
437603
261270
730975
949886
742446
722175
174070
309586
673570
537532
575355
55106
129793
522697
959636
189333
387234
651507
313311
621966
267589
159408
877638
659861
946205
415048
776126
76544
326263
243174
747368
121737
552260
420721
705054
791213
638930
260542
627065
89460
722731
891647
775061
549655
570190
53935
594384
530237
231476
922914
963218
454998
373761
557147
334409
853674
914751
759294
940768
826770
956530
181977
727703
434124
947253
679637
617953
868955
757191
456328
419199
607886
970450
23708
593248
698871
336639
447644
465429
225490
970336
486175
306514
719519
592364
130163
623028
86163
451642
655562
933179
826119
822129
689227
816984
144512
108712
474002
662305
548300
57119
889331
80786
330023
189110
616415
634850
441599
970599
878342
860111
105773
24419
786816
947112
782830
26916
454602
131864
27530
88783
6641
316047
5075
128410
451864
861486
494167
42235
308994
510198
752883
273339
410134
960974
694681
553535
585304
602578
135988
241750
261048
962432
338553
28513
941618
496747
235234
243124
744997
241529
903217
233
317980
204629
788834
556634
627852
168122
482042
280556
387715
375258
955160
689166
151734
311240
541306
268365
250768
574230
528153
134251
869210
111513
214635
392432
216531
624678
596790
290631
696757
460359
387090
61781
364758
115736
193074
372759
616733
721426
79
572484
600868
382896
384808
969623
804923
261458
501957
762042
201493
62284
99414
672049
399889
856486
345720
108670
172891
727382
809765
452962
307541
978188
644215
887679
332081
136358
939337
379990
692425
833123
355239
434473
942844
571176
607911
339192
9301
283744
614621
668212
842648
869776
943295
787634
636458
486190
181139
31121
655248
878910
614649
262068
507532
121375
856496
784826
823302
834410
120506
691560
830907
476110
569300
112918
869942
744559
451450
620744
956252
383663
865063
760753
721528
628978
76263
805115
311004
907005
680054
748008
207870
333129
970713
119095
464859
266683
448407
957657
621268
47530
768585
528219
553194
312804
903271
413825
718067
279172
374184
177756
86750
281812
927909
96403
947990
715199
898319
151857
117347
578170
855244
762240
615903
362030
820257
317021
360171
251728
652850
404016
387265
755161
789684
488341
584789
467943
493404
518147
816659
234054
789426
782991
977084
428995
567156
332975
752258
545824
705974
830832
908552
301740
725186
499864
37078
114736
253114
893528
830652
555013
24097
915654
340633
134455
292944
968748
122461
423688
353761
300291
948083
608043
158666
667654
639419
915008
281545
124702
399044
218346
792087
705179
498652
408148
187276
118412
901590
443120
69805
187563
258983
797240
734681
692035
376152
87558
173585
966151
887407
72433
722669
288225
18309
378896
788007
191656
867078
183510
787283
681491
702747
823992
404432
635597
378469
871585
660814
247029
61770
286490
476095
668403
771126
360680
870673
882015
801129
836144
766840
156490
596024
821947
936816
577472
796188
417844
281088
591147
7000
527574
814240
981968
108824
727625
118193
332000
200620
511702
887812
777350
401678
839641
397668
245619
841169
178360
652801
397850
177897
955852
962437
865163
372529
136970
795413
179667
769948
443149
626536
957081
544673
836529
355593
157286
907498
670502
444637
262479
210104
462056
912503
625416
644472
928304
781186
960925
509388
6150
451558
707326
201022
985665
648358
91941
268773
617473
259231
699185
574298
628820
924696
159016
457752
859963
24249
293326
763624
740664
21059
206824
945973
559502
111718
426270
651875
302523
680432
574452
817933
790543
720649
635672
890842
563606
323796
897441
279523
784511
979546
61590
481901
676016
625038
849088
376608
616095
561311
431761
673128
873284
624570
120360
893427
345502
436089
505392
576222
288802
151955
12297
657672
571064
448844
340893
832516
604390
499687
632205
333263
93917
184543
772291
331390
770671
847387
651425
679518
407255
110146
915679
490053
673573
137783
520346
983831
206875
721806
767544
756334
487080
279373
385881
615856
544511
158510
960035
501567
382303
373042
738494
140740
269959
248418
760903
46780
709893
204915
126454
373018
396679
421858
558983
561593
730678
549863
591169
767814
198580
396275
446311
467159
588064
905471
166729
976991
315898
198896
270249
360020
882770
283836
863142
227899
561089
783557
194057
129087
428498
564028
612027
288485
968207
769514
302055
721751
253822
601988
295075
550110
659323
683367
470099
960784
588904
13588
747581
373296
953793
529116
163407
115284
103759
311392
286284
104244
70060
469312
121911
285148
357520
536052
374913
614228
737555
25235
288730
21079
965361
328575
551490
880977
459926
239856
606809
698808
881237
414196
353450
636487
659057
562119
683471
173494
671900
297724
758281
444760
958464
3815
737899
51187
80781
629909
564591
802120
665048
530576
707575
212090
895140
844100
338403
892615
690709
147436
535089
632243
981196
11021
776489
528146
652144
130192
772017
627529
551679
64171
557570
402661
204192
800860
296229
757630
220335
58853
547169
111510
267182
202694
289619
701290
54067
918703
378777
909433
488159
590137
230561
685432
237132
636112
640787
902607
455447
907689
760673
949062
301661
774927
271970
155021
159442
168920
494024
29394
208033
541539
581724
429714
757276
738885
286760
736010
894625
793735
329669
91378
46811
612037
296116
661208
719962
814684
792489
562188
584944
179475
671509
740055
782997
396826
440072
96021
756050
368517
965316
952177
251494
591715
800672
811436
165168
57012
834301
124542
717752
174179
242248
500017
163276
8421
118797
542797
543529
275393
936209
357731
898542
15482
110988
118809
44822
682947
36665
847318
983016
608024
868871
284679
923289
727482
598853
810088
464371
530434
371618
631231
258928
38099
754398
786494
795541
988154
42042
952912
110845
259174
550658
228292
733598
927683
958424
79529
693131
106159
787081
198859
286664
373175
432726
252589
120313
639668
607578
43489
607178
535057
315126
463484
842004
742537
685952
699347
14286
611431
404106
201202
749545
222377
372872
738281
870303
590072
643782
358001
742746
115948
874919
431847
463234
432681
616927
855414
39226
689557
904892
196302
4476
912874
972826
654483
791057
626242
352250
603792
741160
21858
35312
471681
349613
485615
151249
984276
468759
642809
474328
600558
971966
758039
51971
240222
272766
604447
496389
300236
115749
461749
525607
437688
12491
755982
91405
733518
91544
713528
777966
970410
897410
306161
910735
614488
881328
803462
760578
117764
728329
514339
185228
918505
858379
711042
829998
983819
682931
46854
437454
264804
784618
68125
407215
324344
872218
441347
926402
787905
637351
503156
204940
718758
589014
475108
265107
71720
180855
605884
896384
702316
474941
828920
862852
91217
378113
652851
47399
353438
845302
473047
804905
897304
949646
442146
124129
699589
536488
643696
398953
387404
819844
119222
561119
627933
963938
792435
968858
735746
329225
578977
175107
76921
665485
191722
877087
802781
629712
555491
816884
621833
566777
457625
851587
675417
839757
246721
816073
44542
236448
91650
721989
988535
744160
186645
837856
43275
964962
572557
469939
66530
472924
197456
90592
429625
425484
595529
694035
438271
723018
205167
369443
669635
522288
648077
579131
220586
411979
635543
596498
481506
858669
260129
277414
774023
412756
621847
876733
673423
982831
628888
209215
148767
68110
984277
968989
177697
970732
374493
334184
817058
408165
554594
507269
806776
935204
1635
204831
472575
55146
480218
44575
985985
966487
80074
217182
867559
475122
867001
863675
778919
222245
199327
60820
480928
956706
782515
435112
804844
474667
440403
966663
574167
598649
803691
580220
30726
567268
470180
846795
166630
713517
980613
767800
425065
871390
371246
55490
705729
257415
432189
197772
84424
643688
631407
144614
465306
964606
399322
390442
401981
629346
889173
520301
284736
720839
492590
110396
427576
252682
614022
96057
705179
638085
515585
92559
403633
753039
780636
969514
697875
799819
393384
812703
903802
581609
925313
282094
464764
748986
161220
6066
467260
901083
141684
626020
383413
807856
791266
181106
61981
630756
53474
829186
257358
258173
129046
947472
591486
135010
664648
702409
507176
725988
585132
971022
130591
111001
867925
480776
556026
658019
315213
411072
413930
46162
402231
349553
161138
163808
975159
698865
344713
123845
193163
228403
694988
671586
601884
845408
623418
947924
538326
732335
83969
785412
959636
5513
487660
128158
295912
32172
18325
783469
526499
815336
364524
527967
546739
577457
835838
617376
249957
373538
722805
139077
308219
762823
40495
356645
237851
660374
364676
99252
574106
547172
79809
990935
854309
181507
234361
462284
629076
344178
775930
676456
618724
950722
150926
525623
476024
943483
74397
521972
908850
377491
452546
902500
478738
432992
389481
403260
159228
927020
659902
62189
677140
521552
983769
122822
373090
774204
160724
173946
41085
275833
303580
426127
36200
288315
672100
837312
509244
733606
838852
814062
789236
371505
288980
886972
428313
674257
935841
367923
579707
114734
771595
775969
734584
975743
365764
482102
383262
748872
495766
207613
782419
219687
71533
891540
254520
222532
554917
259637
540550
347489
262014
486122
296830
655557
107986
120922
610854
660855
790181
575625
519664
730220
261246
693943
481517
975021
767541
771500
884199
323853
371314
559355
471802
514935
583580
55821
954556
16283
571234
125990
189991
500839
455128
185564
402211
783742
884353
331552
214729
668424
95709
343577
763344
656408
287106
42422
520429
768212
226135
133018
193748
834045
839287
139380
208019
656135
15939
597900
176389
819591
1975
553108
76870
923943
284521
976063
196749
63257
622026
748463
223555
865154
888763
785198
831299
942499
371743
96739
230091
89438
830826
731063
405121
383543
370277
982091
823649
397632
346972
366196
174086
349753
472749
164660
957372
192033
877253
87223
936811
852537
239457
629441
703763
34518
715639
152046
120965
634102
310928
26474
39975
27515
88812
131758
114742
321859
782383
860238
475706
289866
824178
925377
852636
629361
745762
672488
960902
356635
770453
716161
437450
734295
216855
964073
937923
364762
861761
550319
70431
816827
670853
795970
116689
726179
211592
894020
51660
634115
201805
372243
218858
177862
546342
500035
62937
652262
184234
28848
686428
550172
377943
368732
3436
133394
915487
841806
764435
533273
232170
750482
418456
280678
733065
167209
339808
551302
808321
901096
240381
775375
174321
111939
919133
382271
578566
201026
857284
724319
216468
19780
114138
521824
903493
528274
410123
330139
252177
665017
205577
971301
362119
672708
803682
54990
867281
952114
648362
833613
723022
845695
656677
326252
884598
429555
258459
557098
974237
835211
39485
177272
262364
77530
955068
158940
705513
901925
617969
828084
354525
90156
622039
660214
613947
500292
538986
952898
899173
931073
978697
45805
979162
595371
450443
743958
16994
144354
987388
711623
145352
460401
395315
788686
616140
681637
451305
402666
978189
124610
494525
767036
624469
320444
512472
699612
792787
343056
840490
711747
225612
487655
425702
936757
453603
69110
754750
262396
803630
350675
744495
649074
954635
68055
276795
806047
781742
136664
516265
472937
335049
526571
677368
665130
195425
248894
647064
717524
399728
470108
583887
146667
71476
853977
616695
945465
453108
736484
761866
576550
574415
681627
434947
394485
272120
987299
796418
936865
529397
685168
376942
115030
234279
130453
773741
860737
401150
118393
974801
451337
779131
90016
931354
323742
722332
274145
44406
433928
276284
388207
377490
951954
25381
877130
976651
210214
443643
949600
303709
734194
525474
433005
64952
94210
611126
323004
450534
414193
437509
475916
408448
987319
83062
963465
148690
263554
404184
239335
405813
499503
451389
370281
977597
592806
62695
334813
188041
733789
406381
222088
294536
890832
153259
184270
411385
973703
503023
682264
992058
665718
756159
213020
74744
311317
702190
976124
446313
877447
723371
472753
585175
349359
757557
263533
908424
560813
381070
729161
956564
766455
769689
376146
119469
528432
310992
108108
849185
777125
253490
93698
852613
350433
907885
233127
977811
621619
117028
69153
191012
131835
63133
24136
392792
210407
521244
578374
330007
982022
1630
600078
401139
23887
972717
132971
600466
635426
223271
948817
504506
256376
124134
262224
410378
635079
900983
361167
292289
705425
160811
592400
557981
57211
91037
291368
75135
71990
961344
43343
949757
461229
702890
34521
736723
905658
53380
68976
15704
73486
892844
519567
930869
733175
571738
764912
812279
513310
447104
867905
270484
69203
709329
430434
288000
309081
621036
68719
515255
298832
883231
57067
45915
450330
487422
400727
306703
524191
522081
636141
121436
482701
178302
877429
288596
207892
535492
860212
737160
764044
989481
824381
614714
544839
483612
158123
718344
311180
437103
972617
486804
78870
944090
111779
955979
606182
717640
136981
138697
160159
928762
805631
431284
607656
44852
985527
322336
19885
670009
196390
774652
210111
64032
694922
149726
285624
445951
419607
693322
930213
284373
594402
311763
199100
640142
89008
158551
844567
304630
831111
447105
807391
262695
270056
571825
638156
594235
418525
177788
758472
669874
19796
396890
334775
484494
225219
187041
692583
28118
81985
554332
767882
657823
584799
808215
874272
106972
228081
920700
436845
348614
354658
224740
686376
252199
385768
688342
164304
823096
619703
554222
608482
624820
499614
606055
502444
342888
640359
631453
562191
962334
564536
319239
723964
76541
915066
909947
667669
420672
138010
345355
732307
296164
647231
661669
727737
923145
501809
903384
823864
504885
958640
923767
59398
391835
367314
607592
632928
385042
494449
102634
509935
308433
895426
543374
502082
970580
664985
905843
935375
598412
121764
237088
901535
566221
65140
576858
770759
541004
530445
55426
795497
829118
960802
574992
163076
708411
4257
669436
11220
921974
742108
674461
453416
583461
805537
458578
706067
835926
685945
229726
243231
389824
131221
300851
157849
370675
545886
89741
789561
131939
862027
235872
217250
810816
498152
97276
374202
804272
259673
230395
783455
922414
100273
764190
316838
324144
859911
269875
319605
29429
854158
569904
881795
380420
735720
324514
253907
811263
839496
789546
871898
512454
571028
622546
346970
667003
893030
171672
88883
476942
196721
328203
327441
129125
820108
773803
73872
584911
81231
99271
241170
597417
20885
473632
822126
820856
367908
947418
754781
607218
108230
197797
117719
898808
376165
518784
456904
31842
250140
294481
601961
807544
876945
645068
377749
873549
415039
963142
270119
401477
537190
776333
419760
957466
306457
862295
977554
176178
531318
615303
807371
925493
838680
149621
602796
783069
269556
576788
991189
804069
661905
645791
864990
298615
420944
361220
323887
95886
882338
86076
242013
198182
866191
171363
506581
38550
134474
204364
464887
818971
677144
675250
710888
84875
151388
263077
501651
182250
352662
452183
644691
814767
641938
15040
729140
941865
568325
851036
570243
169597
420196
691721
885128
34144
771395
520751
73743
841289
304932
255514
655821
938469
226872
12193
107273
516500
752077
779408
327391
40077
549738
936891
202923
14012
535593
920697
519773
442353
933278
979836
8973
783701
239845
710101
721606
210001
748937
957498
236040
831452
452836
426176
970538
429557
310828
125779
975109
752808
406124
691097
923927
767088
285788
115574
224811
336536
421922
414573
882650
12856
516838
321594
6799
828511
151919
292648
22766
354389
80344
446685
576004
754178
238300
564260
789426
932320
69717
769872
796949
882727
298890
101459
546933
162413
462430
39182
41975
586182
327045
357962
432744
74225
7105
875551
569915
17999
293054
223999
154310
985955
465804
790584
629673
104596
539870
215623
437984
844198
212612
318205
856154
921435
735608
231349
949926
855451
270144
332787
192816
739393
871682
614633
233312
831825
570817
863882
229589
791430
338346
306044
298610
961303
448780
469332
959587
815038
617022
451252
812351
25608
484808
554430
73800
353885
334233
613947
463354
101000
644261
359796
183846
745392
870551
573504
798193
182141
423535
113089
269328
476998
980080
476076
824201
747195
866069
128924
630641
577166
167426
346623
812323
385747
619673
950031
884941
859107
244772
439489
562452
536776
974591
210008
707526
132549
358711
363733
655746
202851
424334
433855
671644
548339
213017
961301
312785
770137
538919
296651
337699
864447
982212
242511
518109
31983
895321
459254
259779
312368
254207
957216
398088
449906
512172
331922
415787
825037
31512
92884
595415
638913
705370
919113
410534
594496
36968
480558
18645
547073
137155
384230
195315
404221
433277
810698
123703
593667
347927
439790
827798
551013
206328
19296
17217
36784
543543
8651
457143
562183
429042
928875
7876
554520
115023
341887
316879
890743
337638
601067
209456
555598
288950
440983
860022
169694
253140
846258
866718
991217
846752
436578
29720
593627
976526
714836
630210
370990
586324
578062
491961
78089
326330
422949
390208
532707
404352
990514
964860
366244
545417
250523
153827
362008
781615
499199
39134
449869
380462
168188
85491
727868
582584
772221
192158
670462
523976
678661
461311
603896
189173
403461
114577
781890
423891
796467
76940
749915
780267
159811
181463
388716
776876
368271
906880
753172
33931
755531
674898
538149
326480
785910
41182
538355
773097
466619
659966
768798
862615
834495
245554
737373
467374
201913
123246
754432
633028
525687
393950
729060
327859
292558
496095
704252
396680
239182
3933
95296
738440
928216
253249
192398
836621
423761
182866
330680
46544
484492
786722
122121
129728
383499
891674
122609
652747
26514
944297
878870
247578
644299
868745
52685
226141
982929
41877
322130
143689
115876
946471
741101
4941
965450
134688
976598
946358
405129
248754
320925
153080
97300
241008
892697
398073
659957
841714
105310
140595
556145
874522
149991
151243
591726
864209
194317
212815
184926
641801
552469
319677
508730
48942
34056
219949
629878
129432
308621
834259
682647
817671
799071
16494
466461
869687
522882
989820
498501
713936
973259
628923
646442
893759
784111
61730
479057
199268
386537
804591
397860
541632
815627
195831
101649
1546
990080
757991
11737
794668
601020
284726
446039
809235
442522
514261
762165
137678
588533
545889
890833
735310
819444
28963
170903
656676
721794
248836
90542
542275
278338
755017
424038
772469
196797
962012
275883
714554
776045
117617
4474
873110
510831
646172
96245
162761
271689
160792
388211
324142
985534
441901
495899
915571
222171
992162
922708
12536
643363
186849
763288
103075
1892
992342
266896
671138
138015
887114
716015
84598
357117
60402
533191
871955
217235
121234
792516
178307
567048
111353
532704
566579
974158
698076
600129
430079
715133
20855
240550
634287
261916
938898
949918
587834
728435
598262
992021
190880
653699
733354
558806
487295
204128
697520
939631
409503
333790
751116
829240
74614
421145
252970
748391
436304
796234
411503
141032
776586
927481
757862
861663
862953
327215
122270
365676
385531
420435
14535
384356
852083
353912
770484
784563
984950
608313
231977
784335
16775
521746
769991
71105
285087
684026
375360
143193
634707
397119
645720
382760
433869
527358
917461
278034
612986
208416
51536
923148
813598
77626
945893
617209
987789
138773
531080
611116
282906
57100
768151
90867
465201
988706
276784
300774
419431
735838
831870
977235
294084
761982
856993
17744
475436
362446
903470
528741
946061
121829
671877
170650
183417
333967
124709
850078
304057
690675
122562
787025
659455
400688
720667
622870
507719
585484
807527
414836
851175
382525
138886
641115
522607
687532
439416
745356
282028
254194
933867
163197
117420
451410
381050
567736
503655
336749
485338
132215
514553
594237
696596
711261
843052
841695
691908
382129
295362
872854
711257
742920
619681
73224
891970
92434
190139
248249
423802
180251
943837
710285
8168
935126
840743
113771
712483
12173
840426
347504
218204
790921
193576
622519
516321
794194
891548
36106
613841
502145
174116
665920
201006
495141
957722
612260
509404
872153
17175
781431
586089
38982
92978
427739
652377
303199
259475
41756
215633
274289
767766
63571
15309
94910
549578
427988
385527
532983
113644
463583
394235
286304
702914
131725
269967
216528
739906
664759
292383
210287
891945
658930
666044
400166
731434
513037
704459
505571
912723
156217
58127
725827
295774
63050
242761
517300
795425
75012
626748
912777
791043
980764
572211
846574
447213
245039
76836
176010
698188
228679
959716
570626
137250
37881
892872
347138
375737
229746
141167
561302
729702
370050
315366
678233
930521
636279
277748
679866
499085
184538
189602
766688
454108
246895
543294
510898
149832
423628
154772
546869
355055
375212
603022
215503
324250
781664
985159
883008
127375
861729
691433
7433
588108
980551
626122
401439
378660
137691
100514
790633
81106
34284
803513
983588
479772
141627
166267
26771
789116
262041
483869
800389
530215
205653
70121
650835
825124
927220
892798
850145
212881
13264
710303
948910
886484
443828
65948
99952
312727
866917
885584
578643
704230
864782
876329
596931
609467
302744
860085
708496
329610
575499
133144
132461
295622
901666
18982
625362
407519
791774
955038
639292
547242
549627
728320
213078
708759
612288
779584
944857
9234
946782
904229
370089
682002
184315
219958
220210
478894
430752
83676
330146
456001
681982
117987
181255
37001
683226
530418
227215
819858
126710
320820
157283
931320
305276
785126
577018
447946
139381
365887
806684
633971
962086
619493
934954
698018
88707
190704
506762
635720
703107
265353
578376
680927
177371
890205
403569
259092
860463
340907
411211
762992
959293
660984
413597
161738
898943
867969
17867
689686
533262
808863
544498
39476
695519
470391
965089
402913
741274
8674
136393
922373
317055
620823
783486
329647
32024
45536
105430
682725
543028
809541
479976
325565
881583
303965
254111
977458
461954
328371
101510
110001
828086
532019
711490
704443
361602
953309
821807
772390
694183
644331
376098
165258
379942
104341
986223
118431
666109
969354
735253
907370
652275
604192
875748
610640
625222
332325
86476
927770
951887
47863
428245
376837
73399
17730
494526
281455
333923
983990
591959
460828
64098
115617
731858
521099
906543
128990
664686
513751
956413
969966
28443
442143
536254
987498
723368
952588
682442
228870
314769
295550
481671
457433
225864
978694
694146
439233
846070
940233
419426
306693
491740
174239
368217
685614
851124
439847
781327
412446
851199
104221
36969
499677
834527
188964
538412
148511
623397
808571
243235
650358
495976
745419
798169
452453
440802
842524
337708
159699
90146
243759
601695
474930
937558
934898
353076
726352
192749
307684
588095
779411
956146
700725
509793
709064
207122
521732
668448
896623
3999
392666
794175
575661
345051
760086
707977
945054
56501
543080
644935
678412
392084
865525
550357
388532
645564
480018
33017
712397
689477
769818
431025
817613
821154
350134
895701
224317
807983
440816
219346
10855
382126
421018
170978
447264
545873
630629
747956
535998
820343
102173
705117
399513
160878
234887
323154
955689
55776
109763
617720
543564
258350
366921
602034
144974
785143
756133
400483
39930
30896
659807
513157
335374
615248
130228
76308
503380
108714
228930
771431
94668
197253
207898
10713
331571
689690
428277
963451
40632
254610
316618
532580
487873
163291
639588
796271
511545
599638
34599
557663
5042
428979
356946
969621
984099
881133
397590
877003
165340
97595
131504
599524
229244
515450
666970
273220
395996
770489
439022
455881
97717
823561
386493
204167
677122
121576
342713
931121
371776
715393
224329
31573
698170
478370
798566
305414
768306
272660
748658
901880
147296
81739
332575
305240
95999
731707
606689
159961
89114
501010
48449
162374
215649
665246
70826
751984
857934
462974
31474
125565
493328
503087
288882
47762
806909
498637
330317
767976
253527
34970
716387
735849
155241
555389
667406
361279
79224
46610
842146
752780
669672
401681
55062
43903
875768
382218
79268
107256
49874
358416
851413
35311
56506
815915
145548
992255
1479
232883
165920
500112
983819
847628
273149
813346
890589
178918
687398
492970
747998
851024
566014
342952
756982
47099
24842
794157
407857
732559
873377
715506
445031
372862
701140
169456
614574
62830
355804
595853
278321
931779
4204
526270
247716
841039
655495
897523
408886
728725
55365
543597
824204
661700
266414
236335
258071
518055
638151
719598
184936
529932
404301
259172
216846
828060
236987
356286
676129
678988
76069
325844
748306
560437
223543
614756
615124
417167
611458
806872
729105
104842
177019
144488
37656
778017
347554
637429
110766
772870
833565
795156
261137
368642
607011
753889
604370
668043
597381
336237
395298
808760
470077
130523
243834
575823
699164
680240
856341
349506
627762
959546
240325
793902
775174
35736
251494
120242
387087
845530
212395
120999
643283
504277
981582
45204
216131
110508
71485
433031
386665
129373
902257
186037
109946
611629
193773
870811
448443
509748
448812
300610
414278
407155
671655
428258
435329
955904
943064
839763
254804
206014
965181
192658
964979
275272
295132
805956
761501
73900
464978
467429
512477
506121
176892
981108
741289
104765
960938
34753
541287
394396
711106
675919
152189
315803
142924
72584
780694
435147
836209
17530
345194
405984
160294
56909
66671
184756
416047
722109
930315
100418
371524
576653
611045
737892
387630
443083
424839
146467
646218
962458
238789
280393
30795
279282
457597
522248
655289
495799
823148
902707
302772
683278
55969
992130
917408
27729
37693
268773
672038
806618
838731
221850
59313
560614
7490
527251
32175
171334
378965
674642
549406
205429
473752
363370
596595
973956
126988
52913
61722
486731
120324
412411
843074
364618
548747
927968
24730
333721
165669
54896
256944
423939
193944
856796
790535
784973
701094
171498
121017
303094
436927
422134
802872
105332
229521
317617
235611
378648
321459
607079
636608
457936
927988
790867
213754
75405
5495
136758
231180
203042
323191
826405
211900
715537
735687
688085
617519
869715
893175
527613
777401
452188
127116
90568
107683
373110
517147
931551
721055
227255
784661
88231
429136
453759
796238
749695
258122
528964
983085
327477
844374
578686
498833
10011
11560
854837
142574
350407
400375
121112
117784
676334
98981
84416
179990
256196
307684
592534
421998
387815
246602
143245
641043
897253
574700
161525
653655
165543
87360
46329
793245
697767
956772
990949
795701
362289
974044
560186
566219
696496
112830
104063
404579
253900
575810
579441
929927
18860
673264
682033
691192
22173
180763
743324
767089
15101
334592
585595
758213
58073
548129
460713
810495
542474
360524
610090
359882
220783
795156
470529
645727
878376
35493
515371
680184
699614
612557
800407
229374
838495
148356
12892
130742
405715
670588
702366
881258
739306
436901
310190
511787
150524
848987
231840
418078
790647
745942
379352
625203
240416
379408
824109
930594
144117
551934
769359
510521
683171
867445
619013
133182
986317
309114
199028
526498
471797
273919
568005
724906
744504
394633
979060
560832
981238
38112
896933
60257
689099
741480
590041
912296
709349
703805
136208
707104
894194
663900
288805
371364
918660
616247
406519
135878
804448
632176
193488
92831
521226
285675
180766
603978
376063
413823
928736
48456
213647
439459
72822
851891
677159
13635
949843
791386
87691
273785
471703
312769
150466
628164
831856
859146
878595
306569
332854
74011
884945
782108
976100
188639
809068
837253
571435
755430
360815
385204
591878
135629
496052
167175
92064
745986
433512
917325
927781
116687
9163
817349
100681
218609
977926
508778
144429
601039
866580
225706
940662
337982
491715
133820
275302
36319
593316
716560
812120
508704
214773
261409
718511
56012
383291
991977
240335
901279
96371
474145
473818
907955
715151
256967
913286
885649
929164
136621
104713
972860
843177
403428
949422
90896
99994
511189
72182
178261
167500
46416
738279
973538
982287
452666
903098
625789
229480
787594
778493
733526
129419
22153
597520
173111
122771
577503
217320
601477
463735
478941
179819
386246
825297
242717
705399
427364
617020
85193
805172
680783
273856
651421
980504
662473
92065
563888
290301
95217
422019
54068
308315
964825
422092
914022
754093
356357
878852
242185
688419
159229
287646
200399
670908
145205
126413
235085
135879
98816
252472
662899
706309
433170
602377
387990
847018
261713
521941
282550
604714
283082
589496
704030
792812
356597
41538
688950
900437
674133
385369
562211
937793
862952
705403
237101
385613
336803
593277
534858
368807
571782
899332
629568
524982
284116
311935
936640
711786
666265
481555
246141
772293
355256
794200
455143
177858
729965
687111
969975
553204
427517
269212
113800
600263
293906
768908
487820
653315
845426
891938
831380
979493
406558
158254
489700
837207
500842
507671
597947
370234
508557
10017
177262
903888
460655
928260
260585
765559
722636
70095
90430
370544
74690
196362
555130
441430
661007
406986
584120
402320
104875
821718
658379
30849
265504
617639
705435
404555
415080
67326
861552
367423
737357
11366
874819
777077
579403
483210
349364
403018
313775
226658
633041
449402
57030
66094
162770
831103
11399
751756
700381
763974
56190
935794
973875
435511
218414
102137
112247
441594
280442
725603
345504
497979
340650
667907
924003
322921
767818
242868
487695
329299
769370
625116
667714
968063
687983
580988
37585
796362
426468
466117
839847
57610
796521
634491
201429
640825
93221
975982
516031
745023
537520
974372
526166
259855
185715
262371
306033
425047
979673
198882
803650
140090
252073
663247
696553
437860
881464
128823
914599
622078
348645
648969
388072
125888
956051
944701
371308
166021
335904
943114
192888
688388
852788
917318
190761
206420
784738
458299
297003
280558
972118
499851
147065
146931
55109
43429
228070
517053
757783
702751
868038
114486
103908
953477
297667
145003
257173
841291
410204
878445
684021
604391
75844
46426
43855
859248
46125
475809
791533
638473
284021
101487
528307
963205
286693
494382
794026
337324
758266
197194
546814
679004
471784
495917
506035
47092
681765
845094
450487
639639
381065
847229
763208
500005
819731
409209
279245
354794
589443
663240
385602
352649
547820
254494
107582
654394
594303
926911
725686
866718
772469
266372
854255
793868
901874
778490
14357
143650
835116
365904
573325
790090
644795
191694
66446
799775
907180
424418
210296
917409
122421
365413
644204
380168
637654
810633
625868
436938
662135
610911
788691
373066
742722
524292
682444
309463
641764
478145
985924
706283
557573
627237
342774
865624
96833
114939
372402
789375
415198
498124
744386
498150
788448
390729
783748
240043
825808
21442
420943
186262
683648
39921
647294
457208
916743
482529
95036
981333
777624
533927
795916
688537
108132
629649
185726
931607
479448
165968
412744
468394
122390
844934
39299
268344
824054
704136
574774
498130
560127
922752
217218
614303
865557
49473
44354
228807
351809
557345
328926
22309
491399
688054
790920
622153
117923
586431
504242
281468
384558
78151
470248
931371
144843
339107
515139
722304
364601
664056
490549
774681
221048
142511
380716
827825
744315
348312
695853
747673
499435
581572
199334
653391
746913
737864
192952
991800
664382
700624
231666
123926
126890
916392
131415
231249
846320
579858
98225
383372
292222
846681
820104
416624
454839
524128
959309
936483
216783
672624
731099
558819
424063
205970
815205
643121
758169
331368
426598
658799
879114
617811
564658
572842
22679
44802
759269
171098
310292
121898
504848
181443
812986
382524
53677
836036
774029
839881
959102
849039
892845
337872
648160
284586
685577
1940
625997
568983
489993
829834
732840
33851
188867
528823
498587
266579
452289
29197
239508
115375
865752
563035
829604
394349
705199
807086
155626
541792
239250
591958
754708
489338
956847
675250
921489
121920
275117
188031
929673
775013
902237
76639
277745
14816
559771
765840
111303
950713
337494
934052
864479
123870
732311
840840
268598
680230
666155
381157
850946
646662
616803
180907
380669
305840
385590
201089
154782
957794
102367
783716
602965
198112
973983
751415
821795
981184
267277
227626
849110
851528
697030
185579
178177
147047
649679
427469
743449
535467
797953
717064
130832
183670
574808
354439
350480
561005
223898
156734
583737
403773
469028
484310
657071
805215
137930
779865
760615
913955
966110
513838
87707
71318
739240
781294
450658
702755
826084
28237
21004
712887
69325
938079
459670
771659
579733
701461
732463
76496
93106
547059
876167
332698
339834
813249
351616
147495
53915
124771
413814
213823
439576
943867
603835
955223
540058
630996
517175
298064
706845
270287
82893
179671
489579
460956
345554
577931
505161
56485
256984
339125
582599
370273
897884
441249
918115
380399
122255
853153
83413
735871
295554
83873
522025
248459
247562
225735
489984
314169
933297
197211
19674
811409
919470
873368
810675
8599
576728
89344
421757
359269
829859
904966
596736
981340
723187
712454
218439
16532
109894
171720
111718
652280
784557
641856
597136
66917
496845
706089
175014
808781
127173
445102
797197
90351
82605
596145
368016
448446
949789
500570
751037
16821
111471
238005
400145
517618
897129
871635
525497
154203
633752
248673
230416
653300
510252
110758
421944
668799
389607
277157
393498
381487
683167
450188
976566
326554
613162
938489
261097
962569
292366
194712
988647
737699
487975
194561
860728
963031
372401
721284
129591
615898
146965
683726
741174
840619
919076
949597
759038
11560
446989
868535
697855
572528
893429
666136
447009
101098
804305
390425
830313
148357
584434
450921
484671
725408
546137
46934
536838
82027
703841
668291
820025
199293
626178
137500
96817
316675
351536
102589
955949
497
102599
530882
157691
292813
837487
746163
165275
624303
844578
636348
922330
910279
116401
408964
716269
500812
126199
517557
717180
404902
791223
482850
378173
667620
894953
245061
435437
285120
943330
627307
522729
815938
792262
885648
630035
820106
216009
444321
747091
505869
443148
752383
803217
723031
759715
359846
801428
671431
302653
71899
313189
918226
301659
580440
237070
631910
923186
126028
489166
623018
243610
896078
559466
241812
623635
951355
21551
507323
302749
891540
489938
478992
57838
524157
972392
372656
101936
785892
41315
680927
586945
740613
632591
966244
180655
970062
166838
961387
957056
32266
103619
618714
350432
300065
35603
836157
758946
244201
276512
233241
560396
26340
270027
784655
206529
988719
961346
905685
262035
468501
415311
548335
690396
272314
413501
384842
89174
945232
694790
614331
918873
97875
145828
116967
831373
551400
964428
514853
673281
688434
859357
859352
267387
888007
502972
954279
902071
436076
331009
256406
334027
710371
403422
390651
97486
628454
896196
284802
434508
659903
498747
465349
823120
202615
867127
561997
655684
601155
805898
288370
862364
876385
543365
710395
980819
80514
652708
446666
533645
671003
610820
841678
168606
812377
818800
636046
377243
728558
413618
165743
293940
84075
890700
700348
912653
476058
204635
299332
78923
801305
688116
686796
544224
381978
386656
644242
206559
826328
875452
603746
530213
522775
108313
39445
983839
204464
876706
745760
412409
955595
866340
988230
376692
742901
195646
684111
458955
676369
986054
635668
517570
104640
493203
686103
314460
732819
64584
791803
683906
130147
798471
880416
251468
409458
399099
390086
772738
654870
973544
390016
673322
626264
383095
913294
125976
653414
823152
265099
613209
304898
931954
562654
869032
189696
314861
538016
338715
550116
976743
535180
24641
20851
646225
629600
788862
293158
738732
937264
29363
176384
197254
88812
43104
533154
822528
413041
804882
393811
561275
290836
198100
339194
811882
761685
481327
591050
746069
555102
872749
274193
492213
818610
863947
494898
228955
522806
591765
245288
37680
149972
273305
808937
516243
773115
601552
262150
829003
364236
722540
922305
660394
56636
974212
637090
576632
364645
739464
348901
414276
837358
75977
157386
93533
803507
432728
62503
17939
218910
169724
851199
543772
310320
667930
371737
295459
198333
40031
423915
419698
668601
523233
794294
276783
663797
980121
459475
435699
144586
434566
367997
507322
843481
270681
6434
254905
765703
742416
491708
341352
99809
784060
643568
175163
639885
682595
157287
60480
750098
431573
865523
559113
191921
171926
927494
685253
910587
235910
349344
137648
148598
204805
655028
906027
185848
181794
695227
657310
45035
424670
860002
6068
203447
938758
658380
494845
583842
991116
384825
604717
143164
395680
518977
58519
415305
373118
699858
539078
719875
192524
396292
301032
288324
766257
843956
182964
134223
966585
375374
609531
762678
973477
386660
649947
837623
278206
510422
378587
222052
470479
110220
959937
374679
712521
853975
292853
425126
294400
927536
837327
656835
670204
163621
890881
710485
255752
518642
359584
673289
350593
260533
774105
145902
114308
809790
335151
548902
821636
215609
733525
857387
452798
863324
54592
57341
734918
49375
269012
447620
609617
411597
795825
350413
602054
417343
316431
50949
165600
746857
234106
338715
637998
398047
223267
517368
11940
222704
828699
959191
652261
176999
482745
750045
325148
30195
539944
875884
771971
396527
959362
19684
881128
673506
837432
987511
47825
770085
971527
838125
552268
565432
792872
851423
677651
908522
305503
419267
682799
972814
648565
673489
878980
88505
65791
78841
518218
522478
318234
515929
71084
485866
587757
433116
922348
727479
862214
726866
609852
661314
709771
378126
309869
379023
597133
383857
457995
936560
216219
264736
668659
753578
748381
106457
217910
701663
913697
966045
558437
556346
335479
457392
139996
954312
328064
779405
626639
586395
116357
798950
943166
278974
561246
279208
452154
791653
922747
222478
634711
195484
885286
279189
729064
264943
520438
593308
110502
317250
954357
207255
163866
666882
336498
925613
407846
316623
501088
141552
105787
247753
782425
32903
623802
364209
906515
760874
8449
960815
735542
308698
482909
84048
628412
864976
94186
740799
725425
737884
225222
128416
784547
631716
89324
629645
813717
949456
754388
276991
638028
341741
968679
519201
982207
377856
874026
176998
957501
578155
535530
885962
829179
852105
437031
569614
368122
107403
545796
621334
619062
268261
594218
264192
174865
275019
163395
412725
175695
311024
345852
483856
518256
300070
654445
889150
788847
957187
798811
701057
396159
510634
27630
736042
117253
47158
909208
296416
78850
255989
392053
62389
687394
166941
305133
585156
174423
407088
134953
895224
495046
441157
480688
323181
20475
56027
143627
840297
315737
872567
846331
334104
820042
781016
881523
227105
635697
789984
272765
148474
559517
418476
515020
349791
855199
610689
612590
965663
957718
822862
217806
718136
74973
813648
877838
675519
654938
600269
480444
486288
613005
573333
575750
28481
387541
648847
238119
697030
3199
105178
750104
504057
539859
713039
935277
304041
360297
93585
116351
812336
210474
442985
475496
725159
102848
49458
53841
221892
736629
970032
858206
242457
962106
363645
53674
892934
909437
841598
98351
222784
471923
798854
455471
149062
473403
249444
423001
434254
118558
934907
516583
57265
805706
260904
357234
467789
989800
568107
948996
992120
914764
699108
217850
422835
658272
532223
368870
690441
42934
287533
387528
895656
15650
571533
874597
8120
454561
771138
843919
473762
358241
696448
62987
134078
859532
452840
6603
683665
349873
589064
212176
445172
759669
711624
206758
595963
869276
575036
468722
789075
406495
325412
765338
128967
243635
547655
986247
905923
177566
119686
268439
51872
628042
494701
276082
52342
16247
319801
778575
660880
384362
399866
319988
568793
950208
472058
60547
300559
938336
831144
581893
852667
339908
286002
680802
320239
285304
890327
339403
879559
151944
178221
6853
983107
117437
652852
656266
745837
202929
695650
520189
965774
326167
186061
596871
935790
713546
418156
293486
789083
937257
333117
181215
60191
501648
857502
919027
101932
748331
653309
378571
107881
25701
693426
247485
164346
866246
786456
784987
610711
48685
846889
740094
552
251695
196329
596690
46802
393787
608676
663127
932721
519717
849945
982699
201391
420225
507027
757747
801287
933600
37693
311484
659219
367555
220732
213167
547203
744059
344847
148161
436061
891320
51682
570068
977129
412263
608600
816274
699215
125304
350376
751684
27062
497206
739010
959813
501744
755149
238958
473636
869519
73974
176435
67316
245904
159628
13986
725543
793693
752206
434369
318580
560681
586037
102491
250950
388362
309229
660916
194804
283313
819398
175064
87882
342706
866265
24580
957326
729300
743023
436007
663447
390684
180442
874480
13233
809925
526561
72675
484535
243109
214863
157106
895473
865617
885104
559469
280930
530053
732273
821146
664491
65842
849510
489044
254604
513333
591357
529961
445579
465549
527791
654857
241514
897909
18421
203321
495885
731957
402398
562010
898092
688181
300513
178007
560986
522994
755590
244429
92793
990103
678314
579810
529705
192535
957197
757138
131794
979871
280285
613726
275754
134071
5590
440414
610713
706930
904263
176967
293437
714925
187593
595175
626587
819009
949991
275561
931446
415268
540937
235507
659661
273210
239719
977019
73505
335397
568389
606719
860205
113365
784361
540107
682639
57596
390059
505824
326510
190316
308393
402664
578660
835917
150770
381572
496977
181030
438881
779281
341316
675466
444552
644115
856371
791914
813360
870326
367454
89987
356379
574238
113512
422184
262653
177761
543998
623992
321311
188725
302638
986571
619482
435386
983675
436512
731231
792875
691799
795931
95955
230124
552727
127330
874394
316801
432594
931048
485420
251613
97928
962053
728459
6206
576231
894105
64733
611729
702828
370507
473996
134526
54668
492563
276676
822672
595077
223974
423953
78696
402496
568615
499153
563737
516847
711315
454266
912898
551966
893174
176213
401648
46428
85048
567502
566372
101455
383118
892286
890228
264009
254990
772275
763279
256819
131299
155740
96025
566122
652361
188123
221470
657344
805485
667061
226755
436189
727981
83674
113861
419740
49944
62893
296238
125437
45778
690466
514352
663378
965495
798617
68900
129906
327855
671157
193223
810703
657193
385702
11857
232456
473210
356626
388404
989235
548137
465728
342105
189462
349214
101076
818998
235839
965804
326046
549517
364312
442852
791172
649757
320132
951642
342474
989818
107041
268317
493017
785199
687301
372375
824566
618749
679535
258597
100906
339158
947065
649005
289592
881034
502199
84733
65508
721940
208830
622527
468914
410479
395803
517493
258552
864199
684392
645680
98739
864827
306897
236339
614249
270482
520570
885309
335461
253893
849284
522021
128883
157218
965780
287319
227206
168255
290476
348409
290836
731394
768836
671584
93751
741606
358710
13807
622245
38329
368951
271833
591718
839809
794976
477809
682224
301981
823618
663310
635147
887598
740983
281504
678402
795091
374433
624639
790853
110461
353634
270886
406056
644062
980908
866054
242087
434567
455855
402209
648014
673427
803077
368090
668469
249055
123330
973889
556821
473587
356405
943794
880886
337808
392290
476732
159239
932212
128284
46142
768626
254746
179828
939084
217072
986114
306238
446477
179376
557498
728071
31756
237890
214609
809244
27404
197064
421400
240194
816985
5658
654185
692067
795413
734322
951960
42010
626291
87320
711529
193461
862061
528844
573471
828256
879901
67719
161757
21392
122268
219493
775401
931206
900249
558790
940931
253837
251171
928311
98741
907657
307138
773419
165581
568970
641370
663355
795683
203090
443234
610253
90283
220207
827786
969773
324517
958747
761136
838853
795158
191618
710136
710857
517223
670473
528285
171003
835962
233020
720861
311162
884394
777232
457608
654195
106292
306448
408786
133145
283589
988476
467858
922082
774991
944591
46795
113906
464579
425963
195148
246970
667169
968835
365440
444299
42280
140507
241081
673949
298135
534225
809308
20367
220499
313558
54144
798786
413444
173685
121784
727850
552135
758808
77985
798870
634966
251007
76951
125236
264006
514798
726005
664351
142437
445850
151657
809090
683569
935193
613219
101060
399692
588791
306993
327552
164282
493413
567406
451220
542131
945716
214499
16932
889172
274247
90275
129165
67741
908873
189026
80232
906068
988057
832082
240710
529807
507951
940676
170466
307724
519701
763919
615317
429840
557236
439001
138563
633065
977439
316393
692979
950500
629657
396192
659091
433342
457688
591898
381228
102634
546045
308236
341800
526032
329519
389832
256074
48658
667015
147509
339104
11307
437073
40525
165761
677483
286942
420589
129913
476684
751346
717055
57733
352654
823419
668769
886404
605185
608814
312559
566283
76171
141059
81192
985245
143893
811915
319821
282579
703686
515214
27553
584452
372236
726338
594563
354007
434015
815815
607754
653929
781065
593638
524097
89640
669827
41464
172658
628845
151987
914017
903723
928926
432664
531159
301264
777438
865528
771181
327815
501127
143788
543573
205298
741653
536401
517951
568646
531670
913824
203891
304837
71293
790907
201133
889349
490809
209161
285718
573264
640702
450339
178283
230477
526237
248848
730773
916804
429067
796352
108287
920679
877206
678425
897483
611033
731622
744557
769236
162711
326802
696700
337643
537476
387025
537616
92372
27557
746842
877242
980464
536144
848557
140602
698370
368236
55366
764284
460402
882050
246585
974765
160432
898889
459728
884204
96943
61342
299819
906476
983262
694515
349023
146677
61192
576070
228169
580373
653593
594668
777849
236357
233731
662812
748749
28959
859669
468726
61672
350149
719611
405969
769903
927321
433152
79590
244459
15483
538283
257944
891573
394831
557523
286257
690532
332864
110152
229209
331228
122846
232876
942243
248014
763192
111606
582065
325522
979007
898266
219049
414097
173757
638004
285591
70498
680739
923283
81175
794760
806360
667160
514315
866163
101385
533556
543639
647515
922724
619763
549629
433368
89218
348271
304320
308550
809859
442019
676315
446898
974169
603175
469433
161001
201242
746566
786648
841495
730133
275361
398093
51658
328422
971358
60391
273752
704327
307941
559580
577928
48011
659857
119235
326962
533754
125236
746479
605997
972581
692156
667931
804208
414758
335668
167076
755897
633443
638697
376199
159762
5221
63177
851184
229286
562547
927626
506143
83207
414405
140972
690390
414536
969780
944500
97426
880141
375138
128379
692783
536544
928542
409524
210065
563227
362541
417754
67663
830621
988095
772313
182213
151638
215412
359156
351137
167962
960559
198692
561321
315807
875519
343937
421193
586978
283532
398965
475348
806413
381026
924905
598573
695149
974665
282208
344497
562514
186737
14556
693781
222172
494315
561540
965935
535910
777027
945119
116387
548047
422970
87330
201768
964970
592634
593674
481500
209374
175552
38797
501906
188108
244956
410775
546953
833372
951495
501751
738688
973024
913895
92428
844026
490977
741124
855230
689407
550008
577422
40410
467698
342373
696548
105852
971230
942804
724841
170365
67428
918929
988934
676659
979885
254604
520732
298167
19635
578157
628473
432795
177744
409835
429657
753389
717004
3313
41146
179514
69020
833286
484902
170538
39719
437925
724201
465963
598499
285204
39024
984258
613481
170659
35380
531244
482028
877974
709968
290456
129477
173364
34089
822067
411831
860844
649387
718936
731290
538399
865648
530820
599626
564858
640700
625672
377619
158116
395583
59608
168697
40336
179350
19900
642430
67615
804762
916198
622316
908914
441825
185754
318645
516197
875955
870740
824899
830089
645529
862559
627113
514412
374400
128743
775968
252611
949433
987035
951765
637688
463399
680765
513816
577377
695417
497099
658591
893037
840461
348086
382892
270059
627214
41210
239219
505041
306228
940759
208132
319471
805484
930046
761496
421153
529979
772386
240235
352932
10461
937480
516417
896124
653628
501302
937184
530909
649440
295470
799067
869566
873104
118967
968186
180627
253492
368090
974832
852049
98782
298325
266487
923833
345895
266404
50597
505074
268064
636676
807390
885995
660522
157626
971579
851245
961715
562329
645930
513376
490445
283248
986681
225107
876130
910971
226366
192930
645363
661137
73469
530803
67622
615696
91764
690238
448331
542742
992286
543235
785868
51067
123349
547650
600855
379667
775489
221622
119812
922115
244015
564516
635474
846579
318274
623644
925464
267623
656395
309050
841771
261895
521599
739184
11164
654418
201916
675374
167980
761075
415404
659930
777012
282483
415101
114362
98479
666344
152848
704248
311766
175556
240817
180783
545731
104333
833180
398868
164368
327542
972698
82149
434670
961173
390205
2043
790231
437368
682854
871520
968699
592796
399097
919985
823454
98957
612665
924589
580169
940360
219271
515989
921183
270145
537260
824542
41861
125678
1814
155542
668096
1756
169039
732840
105545
801209
194303
487514
520510
318511
254294
179540
342981
945912
37042
548389
743490
927088
713215
763174
973719
182904
872010
610881
159530
751414
740163
313725
319385
533337
122523
641154
3884
245808
506899
10587
896866
356795
689346
92251
621697
419541
138093
349055
37689
517492
137059
550686
839155
247917
194410
622880
9016
568397
125488
527462
805017
520844
849039
816068
915143
741553
892519
918153
364146
291409
61035
569568
839077
581506
665513
125771
828518
265994
931603
238410
72808
316617
498647
871130
951786
353113
115551
185964
640822
39834
73262
412617
124419
373419
855325
802923
835553
481974
10209
119974
931347
269742
139437
496708
67219
733871
121541
447031
901593
303604
144664
523780
696388
47959
28359
248452
518126
648840
184879
298518
183184
691528
535014
787032
768940
317726
166696
546831
445355
186978
126747
53758
290386
762405
728157
66916
43316
787995
105973
679636
585592
259439
791901
785381
4099
140885
113551
529127
621865
970203
567787
37997
490418
673545
141269
36253
198154
798924
27142
221807
900854
391858
990663
116788
802991
740481
962879
137367
944215
198653
555995
684414
426776
629802
454978
439203
344801
574751
739319
795044
539651
264254
142393
688889
654797
370082
288430
56146
985713
357781
312050
197332
367088
144787
82322
686610
356712
512202
250244
840073
683343
492742
797022
570034
808884
667131
310287
408285
930775
356867
773626
356184
12744
964785
249673
862080
445629
766499
49390
252810
560937
971821
435868
17831
263814
728369
928872
469277
636565
604173
605062
315322
596544
799627
764269
624860
447953
844701
816444
965381
306186
537494
491218
333545
791219
287799
512436
900396
893841
950266
670658
976574
703368
334244
212593
856214
657763
895805
701252
969634
241311
440888
859043
389285
214643
168784
330177
160021
284252
402273
361365
857537
271131
574365
584505
540059
838978
382164
599934
369550
168904
474149
482254
945462
725749
388881
928549
790061
535670
83814
906574
596515
747839
927854
633380
676776
542454
354122
353734
663842
449743
347967
236340
700922
519390
681840
486060
987759
682227
497268
848285
649893
955635
115989
622652
668911
890323
852182
373523
202813
844176
76553
529580
645217
322684
304562
108354
930922
858518
750145
858490
582432
875263
443615
391955
873646
314349
316514
457810
813249
679915
860009
12659
722895
522567
763535
161222
111028
802632
476093
552767
752729
540274
352186
181865
978681
744911
544231
249255
508567
343153
989574
641756
697935
458954
731265
222718
282117
409192
637756
707075
81688
873570
910165
640861
355221
801004
14080
800676
286661
209184
755406
955420
432422
580281
26387
429641
930572
385925
853130
783515
133086
43237
571787
261861
236008
40635
787878
475634
426286
779751
468490
857164
637601
961917
719557
447261
311305
874842
672460
822281
819740
371788
341775
613865
536771
616236
533149
558378
845243
370070
530467
186514
837540
907079
926249
476331
678395
741894
96453
664262
268842
757703
506777
388312
733016
45134
108224
142461
368615
665899
114723
123471
381930
247688
185368
191855
685805
151732
827230
977616
357889
451977
377296
266998
168159
867389
862626
422204
866377
893742
267490
890154
332558
884695
706853
690818
784077
934855
737193
724956
848836
924337
463979
332949
182409
939333
261775
481758
317824
989267
22041
541337
618929
603873
880602
631901
675562
5009
805212
354256
622378
858733
671156
593315
230736
112532
885203
296514
464690
598972
71905
776902
121323
156290
35646
788224
252217
36153
332096
737257
986470
309759
1052
787096
529510
708514
570004
311866
115307
558014
45574
744499
941733
562704
319182
722497
257346
7971
472395
220768
496084
915201
907322
968590
885573
881732
193032
402017
774347
624684
786767
514459
410895
44728
405299
50968
791648
696573
894772
322027
184410
95544
676441
847098
262987
5510
893897
492912
782916
73940
65852
424938
932694
40099
555158
762016
745988
80976
331962
710451
108773
630818
856891
82009
353836
889636
256333
427442
517451
983634
254381
653858
53414
466032
236992
938521
859230
606106
27354
627025
234538
567427
627573
360193
690173
174541
607330
513473
483401
185777
87995
712069
317622
960327
233912
214521
204604
531693
803824
496930
976508
221358
431055
903557
838895
227437
78565
423229
938030
530893
355429
546604
944390
854493
797841
414361
980309
841022
702360
834931
371411
902024
62756
989045
657247
764982
169442
681391
849323
643137
83644
741263
724233
575914
536792
437474
966238
414015
705468
773707
739177
305198
682488
21424
324023
186246
23517
10099
64429
830942
225631
902141
991486
991751
638511
739020
120732
265081
436955
459757
36007
671505
774
40946
613256
64338
325487
587588
666569
275999
324755
815118
666092
67653
429592
769861
6647
378221
669028
518072
151279
690156
450397
239070
832820
428794
967657
653220
159794
173573
472634
45292
555571
337080
804568
295402
324183
130103
928716
972652
789645
150246
465233
295159
548490
198277
825596
448312
387578
552832
942616
887304
544996
359451
206343
66487
818843
431094
63370
827151
457243
634693
582415
756510
548411
251966
515999
109618
91863
443870
330032
222828
175356
539629
483237
86005
441673
96259
970999
368018
607760
412996
446573
243910
952701
716106
18843
877910
897409
648851
28599
338381
425805
766193
675208
30054
786948
925107
93453
6000
681962
323964
630716
416039
166878
261399
638708
199860
481810
754446
480034
221901
879472
879794
611039
889412
687629
185412
496121
363182
254738
737003
955284
518983
905334
461264
935475
226611
739934
613645
503034
202699
101033
346283
649563
977837
656034
561680
210506
296844
514117
568792
73671
347696
404026
69781
989242
14943
487941
268365
547533
629113
598420
724758
234401
713809
963303
892596
203591
533501
405121
9959
715145
886544
61819
360985
918012
336662
277392
453403
972863
551719
279515
244714
545354
438708
926825
51864
734733
524793
25834
768865
119949
22379
673407
422874
115004
325337
777246
346193
211563
86869
367550
180325
799964
347029
27660
41413
119360
535102
432581
642754
561859
198362
527906
80147
313351
218588
752652
547402
805965
518968
111136
230995
739840
288600
238763
118826
236755
77240
918242
245343
823031
866246
878275
157419
910778
648912
881811
339619
73867
571351
325186
932470
20102
449254
244747
480132
404243
508665
118229
492079
683151
840495
98910
874026
503733
795240
518266
170837
665482
114564
826827
17000
893910
579255
440163
777344
163364
794833
18025
586025
730696
764683
90790
335292
845260
393985
28618
884370
896357
747443
531836
971445
406795
308564
221591
708532
824900
613103
212707
319989
162041
147274
143200
116533
950205
909296
958606
770441
160633
408823
768542
436141
952801
146136
280923
611881
841419
769517
748707
59801
292532
89299
409429
857850
456441
570071
131290
663748
57960
871581
183447
485262
116258
214138
297878
934403
464840
777245
877960
169311
340718
76955
230296
719139
710796
33953
495259
973652
112689
620746
488062
145388
665210
164727
982618
788830
557412
521911
868891
588226
41667
903816
533006
430639
330115
130479
624787
929553
273425
483448
376893
552204
590967
648518
190031
457914
341593
732353
647845
327616
613143
897806
583984
539652
720502
433542
543179
102254
367146
690750
519262
589631
854284
367908
332857
6340
744978
499914
291129
320721
181620
615858
779819
796538
408889
640470
165281
185687
624689
667077
864681
179138
908687
575534
953163
598685
893592
155574
560717
373906
262567
832211
33693
450558
492884
205706
841750
729777
489992
554942
813081
298449
99189
414355
62894
70643
51514
9201
412213
767163
406250
251242
875174
926466
987319
966916
476123
56031
683955
828734
332471
875595
763992
878302
671456
471378
528432
332802
602319
711181
171080
502576
255469
977721
558536
308935
177998
265198
224317
715467
151087
538410
425932
23483
11027
261517
123342
595253
158079
258144
635154
681641
476833
338773
965050
510777
456029
197794
20386
210232
485850
773920
969620
297783
897889
890666
368445
779877
176242
871475
252455
191771
18266
508400
338896
534391
439152
285791
778762
973396
50577
203150
153092
867472
875613
814272
107173
237223
56003
797920
178340
773344
173492
446591
585026
411498
878943
581224
569464
592934
495408
190131
49038
3541
511266
920428
759510
898489
357115
937331
686899
922170
438512
371442
613749
80127
970945
762925
166107
552139
296216
694866
592725
725431
471253
220220
17183
795268
832862
670350
125278
505944
405089
325290
93142
49511
263683
332910
763936
625889
450469
502236
104020
85224
941848
413629
975577
617892
154032
367961
169551
433168
743095
343765
976329
224582
532120
328544
764877
31324
107358
722156
186032
194451
469806
883548
765425
367970
97451
719863
930394
977743
254744
348457
325449
120562
591554
201497
557391
619041
248147
32198
529478
260917
188301
784724
339406
676814
816019
191815
196266
910042
489701
362884
229839
488675
810644
369980
667672
914814
652239
44670
166220
5323
215961
475141
844398
294000
378200
650472
813041
296540
692839
906869
749805
321258
279172
626564
218042
672065
204233
857335
230228
503894
871952
163161
730310
910980
935588
857381
323682
757084
945269
747301
311264
368119
682333
251046
897898
131553
100539
842472
595070
103802
590365
166964
493100
23641
215377
408024
171433
800689
428297
680563
638574
917767
797493
508511
549848
50918
714170
421561
200846
860425
953429
334203
404857
335280
552936
222021
549319
838856
912684
192892
873423
58320
194003
322058
733141
67074
351428
875576
489372
596603
347975
521652
981886
640656
652260
963362
334331
219241
123261
139531
43779
666905
481768
101281
731164
221301
974827
117337
711819
841796
933115
241841
87018
941744
765847
391084
674619
328694
355337
299448
316720
1675
402398
962960
279539
875303
32443
179516
674680
883278
3298
549336
303111
414479
793712
69470
598384
333720
41114
846788
595186
890857
935889
877515
862709
296932
820033
839816
376266
45691
517416
390909
380588
120882
423540
487904
300836
554028
795465
502691
587053
622297
504195
317471
183520
492017
288442
161444
717209
577816
303137
5250
544497
70882
219684
144020
675408
59292
359020
763237
914963
874659
944812
765072
573448
966331
926298
43830
90843
264832
369580
504044
148109
60984
927843
477936
169506
586928
78864
427849
266262
895044
133206
521149
396894
499231
192087
886904
834835
677125
323939
587818
370354
113993
507197
184348
85758
907884
589930
353785
805522
356294
730132
31776
200151
247743
555689
108438
446493
334602
113940
150595
120780
959197
221257
758779
230822
686671
667801
670535
752305
132071
116554
261541
476752
836592
744689
519499
873020
527461
459643
961561
875833
564197
867504
125990
71085
891213
910746
319494
407432
283000
832233
79270
661377
979457
714133
692128
237349
798571
513133
836798
86461
961627
838011
324127
55758
919653
676593
917864
694113
755543
736513
80476
682836
204163
974495
992157
243251
131385
353569
851042
529601
56418
680203
289027
112249
372524
119652
933075
952084
445896
688211
749212
878786
624737
456551
843221
306120
3264
759203
40751
180938
359550
272830
784972
61674
896789
432341
976831
344501
529631
701780
152774
158707
826012
816283
881258
452611
889803
756854
36810
636863
724412
176047
783815
515901
567054
396041
984643
903500
54195
769378
565524
185461
515382
710709
398679
152760
348849
359949
47041
200379
604815
538666
617687
433267
724766
417845
565010
263737
282364
434049
143181
251675
144068
482303
17230
276714
880720
480800
228637
850730
83806
549900
934348
906776
581222
828283
770993
303874
756360
116551
912507
139461
211413
735732
978240
95752
246670
737732
13002
990681
255371
182572
87698
258694
524839
980927
656986
744927
72489
723323
661007
310478
925627
221315
449497
951665
263486
428168
431660
169286
663965
857774
437234
365826
316433
512049
111122
752335
733827
685596
360961
410751
746930
513718
590147
30079
668851
940038
567391
212438
457333
692095
782675
100959
984958
423505
236313
84316
887416
58376
23417
393419
868902
705398
953837
696093
65066
679850
540374
769164
52905
68778
163816
836629
545426
966767
11594
305444
961780
537920
615128
258184
653330
882291
448913
676493
194500
38809
277379
858616
361652
915069
132387
382527
676034
580063
417958
953435
521119
767059
193482
31190
764518
12630
41397
114302
151505
214764
420126
480648
917572
560804
881782
230802
282088
295602
188379
896344
372681
846810
321624
202600
787762
107427
751907
365580
738728
445855
960294
693171
801981
533995
383696
629220
239929
936671
134132
329576
720894
553236
548107
952148
313925
170678
912699
758528
699460
226154
326273
583923
769345
599143
385385
677159
525385
675038
616092
696718
256431
530254
885928
784114
366551
284889
945359
49933
129674
474759
283315
54318
274901
767079
573787
469155
664583
767370
113261
675469
171899
247074
178073
259605
928344
812936
342609
618999
878938
672982
290588
223585
538146
710792
201218
65359
316261
905056
922616
289886
774450
691029
16113
7875
162728
423634
652097
678414
443224
558062
968030
671926
822876
963475
610480
598468
815741
161243
361544
25490
158188
744111
882641
923374
895222
489930
373291
306009
701545
6074
340679
901444
138365
252133
900115
324650
758873
818179
954920
493251
524513
526379
85050
878354
577614
374980
830102
952183
310884
930024
512848
352001
603323
362450
186181
813896
43863
894166
908
53530
403995
906388
941149
802417
744597
587243
407238
815334
291187
701578
983401
430908
750804
989316
402666
590049
152906
802266
56082
718754
244461
347208
360470
567161
374289
524498
553945
688612
213696
56890
866314
603588
492850
249689
260854
607208
381504
893962
184210
717032
14426
589521
728614
946340
297147
474055
917244
242273
566403
218309
236625
603170
326360
629501
709397
84709
236138
2127
502756
15122
438093
816144
461644
902010
937426
345639
86517
463041
519470
518912
894090
745178
673222
199644
241486
932960
982522
398413
804196
552288
833576
505735
57415
434810
607398
520680
17172
846569
859474
490689
951490
378151
959528
297000
725123
670617
837617
244346
964269
237019
590360
298715
608101
340252
871379
401740
46362
677530
671537
751480
583990
801852
369363
392811
770818
746213
79034
75770
806514
652757
945446
825590
223233
376743
828542
955086
393652
422302
661732
55675
957590
541670
429726
157690
146492
754383
750818
753350
797153
202020
99686
210952
985588
246006
557069
922232
894613
758131
372517
82348
545817
662629
294777
884953
48247
349217
207232
580443
490436
392089
839941
600081
3595
517316
384339
854479
466394
529567
216509
381418
231640
346769
303986
211515
447105
489416
693683
15180
916799
435767
300944
383447
181146
799433
405150
79955
373456
471624
651989
343783
390500
19703
972785
953518
173433
88294
376926
822926
556916
381752
145861
161477
975117
739124
306738
210553
855472
803641
860669
509764
921925
442540
825312
552856
990769
148526
297516
602649
494223
169272
957453
815389
59502
586689
301584
964323
431549
893580
892715
818616
130989
801839
819429
794608
201126
295239
570620
752110
831308
701979
899333
566187
974609
565987
491766
638783
513855
567751
884654
286252
299384
113457
396293
428749
371324
382838
975589
541535
853329
47748
753550
151964
364362
144194
433656
664198
507859
557302
411611
597038
611549
295086
669248
133568
359406
569690
152814
130677
887061
623268
975173
40116
289587
985958
165042
848338
191401
118229
732934
942886
45442
249899
662325
292140
623554
802909
861324
73164
858864
163731
53480
751359
405872
296514
529143
945387
365891
294035
647079
562951
311195
374338
678304
954172
267000
45261
132883
890546
928644
2719
457770
31374
220977
316179
720810
790368
816084
916733
342440
705635
242601
122307
530811
300315
652126
492396
113705
32630
3604
400343
282967
135641
69110
812729
623978
469134
548977
596795
414235
572789
898202
714307
111165
279194
703958
167905
970754
417410
649896
309119
288083
3774
609302
299561
571010
589520
810559
785596
2260
309432
950074
582022
592116
418775
950996
330810
441970
878414
924399
402858
183695
891706
585364
958106
178760
920948
985956
637229
245159
604166
160353
858047
312218
435129
703859
855696
426736
945139
59541
707864
657968
384250
951738
80613
723774
428213
577644
759003
789078
523392
7191
783051
873565
205423
438605
126596
529782
190494
686954
347168
535580
632505
383697
327160
328242
374896
758960
263501
411111
659457
407269
729393
619167
976149
547245
880253
837299
132421
74074
639055
462866
7965
846729
48531
440285
201898
844415
470301
162831
572505
595140
734879
27667
960567
336610
364707
69766
121420
817646
960225
483518
529528
338910
234329
474548
128820
52730
247348
686119
989679
824328
976789
253503
974524
221801
164713
166939
241585
737007
619945
385730
265271
615834
577508
28983
908248
675624
454545
564655
185701
351266
870475
759430
402982
231447
965537
529752
415645
492239
392213
498420
373203
124712
126340
336799
667102
84214
941689
13426
537914
128737
725339
872631
175126
733117
272521
413533
86471
784722
419812
723331
623175
449212
832746
182418
676028
451830
500893
944724
207786
692061
734766
727267
317737
607128
636663
318467
308187
105263
513017
850596
816294
131210
703797
839107
782555
825768
562963
77569
69336
839258
31584
849116
819375
264956
913475
851214
477555
110291
360478
936425
775100
433867
851325
616733
435338
293437
209953
848163
44577
898229
287793
134452
268132
105604
386446
646083
110252
11191
688745
898483
616594
662058
48705
269253
751731
850420
369378
327190
434126
452934
857143
839806
340928
130592
492411
678302
415846
84360
715987
925750
482728
872665
330772
56877
320187
181674
191211
569308
936115
821914
212622
636710
453661
210983
7438
855623
936736
640442
93547
334373
686637
671012
630907
709480
125323
635947
373654
128737
167560
669393
690517
162264
265867
897590
978428
116700
132098
643104
67104
809711
164838
497914
263256
542109
795896
407060
893457
850903
802368
850973
392608
35169
340923
224801
605825
920272
740472
197709
550259
570598
637782
70187
232440
839003
896880
866499
877518
751042
629181
58451
394559
947739
867639
311190
230561
248131
71904
733483
594978
81785
569966
211947
479212
714319
219069
184891
698211
615286
124473
969918
571448
864596
923794
210931
571382
331784
3478
584587
579145
213684
425793
102207
55802
761588
474903
801003
551149
176326
948276
583385
370033
609571
157758
919815
960200
108217
85883
742851
295127
626511
712213
241351
860562
204972
141799
676603
958324
446733
912250
394693
703359
881676
128878
725712
333440
203792
383416
815767
928073
107163
860501
933763
557811
263526
814356
16391
338502
387415
889400
525669
733202
203853
161626
594979
989843
689229
914533
991038
32450
371781
808698
126385
238180
487695
649179
921565
189548
878936
286357
791463
467484
465625
187821
351906
65372
288834
108393
954678
498676
52707
524967
374561
269410
17223
911024
812828
615944
347480
334402
67559
165666
301347
648544
609582
925607
580302
785106
643366
61596
475665
915872
743603
99948
368340
723884
278050
187222
751580
876976
527388
728686
65107
421923
583076
237859
309836
605975
144485
201026
262205
933774
226403
264567
600253
739760
686383
681696
815367
942296
225064
818991
352506
838636
13001
231199
986989
319761
241538
175482
462465
674203
533968
554702
821237
425132
339712
341120
18208
591453
919454
602231
123044
533641
959167
723258
65544
440886
498029
990388
780428
587106
308112
803301
810473
919041
247456
530336
320742
796618
504043
581089
104056
104173
134953
443159
74886
90064
869870
814088
246131
76490
110661
232164
506685
484645
889405
955301
312939
686329
493473
661491
791917
457574
922334
965665
153966
393259
602842
867123
347234
329275
253181
739793
780021
851795
759289
446600
212762
875295
755732
368809
495250
435145
390228
899254
940188
349367
343873
904201
632481
294730
42756
533884
45738
60719
882816
931136
338158
425557
139809
914797
946051
322060
794227
480685
386529
281026
358558
204132
689123
179650
619149
152572
772125
467547
588623
915293
519745
765559
703600
188284
902557
453001
11867
840177
161235
701232
200453
265963
109253
338704
703494
710406
743827
543046
273001
635525
440271
758491
155594
310950
877196
256333
438093
234080
246919
507185
114197
690941
12133
725508
956673
870351
179623
128485
745467
958800
153651
303379
196888
981623
323118
355859
180582
469084
148499
560295
148658
230390
378871
481449
111295
546924
686472
754315
190658
543113
654699
428704
167349
121426
225833
689564
77544
159541
977914
558009
194931
972167
298279
281046
62845
742046
511609
413814
369758
568301
496813
136336
841006
488921
70484
591144
88928
981265
414590
775834
471712
532240
427176
360729
807744
480220
227565
430391
590693
638252
117888
158584
107878
945287
987037
895910
349245
659417
43472
338994
393695
718909
840128
695637
448079
557853
608863
449963
864782
86443
875867
953659
877232
600047
440289
21212
181914
728448
896048
304991
20647
978028
154231
407196
723182
452732
620737
518467
651865
853120
914587
206631
378772
232990
191826
153027
984851
183014
461380
457553
961016
267047
568491
690229
123188
401417
329245
796331
536120
897778
473103
875889
32354
854676
692141
113077
788668
383028
857500
866153
118736
541987
488184
536085
527375
517636
671324
517546
290305
609482
313087
950359
331372
981455
287242
221679
465430
41816
392038
706191
273166
144790
240430
570641
425448
73510
374657
400697
835485
346377
579510
45952
563877
225013
651936
866260
493588
745004
171276
762272
251070
979789
991990
862550
3907
924497
496096
685886
444448
991682
911465
367341
619450
575640
237968
416171
458908
160127
129777
654407
859344
919688
960041
106397
300206
879225
400859
793878
186266
853040
226258
696531
182551
415472
270622
136731
535726
345970
818972
217393
246091
112021
908745
839443
214950
775362
227304
787064
193906
495500
852775
572779
435743
219243
631784
799333
323867
251483
308171
352581
784282
546830
180986
397023
885907
923653
459387
584633
812047
189838
137810
985798
502091
295867
518613
965508
824494
309756
293425
473360
813191
590997
143997
280752
650895
88604
859130
24107
697133
310995
818396
663311
106849
959236
918962
616904
78102
21700
109742
944151
636519
477206
436188
78368
268538
124559
392677
716266
627943
247466
115913
271877
640074
704998
142658
660155
593054
934021
918795
443567
513706
613142
193454
560498
316012
552164
857531
335207
440761
642007
899266
592768
522559
76944
388278
96781
639286
828449
182643
297520
757211
940511
814987
102681
124411
935577
917407
811974
875285
742457
477081
830721
878697
877877
900722
486107
666721
518501
480238
288588
93086
742029
738263
525521
896021
865504
758591
22259
194990
682083
876255
363682
365630
86248
693949
858286
740907
348950
843111
484729
497319
184089
352004
852718
137562
574580
524308
934389
866222
295024
405839
629162
921926
631058
498033
399798
879834
437855
420875
930512
75900
895735
700054
939075
800469
631154
836142
516954
43311
524969
654981
101117
553194
677662
51420
310755
14788
884777
282086
97316
605083
310751
307419
39774
473055
417781
582988
536645
801847
201583
203250
472270
958825
536707
453553
248811
759767
198652
708229
396411
633882
381087
403711
515045
780426
268730
905645
426903
639538
13382
264891
713735
593347
725590
354493
253557
517948
970289
392122
683337
758279
728845
356575
843600
917015
743542
856982
54185
478502
279894
106753
703622
683330
295414
331345
38782
136098
760133
819162
705639
33003
595217
129627
257197
402005
460677
744805
330835
425082
186012
879092
307995
820588
582608
618871
713745
381298
827851
834900
179600
59783
542877
283478
379028
615161
234290
925836
326295
63761
950118
151362
43110
656173
211468
264736
269087
793205
392321
454340
672144
16508
836363
254817
905990
696107
625330
278935
986953
64017
380041
201569
105660
241923
675228
353604
645317
212781
414813
672126
204352
645859
430868
31530
313241
826762
744621
781755
931277
598486
542717
187417
253925
325898
619341
367413
122904
292389
886700
201191
729218
532113
515730
416282
956152
734082
548946
966657
67927
134597
394265
285598
263349
93406
220994
715397
12740
614120
502974
870592
401640
788288
738540
196066
518163
41007
914972
581770
775171
831816
402401
875773
677698
705367
745881
679539
459460
698308
577295
325057
135989
244530
586707
37277
802187
686734
676941
827627
790882
983940
378694
695527
834413
678343
480895
41478
550412
585756
2634
856856
651624
377332
549012
105299
967329
262265
502265
635135
295751
65744
880947
634635
356653
221444
636543
93862
421861
229906
206725
528454
107534
518311
214143
609708
676453
31913
101014
446650
965718
930211
177059
971999
563709
310682
89345
715056
355438
193673
257070
804655
184575
194202
889459
115270
131173
104493
770428
123928
897036
447063
947603
37073
194273
551120
92444
555237
246964
224143
516732
770125
149655
478206
273426
22895
52741
782498
760062
167825
605369
473408
191238
835046
820725
426207
244531
316425
430193
796285
654993
400809
541696
233492
326017
868967
434251
741710
529666
25170
400533
985254
656073
684392
546976
634242
530307
235906
417758
401509
393410
46244
306257
491702
669809
74529
124422
949527
918992
350868
221732
708697
764996
380707
629107
875644
818369
868145
979600
941221
85017
350577
854337
81838
109238
868138
919037
711532
256514
763602
33051
859756
342367
54269
436758
275105
266115
176648
719677
76920
339982
652865
262423
124947
320639
206266
262722
163140
20750
228182
131453
905238
506924
487943
372518
580954
731304
421306
599960
108218
104762
711681
601162
341202
643407
337812
863015
725764
337282
468312
355230
891803
761240
912968
36635
714015
103105
877667
555735
717670
957603
836384
885149
286383
800814
743754
76164
798816
892684
538253
687697
909771
501887
626924
149965
478001
711276
56169
248691
836763
237765
458535
350160
943614
349858
133474
68507
113479
108185
952862
240570
825421
237260
454537
694438
876184
445912
799572
655675
579333
854532
593585
1145
936497
847125
67866
985023
488497
350217
373373
247016
346094
459988
864719
977629
155534
136793
947944
825711
92637
510545
110524
953174
754999
164772
103639
936656
276538
279480
389523
247232
760362
492549
751290
398904
699435
210360
504969
893169
795275
750838
319662
811013
111331
875611
339299
174327
263846
330647
981621
570895
743051
4684
173243
77001
952191
534867
518619
283261
82939
521241
299640
374992
351952
145510
849824
577114
590564
833814
207636
927869
69495
683315
276081
310427
601992
929314
734358
297986
18612
940679
145304
672600
199308
455791
52064
427164
489562
816448
623724
727244
415659
808092
912554
58745
805750
884137
978704
856863
750610
627370
7083
816468
687960
877861
367321
70491
202337
626082
424085
844969
409799
243371
685117
490043
984432
415364
275294
968472
868532
839280
138190
630506
970299
423732
157148
394461
614321
6874
104141
525348
947815
844708
771377
116068
559139
813818
57074
633092
478029
477859
259759
606950
547102
248142
872649
254397
744285
739788
721963
443269
665036
277364
65280
628183
91500
422226
587219
510257
897841
168092
207195
411913
507707
359600
627808
405323
941019
312391
418669
515175
3522
254334
990569
367015
527395
700525
604058
285893
973504
2382
242407
186580
631738
327175
655069
457913
541416
782478
789875
174827
471585
635426
568900
107798
806253
245265
250607
767710
73121
511311
86496
800431
475137
384603
949124
530814
400616
213252
755894
781422
803731
40873
342150
739915
35757
284390
43300
942351
34361
895688
402744
448414
875505
758601
911023
863741
425394
738067
75721
562715
200044
506101
159139
773698
559335
887496
895573
188706
968454
934288
293464
861314
236158
195617
49459
501360
680869
945962
573715
444611
860988
107563
286234
15682
969464
298134
608040
215333
463272
113779
727041
309528
606686
362487
630462
117803
758210
966753
193583
118471
687171
899788
548492
160700
4932
879673
763703
520535
889
561128
459942
465784
847329
745925
897780
265660
977049
378897
469847
34214
603672
486049
748867
992146
837775
51905
60032
221820
110012
721619
7334
501428
343617
775637
326003
714343
853425
860132
195308
588888
928919
368499
317383
975799
321702
769441
767865
474933
382050
266181
897292
353961
11376
114042
703109
289186
586019
275967
800637
713251
787207
761701
711294
232683
161577
409981
908943
477056
406075
227936
477253
382919
330194
665046
188614
257392
142200
304032
187748
272625
667981
234248
946948
345753
22552
760520
20857
834658
205617
708790
449634
211925
184730
914906
252200
735617
581534
64516
708222
190287
484121
293636
593478
486379
677867
943128
694381
694305
416557
227954
799568
609075
788596
147476
391326
912433
828388
310240
377499
308120
643287
763982
517429
932585
873405
830386
588302
585682
636414
282154
934592
756633
519541
204698
404306
51602
545897
6676
282117
412218
637370
467254
49336
963784
310860
405449
696271
327816
783503
516413
447208
510579
661721
61675
985633
699517
584223
762289
117553
766760
269694
690311
914596
916984
182173
581816
110940
496863
568078
304623
647935
765258
854998
962932
353121
184297
243734
972026
382463
594356
913789
305730
387694
950498
339770
560676
768981
228212
718614
617827
432921
939352
97199
597661
572687
389792
68338
810307
811781
607489
803575
564172
394791
813211
740185
927257
191070
692868
56333
320608
470993
45381
637696
764637
599919
296800
992348
701418
96523
156165
44327
450650
635648
25744
460446
387166
431948
774582
613961
947266
223202
176001
268840
387739
823717
188465
588926
208549
144717
170263
480832
154652
785440
289834
898805
722905
268184
552974
875000
660715
321697
276285
621598
52117
47217
761753
191113
626615
989880
718756
108756
521155
303820
317417
473768
94647
835381
631693
305299
674032
759457
76942
755388
765708
507924
378857
773917
643856
573690
134834
624642
231157
854431
432294
224702
444394
199675
204565
612922
108399
918375
146328
684514
376192
914454
562923
190027
716068
482321
594451
334616
498201
945315
481663
498069
381719
865116
805250
170292
160450
515218
761745
364335
924925
139721
270461
119671
958634
480526
628189
760676
746579
279283
634174
162831
851095
216086
835939
198851
890408
982212
510744
977221
1015
743642
787829
544075
921402
892017
731540
778932
555016
300725
557948
208448
787811
838608
97152
862153
940891
583268
589976
598591
915765
862649
364632
691029
736844
225670
477364
290257
571304
217375
426932
222582
773113
155608
697081
820356
412649
728993
218026
608133
696989
394813
573573
971197
866450
255820
934218
701642
166631
607905
887743
935519
309904
12118
156453
261275
726988
438830
923469
751306
238014
41449
120735
529494
225081
894287
821275
9241
651946
162378
903529
208045
440916
942651
835391
83973
417922
22818
642279
442333
417698
708693
297743
334057
902951
88310
407458
493421
311099
971200
958513
381833
37598
264941
951892
699564
103160
88192
549031
843289
458139
765119
636538
76866
59978
131901
440780
469337
820164
227647
489942
904368
525450
583572
336718
938621
902252
376237
246276
29553
777352
137161
81597
10739
33418
770012
324364
113502
465909
382262
110423
51336
774327
133614
328827
239887
403224
551776
723026
492956
755872
354512
680144
647032
10711
275023
426305
738675
850323
580911
344274
307336
266359
40587
818619
9055
897714
666711
546103
536826
499095
785469
951759
324375
426047
779782
166703
705804
658823
424843
121781
872899
157654
834325
248960
370730
351767
539327
31089
737219
958382
900267
381316
886780
550174
573055
634544
824028
888406
681549
966117
328391
339094
380457
939516
199843
601310
673437
168955
505829
735457
594888
255106
851673
110062
825122
372766
416234
34215
239012
428707
942388
375634
200446
445648
551030
889802
945257
493774
813720
686414
219176
407349
592754
178705
413807
782533
463988
230016
10010
920168
860756
949229
76109
576897
733660
936347
327568
817786
350086
906435
47375
901430
538778
373240
638976
161374
338187
442725
788445
671668
193976
308696
596395
888146
946917
358782
443692
266458
198491
679284
967106
869963
77322
265067
792573
198782
222557
501137
601092
247355
940101
622873
693060
612360
242746
615449
772795
84244
605626
964306
607062
762481
800570
738934
698092
484980
412083
647633
881344
43316
867539
560088
943551
301265
524568
829269
753992
353609
496008
415719
3533
697456
165803
1131
637841
514534
868140
846826
917767
447795
754921
969349
81873
122217
438206
922901
415027
446543
972135
667958
885930
483271
623014
713432
403350
916070
64805
698192
310510
788888
125675
568078
19304
135727
33068
122220
933472
939107
378716
393887
552812
775409
299250
275800
400844
132170
24292
487302
128753
427184
413906
722798
245333
964798
698097
894521
114419
456580
49596
984414
882780
54475
220000
277430
764211
86059
615004
337853
218674
555991
365322
472332
526259
487696
927460
19482
312328
407113
128565
315378
907445
940020
938279
530983
551445
71675
755086
457164
203522
106345
954434
83848
376649
360856
499383
367403
784607
431101
5277
262688
543100
792882
749253
7692
962995
290634
124719
383570
274435
591983
293499
728583
780235
73076
23254
969404
256960
389740
78449
336678
667228
284709
980852
426672
96976
412457
834619
972507
906645
457967
694502
774099
795937
599669
749915
295258
104477
668331
221409
208243
511239
379163
49394
261577
856021
426456
675892
369945
638752
393947
406737
810212
118812
697489
814760
625455
983620
194939
8261
72184
528192
284904
16045
327393
421572
746147
226037
351955
922776
579342
409263
228327
103277
428415
686727
435822
673381
970756
502324
538074
579454
957375
449636
236847
385126
934696
964019
538667
80573
396000
329561
57902
18449
381205
727685
257301
296819
276147
799574
578720
21973
171400
453349
637150
708022
642562
240937
370379
592064
515794
901105
587883
802837
116867
525824
763580
766865
373191
988350
258264
541923
828411
479877
261551
426776
29496
969087
774383
131176
834909
304412
620587
855101
331955
195497
803131
280995
860324
516809
266168
490184
360737
797334
489716
145034
614699
263525
76092
687579
951957
256637
354700
816896
771371
663872
730599
340177
755949
822667
530603
576920
827444
63604
249050
293269
454721
601526
331037
244796
756617
832214
682311
426655
733055
444200
850073
228689
231561
224586
277311
424340
466325
973098
486631
732286
167838
885104
853931
96388
754628
620831
235287
586976
155088
737643
785297
413056
88038
577194
849596
591538
657992
319250
473173
921506
423771
489511
166597
691676
685948
524512
393251
695832
611769
837655
12680
523366
604934
866846
391804
405680
915723
645328
141145
492437
960236
319621
573203
54383
514528
947503
17449
303272
585245
744906
457146
808558
627254
334510
250025
963981
754471
573086
830801
426593
930587
208532
986548
301855
802418
142797
47145
416387
807641
765648
426717
13574
884571
460395
283062
472391
23947
528077
575626
6742
617599
972776
700916
292464
544670
362027
403942
587067
237935
534768
187538
404688
919435
683410
771199
304102
668970
530375
824073
332564
23672
212599
450623
374748
891165
293876
821048
933440
890282
87291
933567
29621
949776
584711
639200
361208
320864
430606
749110
528003
398833
118493
87930
34791
545922
58234
503656
103506
277690
600077
735340
479864
481000
756247
607362
569169
490743
779699
567789
940102
217893
117853
196121
903439
607761
826944
780451
575352
641360
239659
119477
221330
441064
98596
896843
929884
463127
146566
880801
960057
218864
891745
947763
582608
580589
355015
570226
741304
793104
269977
878363
232252
771036
666791
737280
872150
231131
80228
190317
803336
819148
170790
124103
839743
460826
205400
562271
104671
302299
282663
297563
608215
756491
238930
153930
658939
807101
332410
707601
829766
159214
174902
613538
593869
108258
429324
412939
646817
6652
78378
882307
315103
212477
192206
509931
168474
632987
218417
535751
820488
452125
622347
514075
65163
682974
983171
955572
769574
545968
245259
631981
644780
985554
914420
679110
528393
945541
127673
808719
309976
907171
22021
673164
800941
485360
235703
577045
422873
78526
293823
639579
749485
65920
862456
611502
642510
968648
276826
858167
301434
523980
256439
134560
42312
115759
490598
241511
193993
623489
617362
604019
604477
274735
978064
783444
560583
79212
711264
209128
51249
414075
793382
279963
87893
43837
203850
795527
783256
459734
181893
962827
615043
925038
800925
774708
453300
256185
892358
535165
650688
723312
339480
127275
498995
158677
458443
652351
900599
207168
142357
120430
233323
236882
976289
231164
672230
490925
186228
385461
436644
601715
154837
666705
257048
555629
247878
574846
587245
196976
727183
946785
606153
101300
850731
471258
197062
924934
701262
16267
602745
667292
97086
123110
970142
857121
532733
466375
327135
227391
196251
441929
337926
137682
927558
661658
959256
686136
495116
574389
587006
678421
774123
110257
343191
272351
191379
642565
544301
718812
10910
438924
303309
259311
117840
796626
915360
608771
122716
884092
685463
657968
536231
769102
954678
176388
359858
36564
591713
940679
374240
585529
931929
628598
140368
601385
726819
356621
698926
570454
985508
276802
186821
411737
276482
305799
893701
500688
937759
305048
746711
352167
356054
802294
166953
58937
893797
499048
63588
555265
938485
556623
277120
68087
255968
733579
899729
212425
814972
645799
366914
102902
474885
822756
116730
559864
400575
288491
454339
294960
724315
375649
593258
477667
569171
492584
359127
145413
153554
776899
871383
603613
512352
490842
641265
935652
92858
609239
334729
712132
83965
70133
886523
394178
805284
955414
879016
547199
410733
182733
827098
208399
529111
368169
75958
93574
881439
234548
30231
502410
902061
775276
927781
102874
633610
187413
97662
597874
226418
171631
825615
925227
288264
724270
595455
230354
365029
141111
604194
693700
16109
832249
725199
546475
324004
940059
413986
73746
190426
767270
884173
653459
221709
931789
954876
258786
577741
593937
344072
39285
855934
118002
123969
131698
595709
506157
428363
533638
631812
972579
774461
959121
90709
979537
118637
88732
961142
162206
545285
61280
560041
800272
973427
76870
876444
930744
490373
971974
858768
249040
259096
150893
329086
431481
201003
953210
380178
133968
536210
102923
570686
920828
907853
659163
711496
250732
14474
639609
67131
682343
739721
155053
847353
32572
724102
340008
149427
644720
457561
66272
722099
912057
234593
369378
482722
205939
239339
899657
100241
58331
102325
457981
650813
61444
964641
592594
902892
704330
36630
679405
753094
966029
987865
503542
721608
427833
790806
816565
882715
681172
280368
439130
517066
898462
897885
373601
771956
904143
416047
407339
98407
389203
704034
179217
604782
466506
723067
403947
328069
591016
208788
229206
177141
54973
415665
847746
935364
895744
32451
567626
34493
334050
914912
243081
103183
275031
652533
47042
117720
916689
248403
53339
381588
263976
672318
443259
602320
688712
150498
179768
900719
70378
355922
928057
465614
43244
280184
561922
990127
758541
752362
168006
129141
530375
324809
80221
719694
65683
598080
56599
280266
853583
445516
59754
918584
342591
427534
660490
527850
316630
494597
171390
173436
37340
421399
878451
647005
673926
620411
560971
207920
544724
905841
310030
193634
768773
440126
644096
971230
233707
169101
745514
623832
751452
27165
480880
735818
159240
331993
830967
801288
672386
402537
804846
596292
337778
649260
652594
618789
713213
791893
378495
33882
534948
433983
178813
36371
837160
322059
861082
896849
790575
719667
601874
289435
625971
102870
339207
772150
82908
387844
297313
901536
26787
69118
385612
479546
551744
531897
747062
797672
537299
702748
823885
719216
238481
360057
495759
892627
475431
323559
143686
425895
762163
34048
447322
741809
422043
681129
114363
689220
544854
113678
93395
900767
665499
764189
393821
279206
313567
45298
408984
22934
611555
786853
206692
461142
703468
903831
463266
828321
834572
276109
806833
610951
802377
718425
798580
370139
617088
699620
904568
385574
441667
264652
728039
494417
161130
565536
150950
444640
772863
533946
551003
919583
968557
960596
212011
208816
852020
404535
735649
790634
484099
387395
375726
119375
9601
263146
102902
478105
181997
429901
176881
746336
498122
881843
173191
704749
11337
211767
603670
18745
120514
94031
179252
127148
712979
110406
275427
547784
523513
669300
708328
434625
982004
73090
703978
375481
107231
76422
574016
923230
858738
596364
413859
609186
730169
128103
803867
230574
67874
316501
594602
36751
434260
827726
818296
401731
398040
317618
108265
516538
520539
877797
852751
376554
884974
118394
445860
985888
380495
511716
175150
775412
618774
493840
522258
775450
942265
495804
737636
161957
557740
180293
34353
966232
567773
541659
69519
762239
804349
218988
14797
4124
580790
555867
924623
299385
891797
32221
987354
830925
359164
667325
791501
715996
644519
916814
354394
861828
293520
867037
814058
619407
972457
800286
50129
752293
546572
723788
733124
690826
603203
781947
775902
793300
949970
898599
144275
957987
162053
516894
925115
548860
534687
524944
580995
216304
499946
947235
466621
380216
115317
226247
734150
200757
903203
602816
964753
405994
524588
459569
43193
614935
158091
393056
4719
160473
866600
1766
955518
510297
487722
772513
303437
423420
547761
160851
634492
734624
975105
810586
330875
296761
893776
982108
474015
463670
555032
212410
705233
541598
733656
270620
647267
764885
593087
864221
693737
476630
347500
121917
726118
52750
987074
767253
782464
108141
556172
98801
39738
876828
144500
555986
274180
410541
850587
862795
980697
902371
857153
848661
372032
102582
122822
678896
748429
137345
342137
345015
59741
39617
792333
88061
6699
53568
177299
542734
210234
226080
934168
629884
800237
497745
477186
118300
327087
727764
69793
212019
974058
489388
376121
533647
225357
34662
571487
341981
1514
346981
600241
58470
379407
116765
431092
349834
886153
41174
84874
829779
363247
816720
275778
228660
567853
355844
522633
261573
366512
779081
341159
594256
134452
288579
255607
136715
778883
13687
779162
354972
524002
958845
278412
510877
764192
335012
698169
625141
291759
199949
436973
379995
222238
248277
235196
440240
921899
563898
612780
70890
284171
64577
151251
255465
676568
355309
39708
754018
414232
556165
636153
649778
451332
871431
768576
124519
383918
116127
874718
689291
377531
145693
848828
81692
553578
315864
845657
692870
570568
712737
298925
132999
780514
602160
574490
834859
826574
152516
581840
259794
980130
388179
528510
275192
469642
410414
789242
332799
30028
224834
188754
366533
861462
874755
801680
138369
232871
809347
780251
840899
803663
373108
489461
896454
850061
66096
245183
142021
714689
340247
224088
418377
533114
180899
221219
279056
260053
41735
872506
272845
785836
943931
761496
958295
745704
449465
971590
111695
930772
103856
684203
706924
674690
90786
559180
570481
69474
144687
66756
223837
383384
588026
714348
619674
862419
34677
333603
194839
442885
460999
262030
659970
33262
24239
591858
156415
410446
550349
152804
868056
714450
734698
440006
709635
68924
62190
886804
185387
814187
734502
629037
44558
137681
875086
15747
543957
972096
852158
279626
987887
559463
920253
413041
251625
471013
852761
524921
428154
733368
984036
73300
756125
439958
180068
228827
344523
718742
932187
290003
22079
459860
510951
736666
759751
931005
362412
880844
198696
763658
683886
764472
124983
846998
104273
853781
317915
27161
18970
762191
369372
87583
20128
99915
832531
581071
539142
551851
749595
533365
720103
398686
518903
129390
753156
132775
450651
27101
886269
498077
957931
153289
950651
864873
113278
679792
519919
325574
799411
312613
243563
928590
303005
830994
214201
53090
77266
394609
640198
991489
323521
480829
101778
486145
560356
683141
132750
342509
604569
594979
504993
852895
625960
468121
912492
573584
188356
687552
134973
626255
891131
77501
650331
310819
609274
762638
429873
17799
583634
18094
147691
621411
104459
753845
928879
283029
889990
51951
744810
972704
81852
910168
201103
873109
452065
326140
612227
518457
485601
321136
465826
183218
689455
705208
462709
535971
983792
700281
839902
695193
15840
339185
380658
641950
202417
813059
767988
676600
26335
886159
413250
252246
642813
718882
522319
617628
673869
50022
495334
101862
796630
811503
358751
264272
786670
439968
749619
636498
382292
142119
636501
881303
505704
486236
213539
200890
385786
634069
502441
192519
912647
158075
224637
287230
303286
164655
563386
185388
385387
302845
339182
298609
360458
662424
7169
687518
185776
695096
790618
985650
608053
47089
550217
865927
13940
737340
282799
715521
294435
26960
846144
817521
849877
218255
14582
406513
480556
485717
276657
638615
965111
805483
855039
828798
404939
872387
722382
173384
55515
288163
812490
754546
704826
210303
450526
377404
961155
329971
242631
154807
928089
686713
858298
418153
519913
626259
881343
32076
489468
206404
161997
584108
114456
60004
306818
154447
113692
371621
559452
271607
158102
471729
16328
718702
640281
624254
716458
401347
137831
740825
295924
361512
544386
510445
817326
781915
955740
951042
478351
553594
709603
446132
697110
960113
449735
840114
396970
982614
12409
497395
893916
705891
447420
602466
887992
820529
358005
349598
480833
906085
391962
653699
464891
97932
641198
839324
250412
561932
85228
662359
353434
315137
506371
175280
195019
418167
916338
6728
881057
762518
504811
288251
186893
936079
597717
443104
341290
24190
971312
901137
862886
560884
601122
987557
538553
700120
407632
591609
288033
943367
462366
967798
266019
439650
992011
728500
56808
648280
155592
44983
859720
870217
743388
156818
819014
929779
112143
561374
36826
928791
738702
981356
866755
282527
887048
858905
479889
449940
826428
457191
434564
908624
380024
354171
945034
590305
876273
677335
939613
38819
133226
490748
458769
393082
511223
156916
930157
149624
273060
291893
445666
798369
81348
466557
708129
355013
294808
230172
105589
791218
287257
638038
104543
976375
353897
941836
827946
618788
727626
361486
32835
399818
729996
788454
3052
154954
659715
990448
345099
578731
229151
99637
547423
31567
953165
500247
748563
756293
432876
962145
419244
211815
125209
751237
108824
560927
436835
987822
922969
351931
372008
325248
503992
887581
453020
297805
958541
588313
932187
240615
647472
380477
531921
269222
702889
945976
301205
754876
14056
208757
516041
17640
381712
822966
230569
179086
245482
114227
281843
344968
542194
743745
558314
329001
273680
641590
576342
794786
541229
169287
562679
484363
688439
223516
881113
390595
864547
237093
115534
346290
134678
191554
677555
56248
133385
595242
729149
953434
509137
594662
967795
98891
443646
541607
863339
662657
358011
740064
290753
969607
440104
392205
69522
455953
344096
226450
768131
314096
765616
536136
81414
908766
363441
568545
977212
316165
661896
38598
590742
830807
555749
316477
688713
151077
855600
636695
637101
506058
889616
174640
293317
686734
474291
908041
40541
173016
698421
10370
590553
215118
566887
35294
964109
744939
947818
540930
128113
201964
968442
187007
877357
439167
521382
420564
6232
422619
308237
58704
814081
923085
472998
955596
809293
410400
884582
241046
793429
911914
734803
66296
929941
814323
857933
176183
523571
369170
246334
916590
938899
977129
836623
286288
521046
494720
204896
253714
137088
923664
821797
775888
941885
444236
716847
660775
532971
634801
150713
148569
892484
206266
311231
265375
853302
685058
591568
227540
413753
965926
897549
508782
408521
174919
93821
1653
652193
656484
661948
460263
214528
850348
872228
84453
887183
382416
955256
587092
186200
649069
421871
142490
826520
316240
314520
674836
462029
618272
231657
490919
825036
799932
861786
770876
390209
907585
488194
36919
639506
826071
912864
11115
868238
443997
649058
677110
379498
949069
110342
475323
379828
82654
784342
609199
286475
215981
321110
724891
888529
742877
134304
35008
922502
362896
529494
473427
780254
287615
883486
921126
409915
173317
954015
567847
76356
256255
494469
365700
346884
75137
725322
45724
161424
5494
892852
467029
234028
479008
584066
409715
648880
305423
299029
188160
640591
14414
385591
414251
364693
940091
299462
502134
608852
898792
585580
763133
697541
456465
231987
903144
39664
262065
52553
489152
314470
572721
799988
746143
930263
725887
317482
285016
989366
334039
291612
27803
72821
377765
355443
489943
20189
565617
344623
149859
582547
476084
724510
961839
694146
785239
271006
784186
445329
836854
552172
135155
423932
655054
69966
271142
468521
185535
735011
931590
288054
180497
750436
681090
503731
205698
820390
20780
108239
682886
716967
1995
131889
590186
487933
472459
475654
421872
803213
292116
176392
36967
479760
903272
961331
705901
159753
7732
506003
860719
786359
567049
286361
698006
665530
572944
738508
775806
874075
107402
682446
813997
568897
109132
24422
137096
335907
475129
12167
940121
832940
438130
178344
402729
601171
348170
703686
652550
12236
319380
508783
172055
573614
215927
243329
713103
218265
138915
627502
388683
390535
636295
72798
529468
171793
568781
738163
924905
16975
130640
628898
499622
24396
750280
203938
218471
127840
506348
757168
732074
368941
516826
828010
633162
153923
216759
468842
644318
482179
222501
48037
139234
981021
840046
664963
195987
589761
469560
387135
394730
173663
948955
288239
283985
59382
858780
496191
820882
558158
732984
219310
162085
102269
530191
848195
268495
607944
470163
257153
480881
705811
11032
543861
688597
523491
410899
86060
11622
520753
428215
673813
706301
864583
799457
745265
306855
224495
20451
691331
30752
171826
247814
517623
284011
797099
165375
987748
896048
146913
493643
313369
388803
968650
774803
753316
238021
313564
800273
468725
840703
795039
230335
148255
56762
198073
16764
835664
684691
150158
96082
764734
42486
376442
964554
66101
920440
371589
432203
869298
967966
329319
767852
777450
863347
288269
365637
89972
499021
59662
240292
128581
29892
660911
191084
346139
879696
590809
906141
116668
11479
156603
270704
343734
127128
870618
703563
326456
436600
799954
973356
814905
205220
466058
611399
362801
773129
735597
697100
935986
970592
798438
256406
611393
22461
205347
205378
305360
594824
593836
352191
664045
336256
805808
340038
726437
4405
259265
476272
485236
359732
118617
458734
92258
878198
89300
561224
639583
546199
942322
614558
338515
909647
82582
372121
25678
667696
677276
843856
657169
688692
170481
163564
891550
509183
747118
676366
984696
940268
611628
722715
271161
276111
166659
760854
270478
693827
351706
26189
672387
571207
956724
749896
918234
423096
23523
989906
705488
475439
518335
798028
407652
309024
165002
225948
376049
624697
763246
382845
596197
434022
750112
763712
850551
636660
5361
67463
60917
818465
263276
220189
208085
698
433026
306296
677004
331977
738836
916425
434544
269409
516487
815752
653058
273434
465347
714439
724818
193241
40856
738955
491425
543408
403259
549493
352040
518683
918009
8960
824354
180953
370767
40235
220039
19443
300528
324431
447201
358373
991314
765062
62166
405445
780254
813538
792692
182399
780066
670755
765021
786052
665795
940551
578732
913808
249455
699715
277461
671873
155022
408315
722541
314742
974944
428545
102308
303249
918013
881981
884887
770642
812516
226952
275542
739649
653640
487801
648532
542751
29854
884368
532629
73868
299459
76039
688316
735418
32003
6062
828171
804393
899110
309032
402871
464168
293546
513870
555740
555485
520165
880587
976733
279699
530276
94545
497349
570823
745387
603103
341014
344875
955123
381250
223067
827161
202763
169795
733464
950372
769937
65701
582352
670312
565176
349246
292064
322130
337347
690044
741030
521336
674685
300504
864466
96658
475214
960837
304743
824385
926993
202446
737945
447906
390435
27760
843999
35121
845569
794724
809454
499870
5702
786138
746026
775677
275750
64506
786610
562277
418235
463497
634332
26447
377667
721447
260517
386172
674973
807511
885545
748227
165007
527433
283810
225484
344318
467684
480428
286878
185925
101444
590842
845643
351396
52898
584656
432172
698712
911624
96505
259553
575253
940022
30628
184635
610308
735199
922522
18738
208670
312555
950742
580046
384828
411585
33795
370850
976763
793595
726236
431339
127463
581738
324833
562008
863968
479877
467679
507282
220721
194458
244443
63428
538662
728574
955424
93376
26336
555161
793296
272740
338827
435248
600103
790036
862351
965930
223899
184143
586218
468829
783680
916856
698715
826185
449230
627632
258351
258860
535268
270698
836455
133791
709063
759501
94798
119432
187035
549807
90639
174429
536980
313578
173921
855370
772171
451741
662897
16389
28583
421769
628084
679573
292556
362325
434314
157903
236040
188319
130731
248014
411113
56773
131067
958572
108477
46190
412017
8255
854975
532247
478445
404719
904831
729741
842843
243766
807415
89669
935279
783279
652416
405094
319003
225110
675850
596681
826374
284944
727799
835422
105167
227092
219307
364809
136275
154478
460135
303267
822170
676087
514383
981129
17671
290885
647588
702688
471866
748255
828191
617617
823147
215753
324203
798793
137640
319721
354764
453106
307313
857306
723164
375821
292322
124977
26121
182700
960609
595258
604230
747344
100880
575929
864221
45021
728423
456174
748705
657427
942429
687
887077
933988
425333
195670
706393
721569
917357
416642
65850
205803
130562
844909
158857
657535
41471
524254
192864
91650
585402
621003
24197
842307
536021
980165
862197
400615
454718
356274
125327
37657
844111
189046
907472
621670
860832
921110
984875
843657
346014
622620
67258
860466
540396
852218
451852
325251
951856
393827
794812
251699
611263
593101
180898
331741
646664
818829
488200
33063
161433
985484
685890
704053
277395
412389
527696
577776
760865
463142
732018
967009
244504
258694
249187
879491
598800
697502
469767
1530
771421
320974
279709
786983
406194
734552
636312
373107
431482
776140
747258
230098
471709
691527
68811
723789
74960
136042
169736
117509
38445
215397
979285
529142
134623
604543
172122
963589
688026
756072
505733
292655
519388
309583
812510
139777
687940
47873
240507
200032
697663
833552
312501
629568
915298
516862
531914
904673
414118
612102
364368
688344
262840
641814
840457
533265
280962
265558
119308
73111
483590
806862
251018
386960
844997
65153
423958
645178
30944
880153
372957
891288
224890
306878
310901
473871
170094
816807
768174
861632
82184
533958
177384
261748
542664
907454
620156
923361
142506
309900
492647
791149
455237
101017
751671
280187
710405
845273
514903
429875
326681
890607
634997
104395
573664
969260
511871
775169
458727
323121
794319
156488
696490
577649
28827
454719
628323
674259
979960
496289
813685
377207
579856
741142
915673
71992
771960
544492
966109
220259
548168
652580
195714
738510
483637
893120
535135
830029
120166
717513
524679
391836
829929
477529
954021
775383
138990
912124
731629
813992
318120
750583
758425
179524
961758
634802
168625
522815
764326
556150
792866
268334
697036
915902
840571
9223
889946
230706
915309
651440
418424
448510
792522
865888
233219
507132
616962
175588
647938
351721
951741
532017
598464
954287
656962
205413
865172
992328
134170
230826
105445
193247
433459
629353
39834
273808
371124
615852
36860
565831
911325
633301
885348
355499
786804
378369
895997
952300
175017
664939
53778
298506
257888
93060
880644
444038
48910
793311
238406
721878
427256
944614
127901
309226
786629
56378
514121
516046
50045
861871
782206
792179
272978
58028
529864
259259
220098
813628
457087
971058
35323
914502
168138
966034
603368
83655
414437
969977
219202
523758
821529
139530
645531
708078
489563
546347
331796
747590
72703
53691
737897
453415
756660
38005
203395
945187
486704
39914
983272
344459
504022
556800
444282
658424
704984
725401
387114
644846
277604
393060
980974
562845
311194
278809
874539
308505
122158
136390
868536
579174
579079
476638
982328
157142
539779
507899
726523
83328
69332
974537
457790
886722
278721
107190
432832
317999
554664
847892
867677
160468
521343
988300
988849
557272
685535
467424
575638
395650
756221
652134
394697
884839
807422
398663
241459
69770
467396
508563
559325
54181
585595
619819
982771
866290
877964
459982
585709
452057
843218
147536
655305
751159
194308
70348
712234
856802
140148
7919
644281
40324
537065
375809
618733
857655
299863
169336
238682
789060
315676
690499
460252
521278
323857
248937
242407
795917
161845
743233
853033
177072
729549
631593
670836
643171
308358
355849
257817
925737
680312
789053
235362
938172
821004
898880
20577
540949
312754
589254
331381
70879
571361
243627
355166
194881
403315
657088
894730
915731
536150
554823
463502
394491
212619
417677
496089
69385
229261
858452
864573
371783
863601
682332
684845
908003
531593
794547
946022
425490
889037
610225
291388
673926
173440
46104
884368
89946
630192
874318
874922
632807
233208
547523
622572
262868
509149
177218
275137
208948
843292
489898
350794
781469
446285
360391
264798
15598
115638
824654
620521
536138
93063
435621
753691
505618
36883
682163
744086
581446
184112
952263
381894
211858
524109
97116
8706
685583
545430
251784
580242
907907
952285
492764
208966
799799
705068
585021
167989
862207
490891
69552
284909
92899
210319
82831
529621
747287
964880
922367
800343
145122
640165
29716
893317
679818
277251
98204
300806
716359
194449
904970
381225
820872
21214
73903
825708
948457
186800
80562
771383
406934
414275
531713
735664
327013
388175
630054
935173
815674
689047
831977
775043
546723
854889
326301
506681
957037
253253
9526
774395
111757
379370
600461
576387
808525
609819
520172
231001
399955
414235
333236
277544
606990
112117
251866
71023
580860
382133
676205
862
193960
766451
35177
213153
756942
558312
523509
614506
526161
739798
448628
552334
484780
845799
260948
618571
403078
345141
431914
115607
617514
631054
597099
303483
743345
93060
492525
727241
169410
367496
583430
912667
515957
334589
473025
56285
161249
649793
264917
899126
124607
503350
748614
238949
68200
762498
211476
859746
420021
466257
414872
709575
348309
29644
210952
985293
167580
310351
697938
33438
126200
551990
8898
793636
858355
410226
406537
141605
984824
234683
990909
154760
318302
855139
363103
893224
554136
786688
194307
562120
661730
846499
607451
392463
628822
164069
697821
3899
568825
297548
25874
106474
293830
971973
547137
367984
605202
198669
707501
474508
173876
343576
587389
571328
410197
590260
560841
819710
832848
222185
812737
925813
210577
497855
911067
358223
289459
862052
904442
835212
898780
405442
138292
228383
324894
175556
585186
59649
792495
329957
303836
194427
438146
628432
805063
46526
164858
835718
454146
741663
534333
666218
372968
60728
49751
496601
655437
374340
262266
413959
270888
933454
657523
810957
972244
309065
814763
457781
138449
842586
599831
882294
55143
121684
529803
867212
597217
851932
535325
955248
447522
45296
616067
315079
986625
356609
745201
274795
645960
284735
384430
445834
455153
929031
564300
399447
719150
845388
118414
361232
50378
440114
794571
333223
465155
488410
490593
33440
962264
369402
246651
563259
294911
821344
879358
226691
480282
688812
543713
834742
328340
929617
10414
485553
894458
739224
355209
872577
944968
858369
374840
733837
542251
875346
472808
78907
251131
873261
705845
338892
729305
948631
733825
478876
224185
623565
180722
422827
847835
252147
919775
735554
613133
770538
848632
7990
922869
462392
290469
565811
774673
461679
209997
453132
589652
16733
438957
132305
812937
403424
765638
312215
886314
5826
945077
160363
908420
521710
374884
77425
86495
264610
242329
777150
493071
840258
892049
407292
583782
8878
951248
936991
375040
32803
918413
178179
178614
229293
107282
585242
48299
552502
909393
339829
221738
920498
73945
686572
620934
849866
401066
920212
522940
293501
286715
917494
142082
835389
895318
871024
630633
923209
388729
925322
252129
173750
34207
737944
361577
861875
397658
100799
61731
476738
877295
915740
593150
631725
619769
285425
885928
764655
706287
473493
487675
95758
214245
973037
159209
289312
259428
563102
498935
955897
856056
98734
979879
221710
928585
870877
359583
662617
394316
204124
67768
805357
115914
929609
680859
177975
925117
464969
81724
752255
344626
198664
239582
348837
133336
132994
963353
428419
328967
676217
437994
597043
403521
959849
147375
427672
211538
521908
30439
153073
395086
144779
925609
103666
742585
94483
923170
678055
920315
896623
980199
493514
77823
910369
653242
207701
284717
990501
172713
372301
519173
377892
714334
197880
672017
745547
966647
644933
408493
660215
896529
832561
570009
664474
905749
411376
988968
522632
150627
418169
986750
654890
834875
617705
628541
542580
94274
515076
165627
219648
870954
92876
566090
844557
547120
731817
206151
855571
72726
814274
345693
558915
46526
448217
674494
892249
776175
592919
9354
433584
397119
775421
629637
827665
80132
925205
248763
669008
788927
633785
644897
350447
176172
37979
305170
589333
447688
302595
498761
984280
462195
643822
690279
17843
988125
631922
624474
943098
26924
474573
222914
357003
91867
99647
572846
484465
349048
881769
638430
133938
662256
47194
404990
783989
292662
656636
141248
564301
269973
149046
504133
100596
498367
598928
296447
349816
917776
496920
127950
246057
669199
310127
542226
454299
836138
976865
28593
854378
432561
875907
599890
479132
541701
212423
588687
392359
301526
444229
381583
168464
608398
386552
582090
699575
71701
53031
502027
196931
66260
462940
557661
579838
29888
441587
478159
803585
618602
477485
454653
759513
558008
143216
394203
600968
43111
799018
968292
674415
26340
792892
92571
420899
291806
838981
169118
586169
746772
758345
400292
569094
341719
414689
74661
69505
170627
789669
340284
872833
666552
823373
352011
764985
748244
519749
677659
205122
708034
209996
651544
672647
875444
647400
344286
765285
215459
207702
237558
726694
225788
328018
464892
825195
522214
326707
877589
434536
947565
307778
680948
331086
687674
111799
580539
29259
263390
737265
838930
653934
208985
933766
371581
707053
233966
827351
891496
308141
291243
573240
969185
515689
298931
212016
16535
389366
864052
928211
554502
126202
100165
293299
112573
590370
869475
484607
856547
61637
375388
905936
259176
191305
507681
223643
585126
36234
966245
401065
777081
364761
581146
947109
308458
475916
507251
265818
306497
990698
136525
984587
284462
179079
859682
725020
117620
544052
868008
932906
791551
941349
722036
958962
722441
538703
656194
464367
829165
91207
609355
762683
470279
96175
497955
108871
138294
167221
983488
642544
227032
836145
64621
460246
150365
714736
379614
849682
508276
525895
856194
715363
424318
168513
956932
158612
871813
556170
620237
955759
557651
194431
312983
41746
571752
180904
523362
790454
575905
312647
691341
870555
38190
225431
68489
588575
721847
699639
447058
853867
666335
124036
655941
673502
397905
649091
776057
152617
22596
35573
164042
769254
559542
107799
860915
910775
985350
229490
404615
646336
935408
288098
273305
69776
193536
116294
296754
824321
164992
584887
745873
835006
186791
48837
103048
197468
665224
755318
541402
783690
52878
724933
447564
36586
167322
530964
385976
652514
157742
538247
911816
466947
953992
966889
445906
248962
531174
613346
179442
649825
179088
430744
466469
873908
990177
121891
599045
563596
759654
366955
883964
799508
241435
475142
675425
361311
206721
346143
249125
45916
257344
381437
495464
442527
421487
913703
105176
401715
658449
502830
107958
262701
172945
991666
67388
899759
196318
799989
137263
413418
478599
50632
810203
519015
777954
120561
432173
711096
952227
307777
577850
558161
984581
694260
256803
549714
991546
845264
501802
324495
689882
361405
223190
278516
929587
628506
691449
470692
948566
86558
720282
113812
253113
325961
15195
8518
455980
897479
441272
156999
729855
524830
91870
414895
423252
79934
468720
252056
746222
836238
977602
490153
258271
33872
943198
220042
611804
591854
376635
831214
173505
50512
676508
961662
403392
55784
626288
440019
533174
614243
865404
418056
612138
864658
646657
482258
549546
669982
398861
428405
601760
294595
188743
858962
487778
124178
660342
973956
134620
845037
365213
759820
549268
253692
16804
594693
332476
403463
451098
607900
325457
147869
21324
548607
435717
828741
582215
834008
443867
786879
746704
752425
790830
198689
653585
655470
184704
741769
33507
556490
880472
476783
182627
704730
629736
655109
466124
613472
304801
198836
919163
906468
894049
575486
960330
633443
925614
213958
496255
492275
943125
841794
77175
217246
155174
388392
866368
366285
746134
723191
306471
146823
494252
507064
740531
702383
114129
80516
340190
440660
443003
741184
349491
776210
438912
441833
811002
288689
990455
504340
526071
702806
212426
898606
439743
907166
641188
929710
840037
875055
787407
114688
101728
834112
880922
442708
939263
756405
163130
224072
658802
910410
894061
386413
338354
423054
339981
340167
377547
518680
941816
139906
7963
826834
230752
158412
461562
415378
852828
15752
312445
242187
641315
734084
359720
414807
270153
953974
319935
372150
824581
390981
7049
338305
2131
399789
888474
800294
187479
39948
454617
905879
314426
63832
394142
574403
560645
783246
69677
409507
342106
775387
788817
374604
927099
515855
825000
655360
841182
343518
601097
278528
585570
654055
116211
667544
738597
368795
223892
746984
118794
22593
701006
303565
630187
183856
447367
843685
377871
867764
766200
406313
688801
9408
56418
772199
170482
366069
469426
875800
597358
322675
801765
570038
906026
418961
88999
326057
691813
164289
113976
98186
405479
155128
541368
152246
290450
124391
475001
702763
179270
763944
200294
875727
240065
482064
51094
58293
127486
804354
47118
902976
715876
386660
313192
233508
675759
844811
877306
811290
648499
595822
390864
890719
484540
199312
820729
309761
373664
292243
913584
248001
292474
649540
133806
572193
859176
45051
418414
139168
759527
885090
39627
411125
672983
814560
593630
464409
571721
559353
943549
628623
932299
713516
55564
950272
589584
490606
924667
609170
226158
166543
212583
469721
696804
475753
248048
26762
720162
136347
620906
731571
226759
202384
151695
129976
131063
228675
744748
406021
499139
13949
790710
458274
775782
502009
745791
593932
940031
357249
779951
493708
348225
654066
80223
870971
307017
872533
132853
103425
545853
919485
937253
813915
335080
263780
375730
921983
68638
57857
331787
793891
623025
526576
63973
483
565260
9680
292839
7675
243598
202157
109931
812830
627740
169430
608926
269772
691496
36413
762183
646439
792583
609132
285182
653664
48123
565743
345237
82683
504021
362193
243808
356606
200089
192487
958867
26584
496073
40129
166293
619131
870052
599489
941303
117184
881593
987672
921586
17268
376057
617260
60160
227761
378640
510155
957939
750079
34081
387201
759593
348512
39944
221259
534647
401122
304389
345946
628058
63862
19882
488329
928450
682136
465679
252749
362357
52290
107875
893635
914048
311624
716901
471333
986284
798151
532067
753987
132423
299043
146294
16390
143702
639427
453364
508793
424402
574291
322573
160928
864296
137231
406218
39541
502217
68641
485193
362563
612508
795316
554773
76912
749538
716451
777014
774617
839236
249570
501597
829230
972438
119882
172385
678252
266662
730704
418693
584765
623662
138671
37877
498339
49102
163755
325751
198306
695597
495364
573971
572328
246344
336700
275906
936176
121586
924118
30762
706930
624215
711948
577645
630205
351503
596392
265076
138542
47413
34938
869939
352177
311899
252440
96089
549906
714205
259454
18315
275833
977120
979243
217614
391695
606209
536067
89779
959847
409900
95816
232309
286774
116688
248872
562661
901000
528884
591405
181404
506363
286401
463238
601517
245434
533093
348249
904106
125139
819658
585386
440214
761133
656385
960139
894622
654346
74351
781644
464239
508316
80666
441977
471648
934370
940935
636364
97933
65251
825995
977885
445566
442302
822070
156444
114772
364329
691460
685810
162721
770185
810110
55471
163600
837339
949710
311635
702989
84782
854788
882386
903112
304727
677674
4557
697410
881882
208067
146296
784146
944383
56585
516347
165782
451492
710339
514655
886708
600468
126304
613266
254078
2897
406526
382367
928775
661178
399829
231267
656660
518575
493079
531199
541873
513808
497451
111308
224816
448123
778799
287796
102306
361799
869590
564795
544182
772302
15975
727271
615344
578619
156695
748974
121038
32902
299012
92168
111656
759927
31742
557928
405009
436717
801412
574456
661090
626154
786729
172538
350250
453150
975306
53308
295377
332501
654714
730253
909158
508303
277402
404309
201271
568102
197847
701290
933699
489097
894481
382485
573658
142792
227409
576581
112111
103920
549971
241879
644247
890677
596597
909923
514523
831802
753502
105784
77733
271686
863107
290604
58514
618787
718782
510946
345081
882106
985001
599487
398671
846146
114473
204064
449506
127717
974461
943573
700180
975217
440746
714723
790904
556914
410570
804775
950822
904233
510310
773171
42840
766035
592817
622570
582
930568
593746
405180
34919
654426
252331
236022
330131
946207
943726
317596
660277
572481
36588
134573
169999
437029
522796
230164
139116
841482
820223
233490
518084
118957
954768
648618
184252
578506
314625
925348
26329
740662
15074
920138
445129
63501
440020
401170
205716
63895
832279
600347
25395
227451
86652
653827
302627
712762
594298
553680
462415
456289
401524
13807
929431
218253
613929
195323
467168
256932
395905
781351
345319
366808
522021
740159
826218
275711
443301
833319
228931
382057
454743
727821
958447
959587
708087
657850
466669
884218
632589
268407
659518
427184
778382
26467
34535
637090
478871
991321
618447
551911
764960
400548
463291
658798
457710
86234
683454
550682
676838
38580
920868
909199
881125
648116
749809
35783
639072
630365
441395
138594
91314
451263
88625
548725
552599
177635
76932
581058
93843
275766
106557
42448
364804
875771
897833
344979
574339
44799
16140
794537
351745
77198
980035
467015
20006
878603
818312
284346
734325
164713
775365
904832
372893
795778
159375
888676
844857
647089
689346
285794
704231
461864
837158
428543
579769
176585
344581
595317
224744
445371
942347
549496
376448
526494
112941
565661
786729
63
839032
287738
608114
1648
198216
822364
183386
921708
982526
943756
935414
917142
396906
199987
866106
280840
517603
801730
138987
871727
642850
767937
147271
425506
192565
365356
128936
815281
487373
782047
70561
10926
804631
817685
944742
156735
295258
640582
424289
455131
721671
884273
595710
633002
931153
219768
178922
812129
968007
530609
976740
477424
254164
724104
152902
800019
340646
653311
234131
71620
406479
253339
393023
234328
831739
580941
585170
881659
595330
254452
477449
508837
114727
747095
732821
385314
743785
612313
200363
593031
51358
416975
143653
964431
735694
178129
91190
342838
277157
544468
20748
228012
9810
240729
121707
620535
286830
145043
287199
160745
974328
135510
383842
19966
284487
645592
756846
740866
726216
10406
755068
100619
494671
620465
782032
572347
756979
161213
4582
658253
20001
92338
736554
61210
887021
481340
861992
601874
56828
167338
828179
752063
7521
903760
563359
745137
615067
373777
973936
832517
163723
653738
282547
659670
120417
924935
106168
674496
526003
591497
567277
458113
455054
538457
968440
635603
175038
493384
396176
40804
362061
684066
54261
431148
925014
473861
523713
925921
398788
708286
368370
624178
162079
30593
556740
302803
288688
503458
631831
413778
913731
824609
731128
121492
617067
90425
669803
967790
635963
974706
660384
85008
79265
42434
196783
893138
129178
864016
324286
857287
127493
86017
366439
51799
172017
382232
400841
27673
906512
611032
737884
982907
552923
954547
123412
827608
216659
243598
895068
230444
340247
662590
645327
203866
373886
33119
200417
590224
394229
556186
358804
866283
603055
658257
382290
228372
590639
299442
89605
637947
605952
593070
223835
586876
743733
467574
928627
383392
677294
251353
145186
247293
75405
592097
356049
441573
256408
628426
20387
291881
988091
682956
712350
735178
120567
189749
515997
206481
941038
929355
672236
908547
779027
554691
98458
278634
142117
605476
375571
30811
986320
400553
380724
409402
556460
171260
30550
2083
18314
829997
210792
22479
505047
320327
946825
89864
528705
368006
824398
681735
343497
899656
413631
53485
398668
385924
692424
500082
410958
20143
13520
188389
280146
64097
244311
981678
512403
112027
813910
865227
665253
861844
723884
398659
817098
859346
357699
355250
217452
260946
591875
243880
629627
60062
317693
851394
917867
457385
920828
751113
454300
497105
417744
49299
132130
256831
590960
542235
6992
507708
672659
185215
795879
377326
3744
859420
274515
840240
10156
311120
366074
862357
234195
183424
247227
532425
468227
541884
517043
427485
605179
950529
737733
903779
435767
762132
221943
412379
78516
70270
983244
673389
672738
1728
484105
81287
101726
585041
633843
103594
371955
251432
54899
952828
794476
552643
291006
883809
291808
528661
260011
666243
62458
578137
105990
857963
53647
397966
36695
953745
93321
877292
399655
395408
174380
175760
592576
725397
370470
543092
58963
497580
397864
990173
960487
471509
80062
509201
462774
979290
823832
724052
315624
910091
543780
362647
680408
959238
309840
133246
114836
884449
244372
871829
594159
766532
954806
852308
587113
635695
316461
678827
858424
570136
84719
967457
687607
546696
274618
242245
67727
248013
528680
442362
79446
758383
978958
254713
865881
581751
709213
10029
358261
236101
473777
809982
315156
767881
81812
58911
203958
448176
363132
763013
82324
364732
962218
831286
956861
672077
129225
519987
301097
528661
320170
553661
787142
166933
716168
225730
283248
66060
719477
702877
400418
799600
523091
612458
990411
705284
53781
1630
25248
217290
944921
612082
137607
354722
241888
171020
725156
330299
414490
742995
641465
521622
407979
61448
953267
311675
112789
828849
918031
724949
846721
158717
879289
128358
400568
786606
413339
142132
32550
479414
405844
134523
408827
830122
696951
749817
131690
120996
635763
676964
353479
801565
979284
505469
770900
363036
222989
520216
216444
214390
738153
624403
643538
744457
9291
84691
394563
831825
593738
17827
366910
98500
465978
854543
976581
384625
615529
69267
611584
623307
154967
870133
391163
592200
134739
544354
837088
882937
579685
273388
325291
149706
457201
121706
694751
246119
372072
85638
467979
199805
867887
813660
153600
521612
573400
314594
987918
908654
644998
729833
94553
705908
542312
220656
454613
125576
726021
436729
931711
771979
422055
743450
448720
152878
789288
367548
184051
288109
211566
228344
96243
370909
280520
772116
687011
581629
940306
95202
86057
86132
356354
862862
440486
315679
947683
744248
289780
886949
727527
751070
765243
391607
22385
382508
271948
610281
401371
643645
867441
50552
435580
100309
387949
687012
907825
225725
185902
830804
368392
455985
862282
688187
586255
742952
656294
122099
688369
389490
217181
549629
742914
355814
284137
758709
738491
301289
146060
825510
292019
437835
98623
966729
172187
741544
189844
670661
800121
815204
352832
332902
160508
346857
13461
509980
791476
782526
850730
427841
854146
704821
950308
855554
265691
599120
140448
344982
116684
937909
358138
288368
381137
184512
898263
667648
428356
60990
835276
291025
877765
652442
101077
497884
689942
150504
795543
235080
305249
558594
396220
808143
181344
417398
980550
376296
354833
338382
781866
288049
764070
832566
278189
735889
466382
413919
99562
264271
414287
32708
932518
936941
775671
523361
902653
493705
540209
596360
233788
811339
733829
881050
627836
22187
331975
160207
352739
852875
30403
285366
358839
882726
866617
940532
659923
352707
3915
215446
585279
466741
898095
134185
463740
809793
465949
476223
695698
634088
619526
151839
865551
691815
429755
83036
25780
506661
775207
258561
962714
954913
838742
863128
946681
541495
316327
509065
915080
582052
199211
804725
720091
245027
185153
341022
560527
806525
521686
795013
443812
237256
62418
531531
767704
640743
6343
134629
523115
509561
759791
263256
791865
948988
310458
457380
323416
428427
211363
129650
68388
502963
702254
257817
501840
964032
102571
369964
565264
534536
732357
312731
113152
240619
741291
294962
951862
680891
200985
416797
635487
948084
388682
541535
156354
272415
764628
684703
201313
375038
598328
903646
591485
713460
271896
521344
961416
305250
398763
56893
100921
689972
79066
581789
188733
684952
874848
795387
456898
688056
662943
34629
239651
11913
306657
856172
193987
530573
990633
414639
327864
342930
589883
523342
40803
264357
774641
807465
683158
729355
84909
38069
564442
675273
595627
71075
291855
809365
212168
42597
474934
325023
484855
712013
655903
758035
416437
428746
330151
189607
852066
21574
348063
33751
763159
919657
309347
382907
243762
231763
790609
305184
33041
754355
422108
322717
892863
425821
83811
410538
360227
562803
730434
410458
422625
711048
442653
280692
192130
279078
767565
178198
834634
43763
317024
869630
777707
164561
443949
302370
949299
322129
907871
893704
897900
285173
189174
221307
442615
799812
361935
264647
289661
949179
723509
663539
767541
279109
401462
734892
102687
477176
686159
675345
806279
701026
916152
310798
496826
299898
737188
541591
39792
769655
974378
246484
382737
786956
910568
100780
906218
142199
262705
718871
63773
157183
742064
418088
303610
699607
325966
182612
352215
146244
494331
554988
568165
819532
502239
552291
550835
530360
562327
377196
689065
565074
658298
787703
15020
594908
130551
174080
438947
980573
93993
78449
174243
309184
543075
289331
909833
933389
391656
291681
196168
651369
181229
199413
223051
505987
267229
890021
821342
257703
91481
461378
132034
501399
356836
452678
576194
807736
274735
163745
286761
878638
23756
69510
271026
544746
835612
592302
961856
721963
751636
426061
312337
816578
528587
757630
314684
410871
8008
378530
762293
809683
127148
876717
173548
281933
9720
734366
265402
962760
537119
681216
973087
898164
23207
944025
891247
366995
128370
460043
222939
461296
573816
250541
627909
966389
15424
370374
777934
121148
725595
396245
973493
126963
486115
48216
861543
173543
97322
894327
866376
213779
510584
713762
546141
913873
307606
732078
149216
935478
540399
430207
346497
283524
275809
270967
475420
901990
132612
354246
329322
972361
262963
312936
170456
683535
477148
73744
859453
75204
702695
731698
829852
902447
187098
135901
342153
19875
970626
561977
96116
58271
232294
466695
362113
783855
704581
476370
277602
490635
422671
608765
119225
228630
976188
662341
470879
530350
153412
233643
607198
961603
913105
104046
297641
805399
888338
812792
208422
154045
933876
446114
973650
648856
498224
454719
94817
794071
703507
697904
619795
73621
914827
847562
379620
343002
116774
9533
530582
413987
55097
986050
290685
530768
203450
322694
651503
313196
787431
725230
593951
518879
791038
179432
197284
982282
556871
767006
234703
34327
932381
104841
595790
976906
628127
163100
394274
647541
835110
97385
204843
720470
49992
687443
637750
452313
583489
538443
590299
948354
389752
524917
214447
209366
435810
34735
590335
882388
545526
67201
187423
119848
970466
127981
638105
928342
207038
162585
602082
83150
568828
471945
105772
343714
837036
632510
710490
796335
225842
268698
398314
587730
314930
964239
125411
541505
778379
69957
797837
312322
804482
383699
749479
248810
814172
917194
207158
834276
583306
457373
258815
844319
846642
709613
989677
672192
683801
745498
390162
548823
508511
52871
124164
16061
148333
669597
921541
48095
461538
113757
332846
685416
744995
372770
786066
98588
497463
226822
177749
340542
117719
89820
331220
568765
622361
310240
503145
871081
682938
701603
953354
763719
100114
736072
181254
373975
363790
862610
911318
414879
333809
562972
686781
229537
792018
319243
392349
322799
155423
792581
552024
356669
784717
593066
846605
972016
731042
113677
586283
666514
266246
771126
721195
44599
904713
270937
492472
236993
640552
495636
442821
470022
508226
777627
159350
89924
762772
259843
260440
776690
502789
745999
894458
484224
173844
305622
118153
546150
980114
521648
988814
546546
345897
53530
477484
148855
83005
134147
317401
390851
831279
710227
704470
506987
120325
923194
654858
467262
408987
380105
313889
842199
297833
275341
934311
653255
429929
587374
712295
625180
456865
748073
295999
348693
44450
518595
538244
839093
477242
478242
576918
14560
704592
518655
514239
861352
420738
652700
129929
737864
184240
586274
824763
892632
232604
516063
786432
276846
175971
141610
535322
616389
258874
855462
772488
765274
897845
594893
687565
290117
770464
436489
899268
971891
856734
398893
520232
347417
171849
891367
623642
574156
576846
3447
828499
661295
922637
686751
169641
385127
306467
4040
239459
237678
950540
594354
241565
721399
28131
869427
557431
758608
265632
121801
823292
10137
619932
382226
89661
65596
878689
591685
445012
939054
981893
307560
802735
312181
352765
125763
307854
252374
898856
161718
382888
774015
542688
722119
199580
749170
274089
279470
706682
879981
206137
32
486937
501949
520883
242408
951368
651519
127076
626692
379668
595763
1947
273482
179852
272875
63005
967314
238419
121841
779602
458630
822593
525408
223543
857709
272592
34809
639016
799924
965829
54613
518755
411529
632116
701778
244798
18966
230486
195956
229671
466052
272240
567035
284694
872906
875552
186725
653746
392524
333729
398392
17932
77471
929328
682518
535623
435802
759049
874354
336511
92768
418225
681236
717528
717882
468106
591662
835324
740651
572296
159683
652486
7631
198986
762752
610564
981411
827748
292009
518909
980404
614991
868101
301924
60397
956711
453487
926655
917291
865111
734107
106429
8729
672774
529412
841412
547806
596846
137746
125497
207828
859423
742608
422069
928181
488036
895509
21183
153385
789950
353346
941364
216500
846374
228684
658932
307309
461801
264053
449902
481829
295511
827299
982480
328590
665791
766760
85923
123974
984177
496497
131223
216294
320049
122415
969934
553604
445652
186384
281228
107763
428924
771089
720936
65604
659024
407769
959327
436092
809312
219432
558285
274487
578335
741551
980248
688806
258079
298469
838102
526768
55775
493152
653226
879011
862669
820512
550456
43921
532946
791783
713640
436187
890745
174456
487260
595147
125607
191333
807592
575439
607541
406368
282299
175818
416696
519860
974016
149654
799879
501215
471069
496763
467277
634573
484802
703949
571588
139429
255168
307868
530199
334673
60751
904798
969182
88668
958613
711851
790940
83169
550499
102338
864213
585129
398594
512485
787846
904637
88232
730783
367092
891368
399522
15101
166700
429655
546859
965433
659596
539584
901601
812602
953014
896422
141370
347663
943160
563320
158409
925517
125131
517380
517561
819208
812921
441509
51940
498968
969239
738824
991443
720393
143138
656775
454414
857039
79593
59824
75153
239209
512627
568427
837602
360204
771770
982094
526070
249611
956859
155482
980518
80095
857377
957607
593876
892868
157111
878613
844327
373619
835940
968405
354811
849539
900923
87310
875822
400136
143078
4045
256114
713384
144988
476943
324621
81203
507748
967725
270187
200000
525288
844344
123267
454151
544474
355545
980700
371791
79859
646772
425479
53255
826858
156440
59076
648999
90221
348557
567070
118082
67382
127918
560913
975410
982132
42907
225473
310591
360033
201825
247272
620692
454539
270198
883889
392168
81642
37379
641371
8674
900140
870022
659112
771070
210811
763446
26619
160894
98343
539009
977603
208833
751999
33058
860914
249873
89379
514337
905013
769117
24108
334395
848022
668983
423895
947809
968305
286553
471264
661565
443587
3825
340219
442357
41472
887175
612344
633687
169471
331420
428063
256135
745702
295558
157484
224075
36092
49301
612576
455747
265871
670299
341146
506252
725103
838098
830024
446017
341778
182702
385625
325301
883890
169934
171316
315913
437055
908399
198513
622310
964045
810760
952616
574215
18355
101810
349246
534262
232760
476051
653397
236909
226451
439380
629849
673799
414930
792685
395824
120271
147052
470301
278694
527943
579648
905813
873163
973132
77776
856262
305521
242671
63617
456162
628334
65591
330627
670331
399829
204754
382259
318180
365607
442403
269534
765344
763101
910865
548691
342541
790961
298280
545224
123016
916593
565687
748297
90056
746236
376441
539265
84006
905365
771135
840502
384378
682297
379777
903001
32691
594880
540300
658253
882649
857105
308308
210983
621183
876566
492106
350008
757069
545725
281326
280700
75307
71801
514216
361422
631368
25167
775048
427726
705401
133274
165890
851754
319154
815594
128255
240608
730203
760376
224863
47864
638387
922753
248050
877384
44134
847810
624000
73884
350415
767284
929609
521461
932624
494549
915811
882213
513278
470375
596229
620268
794132
100203
896750
752614
981308
711909
973856
6550
977387
75046
774720
149327
230294
642497
32096
203590
615982
695756
395774
27046
183799
530850
693925
297015
60806
143882
143854
807789
651206
348341
675816
975252
454370
557112
186594
927122
290803
541826
390628
362388
890240
633700
1429
362837
100055
329948
38206
665760
243774
370797
544299
396383
701911
562073
655049
432715
906498
212657
810
711758
873757
331565
640736
342144
15070
683155
121147
56097
607096
244569
415303
218478
14314
272596
342617
606639
727219
630484
602765
379620
565301
479160
255001
710658
340024
511795
241339
775055
832131
766780
343817
27795
103615
783123
307551
810935
432365
815483
322537
2128
383727
542474
632200
813373
454788
985136
910589
666110
544796
447907
685706
262781
182561
29865
23104
222670
313987
48433
150380
527418
113210
246778
630242
841609
300791
338565
323787
65146
66136
399957
921082
748144
404231
166942
903015
907634
604888
255180
960954
25842
831934
19335
59483
336625
282299
444034
592815
522049
126186
332570
826605
831725
745011
707805
237765
191152
318671
138458
778350
648879
700124
715830
78706
55986
464567
337054
227584
839353
412179
611590
45877
434668
689006
643082
729909
197983
103239
904319
42709
214436
982893
116677
701577
222721
177820
189717
363491
34654
927642
162925
503064
121420
311298
549238
224090
574340
64703
551444
821167
323597
265817
478006
23873
592744
587235
780725
424830
547358
163870
877492
160355
833485
148358
547750
212749
543670
978792
292690
918534
32058
373086
766151
437427
711797
969117
935387
715865
803569
329682
696940
918531
577595
956910
947747
523751
837132
691194
644655
232861
454629
800993
769107
446561
635348
339824
309609
459215
830705
530098
436332
59257
658445
95880
56009
357445
102019
476660
319957
150288
958069
196942
355009
336013
292404
696108
800866
704838
606279
776546
104458
757956
971210
507642
926128
909327
581463
448350
271383
741140
416011
191233
629728
573674
811892
125584
336032
239406
931840
491492
403975
415290
658865
123736
325172
164928
127641
369597
414939
925885
546077
576368
747762
8099
274055
785331
68689
771445
323035
37542
391342
264440
699791
900344
923004
535404
282364
885321
103148
126894
697614
356756
5332
932022
522927
557292
399041
229764
195900
164593
146362
188441
362727
890643
91288
915225
924259
213349
568913
796224
858326
295867
111262
600794
207173
540386
24993
6344
838404
401565
621294
743122
525433
269792
940289
958633
329652
992327
838866
955906
714659
903413
849166
722536
836420
976230
153175
368794
286403
921031
283664
334318
926047
246573
51369
30159
691478
940661
942123
253579
335978
20208
143260
817834
981840
236678
783233
859017
670104
84118
197805
836410
533703
950126
914501
188683
704889
883439
528655
952911
442905
336146
577304
60354
712662
478982
795899
61460
506744
990258
534676
973443
600352
587555
4284
422162
773420
317710
535418
226268
363272
666717
429650
813448
702597
806188
615062
862262
752561
18421
298421
786869
759766
451011
322773
514099
31919
948878
364002
409926
123404
48990
877386
837449
298407
587983
623835
18904
340495
942029
901221
250452
863132
661105
830542
732718
862681
365393
837437
432821
715744
787147
315853
787708
781586
127073
620001
261212
986520
802884
72831
827827
298036
524034
953453
67319
125638
391168
94419
294751
11904
6581
527964
121578
692687
89052
922325
291395
743711
968480
728472
172564
877427
346225
471082
462705
172574
904661
795242
177050
793415
563361
704951
255379
733202
307862
7426
968121
647820
779317
578028
79409
826038
76364
473836
826027
833610
519016
542393
329430
337980
676480
701134
305537
378712
433830
775684
683283
599517
643758
73116
187494
897886
317308
27689
268870
140682
573796
581681
628420
177114
580772
237450
651561
265093
701682
552705
151188
69283
71518
208708
460611
387178
982923
934990
72792
601015
867355
504921
728981
407548
420783
423878
991424
592429
68904
440762
523150
63725
522726
480395
463741
146664
98149
859292
709021
390089
289954
191889
12046
126996
751974
872861
29999
346699
778729
417498
341479
83807
64756
695772
800365
70009
961345
639294
29966
381615
219937
158579
52128
454370
901177
288939
89891
945206
671653
201680
746022
743400
271107
531810
537578
235082
845587
704919
391310
12414
531702
453165
558435
483476
280900
743599
804825
916138
860254
804187
362506
276574
429056
1762
182635
440635
410086
456726
766128
478217
609711
15048
937577
82052
137750
797682
830569
370522
274575
728951
540138
526999
5228
939779
397553
867930
342434
528958
932768
48173
487787
85934
565152
113588
296378
588964
431851
943371
619682
575486
679542
105491
526140
5207
198997
696689
605981
448542
4773
874733
67843
302754
47316
977341
58072
613750
248315
354890
975592
714120
17798
633988
109584
957010
761952
476793
165029
629311
744713
913659
934328
239956
613523
621618
557418
291091
350363
781708
580059
940133
577506
738754
140229
332481
122003
546684
312023
708263
590074
302060
136177
642919
76194
525395
821750
278421
108437
290897
345994
364220
810250
757881
642205
651854
949179
475301
985593
244624
295529
841735
139537
252390
844057
382441
201190
857144
978985
130007
161865
75247
832368
109365
943113
159189
33803
130064
539000
313412
731574
898596
783350
744234
542761
182547
880333
828000
108909
781712
398619
449846
32207
171653
173314
968498
804356
565139
712994
51656
788898
855029
850672
32051
806333
273018
799321
342774
701698
767059
796717
914357
797259
544088
858265
848520
407634
122574
417056
801986
400522
498920
699362
432861
622488
572392
142623
953400
650231
685009
825282
678652
169155
903739
526071
470204
925722
444738
113179
479313
620930
729394
102433
72917
38333
571617
713495
87658
583881
636822
483163
641829
274801
695773
889797
674961
559048
960493
205720
910760
327888
812293
17217
259525
292239
342455
582359
925235
57399
78277
135076
558046
285847
400038
533733
643211
890795
480131
361798
679408
982734
111869
183296
451705
735347
486398
408480
135710
821040
645827
165318
354838
392761
242566
889065
107874
713690
305407
176094
273037
224484
151256
379234
929548
917975
580402
63496
547637
403864
15810
966826
324436
407839
969709
673159
741931
809686
226576
667393
312773
829792
178046
682944
152761
853146
260496
160302
699060
200130
750924
780039
588631
322248
260518
407859
982070
3736
714211
569758
807643
472128
515663
641621
378241
258233
292787
194293
709690
769030
556837
718007
20267
491689
839462
567030
688078
791421
162136
92535
733060
797775
855352
11916
711857
150578
406013
915889
538564
771090
253708
710207
72943
451322
363080
958057
627941
895436
265562
556350
571891
9792
991348
771833
348604
560770
368151
579833
942090
421522
870961
887695
899425
648844
494001
639827
390579
182375
446953
35055
213856
681450
918659
612457
455132
478227
925276
909812
958475
673327
801155
247628
308775
293139
61697
389481
368024
186925
503766
632063
680497
820003
797060
548983
594590
69612
543342
739587
103222
389954
450699
320245
69040
548646
80533
503898
701200
975355
485684
427
221520
96624
6192
295097
198668
312566
470554
303334
230823
676352
218631
923762
835763
659611
490508
156283
216556
122249
47801
901897
330412
340927
317642
535260
362505
907921
359552
895754
145389
863445
239122
467269
155413
844899
318281
65851
971735
415295
206400
545723
973009
280585
644516
641340
333946
759498
411713
964169
54376
364500
43292
806309
944208
857736
842008
74532
983798
122528
173531
856008
762422
43278
983993
66307
631185
526624
510083
165977
275735
523280
179707
96490
723872
906651
965239
765988
107103
105863
455146
870742
603964
140155
556546
8337
256156
239558
756947
225225
7298
899920
425848
783862
77570
354533
142112
955629
967381
524781
155092
901640
467033
580400
451540
520735
772028
4071
335935
705968
3571
971999
166335
882913
608658
278619
691275
576177
986333
178995
591010
311992
546906
986592
245956
27576
333569
431599
546337
531791
75957
858840
401859
95555
65020
497724
953540
429851
515501
573871
842632
829280
784797
315079
978843
28820
725719
114482
197939
158318
900091
898458
909166
409947
244614
512542
23811
383418
326227
602128
229927
20413
215850
262004
792014
889523
263330
902791
292457
707472
1186
749928
919647
796259
632448
360269
55216
898460
616278
479409
83944
547402
205263
175978
103973
671498
590602
418102
681060
803790
388850
900275
717755
761637
704681
948408
886066
385086
135966
124829
794950
493259
880134
536388
138233
478983
389060
380923
718565
7748
584763
633963
334731
150873
550963
689401
697751
276036
270338
61122
405963
104188
338068
374610
638926
794897
640725
458590
759651
16301
827551
23149
244580
465630
111867
408210
442648
560206
432232
10715
534120
540487
122692
399327
692310
442116
595938
802087
410740
174870
466753
814958
354421
160648
463689
400822
593691
513756
383280
838511
785691
879264
595653
300146
249917
714751
451851
870827
154048
969396
455559
180006
203876
115847
560832
670858
128295
708059
648143
124233
376689
472609
606528
574550
326043
777409
979429
903081
604737
815801
776762
922458
838868
726062
988645
148356
339827
96655
620837
346943
547377
572869
981474
873582
119447
501279
821774
446093
375863
805789
66644
434392
230420
529153
805936
70307
195477
134911
3960
298854
240094
192973
822286
89208
529184
734989
222640
469298
412407
791219
928066
66158
24783
627057
572471
409573
536295
783019
659527
815581
368353
234495
833658
712764
89793
47707
837558
815515
965829
632580
621592
573808
629631
159358
714153
279552
324376
907273
781488
17348
681872
226020
254568
777356
50246
24158
507182
210752
536258
708774
409754
162935
151796
462164
181531
887323
875470
778994
97645
45220
440234
552721
434815
918057
359995
305393
401124
925503
412926
358884
71848
725497
724423
140367
904749
406217
662648
962285
413121
718942
200914
865677
436385
827581
34310
741385
31966
340101
288646
289061
551923
72203
554707
194413
936976
551981
216240
255940
667848
989729
720153
581469
513677
206219
726334
992086
836856
281221
870772
236962
603514
548282
234914
461380
905186
722221
644400
864475
811386
749262
300068
204135
694461
569144
40656
861595
546183
258928
13257
173730
172492
674997
216700
618162
844719
925689
556489
502255
619834
21323
255818
539740
196420
889045
376300
942374
733741
195522
153373
630406
663835
435822
180326
582349
503214
388499
650090
258391
608001
712049
966263
623497
145228
621689
412901
781045
448589
185057
716390
315819
160089
681616
295338
432213
128800
242027
885706
964001
972356
528614
449270
325238
108016
887751
360595
209249
467103
161426
817694
435860
255095
396439
46342
328037
756651
38242
959157
43492
367185
258877
590820
422097
177616
188745
585715
582408
793833
328543
511447
181284
661748
567255
364401
290059
549071
518174
393416
672800
476243
23721
769596
991305
918113
195578
959002
62046
663514
972845
578884
67294
506948
605433
292167
316100
170456
886858
410581
635128
93942
940666
173071
153139
387483
1691
573790
105894
900939
679381
59548
271341
805890
361049
463861
241695
935381
837268
110868
707609
174671
8409
752469
809793
162472
353221
367479
223743
924805
968978
4827
53150
947376
100091
304053
264564
689495
14884
793913
653345
488189
384784
332849
90236
189346
94753
505890
221642
118058
95032
950243
554234
56116
432821
496955
925934
891360
306625
505327
520391
353924
335177
924215
17311
244260
176063
662465
540399
510000
234922
489002
639150
439591
10763
642295
528551
43798
211729
21975
437518
654280
693346
422996
633948
196590
13346
733602
351704
274537
206186
977876
15911
241768
130880
727458
892141
893975
457420
904542
912506
286372
882608
768929
863251
733483
280792
223416
666571
358899
461171
943959
459980
961314
208186
899964
116052
969589
305224
811191
698966
167777
526580
455535
904515
803660
82185
969266
261006
410388
983450
918875
869312
499162
975751
815920
882790
908735
826081
312612
328262
15538
153380
340725
850562
307390
105693
680362
848381
82010
127522
201933
520284
574873
827530
526289
412392
679482
589365
227937
231323
613491
125172
103905
770331
166621
885811
975287
715213
520520
516744
38021
735065
723369
559467
269063
965199
113409
417275
611083
317308
48248
220626
437790
70454
525167
886975
67378
11272
134733
540102
3468
858485
690568
986373
586708
21297
288405
175961
262414
616657
367654
193900
25063
75287
434163
503244
571496
611509
233090
739201
838701
460246
578704
280874
203079
544839
465502
57208
488287
167656
693950
615574
474456
897456
102962
991473
429422
208388
615678
173041
16864
120481
912032
229100
933849
449426
618974
235554
20048
87848
680432
945586
268707
766787
96183
714522
202637
471655
710305
226223
497055
56322
90483
431555
920032
809977
428618
457825
259507
39332
488650
391048
954099
356867
712191
605522
558336
16072
189738
850877
17611
938452
501714
247585
4296
820352
308303
825558
419195
869758
893389
454987
307974
959495
953992
973666
629312
355309
577264
895543
838458
682039
351446
839749
792197
146570
200273
251990
40853
519081
14397
271294
233982
746130
440515
750099
758537
555615
571951
41269
724857
87827
203133
570114
945370
395078
95367
990179
56797
270220
336743
274869
352622
408439
675584
435880
210489
227158
504239
379443
548503
760087
570332
474180
334031
320742
456856
333409
728208
384949
906312
685167
82852
869106
646382
429160
674514
787819
913327
169052
140877
433344
172226
23628
882621
978306
474723
79151
903520
695603
245003
889655
575556
613613
103891
924856
663901
88271
592838
720134
589339
261619
386015
52162
227027
343227
267856
977017
917211
175837
416488
92816
797587
668104
630610
400084
933730
614074
960603
531778
805814
856598
883773
850925
905033
435059
50469
349584
109598
975670
789117
783807
196066
4867
531482
805082
766416
923576
947760
942566
702870
325329
393116
284985
41391
117657
748203
756508
739435
189831
415102
310708
489607
55377
75917
153605
835083
162655
643172
731944
961792
616390
905162
376884
692234
617485
885671
806122
985768
630772
785240
103914
521214
379019
622561
147327
303594
241521
380930
899339
488545
198229
454680
990081
958027
584601
332440
846398
134649
272729
760955
224874
724086
236961
476001
593970
322246
261549
722637
919308
263807
281290
341438
587496
267436
171016
617432
748619
490420
813611
713593
430372
765301
754280
359148
420490
574214
286583
732805
631857
93942
892600
323884
776083
644592
541897
970480
610161
448244
939847
753309
449536
217723
438762
67153
161182
447929
889582
64119
974205
304924
305746
885661
761423
690866
351150
460389
733092
235476
533671
991679
402597
207816
114897
482575
798383
876813
335950
834133
106940
68509
586592
490541
895935
682847
901612
222543
872136
96827
927887
448317
210260
629384
458349
951350
681936
908963
427685
840293
945677
560008
201543
269210
604244
480347
390668
389836
168721
134263
138680
24753
39046
927104
278641
919605
860477
292667
703667
308963
377578
601191
19626
876925
722502
371689
781798
487752
810272
766094
673196
519127
33986
40604
239023
282888
730711
36912
144610
349082
931682
846995
365092
142068
448083
262865
242659
934937
41039
711192
732914
349070
98171
473730
514223
517292
220945
127725
786658
886146
228217
32358
910437
742417
554177
51561
350473
676921
738144
354043
159344
511838
145899
707294
649444
301042
478027
689374
231490
386347
358475
874326
662272
731238
426934
937582
643882
8700
87589
208012
300287
255537
806054
599447
858897
121559
778193
357433
50830
661887
810964
591447
548890
269576
407237
665078
21076
417918
803726
491087
568768
671311
601139
679139
73263
855931
736729
15421
934620
887823
721273
887051
759892
284687
984265
932347
579150
230228
969250
741164
790254
635234
505995
473174
237295
947251
331818
680902
549367
315647
501556
133933
123673
385664
589038
925769
634046
16245
452106
140366
114542
134562
937745
664387
708931
472327
730063
58529
112329
67249
274506
241380
641517
142079
394792
945680
662299
240297
637800
197439
492160
229503
258903
697033
563074
375886
479681
358360
152570
906811
796508
76413
757255
884188
852999
478419
267300
719805
140955
160310
711749
231937
474668
213770
565250
399613
168774
360624
903620
897538
35946
298727
983652
920256
726043
314357
207692
913211
723688
495312
976574
287280
974943
341473
42362
946699
586083
220442
900128
482792
828745
955457
180270
991682
339312
290145
457251
744772
288244
624558
328024
87981
589432
249326
337231
654422
444204
435294
630289
242414
355152
337857
881059
196813
316545
231463
2240
677831
760150
679580
596923
754191
139876
653704
7704
590384
895873
19717
970518
155113
423106
337352
41231
13417
98728
665609
48629
189242
916176
150630
388366
219374
292436
695786
314097
756101
380250
98304
453036
771966
137740
617074
27685
650398
821955
959413
658086
511927
828435
450794
305154
604962
171851
120660
693946
823424
364743
350498
351125
749585
5475
941927
395130
452473
155962
22836
739914
688614
809256
798741
32591
409707
681683
620026
337742
263338
236687
937339
756217
124521
80934
483329
185804
192882
786594
795597
549081
837295
190492
977194
538509
546364
810379
735917
852307
983003
245808
145393
919997
467403
799265
153513
28697
55066
378290
215776
632065
221522
515373
947338
787325
974498
927926
581061
711501
349855
233600
816962
665088
103368
700921
30666
95730
777748
589323
688475
967760
152987
215743
406954
402149
810859
344000
90113
651315
215539
432012
398634
558655
349117
14317
778284
358582
777715
208750
249403
855449
10659
447980
974182
617333
146137
853779
814401
781492
192407
482414
57674
232262
214247
564234
189490
517947
400901
888644
829465
159248
580379
774582
529592
907876
787686
747829
772840
382123
379235
738897
952166
923369
369816
267836
650361
484012
921188
640492
175529
242477
326690
266212
858592
301445
386117
710
40491
315923
936205
645242
22321
448958
811841
355417
555963
36219
312991
15383
609432
673814
36007
387404
550556
574470
408079
826916
419109
839259
696534
911903
985162
249669
187230
784128
456394
121190
988143
458973
328113
479004
414922
651328
102682
920849
612005
876104
644612
921681
39980
628203
863133
196206
503943
393674
609020
159147
756703
921594
38694
679768
918035
382704
935108
218323
949232
649022
732309
29814
715377
154815
888233
703208
888179
618113
220312
420253
329280
100515
180302
886126
827272
240492
925476
200141
453245
710187
776181
508924
737457
835104
269497
414966
553006
880289
987968
667000
13224
582819
716192
859914
972697
10322
518488
14321
581815
658220
216388
792774
691427
347900
646531
89283
446131
955769
726329
975578
282509
795837
491636
178625
919920
265956
460953
82553
612115
259247
724399
775623
728180
747951
29902
586084
28413
269228
710894
922668
420179
501508
947006
141761
544938
876276
459481
233415
103811
646905
753977
824596
148636
467376
19185
564192
748841
828440
589602
331130
547995
137643
579904
519143
458192
829829
978145
751487
846628
594463
410360
75818
911919
954360
699739
654981
203892
933086
821899
941104
693040
916288
809018
147432
296655
941213
239160
814774
983170
894229
48810
535197
668863
896122
724168
138325
531744
245822
483736
291123
330782
310546
216573
170332
252640
585604
841463
963168
937776
944233
135101
74509
487719
88422
460489
561212
178612
488110
941436
669372
725826
934501
519442
338683
791313
909132
173047
684842
214405
27203
280719
307323
835846
446587
840580
521417
496955
528064
575183
937650
692334
216628
190965
588290
545468
285410
24057
965454
976091
609595
662721
984300
743952
231334
650070
316670
509854
862691
474064
13995
691188
466903
309477
153876
811466
363988
573880
853359
681205
53797
579550
791751
922153
406079
294493
173899
714997
56740
392891
666055
330071
871397
287292
631654
648650
871226
702480
564925
827367
64536
900728
218969
510353
315801
454861
796843
800963
755935
294735
330253
140577
407155
733048
933657
641641
423330
417078
125523
718110
611228
222916
416712
654928
554229
868252
303627
439406
62759
901830
285293
275628
655029
157595
560128
388756
431450
594965
50599
660683
896628
937886
71757
962206
130449
544124
935045
363708
828763
239879
173895
609713
990518
352549
767661
335442
185043
988019
229335
330860
649753
31682
457137
593234
846443
333499
522965
403544
526704
102308
842415
529443
39055
355559
936282
949133
814301
942571
519727
565581
506940
207767
110615
387101
511155
946678
735870
812363
482499
551104
810045
279111
278529
260977
649558
562801
596981
97298
426918
520506
607740
793396
941838
552879
692912
667515
320789
183545
339564
326410
975642
852476
90086
186270
99230
642298
694498
264111
571700
969367
758309
32419
371766
480473
895235
348445
780025
721386
608216
351172
454135
140219
549265
895577
400538
314558
239370
838223
836776
446131
834642
10303
95011
579593
304590
498429
701070
696961
933763
424163
192897
79976
443458
285143
55753
171664
976797
331758
288800
209392
159501
897387
9560
819062
698304
80460
95659
292514
233060
566962
939497
465025
10971
572383
309914
98421
818185
191080
715177
365654
523937
392119
47552
341868
884087
684532
111082
116749
185881
257587
514514
388660
117836
94530
785923
595214
789068
919701
66348
483119
534602
658763
540905
184046
209132
56103
497069
75847
494798
837646
131029
268948
544692
714226
968518
544479
353981
283986
228323
149137
103917
18222
571843
512783
217321
266514
445913
764578
781019
140633
235845
826622
32620
961702
359409
143676
593754
690705
841838
319285
672262
894315
483624
651776
191067
943631
458336
510147
319862
124613
813515
665156
177362
926788
383673
303674
76295
926143
43646
412074
920608
335892
625433
176523
629170
148572
444541
771761
120786
272535
943730
377751
420963
989930
818041
595793
222435
387451
48073
790289
370696
477545
50808
329420
741477
831293
115840
225437
201867
733051
883606
314540
290730
362109
546932
591819
600214
830657
834612
77750
389513
927770
230482
255001
752502
467513
59038
874177
438247
671519
20250
560329
390709
790415
490869
262844
208558
904753
469262
62837
260948
442128
29682
163865
907457
918239
691686
502654
730173
144149
118348
379445
398302
55161
654832
527001
405124
447506
516420
800952
432929
627157
382876
2654
668127
148019
250648
812382
672527
64021
80413
920640
860396
726198
530231
165390
53347
3029
72441
290804
214871
35605
790190
409498
735133
199086
398129
692147
259666
120008
871564
851304
961022
463700
361635
788640
937164
634629
348637
342571
802675
359828
561269
629576
33243
591099
743327
714794
190471
714694
539639
625230
451110
567137
254784
846639
747258
669384
290878
52516
432446
509594
34299
452654
628158
755884
481474
67606
646441
505709
440546
197815
801322
593910
805081
22094
694156
593360
628644
110149
183774
647368
543967
813942
522444
238664
11504
579463
694099
799382
539245
984180
791776
974163
245023
472261
975852
791985
498008
548569
904530
382531
941302
250403
401580
828160
318566
588105
539157
566412
37632
235855
669085
178198
416925
255550
752084
673651
838878
794546
792320
22565
652586
647654
667152
870537
20055
835196
478076
72226
66895
105646
705734
548064
867292
211447
732334
519108
866942
178395
53260
148806
491626
553510
422418
291390
646387
404025
171788
539507
924580
30198
818001
204365
28318
762201
467501
386685
38700
850954
841357
484750
670101
67788
717007
207268
224088
68038
214653
805818
872019
502153
294458
942524
596484
671160
336485
612053
568426
602718
657504
44849
643542
273785
699271
777063
507401
720262
370464
634574
343001
588084
651648
666818
245770
86983
881481
901396
692933
777094
55679
572648
588467
113210
487200
184264
265962
696133
529386
249197
81364
800044
767875
430129
148007
285858
395706
531210
581256
467106
498120
201998
223449
632628
346592
646083
115778
813290
829509
569242
201342
216954
907244
318287
482118
282654
44225
778835
103579
59670
514606
945025
817255
460469
85158
304328
574087
744472
912790
329539
124611
327748
2332
404173
845661
670038
587755
841812
681187
830800
937473
514969
780099
789574
92653
391639
897500
619932
795334
479321
704639
838053
350927
159435
468994
664380
954669
575356
955182
308932
703039
36037
201935
389039
151179
736900
395464
542946
748723
666613
974070
838335
86552
187786
923826
436713
773837
215644
116395
826460
793330
425095
55410
158205
776238
6239
776168
555120
316813
297923
329366
690130
144555
577775
185606
189055
556480
609998
361882
643927
703523
596459
474196
556939
540842
454975
71909
197651
866506
23296
349225
58869
272811
139875
325193
161098
156399
424107
474062
671757
986033
705669
987600
840405
442535
354088
542108
42827
780496
539495
899258
52045
239790
741327
212025
898795
482614
456578
964240
176048
583491
641875
619118
348038
321734
490720
115203
558319
736212
518498
317541
297449
84415
588634
914842
880260
879836
553848
743125
292446
912916
59162
529793
445866
668941
754778
969078
845488
742254
740145
195740
638589
716204
975063
665627
991225
333137
576165
934807
374189
395217
534445
333259
197926
352666
869858
81097
806884
561179
535364
429971
305987
927089
849334
535634
274549
168612
403746
406608
250743
810950
351357
122321
148242
442742
699319
18758
72486
772150
186624
423106
832627
673433
343508
771288
784923
627886
421164
736029
913795
552911
493755
940184
18698
946723
935311
969428
661019
217487
971198
603250
374636
222514
418503
6041
885280
912933
45949
614533
550474
343121
371628
15341
717188
268140
49820
500676
367947
850873
4780
936539
745948
18215
488528
129364
37831
878330
534985
344821
865615
915926
37770
680304
600945
408869
520715
939355
482542
101432
960360
285962
294130
346567
754775
358216
151431
750255
803642
774487
42432
846581
804188
395150
685709
489951
168126
408850
900015
571767
44156
402663
1155
151672
10199
516544
683342
860354
693789
911951
575005
511247
443342
586964
928663
728967
53615
546750
109823
383631
532173
967615
696543
5903
920572
878657
629858
678734
358187
71689
591530
446277
725187
887892
789879
300278
116413
622601
405194
33850
140725
548015
280090
452235
736362
395132
910690
599724
814912
36595
731487
499186
921461
155763
909949
969723
164079
363933
317918
464972
49571
713279
445205
118574
310018
141324
307404
375555
729338
659733
206316
271823
380518
161307
54662
165849
195814
553549
976918
882798
833793
600646
907576
183753
19426
435381
355784
226866
455847
274234
448592
347394
777522
299655
38915
237748
781460
636010
245562
987492
754288
732066
113978
824270
89149
669783
463851
847880
124386
821807
842741
19711
520253
34850
897936
720701
769523
668967
122669
364950
429436
152584
967795
436642
323329
967067
306362
597691
498107
710789
135364
327212
330283
944112
619205
579532
865196
968084
115819
539632
482356
395812
895420
308235
4295
754941
218061
340591
778922
346663
380121
326719
414504
555581
975107
922576
278725
534677
124099
460233
250434
457623
346843
647144
128632
75177
8153
485486
622643
584515
61386
286147
185294
316789
586751
288954
867200
336712
939725
817408
783046
846139
73033
192936
667086
282989
757710
425093
483148
126040
45604
147492
194295
933935
783302
654000
513104
521501
668536
882605
643840
847185
495974
293341
895638
110529
937199
313600
962893
985725
798325
912876
884885
785153
529231
920960
518137
918413
169031
202898
324293
892358
186056
424515
882007
29476
9848
715501
833066
373895
738874
911388
771103
976432
471113
71441
582446
801473
306628
638283
918781
113338
642818
428740
234778
236336
515770
570568
689324
975014
327668
727720
809447
266700
722028
308079
648890
547796
612541
120387
78403
63325
460084
824167
29512
486985
213716
714528
355288
143613
919637
644421
360205
611377
846474
87650
448190
46044
551413
195438
269366
204536
75676
167485
141602
678704
709965
979336
387515
225464
629698
119285
47390
150562
412639
839031
899972
518040
603586
724397
718862
674856
805232
633932
700486
642425
46085
717107
44091
793778
394152
780367
638766
579375
24561
127847
779262
287507
178664
847361
82851
646313
830223
728546
598719
113299
528946
49412
861366
747087
207935
779943
741620
638146
945167
530706
767424
648055
785572
106531
856488
287800
662291
859430
884071
123650
37195
916017
607478
932379
688941
402632
870817
954068
437875
442928
74041
575711
575535
858962
608516
821168
808214
896495
599645
292158
897091
927342
56673
12701
557148
653877
691299
621523
907255
244288
478460
253615
19882
342693
724450
175500
472570
724549
145497
127750
342833
500918
532376
315007
979605
709673
165749
726093
789047
394880
98014
98370
443092
433728
756151
100792
905605
696532
808209
220403
11124
949305
428851
646182
379263
402989
271308
459169
394859
575933
82348
668324
115825
848254
744339
654368
178315
710478
1024
741213
139291
432215
485853
253607
230620
163648
896406
97329
373966
23098
851598
465720
944199
493609
54856
867614
806177
92954
395614
323606
690473
205264
918242
899410
3733
866007
623467
871163
264235
745781
964714
687191
832211
247081
306800
561645
893596
598620
892102
791429
946975
798596
808593
788663
654588
61565
935383
444299
240536
658321
22558
370337
638032
485662
904985
750684
256776
545870
270831
754366
876458
584520
176124
633152
670057
886781
909796
785512
399900
301822
445130
678603
699458
547935
140876
67102
635008
850127
524954
415210
484789
810763
679817
431162
625710
396290
126240
22895
773480
535321
963742
831734
85236
366330
507549
231004
964722
252515
66886
511981
191681
461422
105107
327881
385102
110994
265841
263449
165648
979019
899816
62711
408567
261334
522883
730710
619696
578710
889367
738932
146360
851593
562009
603415
686016
878545
441088
907996
117022
904857
270541
388199
272838
644627
359435
819058
791767
501238
894806
95621
491613
486051
698468
390268
733903
651691
122040
181791
267157
147796
81658
703015
173566
648360
839350
292560
603080
83700
746919
716968
32536
244654
924846
538696
306494
568237
475461
513086
252853
343082
590315
595018
594658
710065
547070
268376
174122
891073
836556
841089
134486
32896
223889
292690
246548
175650
813539
736986
171693
452689
938577
936858
391650
580745
133882
906411
866135
840778
50796
774606
752911
166889
808277
684442
946216
262051
569014
87608
858642
305684
280062
839080
398967
525474
391263
147928
874783
92338
848221
445363
169919
157874
673729
860808
906927
944761
446725
326804
516832
194626
963554
568378
566857
209545
145755
227158
528472
339635
386984
697317
674073
766125
663996
90721
376601
364694
832902
468838
474618
82461
987552
521419
286073
218099
954209
384403
112065
662667
834824
327476
832889
899712
656373
60078
182041
789573
616847
398220
306551
636385
667451
586398
548400
928401
635771
926649
452574
831155
284469
360518
954545
985919
101743
362700
269348
189041
202442
341471
668199
539106
583338
260411
239153
957230
225110
950758
264888
196739
803885
328239
524289
305419
510075
494367
437174
839283
679315
234817
85555
524399
694429
873630
655742
242415
389283
201516
657962
987243
626055
292183
625558
80463
742838
910798
746687
23304
415237
699049
80027
837140
924088
241946
345638
315441
576626
198854
306839
213771
371323
979022
382470
646319
100151
554136
23940
2265
327022
314698
705426
577937
834688
221360
715357
540937
247997
892589
219245
660870
664683
374363
611905
848449
111819
797021
200588
884411
109239
79018
850728
965892
798623
121011
578800
372870
806430
315617
3515
926490
441524
731750
194625
780239
530590
46628
435422
622080
92727
268247
255437
781831
457533
989374
658572
144461
68614
626274
924733
274555
699292
825618
845107
340763
810300
782111
112393
920633
768581
910373
609126
119788
845163
458015
484409
631253
459824
925781
549891
435577
812632
291418
363861
504096
692811
408573
598417
92892
691353
175036
198305
728599
139125
351180
36786
179035
560587
313593
859623
560364
979281
580583
857532
108072
2487
138117
682541
918785
783839
579351
341580
378339
45009
331919
871475
565771
145242
603733
853953
93201
954793
74919
203679
764800
95705
251299
50816
329876
213050
731856
109455
217444
479474
862752
900091
733437
856680
37890
243226
511197
885257
112988
696921
937195
473949
38161
629579
861009
807015
459011
621383
539023
96055
670306
844600
257784
845987
535349
884385
186927
321453
80017
622498
894814
245640
888914
965277
800949
130500
368838
929029
153237
462766
423379
451623
912193
787684
138004
353191
911560
968631
597808
746920
949949
651112
784921
92680
362248
674513
437549
874916
244895
469590
797785
893521
136761
126188
36717
260486
322759
184902
629982
809815
747417
717371
67471
464571
843085
909135
663630
577452
683358
470527
863687
269580
593752
962950
777917
157677
715171
522836
289969
819404
539346
656789
144293
946687
341507
379227
812933
40536
434335
828391
186757
73125
806796
645707
904052
294555
4796
190990
457803
180304
366018
28880
902813
928453
822370
949743
474240
212099
359908
620551
395175
967309
495155
605546
894898
104063
321401
780240
143579
44078
714367
32030
371239
408959
288573
862580
803189
639004
768859
141850
194263
938875
780474
830697
972899
74298
8013
213918
184825
101829
20240
915217
809404
723667
465454
462638
468213
784920
538626
877557
548323
91732
327469
184356
507964
529296
459962
884317
361426
576311
502141
165690
5298
554567
664753
561114
236111
921301
275348
960716
660906
773184
391074
920694
514980
888826
983674
235691
382714
542198
95422
12755
226197
231205
721637
759846
641565
955713
861031
20695
333727
531465
720416
551201
870386
627156
950558
65591
897882
389487
849775
210031
552700
686799
723904
113386
681494
169793
445138
514737
686923
928143
256108
869363
793606
869454
376193
815764
124564
79062
350466
879073
603293
371320
485048
515861
396030
725647
362581
751974
448697
219217
770715
616775
159967
965467
248190
914775
538361
662464
648446
253426
243593
354782
661199
660228
132707
972768
149947
443870
900541
880347
447882
474733
778551
817297
882332
275857
987500
242511
313968
891780
726208
457593
294230
768328
443772
607158
973283
510651
88340
215131
95621
657320
245042
165057
976966
46051
261769
652513
66090
484513
190198
466898
982512
904009
208704
573587
553435
941035
937240
130570
693802
537034
626038
617479
790663
790022
308728
486956
918329
774768
164058
128688
963995
752001
711772
222878
397932
838981
267639
50585
165854
194813
32282
679007
868956
63984
959472
95138
206173
966635
446920
968031
578260
330798
752822
27872
767875
626119
669688
832264
264133
973603
44442
243173
878207
744379
746975
663129
818258
410760
33131
272144
314736
590039
245231
817346
146221
331995
683012
819513
151178
391424
930116
454909
757705
100450
394518
174343
517317
877389
186082
21871
113889
269716
97521
493678
365342
475306
644729
50533
310880
590694
683331
207789
767974
395240
87948
832173
835835
694133
617075
53117
408959
623795
903600
62545
649290
484509
30588
545635
617608
816338
317354
731630
441566
793535
688380
290146
94115
83691
680751
237477
966223
156012
121907
132127
501663
479049
521898
813181
861007
371562
255609
450575
397217
263781
327881
645977
289426
749539
577577
243655
868499
179374
192851
982556
42771
294585
261429
639071
963413
660674
273088
203503
760419
272976
132260
46097
400689
288232
872673
55852
119617
87712
886339
248478
321426
268734
129933
545073
26455
933265
977868
450297
170588
666700
480799
734634
958633
107902
379178
528384
801643
726675
648972
433604
12762
339229
12765
969777
736549
909856
719774
38737
117366
874498
21746
688780
440145
678164
372033
584400
491459
742754
782948
113988
443604
60306
956283
474891
149458
45039
597558
95153
913674
429028
29540
718907
312531
760568
880465
961784
369886
320681
218909
145014
483409
102608
488193
46488
953348
285919
151803
249664
471103
258630
853563
262607
944360
735298
526675
294343
234820
536102
932755
562655
740886
440043
198006
596828
424914
911657
170448
738762
157228
632538
352441
448517
966949
902167
735617
54498
179778
966939
363641
910830
452564
251639
285985
155074
537990
907093
762860
735280
165457
953217
159102
67491
119883
983386
259983
123923
779493
38213
600989
906934
448343
984043
933601
525294
206082
517996
479551
882396
192242
500072
346999
698253
664756
333508
618182
859882
688135
585475
129669
323057
114442
702886
941289
459179
933516
141707
615401
539121
262201
475791
182241
600794
803100
734707
801882
255468
22892
695562
678052
624414
257235
513347
958714
500806
148580
253444
967749
181970
766717
164981
341184
927072
706836
839340
802236
591428
854397
49038
181327
765774
699287
607412
35668
667606
719023
975907
939751
723277
202849
99358
150894
227169
834400
80837
489955
198806
346262
323978
133333
171701
756920
834235
295216
189148
666421
571607
795771
32448
69601
30486
92264
224433
549808
761471
262477
19576
564660
688732
613367
411249
182672
973232
379370
36659
259220
788251
332529
431585
971386
629539
426539
981756
207222
449898
904118
536722
408389
630801
857979
684956
797906
688103
436352
573587
741722
762437
150480
170826
923045
616669
863331
345182
104657
978439
26291
678147
913413
455996
85152
773020
382953
828206
220007
637403
173898
370618
72224
581921
637682
233433
118742
640108
299965
560107
511051
244794
790821
440786
384843
579803
636628
503169
397225
18503
1207
592266
500723
469794
694332
130815
517371
505952
455458
542825
167420
269307
78332
773970
297605
551275
696960
276017
356994
186424
747306
367645
200824
58620
97780
385007
747094
962582
435154
633167
242265
942834
470866
412516
673157
160180
44232
435450
186426
915882
277079
723899
214387
120259
866536
685088
33036
494754
446909
505349
443014
333358
439937
211929
981882
708587
236083
741063
218210
891802
645595
655849
804886
312529
643927
574374
557940
701077
399856
71416
208201
909296
337100
488010
561785
17669
449588
103418
276917
791095
414465
575398
790259
84901
726719
207571
665708
613481
794848
632044
512808
49126
108960
565543
710301
758457
393005
467741
741573
872611
258465
130178
525282
311601
982768
555659
43797
382991
976780
829713
32899
27837
984906
972417
223982
698307
693731
778437
5563
723514
916264
345406
960241
371504
97788
876886
835086
905743
869164
902029
913379
571579
932099
257203
287088
161040
398582
576087
250467
930640
475902
972521
349956
991831
929991
658479
99825
944769
705356
137781
599611
70560
114459
565056
411723
448468
925501
913546
158947
311494
172301
430191
428472
735056
227096
360128
735072
287841
806661
889963
265093
793173
842934
277016
940885
687904
123382
218237
915330
763664
519890
495824
735
269706
486554
383355
14624
645288
366570
800832
280135
653759
517998
933782
94089
198711
135225
814284
700440
907446
377377
532228
492680
826198
718193
503779
651000
871985
104579
480083
402813
799760
175973
441915
633861
112139
666006
566337
744521
514339
393697
57054
830271
436587
419083
709428
355053
949521
653939
677382
269633
278477
305918
346096
643820
732180
624387
523480
622100
933564
24781
954238
703251
533278
955696
843113
876836
76129
588155
654345
505141
850396
85690
94713
468775
468091
861420
630855
27674
313505
852154
529224
820789
761870
410878
178810
959868
392966
328906
121836
299868
459755
599911
943031
640531
607417
217890
751309
888789
811198
129080
609208
741066
267232
447457
609991
101869
132128
694133
446926
925463
564387
540541
673760
218988
789817
696656
853389
943592
141351
871882
519635
11827
966504
343878
169466
212397
556401
854707
49978
780697
291517
118069
916657
726151
478331
613123
232603
848566
498047
92073
600405
10583
65288
408216
627677
18776
557999
305326
35390
293383
197525
759724
549251
90062
474007
223628
920825
797291
493698
18322
890585
312673
794719
906265
452857
704691
933338
464532
555110
73062
723089
343020
850013
523419
215851
224894
393400
835698
744357
608514
24752
473810
107755
449517
335197
498799
195171
379524
835334
938257
305680
340345
181517
662972
668744
945164
236842
374894
337025
119868
27736
194318
494172
929815
461303
348778
731431
867938
439190
524694
757458
982047
654295
205012
387536
869557
853628
195321
611062
235183
606557
193049
967956
673362
746406
353108
14868
944077
682358
519784
569551
194704
206760
687809
693591
691338
413809
934305
737746
424591
500769
452561
606294
399987
564541
919306
300510
184370
907475
418895
769799
503211
244212
152083
633329
10010
686901
371343
292777
845909
438387
846644
916437
638989
136131
764669
733070
414762
659769
991532
238289
559446
641627
609791
417659
827189
850679
633151
897154
491709
374451
119972
315513
270558
76404
662365
905630
538034
544529
338072
900405
886317
153200
887391
971225
260979
181665
156720
313627
589216
916011
644365
409207
464906
623579
937637
556423
837889
386852
401479
551390
674928
538198
678887
613239
488293
66524
949220
711318
331526
166455
52767
211347
242823
685143
456337
530088
744740
561399
785823
289923
39895
752102
685485
615699
452542
641785
439355
918687
647995
447374
686150
329272
661341
988551
555203
643975
357431
129503
941715
930081
126641
376503
233520
458188
574759
759466
866788
65977
438662
513514
23394
673264
544033
181744
317986
889990
113890
147026
877018
643803
738332
916419
849265
386528
89953
972706
359528
803010
541831
818243
675694
318871
579974
36548
732953
311265
380692
365029
14519
861724
53893
525207
697195
369576
676102
215389
806616
919914
874051
845255
642937
692555
292811
92401
633531
640962
304822
779506
416746
732983
729725
541221
310265
423539
194734
674975
810510
427916
767890
128728
829454
822000
938562
182057
140046
345535
705219
662346
129562
119869
87978
173460
444081
360822
473664
295917
924239
661649
89418
515346
446038
83481
314833
283328
54762
806705
664448
172734
368045
246950
310441
967279
267223
170710
479053
434807
682675
544838
897672
698382
783535
938894
725154
467004
75948
16039
621848
517760
299860
13039
416821
669613
251297
300397
148366
704873
64397
291094
538793
364528
608216
525019
193847
839382
57280
581544
22107
3497
295718
909005
371951
225456
705460
324366
608925
267377
483826
928997
917154
925727
884910
990433
851685
706466
884333
552825
269039
481096
263490
195909
17308
65572
478791
700624
431128
400911
449219
502166
79207
424216
138111
950430
184851
722066
680822
79658
231238
859582
517617
798516
491814
919420
478089
400066
37756
106733
598076
255055
348523
69914
949886
242021
478109
877949
696342
1589
676023
128486
611366
61892
371843
608692
880861
138278
402925
918366
114020
485504
495924
651591
886846
856872
304763
846754
282509
927794
856811
878187
709304
770178
508283
114391
405500
515454
697389
627657
369230
293832
836216
26915
835508
727207
448456
145876
246160
210411
66830
528479
483205
2998
311394
954198
23926
57018
92110
986852
51484
471036
723138
837065
909985
417795
811383
460315
677330
901728
101051
421201
60634
88548
30875
446265
762833
861968
574629
711672
357849
197812
365024
250315
270431
830847
931061
986785
24412
555368
268935
387398
558547
781080
25816
5469
298263
156334
545561
573184
455348
163828
376009
423525
109720
765547
803148
446399
524352
938792
272572
275498
227167
221532
354147
104868
726209
771793
671964
295316
934562
151650
481248
237443
664933
211822
654508
504991
373119
762077
222597
365161
380811
321064
535221
82557
42065
872949
446926
93308
2825
379790
249183
309689
289807
9960
668920
197518
143339
756417
111952
904106
958561
119837
17504
478738
673428
470900
309728
927979
946235
196745
467431
379194
316593
663410
859906
823151
692629
263154
32447
816597
819015
498990
136638
756877
889999
879572
946982
855601
812372
705862
219471
571338
529383
580428
741037
690644
512210
141476
638889
913616
521296
897799
18724
158348
772543
238934
350874
629714
554934
523485
67394
918683
421537
672808
257576
767339
754058
628759
926940
474031
411008
261263
719331
973029
843706
186140
666563
117767
967690
145854
370179
765157
953225
555349
621142
23176
567315
821366
593588
475671
871123
282031
186041
504194
483230
517941
706216
925225
147293
550668
61053
321050
879880
643568
134050
739277
548580
114545
979764
633428
265143
939994
42652
714183
894590
637187
418453
691405
618950
728748
504001
372219
173189
394476
254129
9543
144947
977994
259710
751352
28492
465572
425580
813790
438413
512888
212996
125556
593741
382416
250875
975692
879472
194563
879827
802275
122189
433561
588064
425400
703884
368438
916216
473410
867817
231676
664262
953241
760915
701714
777157
229022
27689
881154
359323
969841
901741
859585
625139
699515
716927
299893
419860
141699
982895
511397
404087
345671
194729
941025
449483
122503
118016
786804
890486
422248
317809
173543
758397
239989
416295
364062
973533
677208
264570
112208
840195
637893
468658
868382
836477
234398
471841
526193
69542
321232
802233
720203
653251
149009
247340
389823
247992
829907
668812
616735
560955
24749
599977
784395
790931
28138
99883
963955
338491
625988
33235
772112
319448
475029
232024
847981
475657
575746
969346
846420
416252
940543
341900
395805
191313
690678
895187
300446
531591
677813
597345
724880
736253
521934
678547
911148
467509
630396
397117
60655
30232
623790
141389
445323
675811
936536
720901
884658
819155
18887
493194
550490
642217
483023
649153
284066
9911
646348
154951
426519
50520
145595
473129
910042
534733
293687
279888
312685
566795
260063
822206
195308
85020
112215
88790
474966
257212
961913
717556
294978
757206
59493
448567
351098
177198
306986
772085
576269
333019
182132
689924
385200
775129
337788
599421
95972
953096
709499
277768
119667
413067
108908
491396
941730
457262
966182
200277
789699
7932
360653
449207
957602
683144
78134
399795
93566
776716
393870
980382
803569
211773
127778
871659
768492
692972
901902
842729
710621
679148
537823
881790
859609
323855
664833
813834
11094
209582
51524
132124
427725
577686
773030
455716
776840
611197
764358
885997
744220
100085
563055
614204
883344
75601
810572
300568
35249
594667
245445
78132
908197
574100
706064
39188
334123
75983
739646
181752
926374
809125
878572
729640
839580
526317
851229
987619
492350
744669
644409
546906
537735
288955
697960
982113
728546
109048
697007
470903
78470
244218
983253
525111
796679
251253
61521
275600
373564
174531
306713
402789
850775
663172
201528
620544
317622
690936
346056
788920
936214
139689
480036
979035
81985
840678
744254
199015
751457
379784
143167
690891
455189
890177
719662
781636
525832
14799
299890
172200
679719
725502
891893
708365
84198
162485
260153
934566
886472
329722
185787
428206
590560
57710
826602
171146
942546
206586
444586
69879
82045
119712
91995
917233
677831
674804
268391
371154
105587
118390
431956
667490
365488
493755
17029
586980
168054
700716
573054
237223
985171
922098
498521
741201
405005
716434
144985
31930
298100
92127
815085
601857
730711
77583
166519
517516
474177
918019
937860
403676
974727
583466
224658
918739
157556
237078
460343
512173
83685
555228
436092
268093
958279
410131
117088
781985
681483
757719
274448
558815
932752
45285
950734
969941
126528
266887
587071
133771
496368
737255
231377
755265
545469
179022
877294
957754
889718
108073
253373
26369
23791
408904
683783
813152
598652
550398
529467
214597
199490
955695
796289
960928
883870
494959
713382
173982
259247
492833
144813
174761
75921
821099
774597
312206
936892
123197
962962
55829
546307
892718
511374
125137
214444
62799
32151
545497
10121
2543
204270
496596
466620
829748
629460
754928
718527
936896
477757
899848
401775
810179
329774
750281
439957
259664
633343
558740
571300
414972
148504
916321
235173
605394
802451
766544
418541
159076
137196
297974
199730
760292
59482
474198
963176
343078
49822
706841
510937
49346
902786
482737
237932
553020
226277
28148
842300
286492
589516
959089
388028
579176
545952
855555
989147
315014
346855
721070
379210
9347
645762
484161
253846
886039
264873
662187
423822
96638
453572
280643
126233
354841
582485
281042
696310
346026
269843
966821
537205
663133
101935
243288
597137
863914
311501
298332
517168
868588
67641
577147
38954
177306
819756
969763
570738
454050
336763
669581
52146
491169
268768
680237
939482
412559
173417
223004
433771
602650
163773
443037
99277
826435
866956
767779
289564
755388
529177
923575
820009
604748
284457
269956
810876
136611
8648
427568
891431
85319
579534
779640
147817
743990
693457
803027
411457
729388
2936
268930
966609
269951
111230
485442
408220
809866
662916
61989
195606
363260
221468
440742
111085
6589
184516
159848
264739
486007
781940
973436
64003
708463
649736
138449
359350
773099
301831
919093
457882
720889
384607
143982
585657
740904
537157
14005
685523
683840
73412
722660
297570
194292
315832
955564
408425
699508
428923
508554
652500
985368
867100
394459
528736
212151
952965
409939
306894
929340
72926
628400
862344
552806
571604
554502
771890
859110
665632
3869
54364
776725
519175
327581
188028
7905
333629
467183
593318
407445
825063
616502
773046
273849
158521
380129
934930
319710
283834
213659
575094
228236
532564
476744
945027
407091
461457
538898
708361
306402
296892
462815
275202
916368
402067
801608
610445
808951
405675
672724
351866
71845
734312
461217
152922
725824
181866
276189
486879
348739
530657
338968
210084
937765
91568
26144
570998
183463
597250
584777
263590
421375
506693
837717
489597
285081
867300
637691
850760
410895
229505
40658
648603
474667
924699
535551
423772
937404
814574
576592
648882
82136
134144
340111
463398
375735
835913
669905
435955
423157
21634
557266
179726
952563
251764
562798
703027
77984
350588
375416
805499
799020
880153
660249
246341
551839
529386
62126
449845
824720
160724
872445
193322
494891
367739
416538
646216
232324
438559
689490
790527
53200
869728
924151
508143
131175
160473
260816
629635
97293
163267
934224
360446
325997
274715
633245
296262
192876
257061
661522
354718
706049
540437
808194
467520
608682
754256
236813
173275
628924
103376
12298
50878
833029
14768
804578
883300
398777
143848
541867
356876
479453
950294
507227
939587
266577
675096
840524
919049
399375
299068
892394
57972
593447
559300
926244
91509
611118
394857
919847
808509
395901
781883
867136
240430
177663
216260
225585
742246
748505
353386
828184
336321
152219
335749
674916
809614
877564
418592
65307
565931
611085
869193
953960
359022
591254
169096
412742
931140
284325
893549
510515
137200
972648
439919
131256
370407
669486
41353
626896
801664
926123
972115
285025
480859
161115
627005
123700
814923
44808
175195
360404
837990
616075
702444
238862
433009
318559
528355
978734
671980
875080
199660
140993
785853
121477
645969
526299
331138
872958
251982
57324
500744
811958
543938
423518
682299
80718
907751
936587
766518
1156
5345
137749
486760
165083
387213
596510
686605
197998
767373
899954
413045
989999
135727
77538
56393
288800
434088
668161
529101
796191
685281
800848
214213
566614
479902
573131
667573
341053
363991
727263
143960
183779
187570
881901
138513
659425
577029
109231
169751
303932
364817
450392
680976
655765
928403
16988
893702
297069
811769
944524
547133
928910
276738
528846
449466
928347
11310
383664
725726
91769
515694
624211
355873
944238
704919
447098
355739
129032
594726
322911
189325
592403
713710
774703
820378
861375
987818
266555
962687
523524
949535
731431
498385
243467
791168
883305
746590
371258
595616
661337
740023
623712
554929
171166
259549
190173
46652
832892
918432
693416
738435
144746
237077
260721
383671
811149
26691
627828
471196
860686
478531
769239
34596
878479
407958
71198
491884
152477
528566
580977
184661
628601
557520
9292
77750
732355
830371
480565
234391
33062
660733
638787
137029
792209
858476
733329
157724
965728
750178
90451
603237
416938
487869
105943
442214
655979
823813
291319
827879
473023
714230
396270
612234
615931
425342
195204
548236
301251
206580
603253
136996
754392
421766
161077
376075
283746
397870
700802
368977
67412
705346
127493
849963
828852
196176
570034
718482
897126
443625
237479
527048
313635
422866
630961
494293
574650
893653
160214
268293
598195
545506
560907
690996
651614
492202
590908
785857
12669
908354
788650
411859
749919
833232
728444
358729
195351
80788
880382
262275
898246
153122
613262
226987
332049
348363
443776
550392
555897
493985
359519
867459
178733
726853
652742
185516
516886
546165
932662
900401
709
9812
795769
918399
755628
949246
535570
240255
173167
426678
619277
482530
426847
279554
929118
221450
107506
469282
789029
509299
297784
619429
972805
35751
622881
606113
885952
133193
469955
949093
59386
435617
353837
474785
383268
654128
659142
805885
736551
951350
275582
423805
719744
154076
300323
139869
721865
378148
245303
684592
905263
786009
214708
38992
610470
907406
851188
908630
716825
497384
513591
231909
312559
875939
571
95616
562956
609067
662636
776526
29819
584806
49731
766958
357029
391517
131824
986239
750978
795684
574732
62250
733905
990039
790064
350404
170454
180799
794825
835843
248051
629973
141948
660894
668493
136216
87764
111259
248861
255199
918202
296396
593134
494904
961572
231186
725081
942312
382641
209500
336280
408788
231735
622372
317968
546790
112266
914464
907384
85844
281669
443668
827412
469060
128227
422153
883540
528343
935426
213849
839947
1524
497040
209254
443925
794761
676919
500863
297755
587644
770504
444063
676351
83996
587248
238593
472606
212106
500700
854902
764370
639202
758778
621565
775247
487024
268434
301733
874069
621106
242932
53285
948134
371869
736072
669556
522333
7922
609849
715075
834283
357152
478242
920205
772352
862822
682734
13235
396105
974818
396913
274235
828467
610735
317703
767475
178833
167303
145823
831661
987100
955824
578065
258250
662615
699635
20785
218084
360421
369854
598155
288262
143043
79184
567435
204142
814248
409750
769912
260839
375679
298085
670443
523438
909789
590315
432095
184141
781852
123633
24116
867212
540244
368168
361972
247597
371839
691073
470703
853725
314813
833753
23537
912260
28694
719657
38050
982957
940252
834832
17378
319788
88308
899330
757466
462577
705967
898144
256877
878191
382302
524495
571644
625510
583457
160431
412281
77213
935086
507312
738069
12499
351227
267639
325156
475295
217864
938929
381278
10049
76311
197553
178266
99931
680504
600803
625046
544038
52131
886612
866410
109676
471080
840259
481646
381919
963533
256333
554624
566023
599469
820544
812676
332732
847995
712286
67569
816045
285541
536842
38309
317715
360030
876318
812876
527532
441897
140898
913553
539931
396197
78640
313736
494522
540774
206765
12440
472687
312456
612477
935565
16642
887150
351428
16838
715453
395641
216638
448729
905710
937021
607061
943311
558526
687565
297878
448038
835715
46308
159036
721736
92062
907075
774069
496109
805049
629047
953643
339140
561860
671684
936473
593263
313712
968883
208005
144723
435882
921366
374410
376904
944494
650338
114980
382907
504372
401756
532267
167657
199487
593686
151044
206572
68540
896654
501469
133700
369987
925798
444197
578813
571987
482546
246450
659386
308635
323136
738100
653954
450539
672366
800558
291925
391660
498381
239000
299651
531410
938049
712711
958544
941342
761460
632467
745103
108729
56758
296854
198135
697121
461525
5136
226687
273014
257911
672600
471331
944341
602905
243511
287611
93106
546609
435367
681707
420782
203516
312126
390105
473022
934937
348786
870790
888666
748182
468848
784754
151231
162881
42762
48079
971884
930393
387609
649174
212515
49267
967028
753762
912116
111010
681153
521215
825038
625997
577757
684700
236967
21801
114723
245959
549920
679976
854263
899531
436350
139427
623573
223937
157261
943427
95905
220708
628196
86398
592220
720782
220051
356802
676152
124587
722983
901772
472713
65041
661082
865706
57119
210212
877324
494065
374123
358896
229262
870662
454016
282982
696154
868311
851471
693814
221249
985132
121263
714475
89303
530745
753447
629114
962342
935022
786578
746835
792233
503758
244691
2960
277369
216719
796502
107494
493712
206891
650986
195287
581236
541972
534035
650524
534768
718909
911580
101420
237144
425622
304744
701009
926638
147296
435662
739870
6305
255378
860210
796649
377192
127053
123709
867526
230442
791915
70298
627844
540403
189907
956210
622340
554006
837882
369891
289026
436877
297306
808485
662363
111536
117087
314098
627347
863797
162779
117159
703845
926237
881786
575000
672009
283714
832195
954065
819947
957245
13249
831756
456786
166689
808875
24616
706515
365199
962400
756371
829114
32037
671436
105729
471280
538107
744806
180353
168
775234
934268
753228
274538
80428
148760
847627
45182
19552
477416
582876
270686
274579
937292
900947
665695
588667
978895
726143
709726
593359
819739
57039
802031
564274
744782
107961
559654
81477
798517
199228
901362
820446
826258
338240
936841
354002
382765
384391
842676
89730
301628
954539
30226
346015
519163
193227
426081
283792
879156
729003
843069
200567
930853
346133
266467
733003
751262
843078
710384
190393
215108
145157
248510
945281
6605
508259
800160
913895
684543
518412
681842
746701
416962
267618
797667
29933
94362
936661
632515
622438
679924
56823
705878
98722
277129
532562
216377
136705
21406
245317
861664
763460
245457
236447
971597
650755
231827
232105
100029
742189
425281
393637
378467
703250
234784
820071
335153
67488
80043
453021
653266
210382
633898
777701
733349
281879
940217
457199
111524
216772
844316
762756
624682
232165
403571
404290
4638
960314
97349
689952
665706
743090
865772
677172
155166
209611
697099
645971
85947
858947
773343
817551
576153
554854
989763
760166
588565
1737
483737
144081
121822
543565
923034
582798
412814
156136
575716
190734
811011
437505
946184
413
468125
951076
571137
61724
869631
858346
902039
792187
577874
57877
67857
235241
824294
181771
398020
572073
101808
459863
374003
135231
104967
396968
275795
788123
340906
883717
680062
24105
864505
82113
489958
542323
751209
613251
875897
838366
177649
116184
163614
744736
721889
419958
22037
505369
636334
18848
249124
963544
434548
722185
666085
258
102304
112276
750844
58284
404954
590061
571855
631619
421608
756057
903422
812611
45173
291128
947178
654376
135974
827702
672871
346279
327784
706936
811909
326584
493100
738859
26971
321798
820170
929585
461903
366385
62469
450306
801886
554447
192682
754452
146664
960128
934654
30703
297091
876533
45441
58834
773750
680617
129542
148448
343201
193294
360632
306349
961802
661415
941910
873253
668763
425548
362405
446288
243520
464977
791009
768175
569019
305520
52738
564509
296351
62059
962306
893821
301272
358126
638876
548979
647432
453275
813666
1074
295176
553498
107086
307903
386080
368308
464027
477797
971851
184924
600631
991534
513522
796670
428483
774436
101231
476549
980926
575981
300049
647878
160100
961313
580491
306680
897362
559728
237486
592513
904506
747979
869228
741390
139173
629079
175172
964125
684688
615592
445625
467971
103915
372696
738040
258654
482539
131069
19628
255909
435108
600415
565045
635884
488136
873870
190526
358825
878825
310644
234384
67832
731931
145569
344985
380786
397976
479786
462859
743648
865598
374092
792054
114332
325724
465615
186746
789985
373956
651708
448274
976064
764108
119561
120942
232917
76892
549206
489140
899646
662219
135004
133106
147783
708543
865871
775379
227231
829338
105577
953772
405771
43109
642311
761165
968140
399343
62408
866028
132384
220406
330975
637379
739142
219809
628858
225679
234542
285540
370919
410185
944907
881638
297815
193967
456461
955093
703851
864114
556276
289083
934136
511570
216095
651985
151415
633173
282828
955714
160285
963760
647630
463584
86955
534448
579716
569413
794298
352056
719836
497263
470823
449654
518957
691029
749876
700543
27192
908970
367783
912173
688654
359183
470944
305164
17338
240686
518705
823207
486222
226105
72085
555472
189282
388199
143150
888122
474001
131449
174682
550531
656128
963157
23059
417543
487343
975670
327395
741211
828292
898112
395314
39925
687553
291281
76829
892359
672414
126642
289706
13117
564120
10538
358703
748815
449439
30537
368388
888877
65034
919901
688964
169845
841870
981155
56129
182970
340601
958102
208448
288981
437432
151540
55128
66942
498045
943873
18983
576534
483279
111872
312607
832024
279519
232144
610075
93212
382726
957061
723064
276397
822496
829698
917585
566991
724932
161446
729079
186502
858072
690950
168497
766686
942976
782436
587927
235949
440354
867233
90537
703154
218332
186550
514449
917771
164932
426087
187470
916217
689931
664043
184601
679962
839643
425734
130693
43976
249136
622947
720176
150877
316507
603449
308678
225749
616380
52750
3508
933865
751636
382040
422664
298467
681869
275654
332734
746803
130592
911653
48290
649024
426199
145359
649622
395887
573072
91849
605240
655873
583686
519276
965157
563005
746526
735333
175310
73306
612099
874415
244717
571398
872138
663532
744630
13869
64384
59764
860426
456540
606039
435243
291638
728170
749126
466819
230317
894569
525653
307424
643067
117986
319437
645895
553768
17578
926721
963504
68203
319821
353224
879470
637196
676239
511688
35719
567703
133244
610655
16584
310008
775987
84012
243333
61312
566537
757225
912864
11097
228209
543262
696744
569771
911494
598927
617440
392804
230405
276445
52273
79292
133789
526114
826438
395345
692172
158660
905867
246131
215477
349837
372855
800820
831213
748117
800832
458801
884168
318243
826575
530740
449577
224128
887305
119119
7538
770807
210476
215201
703073
309642
120943
271423
965652
620902
964625
514924
822863
850852
134787
639349
956289
120923
818761
835147
531098
252204
767327
216014
668109
922197
890246
713308
880958
425444
210368
382933
236480
764481
743027
364238
612722
800517
675098
262460
679198
499785
830211
30701
912628
843939
743148
779664
801363
833911
718600
342012
259612
645580
299760
710124
981963
62220
798192
214418
178864
166780
68711
275650
765689
645968
375676
871075
693438
675518
675045
472689
87991
399949
169946
356250
381833
213292
74791
788979
683142
272646
509728
719156
165572
191941
23474
793218
482569
503713
877833
825393
985354
105242
748001
991959
744902
917434
881259
936863
469639
292529
883331
308312
55059
427595
136655
864402
977963
903265
495047
714262
676452
454293
497738
581487
991173
338392
473047
77942
926493
660533
328103
26491
876633
254982
803198
66775
134480
176727
872210
787068
818199
433872
134097
764307
401192
124626
612430
834626
580447
227844
70470
434703
653918
788338
252128
644072
841608
543270
627496
724954
186908
351020
950413
574280
857335
51359
745351
620298
471432
376562
185483
329888
206582
152222
7401
565745
692253
181398
710020
8817
163645
743579
433671
672162
367314
373190
592512
319125
55696
851519
546260
945820
866836
85352
103301
545666
593995
306386
126072
708300
623736
324971
979652
72039
585623
251769
242696
86753
450033
239090
424745
246542
763945
38250
752377
319362
655077
351568
393796
896776
720851
97691
838455
707990
134385
651296
12185
347541
70881
789916
873726
417605
901602
167947
516577
529524
804981
916278
24488
593828
536407
761852
531670
529411
700507
802198
539432
365172
133373
872363
207193
861876
474717
621054
743958
822339
707945
508868
419073
881774
26204
200888
397200
242587
690916
124436
49445
629103
419634
311661
586216
670292
208613
322329
607363
582847
591672
153784
111070
622679
911273
29130
53255
650740
461039
611874
575114
714054
867129
921685
916727
768114
969363
692691
825814
696900
861031
967043
737716
272507
873075
127101
663188
362277
566542
532693
473581
809777
411763
350640
449499
325913
971476
752188
45187
284193
967432
46936
89221
675981
810631
856859
312957
778035
382778
693566
738977
744028
812693
453786
803846
40337
10113
815406
354316
457773
576721
445134
521092
873792
968676
582594
291440
780831
707274
203482
115402
549236
74058
631979
862691
500930
142614
530637
842499
713377
382620
725034
978677
240738
82568
427141
289237
949678
518698
740909
813489
646267
516720
521895
983053
804030
390381
591771
150721
186115
502662
892258
133762
459120
483963
36767
206872
463477
532124
172871
88778
151045
77600
630269
808490
682501
34895
714873
537772
309940
439370
162536
939362
886459
230964
369542
428423
281032
106162
576775
986384
870384
229537
538250
216145
543118
108686
464862
894960
746677
680917
908142
641094
293896
363235
556712
752616
600635
212753
601904
974265
719603
921555
761048
562996
384859
738010
721533
286757
929812
892197
774817
565751
233975
316289
628632
779416
81807
714512
387602
196707
654838
789654
267561
12910
551685
177195
614816
416984
282955
302129
88661
212426
910975
565831
204267
284642
594622
316391
451417
521531
131735
881321
571409
26944
410313
189877
197148
280894
581033
241054
656952
549095
607364
332532
272388
494444
37454
912302
590361
322577
142450
463174
223327
463175
399317
384883
152482
715612
8781
474605
838770
389666
513040
721696
307464
946227
452825
355206
947392
436613
571156
764525
638411
161401
495163
408957
256061
323269
176772
303839
830534
83694
969774
320839
736197
183227
738699
870043
375666
859887
495902
743639
741502
599807
163369
514162
70386
6923
42750
521531
655527
88817
215893
78396
266600
641389
597035
759054
394669
247400
766413
679753
720734
734705
493590
181202
712949
456726
230984
187007
889327
210943
551890
965424
690430
684629
793815
27838
567236
204673
452575
755281
688040
456815
720555
839102
514906
240446
763069
970448
30816
859338
635615
731438
280762
829104
97912
395452
199755
821681
546350
561636
480437
699236
372135
496770
593549
720267
503949
580796
41881
373954
943101
306546
778718
375265
724991
102943
836943
261448
133085
859340
636135
426454
923066
656444
375258
725723
489301
721951
911131
182056
977700
899221
1978
758479
467137
392377
628220
726869
19978
155837
68634
265737
689776
388224
494116
945016
78131
71127
951106
940463
509999
786234
752142
210164
1490
547430
723654
518789
314624
835774
776863
936913
446352
7532
626534
676056
341813
932096
45186
77647
555186
556181
551386
26124
330359
799020
82442
102549
31557
613818
237617
638681
650222
523433
221603
325031
836153
778527
123145
603258
648414
203345
776845
160902
774825
217628
328384
134498
693591
65850
773540
175385
884087
138695
440667
589765
327889
224127
503761
480378
611740
416490
110089
948726
755766
85073
245025
43687
208458
962706
604046
493836
544229
234005
114435
309082
292213
615349
744491
677456
592600
342316
601420
680131
559462
296341
11725
655766
901784
105432
57850
253756
518165
234694
374540
291507
2768
110992
277866
881405
547287
232978
911405
179734
576696
562971
688925
314673
674809
813221
88095
867894
568509
802938
603712
312545
262285
225949
11022
385622
308681
396712
166069
67944
544721
411632
114005
453245
21183
297663
181656
746121
406900
566340
302547
582223
742143
298408
399437
609907
702385
990256
673474
819484
183027
71337
408067
768438
468316
327308
285202
932057
120218
358761
693233
756401
945428
588093
89487
807688
890934
229315
973476
565612
587790
437580
485250
550610
66479
362250
370760
46277
455150
55417
882280
273028
964132
233424
16937
281459
488992
705560
800920
911792
816196
193813
530480
49103
518034
991024
693914
569409
592426
181139
175023
33776
920102
127893
619511
260768
184234
621285
610801
669820
672737
676192
602152
3908
823603
227236
453619
104826
340522
85822
459172
748345
989093
575193
163906
973738
335460
882627
707768
966640
98524
432177
754552
907395
912927
236143
689436
34676
546371
555055
371447
439440
105467
448221
90583
498292
326007
629039
920741
149136
752967
767163
829891
610919
729015
47307
576057
78594
111889
911489
165060
903141
625975
438604
137304
757073
468229
115232
461170
538398
107869
775839
567935
317097
584265
896262
205361
714617
27108
506595
535865
770675
747852
620581
728570
443115
520717
81440
168207
66029
827949
363939
406345
59505
502079
827059
103155
884451
728140
739498
152606
148935
166282
139627
396642
311064
614658
626345
320401
176949
811675
79416
13731
702156
823532
279237
756007
17016
239008
573078
524438
790937
469749
527561
590105
102246
382060
345364
730999
134380
866003
787742
695673
971263
377415
249132
991023
428393
134275
6290
235231
205803
746110
578777
579825
813769
202899
357957
409967
754758
136091
420584
640589
304740
202233
649611
410832
644986
12239
660082
865162
184618
382306
325944
406226
554459
131027
314928
246022
966419
489731
282029
67580
857747
237651
62476
571514
631412
843458
652319
81008
501981
368485
301959
74540
357215
74628
327984
761483
624435
546221
723128
943477
834629
52447
602030
855079
370782
870579
272446
591981
128855
380047
809631
124527
230568
756966
43000
493783
264607
247899
948439
960707
823066
498657
680151
461688
717926
511598
91778
6875
593056
592557
943039
864915
237411
989261
452860
704741
724067
220479
530463
172885
966204
450718
428016
561623
645516
283857
908635
36743
664885
636545
136008
731842
40154
163447
360481
199596
436951
623982
631936
939598
245463
489225
551481
670798
908962
749839
805988
219735
695609
872820
892151
880988
234321
617568
456117
655628
150594
128381
928237
186468
758776
86453
520640
525096
903930
838948
31198
619030
216754
429039
288181
946130
907237
203549
327278
690813
513773
65694
448706
253720
839358
888093
6956
845339
808591
441282
844220
982661
701030
865213
445610
321617
548993
734279
977540
217925
271275
686744
508142
542351
452692
131251
443046
418505
900794
313138
553578
431545
196011
31925
654363
656869
70515
224279
943326
610670
312475
542645
306901
883577
502042
73322
456374
724
233542
984395
600616
313794
427980
131559
68402
2863
915971
367909
980026
267696
12226
801284
512913
963955
616096
113194
201424
749465
707857
991949
622010
687606
117307
780277
557229
800197
154303
461149
838700
40447
191461
616443
725607
356288
339338
962612
536038
384649
384696
585606
82078
303478
198575
637675
623764
783615
122390
787421
891677
501210
259121
345224
841912
736512
551784
238044
666447
597693
720313
642035
700322
469989
811554
397543
371634
670852
541026
221443
288050
882971
809809
457082
25996
875
239129
843088
710784
421194
396215
904462
954130
213713
166608
733944
288021
803024
30478
818081
929522
572876
869079
266754
241999
456437
44273
347234
313028
426325
358300
565592
902866
892614
363958
820622
257197
316336
970170
654160
289817
743431
989235
677610
944189
977644
782286
986344
218168
624615
935957
581402
594661
300876
81728
258620
741301
367992
760523
495463
623672
951676
753347
547142
371843
145654
676790
908795
467094
453501
400290
913770
238546
188620
366586
754639
79211
845515
523592
458432
358279
773577
933130
749021
118269
99366
882615
89994
334453
307573
603723
590341
253846
758349
724254
749094
442425
618186
133195
989423
583135
929901
232007
9580
754399
43538
234024
267633
450858
253782
544314
444070
564307
816368
801994
370700
264411
148889
530285
799425
364085
578018
226954
877272
592409
696275
481322
66628
555217
702962
777238
534138
657798
70938
799782
751292
529475
276863
365258
779097
745574
977069
357546
905493
31875
557739
451734
838003
131483
808584
361144
349927
629209
96378
805837
325963
518283
573050
331103
295551
277770
158498
436473
459195
134411
203865
27903
452314
604231
583388
306690
79476
539984
253845
989384
452809
155683
76636
767241
744004
606474
364843
68893
457054
568600
732257
124891
565938
439474
956528
719091
667637
966175
863303
15323
299791
975686
897998
721256
57895
856877
483388
54032
158373
331494
560010
460421
400152
469780
73387
401738
406286
683301
671831
370336
544076
641624
962408
717711
699230
164603
166536
679204
577882
953307
140533
586322
661233
372365
134773
298503
649220
398184
912048
726979
202188
914013
550338
490154
354982
633641
825475
68749
96972
988742
717516
711950
74182
900308
48614
676460
959974
439079
681585
485305
337376
963979
920802
266061
725270
229783
884584
648897
881960
135334
120986
674946
332363
745786
220772
821944
64745
500692
775953
955749
508744
644954
319656
950430
636149
328215
699774
458862
659398
354823
412880
443808
691175
101052
878064
662245
775065
658720
607425
859089
95873
462333
714275
603474
199855
399187
270369
377161
121391
155537
927065
708986
751917
221871
564388
844818
724015
157841
707248
82091
482345
17025
419704
364133
458493
842937
39228
517896
685408
922718
198670
64805
793873
218234
43762
10184
955018
326892
81237
61588
868265
981379
77231
199450
504216
329677
273034
875400
388048
943601
591825
664868
267310
221485
555544
125556
297431
488633
537732
640597
936480
543517
361104
386960
372045
418018
980671
691200
214300
740045
526937
29420
201159
176970
151976
324262
491078
52147
675977
947402
944196
7365
259257
304005
393996
160457
563146
734680
863740
947854
600045
326783
491953
935429
121847
608463
912675
841500
292058
382322
148184
709171
481549
807810
136156
673334
879569
657303
67494
817060
746039
99224
912441
184383
706916
774535
919822
207982
734854
6793
885162
982142
412567
615569
386646
648218
904509
495542
39935
99874
192525
363955
922735
200611
31966
926268
392417
579351
239713
864960
366210
658558
5082
120411
988127
781524
495565
876517
210095
378061
511703
607565
460715
262637
153936
810001
799936
443805
163528
56484
429770
266134
22458
602030
548053
669390
757609
484395
756258
69982
839010
147905
45027
567647
15623
499030
471344
941491
457664
37220
879229
968016
363967
400509
514714
350142
506438
676882
194672
697819
462724
294712
71926
503773
443738
943028
84080
427982
183829
967060
905133
426385
232525
425561
891898
308047
424631
858647
717850
735175
706261
184562
957412
700681
447288
584499
278689
468980
556244
822645
722200
160330
480699
768776
730142
173701
313690
168623
76902
16171
360572
910433
502524
873678
824085
720322
699806
190740
884518
331741
600866
266518
461081
584941
551244
873664
19897
373512
842101
74256
961049
378155
666748
238413
610840
852006
130408
798448
140543
892228
936090
145892
746306
237902
165305
657518
266015
56807
916020
796985
481757
452771
955957
604994
500740
271275
562726
213170
974812
213153
702131
273439
9713
668803
310830
29619
795123
501225
682066
29326
27272
157802
957653
842352
490443
522724
489847
31391
527515
179687
309908
396228
149167
646225
368491
828330
863774
316014
55669
711849
192328
421726
238040
87492
741292
758545
180387
860045
652014
185163
63461
66593
637709
148627
284773
896988
423553
630834
428346
734094
448151
934274
695290
141966
472174
562363
769275
614603
457474
712186
977053
787882
5302
896869
788100
816704
622644
177799
283121
952507
777744
423901
739728
789274
105172
477277
709065
574877
810335
294128
816271
768642
326806
603088
828315
807560
338662
583305
394992
281946
486894
132831
120216
957062
494885
273766
556882
455116
284645
10393
714256
225346
63357
518979
725775
817993
747616
433206
299031
921063
765052
951623
302003
693416
163638
815485
722544
738987
358498
763783
896772
743402
566117
365628
159941
737227
292398
941386
336765
894228
39991
348071
541365
380250
475400
98376
529994
647649
76120
437552
720294
724951
824007
311888
232769
967934
323949
641368
570552
260369
576318
444709
608021
201880
97471
246587
169629
422822
393758
964965
511015
674863
935436
860763
595832
876897
843945
124336
149810
500700
699947
27158
206788
202383
249854
125542
677803
287492
260890
664650
830289
644665
896274
917550
103092
717952
194448
190196
717444
574926
200959
577775
607977
821214
808330
180732
28887
332560
203007
676843
249259
599826
302540
142311
827626
212570
460133
978040
212673
502518
72001
336838
174381
35751
189159
185006
666913
854936
325636
710426
87923
552871
291402
61022
929978
605210
223484
255368
868519
119648
64833
744009
698100
91411
244113
669064
644434
816189
305154
162027
92392
181400
889902
112880
203886
115002
897867
872263
7992
64806
184647
56406
280390
258250
661239
144942
950574
767220
51942
95709
948076
357046
828320
529981
87639
22530
650749
146049
274813
356771
423047
67270
754299
694221
946486
868825
495187
936840
858024
14956
845457
105372
710277
687716
101883
461571
279442
727432
158077
434690
297765
124404
986141
815862
176665
214750
766328
470469
180919
136804
127589
822809
245284
24190
801164
424019
920217
806295
64041
373858
110668
833557
108022
782493
584764
163348
974103
203540
865967
16875
150619
238633
384049
61738
667348
349938
448549
83046
302800
567329
590743
128003
194091
197641
759740
334120
420878
425773
925793
693154
704586
34006
147950
869110
40101
350765
352894
698506
409595
286589
575832
95053
634556
96564
392696
906900
109016
667111
343516
422232
782671
271594
609953
515186
411546
254347
783219
719772
38314
451043
629113
567593
321527
27815
51711
525665
463000
490132
532758
549788
83971
10053
892551
139615
427963
3377
929995
312608
95025
895633
472064
315702
565214
893571
225795
356043
187454
109991
54253
722497
621708
985918
877018
952692
826054
609592
58000
90826
89442
220907
591153
160199
407472
960909
527751
506417
508859
395489
853610
87696
782375
833929
59365
955194
618651
323321
755674
165061
620533
851761
432704
88269
719425
530399
611042
394677
463965
187541
356186
638729
512796
688764
274557
566026
335385
972933
860974
195553
63207
753795
195913
511887
172697
513902
874280
101662
200901
774488
962344
432343
103319
477647
422514
64716
796097
95177
953875
877818
279983
787531
489607
446607
844599
67799
109635
2643
737269
732415
460042
279386
380816
257463
622494
701977
220894
685801
529115
958555
9263
254887
473178
404473
876715
603774
605059
438720
622092
905942
390935
893399
582099
203483
333019
1831
547082
461600
580132
372538
672634
30498
725280
93219
845025
807238
239446
709302
715404
134085
525548
898910
36498
634225
780221
970532
942982
760234
717377
771307
206650
721604
925535
379524
307522
583442
65675
185893
599815
903937
195193
594305
722815
327899
277598
338211
203610
940663
669924
139444
936738
62473
510791
869924
384959
594230
229488
991048
770141
679649
938105
977002
615035
509651
214004
30553
940591
744102
96328
531456
963217
55999
696546
109664
816277
20632
932470
302052
740420
229480
174392
966545
581004
899440
535841
538124
707368
592450
916003
400530
712613
665073
971879
179749
409184
56808
32473
29108
425543
743724
507271
208966
582926
617207
876831
330408
961524
224461
594959
720455
860804
21375
544755
169822
336444
141804
688295
680938
842933
17232
693759
511870
103037
252223
70732
856451
496442
34731
582097
214595
908665
834850
820745
490414
666754
235140
268387
31111
50527
490509
745591
228760
209063
105132
104442
40679
567603
317090
382021
873198
333024
148001
394754
644879
608579
419231
542468
721629
627794
101840
720078
95021
924186
100811
3809
472408
839
927779
177017
115164
770455
843580
694995
980671
877827
630907
700944
543803
910467
523782
449268
266905
91317
11211
670395
876601
59849
918301
412579
921099
171708
32287
277982
627872
15452
644687
837435
924331
401850
404674
198114
387412
46818
593043
399812
178475
614458
172111
845068
783710
275517
7392
928649
615685
309974
772510
930794
807665
470162
385365
141379
692356
544347
344552
334275
13974
962260
674929
395916
341059
345102
488652
978224
303375
470627
377243
846483
97277
693817
474116
469134
15334
528644
514559
642245
426240
517303
668791
447734
366796
810612
207955
363272
924699
987182
482332
526296
36460
646799
428606
142949
802952
800407
265762
839729
662382
846400
680711
135524
677673
596701
640615
727584
16267
29332
792128
424675
35329
315152
871485
495352
988910
825581
516115
548418
58781
509789
233666
933136
438598
699807
963986
808386
781472
853040
664346
348168
878560
210968
854811
441361
511835
291970
457722
508752
459705
870489
880437
935942
468695
121202
336775
305434
108129
57773
370732
294050
354557
96706
928583
532742
875547
572271
396203
81206
536520
475951
911316
67577
919267
952408
937901
836682
26708
849537
878704
113517
665133
490116
135882
772562
268642
572241
246594
433966
10740
242687
771228
681614
815835
851097
925637
846749
730827
573001
667497
162307
700013
951728
898405
749245
665618
663493
151568
605876
935472
604010
445147
896543
105381
180217
908189
643961
389674
300448
715429
298392
207006
672526
585030
939819
484706
858663
192100
58187
165956
791515
549632
466338
822566
310839
480774
249811
852859
480524
529315
81642
337720
141867
424375
726596
784927
48667
827138
655087
658541
932941
761036
578897
820398
387034
438345
582469
656065
288062
159083
932704
588651
51278
339110
298233
400068
306652
905406
973501
41190
479733
848632
732507
844700
783305
653297
758132
444474
952031
742076
908791
549750
287999
200979
375860
655906
279030
114030
868033
787058
647368
415218
263678
883092
64732
974432
254443
9254
382678
597667
15447
303438
570876
401699
275110
734938
731158
926355
466116
222059
60830
499127
501016
94886
456391
568902
161585
614842
537795
287294
297564
855502
485494
120252
195373
667994
459455
378844
372143
433166
252029
336824
876758
411451
761753
455607
682752
780786
250442
56664
515022
922706
709553
478823
662524
641893
529361
176598
527042
25514
231517
456183
423545
258587
84709
509916
139317
279857
371421
158453
870729
636118
285858
882892
361996
915178
867038
931712
60579
291740
857236
211176
638400
494256
776707
100228
44377
745869
416631
167488
657878
196130
529574
670104
247975
481248
73659
75444
159639
466707
260311
893899
284229
221231
773553
499127
664767
861319
618055
372998
226727
204517
220206
580092
887181
721111
423635
289337
464973
536939
736013
865351
876247
964260
491789
278365
967573
373702
77221
830154
769233
182896
813045
334659
711426
691410
361273
736312
175811
744964
694943
943723
514042
644827
283100
107989
122098
376672
447787
119672
867938
515534
73342
67372
983642
86687
246943
862620
149946
919464
980146
475483
394600
242590
708801
991432
684354
356890
70495
239262
585037
34344
431107
792490
651196
911260
136046
736872
228167
722715
461862
16401
274162
337646
103116
655256
516285
292126
19125
476247
471636
917639
265008
879283
84425
480085
576937
654270
976123
79367
948588
792307
175258
181250
703269
852379
745028
747168
935200
87822
250428
93934
876269
564494
348070
287556
593578
568708
497668
3506
188427
707190
41906
831193
84734
51396
42832
151024
825462
166181
261611
603786
242456
730791
170343
560323
120516
8190
575515
576418
9450
281155
497910
574957
877361
97503
632115
545270
745215
522507
238683
608803
295243
938382
560903
16230
776629
277392
507065
274623
965147
257307
916860
429953
830134
660591
17440
583452
653241
943552
179659
287078
562048
726931
62080
524781
776207
292406
26002
512593
837609
502153
939663
486133
954311
685642
748402
621211
259469
225512
930946
348401
668129
207011
47475
196978
13558
125462
400298
736409
401342
787412
443855
317756
470965
893155
412471
756333
704965
514841
207305
323042
837533
956254
67669
797766
141745
13064
811710
713958
144204
391164
924474
380436
834659
733026
389818
586767
547753
709272
34005
111726
153527
949664
814826
755171
977410
123677
200930
786601
444304
698204
16567
301544
371136
883895
493832
677589
343243
980150
40270
687086
479274
873516
154045
71278
374994
149844
287778
339339
716894
564946
426605
15855
119491
238311
271458
355290
471572
628996
536422
875132
764798
978676
517456
217086
217401
194891
112831
82579
826508
509944
228016
373169
695095
98618
442291
816688
455915
900114
27787
952298
780668
39200
532865
114388
675804
320151
404742
979195
18700
712987
794311
847375
161498
223569
798853
62050
821594
24778
622885
58333
595046
682329
686514
686314
50659
557301
850425
525737
105625
263030
105515
450650
529402
198129
616027
4528
144827
156283
895597
348685
82651
991563
764770
816625
441532
430167
409647
936535
706649
407308
832879
544532
579950
494307
111618
809897
547726
197734
165704
245180
657770
185599
610852
367318
212770
555889
856524
129371
746900
310748
254063
704480
67109
556787
765868
540277
783161
408604
776364
383714
470703
789792
216922
595050
70329
656805
440545
559363
949469
437710
385794
979682
195322
359550
875783
639082
372930
15598
163666
87760
202584
203805
930342
793310
620622
410561
379049
811994
558567
228015
670486
628918
491638
775797
153169
747663
990832
53800
28936
343632
138523
88707
235519
485177
447064
491160
469828
849761
187879
222458
630476
269647
817089
972657
991850
162861
600722
959928
556269
67697
497633
143099
642053
80874
163999
787654
991478
38595
976130
415227
228130
61051
95292
292686
9676
888320
723295
890103
556582
785496
653942
695008
63119
958026
91223
961058
929227
349034
937430
375895
363255
475992
751805
424590
801382
226629
944266
419609
588562
308075
613503
119606
877785
65086
960311
571606
832141
572124
643557
504079
268955
641501
18852
921398
218516
362082
70057
245577
497584
756303
234224
440250
59490
803766
283026
584677
540031
407287
692986
400235
493381
424970
5331
456585
410365
386826
227707
125761
294960
865154
63927
853854
170545
453205
518429
159282
137214
467913
132463
422509
503456
6666
266788
100704
638166
317323
844994
470741
719136
81663
175957
334609
322190
254054
921375
89361
930748
155953
465150
45187
451627
476479
592138
931460
820672
601986
280936
803054
290667
170520
444324
630593
927849
567425
935483
570859
425357
266042
933132
14700
314488
531589
860717
526959
721186
68940
262512
170886
794740
308249
158277
184353
428456
133205
307360
745117
132019
983417
372188
925417
785269
449300
557887
97753
158502
259457
945312
565906
663571
674557
558262
49505
744322
630770
794851
129621
463553
647964
764493
733694
127803
897048
575814
609625
479356
591603
965161
406728
247464
96684
230055
774454
78166
144863
285375
126797
502006
760340
849202
278184
412067
681055
210366
26065
676979
452120
827270
28282
323157
483053
236571
642359
341183
665933
462911
316665
388500
804484
955184
373419
138297
278565
248585
82141
698777
801384
758895
622860
494316
289107
386846
548396
550555
125582
957451
814253
286449
532015
575521
737405
368358
691269
713536
791976
350083
677036
249730
434967
140800
155868
540530
436249
300257
145460
712182
621537
530253
773185
938452
907021
79897
204347
399244
276159
862661
581089
911324
867488
380183
357390
448685
424732
330262
438185
118299
320852
923971
391488
502445
650527
265291
93309
175539
731525
606949
733258
34209
819158
435854
939868
182402
403739
341169
305209
301195
70867
833213
236514
801075
378727
639012
160197
841129
516559
467063
143442
92515
232986
249382
252413
787357
626730
98015
734124
847587
484912
364052
384263
143609
23931
573985
790156
322421
327319
187577
745016
72651
19209
6281
853195
497559
831842
831599
723856
590759
251162
594809
8880
352420
351611
823468
21596
856297
330294
743386
95262
353838
372811
171060
60954
638065
728613
841314
781638
128575
370942
671162
931215
578827
112921
496755
262268
231475
939707
130624
198823
881146
830392
452176
256221
968642
18752
688945
386995
940840
524636
942149
1685
97580
453841
332884
763576
114896
741950
294849
565452
295012
456977
927931
661413
278593
885802
845707
139851
133768
318902
849262
637274
553897
438828
987196
61363
15763
832131
986860
487722
141472
270787
533123
272786
192436
137858
694015
537634
837777
93239
759489
188863
844350
338014
115114
605355
717830
199955
641070
21428
869792
167641
780813
774407
777915
797162
286387
493454
781934
378720
298310
531863
569497
205219
830441
558544
144167
979048
597113
644624
336954
507828
679219
158976
820161
741220
691567
155489
218021
79882
636187
254798
708461
904972
851629
902569
47342
788336
654902
300664
637151
90651
159306
410941
781355
62914
715962
366894
247172
38883
318703
19201
711336
117912
552797
593770
485807
602235
922131
923589
480234
961817
883666
350107
709510
97247
357730
406871
838340
776572
484047
262971
729146
970812
810062
100525
330751
374002
63477
33498
319246
704050
433546
595157
771739
649072
156479
211241
507997
949399
704765
817298
185514
612507
298636
1732
278593
640220
609537
921945
329276
217888
65010
418593
718859
968778
332228
415440
368652
323879
684929
199581
77744
370406
80282
889612
596130
647181
916679
156476
787345
860953
455179
667512
96372
528794
611272
621366
196928
703644
407094
690304
308906
871815
891971
155364
143106
262674
751717
615524
644926
53772
682866
167943
426863
152035
430826
827284
847674
590824
920705
380
80270
208650
577288
538231
618581
226024
609754
477396
171931
831478
920554
685050
900762
212263
195063
605269
142189
116875
513719
91563
197819
657665
650393
483277
797333
473773
841078
147508
611653
98098
205657
555750
518822
706948
97497
989812
578629
97263
969415
858206
574129
424344
182332
356369
416734
767917
528833
498339
964081
77406
475788
630316
706257
436823
623207
694182
338412
782816
477147
871822
552505
348832
746993
163150
19383
596120
499785
462369
862743
983402
124514
325969
97293
890065
884718
368577
588702
694721
354516
324394
612514
385017
65345
155627
895108
227097
837967
847358
34055
958004
870677
639158
693365
300740
430771
819154
389072
776798
839380
184015
544272
49335
610122
467049
643703
43050
207885
273230
343324
582994
678853
784231
897798
949547
214458
520712
741398
241286
936024
658797
267822
693915
536931
353341
971270
906480
864044
627665
304849
428683
58109
46411
273640
462558
858175
721919
538778
667431
442126
651728
140151
352245
748790
227957
249258
352340
349164
466329
145701
69272
520618
592375
565418
671584
816017
609432
127983
941786
912786
159514
84532
76017
881643
124555
873696
696128
453968
3535
370596
554247
337562
62443
210030
766647
817426
320688
485602
282611
32040
564763
520923
712144
310183
312925
678376
757016
588664
386929
907221
777822
559284
904947
273939
846058
207884
948564
960196
225400
314431
625162
60078
485558
484482
468226
765429
373699
682100
292677
390786
608417
281189
774333
160988
525787
790475
370228
985787
947767
641801
915628
457861
745304
829689
72232
894921
719500
445942
797258
921075
286663
386854
841837
299160
400180
589992
199933
890571
479933
943174
233747
747132
201432
277516
247604
750343
435767
351222
668913
703148
397309
841664
691377
323927
406916
363714
263465
705858
56821
226873
864570
509928
547680
110132
172457
801147
619517
736364
462783
200572
749178
554784
301383
248490
19793
803605
273393
984766
384635
875432
402477
711278
431613
295847
10956
838147
39653
891379
174935
220281
141542
951259
456910
249160
654038
849470
768898
739834
395035
536288
602629
834312
434320
77677
383504
755926
452473
923903
582129
973160
38472
810584
106419
262807
38104
721420
451258
332911
67803
766086
597401
362349
17923
793305
987510
709444
122187
797297
483994
800493
576840
469747
57151
778152
532712
443212
778785
820205
701867
178781
337875
110023
228330
440399
79790
923220
969351
575116
148751
647528
862718
433776
879320
410461
21018
642416
868210
28869
752457
554794
775349
635483
277043
627119
426673
952917
316025
167681
98810
594386
401896
488664
375869
583590
853485
698625
354973
919272
467279
674656
810324
550367
413839
218607
984753
557698
586133
627437
347647
917455
521207
573296
212135
853701
117112
230417
104005
746330
794715
883388
975218
406175
317016
940693
695857
877350
161593
990236
839465
584961
525921
739466
619125
526109
902682
761874
430346
755037
570394
982774
154087
804817
186630
256015
223124
124226
436799
514066
379480
646903
608648
578535
629164
832812
985358
205542
626149
81454
438888
899728
398826
336056
98815
414352
428067
375420
802439
109611
880836
568570
71935
150833
742249
911358
898422
325399
233423
925434
162671
118911
811961
444127
310142
255422
96259
188399
113627
477052
944829
202696
384724
871334
916016
837157
250455
854883
589563
482040
763076
152063
357845
657364
967678
691677
611348
440252
41335
510093
680274
61430
832349
450722
11070
251781
796209
338519
178499
965136
396746
45471
875330
120778
338883
270947
145968
678360
11141
37177
522875
500395
712328
978557
819546
215081
864719
235911
581125
920535
940378
558359
343815
734986
397670
812393
507345
737757
905835
528904
69434
260476
815557
799409
572788
151509
429676
279458
629173
31750
489765
440068
836190
79995
896115
332597
863605
229344
960807
287683
403783
140557
705687
79653
416187
958655
732947
187380
985653
495063
139785
677206
70190
582012
543020
289075
562999
795578
655828
378861
155551
749384
443745
794039
780472
497576
842111
104284
454801
41916
170750
473154
675861
337306
364134
453338
557487
839443
39421
195206
4513
531254
16956
655025
238513
666848
520533
503692
547933
577460
878598
78909
374757
759623
7927
869590
902210
831395
504150
242669
447197
716795
278531
135178
122574
50949
178732
902447
406781
585607
428875
64951
587126
898016
74786
957590
634395
490900
379364
272825
251075
83637
772211
98799
142700
557705
427675
462358
548856
611331
659644
585689
773617
171402
263023
772194
8738
685253
622938
651378
766008
554033
560283
817712
107940
548943
634288
812350
452379
498425
467547
882330
856380
222110
497601
473417
934020
409653
36507
101495
344427
265411
670843
757069
918546
936584
231923
562873
120724
825124
167996
287804
132807
721633
326140
176686
22621
437581
694135
922073
68417
486550
343768
931455
267714
103019
920214
644067
563333
724358
578554
734033
672287
566822
288911
188105
43214
122026
81935
705542
76588
777065
908495
548088
705064
898742
664160
13175
747713
549224
819704
818360
413788
598271
630859
860233
860722
202498
842255
791958
538451
518783
467734
171810
761198
931955
63898
184821
937584
703740
747813
332497
678421
674812
810388
898910
992105
986876
324233
595567
817884
202508
22073
168422
454151
112663
517919
62368
226388
706811
788917
942444
377175
466233
944976
633366
915601
657778
896544
739270
53677
516257
156636
691432
930737
843895
968213
555650
439182
554079
666841
196518
648538
869530
833017
216452
232860
911177
974926
829448
418559
763697
298725
369499
188216
467480
331788
495739
7545
628744
896005
705740
579274
873831
410529
441750
632596
655597
749308
489306
626702
61016
443964
38766
87579
907740
388627
301126
828438
544106
276761
849197
908542
309042
865827
325643
773328
117678
890030
558902
754791
391420
643009
514517
729442
639964
603072
635638
90387
749922
726962
582520
638038
644372
665811
976042
330017
18726
92073
651009
323326
492721
863947
652745
5533
50294
678341
160702
862487
146679
104175
3262
656990
742728
707574
337899
232840
37362
45481
596578
32542
793089
210735
987727
976221
70389
195870
530052
920093
557240
377730
80253
384026
706275
456723
494469
137901
152929
532326
887747
450619
443596
184769
117309
54848
682303
610325
926048
970320
606525
259383
236308
247082
234125
831595
501134
431697
349783
700745
865731
331193
942894
251302
588487
182701
983588
274899
107434
650446
692763
307493
43669
664253
503758
121994
247819
415454
18894
874230
787154
922417
103181
709523
515504
168672
744698
334136
653081
912593
509900
45630
488253
451940
378211
481979
12626
314072
959496
145157
263995
212652
748433
661228
615548
316544
182581
488841
548360
332394
62920
838596
294500
820951
367589
537663
591377
606898
927694
933503
86811
410983
631298
317959
386315
638441
704624
512754
236827
952393
722566
464807
502232
272798
605478
879722
326866
210793
555910
973007
949789
795238
614996
152217
65990
510332
722187
269829
740686
609222
60222
82833
905901
594461
863061
831789
254441
821417
893658
698278
281345
349564
202761
107519
923209
626738
948294
652990
98732
965675
464542
835076
731692
730004
508949
853813
843496
94213
671940
813494
429375
800480
736096
191173
908010
553546
590212
628750
585593
320167
105831
150934
590060
887807
3662
54730
236561
951514
132603
184046
864224
899393
844787
551846
919544
936444
871672
6903
935934
981064
617808
321606
918929
426152
508155
508261
795817
247244
447864
50385
570505
378345
222426
544014
29558
645765
236251
325822
913445
40734
689934
521437
417868
135983
381264
243682
157659
431933
594668
751046
176694
919658
426095
486185
793415
976259
982332
43861
107644
561815
507158
481807
936257
870233
96917
692640
52889
773488
474240
178096
464880
93314
322139
807017
760843
862569
643451
326189
331652
468407
964090
459459
476266
578435
973614
829108
447293
767664
612740
776291
51852
356501
906477
859613
699873
373124
391691
374453
931891
43507
304241
524572
486025
645308
626459
129608
880296
836804
554347
850738
511090
819678
719893
511600
962395
544809
505243
41047
219703
94516
67854
876637
640756
751044
354216
638570
204357
342122
424156
949265
58351
934919
142891
566669
862369
526876
611894
990080
393631
498343
346060
346565
42616
490892
477008
302252
154158
48608
246810
45464
868572
461140
46720
232460
349279
128310
640067
865924
262715
764196
775230
843334
291908
847715
936923
197595
205072
470650
354516
534238
979348
156056
840918
934495
345749
219978
112372
240828
734600
278986
901299
534793
19286
292087
79316
758323
815213
357162
60621
990494
855762
537472
819044
509780
652942
331475
991454
946613
863970
828934
695547
229704
616798
883452
643291
599554
50038
939705
729464
610860
602194
694506
979935
285171
671907
158761
894966
730462
139394
902914
213173
357028
446529
404457
957858
121310
616617
448092
964333
760612
377163
460383
264170
589103
284399
344843
769618
991016
43169
946226
389489
924334
26893
863264
204548
319638
736751
263955
390590
201851
167953
22765
982169
48209
570596
398234
347413
183248
36935
242841
386871
322510
972574
453961
968832
311416
984861
307496
38408
354838
432535
46421
371590
425742
983445
156987
986451
171932
35468
952081
785526
194687
198300
559955
600434
868918
224549
586452
688789
351365
89753
809830
393045
202896
27599
962379
257040
351988
496470
979295
194660
86860
453347
341919
447798
211678
16206
507595
869099
133896
723112
425074
762059
330384
515364
819613
791375
52716
828820
405590
116771
861941
176591
503759
356809
354119
420077
683886
675369
310528
318146
550279
734248
953615
128671
604789
933659
293705
407637
387244
629660
19811
544393
480625
849026
454927
720452
884034
669473
293052
944958
460390
920716
221594
182601
132749
752823
865347
16336
712115
982117
396098
246119
606395
777056
805464
843472
6060
960709
616172
880503
128766
50546
538966
279386
217594
477398
220521
128810
83177
108455
496158
445910
356230
808460
96157
710746
98281
272591
753911
955159
325706
786216
21855
436734
868506
781580
341127
723426
721842
728580
114980
941004
498587
485648
440388
746048
883421
939701
519684
223276
415539
781890
897895
488224
458622
271081
615262
917846
958498
323695
470526
159679
981250
2005
279191
463544
574763
626782
45165
66967
410660
162110
718367
729916
310524
253651
875640
508061
639581
968078
768363
706598
981578
685705
597603
678893
428203
949686
423514
839876
418977
44784
933042
875994
922961
861567
288191
47536
383711
450218
894506
610703
36108
820770
235491
847599
358461
550451
809227
382340
489871
545580
786453
701436
806819
560610
300122
751924
591304
502892
529582
384380
955210
141048
490388
642366
747115
852884
905467
597665
674165
597395
322963
752167
932032
56947
187839
559454
734531
806949
735140
780254
986635
129177
731008
66138
176273
507412
27014
698181
588170
449105
732666
877259
755367
288597
101026
261688
745240
894210
706426
493909
236867
258308
225025
667942
260466
645742
37574
607961
649662
880111
148735
696429
102959
170566
72797
555741
247140
217932
27460
757895
464678
846638
961480
662406
58312
170792
140674
308061
516952
742601
332301
198894
740305
188875
142852
14405
460970
821141
883079
767029
114070
50630
977950
555554
532091
44046
57984
294110
633686
408856
347774
662895
286168
557753
678796
331008
36390
189246
53766
705727
722784
93138
879010
885022
792679
394702
548643
23714
967158
819368
839055
721031
256310
960107
872635
122989
712578
509262
72601
583357
855490
921035
904729
296847
213181
564612
262567
369101
799536
986254
710292
772362
847664
956597
49664
397710
890789
624913
941675
374789
797
593446
435172
976868
855426
792195
359898
54309
330743
550271
934047
265356
472326
422780
502025
369089
635282
95653
984166
717201
337838
779318
833483
237390
587233
600002
323236
833401
613048
310146
878254
688333
416185
673191
64584
442739
530479
920040
424792
900835
354998
72510
113284
556356
540339
611709
624986
752626
953482
266777
162343
126672
733058
151373
906623
722365
897056
598566
800612
813429
631727
481932
98702
294136
532724
659503
40331
5557
816364
526667
321476
689502
391867
930671
210358
210039
747340
125292
635670
514365
480722
156564
544469
536906
460092
873644
969836
87645
214240
362410
361399
756495
693969
664953
535421
983842
88074
49940
88349
929292
175558
270182
123207
968862
679657
938089
17175
624041
108286
76365
169796
137637
568336
728296
589558
805434
681555
834309
270013
693194
555839
501082
904300
937409
427933
329042
106348
590322
422973
825692
4094
745153
947162
30592
807875
621997
137517
202960
60057
660093
888703
522654
934279
310611
946345
6313
233441
942601
179189
879934
457866
868960
793735
974966
838841
99251
261016
160290
474683
352925
239960
16618
586132
338601
654341
912281
267091
199108
334994
592400
200532
168240
126480
563941
875564
202447
213486
161485
208316
701349
128265
365629
309747
494498
119546
912564
959642
918545
903299
639996
688717
451070
443953
773654
513478
226870
114056
197940
729163
822319
887128
319810
327494
364990
835425
440421
302009
410878
361945
440252
987219
418999
377414
823428
482075
762334
208334
189532
69147
903524
53485
273672
220932
284331
875087
338661
559874
950111
464694
22465
318045
124040
406203
850616
938510
156772
297602
532697
759108
595057
105251
514134
370400
757743
170875
75980
733103
600742
589913
146869
819030
215164
498650
660076
968303
654258
277885
106671
474194
909898
621803
135049
31658
577500
808243
720456
608638
403794
938465
201669
464840
45915
752418
215176
35160
716424
974729
101222
605485
694627
231452
498338
680927
778338
863887
211186
914835
383583
327143
312183
783507
775045
523576
7078
506588
245383
101228
749277
470632
889581
478395
938620
908722
259850
501104
107287
171274
750567
315367
9834
783937
191796
837597
260340
705947
734434
152250
276131
707829
53940
407487
229029
208560
82697
414030
678505
451233
468910
65250
701266
779741
918869
29128
150833
214455
245536
80808
642465
692639
463306
381558
892079
902338
691673
437123
459749
56254
878701
514208
524888
577053
412140
200851
314824
645506
195297
410215
947465
244690
689849
67574
797318
867756
377060
152318
398857
602498
195629
917326
94924
128566
931509
151458
738372
488694
203196
837165
800563
655059
434717
593791
937738
429982
770420
104364
941266
73020
787302
101160
826033
702924
438508
664650
545210
816813
473599
133051
601226
712435
348508
987168
125297
28694
831254
794326
814102
743836
811010
170404
327865
503539
871530
659043
784590
947145
39852
217256
221608
961751
108938
531380
96218
708097
801927
149958
704109
321115
459104
539545
552894
147156
215726
669046
539197
622285
88290
57959
502848
22943
174894
277184
143044
878868
719578
429219
662287
824441
580096
470241
667844
218331
686136
528340
176276
7285
894072
883123
866946
546658
311288
788794
986295
257773
552899
484291
94776
770541
145685
425003
187221
940438
553757
33401
554438
500154
299736
418971
892007
804908
946565
923433
120057
194468
362189
408841
393651
725099
851872
196384
451076
179019
322287
496985
507758
487389
138597
567608
930436
967530
506032
110973
419207
234308
830590
137529
534549
288352
903457
613963
694551
376766
176055
324299
688575
302180
758621
691135
595627
878888
863497
141506
945010
84202
662657
120900
528772
982074
546361
408210
343285
741614
853192
760912
394393
475005
692935
467362
985991
220024
703430
756420
796610
697036
975635
641877
52336
825561
747181
279471
95472
124885
386068
874425
664623
291612
702132
107190
233802
729056
299645
203096
413666
846416
111735
863672
877651
397337
753365
122214
542515
862352
193500
25990
583736
438021
709252
629976
964586
484679
96466
727246
234717
325360
880577
864839
160041
114438
242523
846889
277443
403428
860382
371280
718512
672789
505048
768008
258744
576224
897117
355941
877836
963113
799664
628000
71463
313787
567669
908284
917010
408358
751685
501400
967022
217916
77316
607215
255776
451131
911745
208933
266068
159999
716325
498847
616703
265752
739866
918575
805124
72277
122407
294442
201970
311621
393708
378091
467074
320545
467148
174316
456332
591480
812203
556829
898025
522628
873499
329186
166847
188045
259902
748076
477973
8546
848569
408770
56191
441224
577140
624977
980631
799703
846484
312589
85383
412453
202020
46571
793783
486446
705492
91027
522191
941624
976943
932132
146478
133412
460538
892359
352684
424085
210951
306063
882436
583909
967012
608086
123794
598696
308933
265801
19118
398962
831635
807284
520162
348723
588964
795442
586758
100979
965450
258013
405233
50665
35835
847169
956056
153302
644131
54493
230499
422692
437860
74750
874984
593998
149377
956945
482434
300100
893958
801153
524550
442433
50628
409195
837513
219811
253658
258038
958175
54494
140933
579666
692109
367645
424861
21787
279872
23538
356884
123119
522644
52392
155200
815810
786022
709951
820016
170995
964437
634984
298558
832117
138913
421101
262189
122945
726928
292156
528954
175220
258913
841806
216481
779834
465738
549201
2591
51446
648602
985488
815811
636597
763756
790796
72088
260890
377405
248949
952244
608660
122351
883106
94374
958539
460667
441143
205882
87315
432412
52601
509787
103462
99491
662850
813201
902178
23240
784055
955714
761375
452411
941533
813034
931003
794979
975209
985087
970717
534291
446492
453843
43899
161501
22513
661823
789433
603838
408972
974500
761081
807286
109739
975222
991258
506546
152723
241947
964034
897885
775942
218471
420370
572183
789086
764641
615
656292
409922
250036
118895
193248
12404
990094
739287
280102
527524
144091
915264
880403
321731
516217
157184
661069
483518
645532
20070
549438
606447
96886
78161
632741
578049
291381
19815
712349
554744
868637
75023
226735
826100
468107
551744
535348
786476
36800
78133
387653
386422
767465
216983
310461
861287
350743
313768
32497
305227
900439
837766
926116
278975
882158
921514
727143
773496
683619
190381
274501
395470
120425
572463
528456
127622
652281
58509
691938
41716
370534
595701
813563
568837
420090
708037
564057
361228
970143
776069
721009
711200
929947
900989
586590
868234
969649
192157
609554
481016
982876
759792
268234
748255
773989
444253
496394
88463
573428
581591
397371
244652
54653
325100
752511
161001
738880
133822
541511
680612
862994
679985
55147
240024
823782
470371
115863
895006
5146
270651
60063
869677
245506
332698
150666
38164
564272
977489
871368
86573
472231
580871
232415
29403
759103
349910
694561
133003
973444
67791
402465
714300
1757
705478
657316
740620
833784
449134
818173
930485
72243
164654
294575
555908
337269
353426
835848
433417
415359
36541
394162
883298
282475
106153
987761
84699
385731
455401
622843
287895
847903
824515
613609
76448
226003
691671
83100
809483
48151
723182
604390
41058
3308
710481
383212
489598
308933
417516
859703
838687
713058
436653
814305
318821
111088
694616
505997
592176
457246
57066
658429
28792
970079
2515
635070
579424
676292
858509
366389
533397
771026
934240
65241
770158
187124
167243
486297
180232
7593
723523
386311
105256
456215
850017
681919
76403
61856
340000
603886
686845
220652
877937
760308
368793
568458
344389
766536
847100
732751
31551
310225
48265
53004
662084
346841
833162
469695
942943
86186
198851
790802
26274
23968
676323
944171
833746
679793
217344
838342
807906
126741
286225
580191
490415
354761
48228
472154
261614
676062
365266
371410
506229
338050
921273
132765
599566
332891
4972
722249
960007
970701
70065
391541
316362
849615
284468
649512
641331
774933
599829
787976
399001
881884
24786
609470
590415
364663
495366
268185
453825
354329
920560
554791
712953
754948
508150
706841
888289
330097
311088
50493
826031
484618
429114
485025
151829
356879
68438
552839
40110
975202
694605
402792
222759
985875
904157
501428
722867
836011
899304
875709
296802
424452
149596
121615
95167
475074
124530
106887
450520
870647
880639
351547
770036
17606
659012
17729
202531
473895
262046
648196
111431
281796
408434
465879
443080
944056
250895
875810
247339
781468
96977
349482
174458
791656
241409
659292
128497
767024
424797
565190
149815
742680
976998
109693
614661
972271
514169
710975
792566
514300
807637
31039
146926
196207
661706
16865
694870
58802
623220
417216
577847
855758
917853
195987
621004
55041
868303
25836
104330
256842
857988
262597
408957
881372
150228
50530
894604
861142
383435
596369
447705
470837
701553
270470
24575
139496
220174
109031
967469
916971
839139
225382
187041
568392
411957
651237
347407
168102
663062
239425
64636
475673
580019
50375
24104
590070
77583
401938
214800
573050
687416
498028
757478
403032
833560
20099
964943
12874
88635
661948
744367
274665
443229
985593
364172
264599
778984
768953
775487
301662
377972
849833
712237
553857
610108
403434
232469
81417
438469
290567
7040
536395
227926
679727
68244
429631
716649
299036
18045
779299
322534
588698
887482
334628
366587
227273
562728
288355
582768
147446
757442
375436
285386
840362
642928
178745
145937
548145
572412
980946
790050
147951
843563
858701
226997
776383
257538
834861
966095
481122
53215
247702
574248
115895
260518
226665
431556
216876
881682
575565
259947
558899
865478
503389
195817
669814
451183
366242
76148
160601
450833
567299
822722
916596
305806
544674
947811
829807
87923
691287
400868
670157
944382
266938
322664
531621
605501
676701
353463
414537
577341
916186
10929
695670
148290
383516
489626
417178
829279
45111
75220
183805
828716
660643
903042
314631
338155
281268
379471
181032
21716
234444
912646
108062
294644
768089
690241
133610
375039
132417
32322
50487
349099
403887
816439
178374
738063
196511
61720
920015
478714
877715
228957
489166
713981
696428
270081
920263
140135
481046
785822
711401
48624
839742
50378
230289
840533
587781
153828
266970
590296
677080
178792
651390
201178
214092
450906
33793
893786
223484
943481
382876
479549
774995
909768
175678
282148
271036
813289
547134
990006
271577
982511
313639
668032
195647
523030
663463
451269
249
647923
337825
163572
219078
867160
91851
293696
984011
946139
79957
420765
856386
151543
37090
49861
300635
809211
243428
765192
636120
335237
146316
478981
532114
754417
900552
173620
727218
259541
813570
252369
593796
402448
650412
890390
331944
704755
981820
606360
549603
466966
212433
493371
698038
885647
293175
407651
543846
569599
757076
510061
781951
119875
940065
595250
968384
12331
862411
83045
794251
431545
542072
513346
122107
665005
688807
61072
394790
985711
750025
722304
856085
278844
208917
947815
337151
713834
980232
564853
455226
989877
835061
219817
396416
529250
952820
928222
657926
992314
140300
157354
639929
233382
104595
773455
852896
328700
554129
275512
756163
554206
894124
948101
298582
720205
898981
240116
37293
56521
768893
121589
483907
933537
675464
26908
189417
881651
676225
578143
100665
585032
886096
736806
299517
989628
649847
242481
284271
409409
324335
890228
339311
314015
298829
640153
909734
890364
366073
416478
88764
673640
22553
406035
23009
969019
281220
672848
140249
916594
851156
518353
344257
121994
680507
370162
770501
62218
78715
954701
499615
645333
690439
789165
275870
774621
590882
707957
741355
70811
514698
775311
247919
78078
680802
349165
493887
546046
58352
494469
722118
780915
576916
133345
134644
111583
187015
18222
817915
847376
973810
483287
766336
529431
834497
619175
718052
858248
215116
283526
230237
839558
12258
242619
478930
609051
859870
397164
828216
398156
352444
504216
967960
849678
70559
455593
51599
846712
442173
822245
264864
853715
15633
788813
364649
952302
663771
11923
792501
709663
648336
791015
578172
421059
198962
834995
788364
510322
142279
463120
397062
617863
572708
349412
506122
30760
569627
131177
110478
784776
670241
744861
529669
157417
373531
360748
226891
422969
596137
53394
446420
554245
836541
874826
516326
488517
423940
941040
165015
263856
152280
958532
123630
969176
899031
529353
985613
446389
831914
110037
343743
395824
193461
18046
784860
549454
911027
478682
211978
726244
659026
783600
881393
245259
752809
954465
112018
359723
631837
333487
515588
189291
894346
42356
20802
382318
279649
411551
440083
407718
269260
246043
298886
518860
400378
166061
384629
603920
537740
842039
839086
968813
948426
633799
363562
927940
118027
871975
290265
333912
25340
371219
909630
960047
378268
349857
625363
3970
949069
564013
529084
856627
317052
594359
224677
34493
410752
555977
872102
865200
381642
885279
129424
353443
926481
174926
374191
494085
476670
925665
386980
827316
550964
942594
374556
136580
616019
638899
866211
687871
90343
56216
603933
916962
823523
335509
399054
435948
97902
948127
662101
198996
56119
246298
827836
833168
883889
877425
108068
766110
174927
362668
953499
617716
460999
443051
249985
984071
84353
440886
421211
129958
536292
795368
497760
533299
905726
498857
14865
804294
206463
663893
535164
788814
875211
273639
529351
375191
128919
806626
696894
593148
519675
766508
230194
424589
627832
977707
946478
10489
870781
985160
930107
521628
250153
58787
120467
862216
260915
104180
82951
93680
555959
664557
12844
236877
506744
992162
664650
765669
288863
25592
361552
531795
540653
236977
138874
890894
310862
267073
316858
45902
64450
755807
235
554068
694862
704100
11325
203265
711020
662052
720500
369629
1977
548393
730556
847570
57186
192753
360532
438016
41020
989569
447429
805474
801656
982938
594351
668479
415402
795512
153713
22058
926990
755109
683170
236402
596114
958426
611157
842038
866980
88066
739530
587731
154314
669799
29548
168727
299913
211876
222231
376004
259887
809567
53412
542077
325335
833975
80863
309899
494182
535346
887045
59832
696770
693403
653886
507772
960726
92492
951712
762484
577519
738860
924642
822040
377897
20907
201993
421570
530316
501015
139487
165309
254769
704067
430102
86514
152593
393199
425962
601887
316818
442520
500046
147430
75077
384115
714446
182712
551382
542770
348730
990297
108000
206514
715422
974457
281401
229966
269394
41881
123488
528831
346086
216886
739863
356256
508684
691856
407865
528395
990744
247185
244644
446323
740591
947568
884713
350371
20760
57307
61578
952600
261347
108777
884260
41268
134164
271504
162079
461831
591745
951457
645607
6996
965321
35187
732743
926567
398433
123225
588292
751820
946372
79202
730426
101570
193661
564032
563781
64776
751817
201226
580739
661091
761116
35665
604009
455352
632502
655830
350268
907451
480093
178123
512803
173362
309817
980975
473829
365266
271317
152216
294841
288987
377131
757338
91236
261846
406925
741860
590465
12948
806567
98687
575904
446055
155504
796015
958722
307866
835408
163552
843391
448812
649247
604861
967279
40220
515953
940868
905683
863426
547312
700062
819315
975580
768035
194383
45780
789797
598934
565415
535632
463431
348921
169861
959343
782527
753423
898377
576626
792810
942453
345249
929667
853304
409969
569082
863887
959251
241531
878440
825377
793030
74632
18537
324150
354715
422105
972346
840217
758455
845098
468513
396692
811122
85127
952251
719849
15683
397519
798385
386464
351652
733916
867655
859173
880200
203847
725152
583089
326004
89422
475570
719367
199017
553123
623682
927536
323250
422752
790057
923059
583119
294229
945623
472643
589325
425241
175200
567574
171543
711698
715195
398441
423790
32954
277332
429404
807809
468149
136502
869416
242645
468889
789091
240334
53815
212406
308117
63081
389863
11274
722203
700666
677498
596038
926770
794451
546155
955192
396646
799753
84502
647444
242292
744387
338787
913108
132526
918883
508741
310090
831520
195546
474307
592238
217540
733617
920246
684744
213738
862373
441381
327048
519476
395867
517933
678397
554441
615810
492924
969657
5437
893356
902121
794483
852368
49843
634835
230758
661353
690731
363777
798340
717226
295397
291388
237138
804293
396118
183513
299673
344125
227469
132792
858177
911268
702915
659864
412054
154490
947219
156585
701812
786282
556111
169479
540820
633761
327050
62908
223080
738611
621729
166812
460677
147494
758846
122149
308543
580916
73660
845891
576566
658245
521692
371482
600026
692850
374470
527444
930060
3654
89019
556733
505853
623930
522367
447473
836627
731817
657117
382660
353579
223250
167430
810000
556654
442880
827251
125999
198341
935982
471022
805181
802736
518890
47861
9161
126162
208423
190780
562704
475706
611309
284849
822280
620469
466607
270300
469354
894636
359410
73961
392805
669028
638665
172883
619781
258840
93908
879032
232710
697008
199434
953116
690640
845773
246369
467493
987558
659820
102969
161508
739189
986651
149819
258192
807119
754311
305964
325800
416589
303896
933215
203003
352248
423261
689226
774429
568972
559385
64588
716905
893999
449728
629613
605659
129615
969838
879294
183811
49523
270799
272880
263790
541745
919791
732154
266774
34897
362755
573270
777518
198653
920498
673232
816482
335295
580239
182546
382073
18663
789722
961320
727019
624028
610594
382311
67030
685213
123563
112669
64385
355682
278270
577693
769888
175686
529509
315381
216736
315139
302169
429439
141609
419841
728278
516446
660993
658211
965112
617996
191578
438828
527282
370294
177212
348774
592732
121676
78170
655298
872987
777827
205715
984955
576526
412887
106641
159284
754440
224971
67253
812979
989847
488319
149502
354854
750068
233591
793413
692696
669771
533364
162822
977790
418144
29048
908859
202348
565814
653165
400753
437263
906812
709909
668331
338081
10407
708854
872959
339051
225527
705747
290249
686540
859385
508289
956780
369357
296114
197538
956885
399298
899895
570922
887945
621219
563278
605868
884294
858397
164840
604606
580232
911548
339018
274658
298843
870037
8064
447693
617564
438802
779709
66338
100342
299122
872523
926477
407416
297804
105085
36868
198090
705520
62917
487680
845290
719494
23285
951846
624070
863827
242268
43563
291643
467725
229894
83260
771734
763410
194847
437734
720392
945070
771184
967376
918574
221193
479440
217404
891242
21262
96936
12681
785187
233672
291613
744484
717216
427088
154664
182516
942643
247532
658853
793424
623123
931985
249188
724007
266815
21249
354644
286307
241841
42659
947964
919022
660801
548816
701574
289461
400958
382557
206762
488693
818336
854700
463422
235935
823758
388275
265463
683895
642182
96313
788186
361917
488368
533044
729828
604314
848715
600653
640895
271405
91410
554835
295323
6671
606633
942877
384661
290467
895842
683740
55152
269814
635541
73434
866427
766468
517124
948536
751256
205173
655754
230716
547640
519432
175074
745358
293824
590073
1977
417670
490936
109826
491062
538260
280755
195508
522480
150149
287982
729708
468835
235778
806538
876245
608667
188782
30974
706382
527014
106616
502758
712871
653972
945502
666726
752563
859666
348246
730797
882891
265182
454989
933877
544957
148833
565628
508417
538209
208847
171112
973850
789261
487332
706301
573969
424243
902056
176694
194537
237395
494068
673633
430842
491811
212604
304646
395752
203979
639469
929775
748775
580132
568403
618393
662642
576996
84448
251538
294950
900723
731553
184961
912135
339925
464602
460159
367119
262558
625864
938461
232389
488175
921317
421645
812959
438396
278284
124705
690413
543738
238417
505376
291121
942325
854918
756451
241200
940819
666637
826360
688765
782483
860826
660338
744431
434734
786061
980142
4659
298127
828082
110830
498248
738326
451252
414284
345606
988834
643723
340702
640582
57823
761706
15433
490240
876639
219584
696705
753693
954224
106817
786291
857370
388295
127440
208996
174414
863683
200901
26345
313615
114757
984814
786146
563374
576476
59638
634922
221359
189607
31762
535447
162004
112137
175723
121798
10623
703247
912796
577056
121511
396768
753096
99665
618674
761195
211459
437110
408771
479790
879905
120177
808181
797505
770153
657967
951064
587448
589631
853004
53466
99605
159591
86602
673193
523137
118195
253017
506639
526624
204470
13058
279582
196191
657119
49337
460464
86192
739792
164160
799142
335027
969164
445446
637841
655708
639641
696593
484763
467165
641722
613249
875692
690351
210827
926035
586720
546931
786756
118832
819493
136849
532090
854060
155832
561675
911368
91390
459837
496531
915187
610913
887035
146680
985894
865822
923593
230951
299782
739864
291356
708068
473499
236856
289148
251492
594305
856731
222780
256498
171894
368491
929641
637611
6981
380696
46113
520025
834208
822775
406048
588121
338151
499212
873056
892169
870518
478090
515250
448534
735879
125016
413164
632180
729427
561415
298076
25394
302907
903296
285962
858616
984703
415240
252322
398320
882992
270956
587784
936937
349359
741436
546046
499681
943860
617595
396904
343399
503355
124071
481433
742907
844137
978350
758916
423402
95440
707800
334266
55935
167132
149967
621906
395330
668902
93610
391487
409922
607113
230028
701198
96672
372499
252154
242075
405585
439378
288398
551168
984184
101914
606645
935553
848712
978046
320500
712344
728700
268896
731319
661193
873965
323408
874246
160065
568037
195913
54607
879897
47748
74489
137927
844236
810592
837271
859360
41961
330674
259415
140298
698713
884600
587134
493928
865403
643971
436614
957512
331141
489146
839218
19994
196058
388662
274384
818095
854161
809215
870406
968439
955642
339050
875853
411837
2576
106344
205098
581253
395493
149875
683980
28955
178906
331584
92692
592175
144614
254842
401715
249586
254757
314140
159902
821801
871635
568706
251358
919321
286197
470343
386943
597054
482603
3609
667367
778230
747672
474921
53648
198141
165523
257648
212755
536663
695964
686736
9306
363716
686515
782555
391413
913913
855152
981116
542906
276676
131309
81055
938393
699183
786281
165790
246865
468337
466095
1267
72190
648414
731287
903330
683325
8296
710076
587445
672197
454441
687580
490351
267835
31857
710339
353329
156074
678319
566730
892940
921436
144376
927048
145357
853678
197168
644056
458462
71326
632012
893199
87826
585013
478834
74377
305711
387808
812542
157754
728023
393376
9986
196574
666383
311379
511903
340440
922312
691820
679951
429566
285691
205410
888666
105194
326542
430522
794368
71231
565801
135398
831128
459754
370375
656166
661838
689219
357350
7740
168195
158654
351772
516484
675581
128144
6583
690011
528259
849834
207461
632185
783200
768291
292605
841260
192580
672771
839881
762495
888562
539991
374270
92066
152401
748712
267011
775944
162012
287565
839856
87700
34594
397973
235874
493803
421928
366893
900479
396462
613213
417288
921131
585680
358650
480924
126738
699215
595675
7942
576295
130161
578077
767562
335614
619552
610984
320025
388298
508798
913164
104052
167330
929240
40792
233566
150247
1938
578899
851076
42843
706430
182096
186785
255280
762588
690577
743060
665147
643495
914881
401091
219373
178937
341904
14968
29227
866610
711763
524185
559656
623306
119241
106125
123501
846722
281361
896963
285933
228430
883280
906206
457393
931003
680619
991857
257762
626040
591023
524203
423069
841234
957540
618369
984307
265423
790719
44248
177105
932370
680600
159074
327001
420006
510670
148317
839441
975142
211466
748415
582085
333544
725928
59545
154246
908618
489777
841910
648970
709881
230944
349630
154194
379236
129021
441143
129057
185960
221658
980222
32114
800615
615544
489648
361590
613687
417087
985792
408695
522630
738505
940173
491583
310736
289066
818615
257746
141336
842260
462215
823269
417087
443577
684759
118067
673479
257272
565059
626284
893655
145817
318664
569646
387319
393813
117853
543190
569780
741476
333903
307298
241284
168944
979500
534121
467007
597139
731932
939617
660354
569092
758202
397023
608463
576206
221845
301485
129461
883396
300845
991900
161565
952840
619089
383457
816401
738457
579493
93314
96038
37912
870012
929636
279865
141728
370907
667694
856576
871512
470393
977792
155536
68555
595967
89290
886909
939440
97770
194859
400343
711593
555800
968233
402232
262538
248978
723203
921115
651686
416172
579243
837393
564979
773182
39649
258407
169151
719805
689080
92452
414346
973410
638026
348829
84488
353772
705744
797683
886682
884426
735347
764410
540357
383641
652666
822331
695451
646121
976371
139977
819777
464415
841751
296757
32151
915281
711689
617572
653198
229033
690348
148904
580831
853730
959757
348043
580786
33091
991912
165964
494787
545790
988085
449636
192947
359190
575197
109146
164717
615871
485622
987145
418415
92661
824941
518501
180103
150483
902189
159038
967803
746746
612145
24350
899924
723314
982313
957064
729637
299361
54355
837527
834022
815937
355168
280881
166304
113566
623139
479759
324134
89790
876178
477611
309309
620096
432443
393834
982295
308513
762668
809398
679681
844479
468456
292836
164400
369626
108382
526669
101271
2361
47741
81322
952652
200240
517471
84227
839171
555578
161844
952836
632066
774132
618535
245568
200174
180542
794537
15158
383091
424205
592953
573570
713332
202902
934325
115299
96819
256574
358780
569183
95005
87263
75866
479063
146167
348406
107434
187682
266092
367226
242578
603819
842251
916497
627764
654401
149252
771675
525682
164376
433923
941347
607950
383904
407559
128679
161898
246166
919698
404566
339681
712876
236095
678380
711062
240044
30151
834324
334755
280655
511189
215675
416352
917125
405504
232957
764407
252930
187093
88444
354639
261158
392442
779875
894447
247279
96767
989871
137631
696757
192657
773654
759657
836618
645543
421941
147302
23469
200408
602316
473636
430288
782551
987099
224918
237373
168018
414342
63786
375046
389903
419339
196552
863569
671010
289150
86433
383718
262843
170964
904579
717565
142462
861871
224737
663692
230830
96434
203816
839608
291816
287181
762850
914941
631813
858206
712049
209970
625399
348115
214750
725955
654710
235549
396348
507869
514054
399734
540448
422387
345135
777197
64611
347952
454897
627452
797788
414258
671462
799559
559595
963462
660499
113238
870069
925013
113438
778003
779134
488372
627502
302552
948266
643765
912488
837006
975106
729272
978883
749945
822472
429143
77490
217938
559215
311538
16519
807894
109892
824705
873510
846779
901623
184629
35727
859787
658961
457312
418996
361852
12691
710792
419984
538079
638853
130438
958442
816128
433540
962467
161151
43424
698410
59064
867905
690204
668847
451377
988002
693301
975654
290422
672518
113347
784115
710907
121033
786699
97058
379588
549252
8876
600949
309286
941098
630905
869542
695330
578866
886123
526054
63914
2183
313429
583832
101343
988526
613524
798199
898485
517024
38118
26435
241331
603839
795229
76005
113627
278731
533144
812314
199529
70209
334176
745683
475025
671610
443692
885823
503789
578024
151569
816882
529994
77385
906134
670962
73177
734153
326181
61850
832534
171380
75676
881255
951273
418063
738762
643345
202423
30798
221115
614966
467849
380075
854820
958107
17708
755934
148016
494878
484546
92569
152275
312690
208859
413798
760058
605471
352405
992343
138452
207628
461442
615360
222095
401717
243169
609359
104337
802023
552393
68212
605281
895680
95147
411431
149145
304034
964035
869081
820256
568207
714033
606255
249372
88984
907532
76238
703464
747896
105741
5659
302398
477180
707681
300599
988897
199372
748185
36228
717503
506133
558659
594588
305156
77691
511050
863433
709789
200854
287770
215670
862371
836593
769472
937766
803798
947077
463079
260704
946670
662585
711659
824045
565201
731970
412337
931774
46767
696910
40888
247036
421014
378230
577223
695380
824606
672413
938213
7460
613879
46660
485745
185204
419105
333046
73445
663829
35612
388765
992240
397092
854380
457664
167823
585274
203499
875096
924606
443312
670526
975868
256051
648976
490938
896647
471073
501656
435236
462865
705844
118478
256690
836628
662382
83726
389845
297352
86892
250349
417482
374863
587725
115354
797482
953149
261456
915798
565868
526641
294901
387868
724176
221894
21350
85878
19264
102389
464917
35553
935404
308571
665943
690231
841003
781826
619179
250673
355393
117717
566303
862835
473248
482304
742159
688869
631740
548022
514813
188929
905271
838183
317044
296800
613522
159546
36338
342948
955420
67795
586288
806528
562516
270299
425735
379890
632001
180853
755923
285423
49165
252234
689990
300126
652635
99108
415564
433920
942610
662983
910383
603894
479983
672410
587815
620881
445793
102476
503321
97380
257703
975660
788412
966760
354880
879852
215145
887945
450781
321300
739279
155504
409094
202314
376438
754094
209558
93400
635185
124923
915763
915568
371326
44473
11090
604351
629979
628094
305305
946381
656121
576818
774092
162779
455791
158999
939210
960464
505796
574491
709874
668234
852562
287788
535431
886047
417230
5851
896360
726952
655921
990621
118342
220309
62827
214586
822010
425386
419214
746816
503808
99896
630134
855712
59855
711069
209963
727173
226820
365075
276617
35897
941704
528473
510504
866886
488886
383416
539556
454494
904245
723567
926769
912760
685394
128399
543197
121310
962905
26805
162066
535449
637943
608071
505527
568263
656787
753547
648447
553530
601105
768886
926218
715148
30964
353980
612830
130494
18148
792399
174906
716227
925206
261567
395584
711556
395018
788769
861101
396675
714915
682517
576532
95830
530958
964044
181261
21118
958226
128092
189335
141320
139506
550097
163766
681114
604812
185374
647556
574937
906941
106968
954994
842795
159015
686547
399618
541097
242956
426817
272189
801684
48980
990579
840076
220793
351910
496988
234048
675839
492684
799569
859658
616786
805954
868821
88460
654428
88313
507005
342885
632044
170691
790869
985787
493782
982591
27147
32249
668676
964137
984699
462078
287618
109090
358014
427801
800270
177559
738530
879407
955208
19402
913237
194927
536824
500714
497511
751993
759166
650649
346705
185754
985322
969039
722277
954585
72838
899649
615440
879664
455850
521846
298737
885001
459394
266016
233594
939009
263546
528164
36540
370028
693513
375993
320962
710048
521910
293892
863763
362813
821977
107863
500342
36771
199138
532713
665938
52950
942360
447930
270645
974215
781392
294636
573434
752203
622685
52500
239325
980141
495167
151554
147472
808306
990525
308326
393640
554750
22827
317856
675959
582568
101668
547724
653964
989554
933629
219025
972438
142437
981583
366643
321957
333022
704383
30591
74103
760500
58533
430735
378040
746248
344675
775497
468447
493025
976022
191830
189825
366479
324283
284142
63524
693492
941377
366693
376154
276297
676738
634907
425960
289610
163141
3406
452996
380228
927717
366857
952935
291061
898204
338034
488414
939696
164877
68992
671630
293685
319721
168896
611644
501191
760318
206965
617062
765925
693841
703067
812870
244436
196062
452577
421529
106721
877929
423581
112670
74798
969285
590300
275374
964280
380859
814399
289197
557153
25570
60279
189199
101818
678412
577655
185143
123286
246461
25748
462177
44287
654305
447457
448573
972904
387726
645478
684852
454938
981556
681271
581377
698034
333788
834390
622490
576420
395459
235234
192190
1520
376340
618423
637642
485530
505786
573736
936557
965764
766546
361712
147016
398272
331468
533368
894693
169099
845834
447246
651009
418942
817017
139666
623730
192600
364405
97771
816851
516101
335558
684389
134552
909401
222564
780322
777083
988920
959767
93076
161657
833380
841526
276053
536495
501043
497018
278535
704940
168633
458700
470179
942988
206700
723284
857378
922079
395491
874083
335126
532947
990786
568858
498565
946584
676223
465870
640421
645751
689858
115959
390520
557990
868262
69162
742559
164938
974628
211420
579951
14048
612536
598022
155170
437658
420254
282485
856173
106951
384709
543581
960575
616586
765574
125074
688392
18680
205297
248588
947890
766936
234297
461480
410787
427618
736851
425432
913542
449267
560390
759623
567472
960099
344479
549970
96759
457248
518770
509420
533399
300700
210892
715249
568911
158543
7594
310153
163688
181044
757749
450473
349516
779755
441888
265906
676980
632007
86203
725217
832519
43752
438009
636950
422774
315890
344335
884184
260093
19838
829033
739963
950491
9021
880014
668987
621299
85840
303811
18442
154014
639245
824381
975903
722601
912102
422035
301807
43050
461590
965718
573812
85755
761745
702747
873916
2996
10429
420509
215798
210695
595506
364166
332731
549356
944712
260958
272504
820202
234383
920791
105380
48765
352416
812603
225203
535950
786827
389665
119548
144323
556200
238470
906642
929330
69362
743095
282547
360169
207590
171
317639
275469
244083
620572
855060
2696
295929
802315
738607
827864
100508
174733
340347
547770
112889
972291
622383
337458
441780
594513
954578
463951
293261
26238
365721
269941
70148
302814
758196
862558
911369
682440
879997
323018
673417
443350
807712
657857
563080
322978
681029
444803
618685
485806
861035
46279
151284
698233
250004
677960
214990
751083
787383
893300
956199
469944
176151
419313
544228
12366
360453
796566
354
463420
10708
513834
379254
70540
754991
925636
91068
735418
229516
563426
882293
755502
833448
823084
715887
73602
482927
255386
729834
825118
267653
692730
663634
237288
931547
713421
861042
460570
294652
621121
311058
119512
273194
77066
465593
303877
752401
431298
743113
572378
935711
14716
250023
357964
464402
118897
501352
422470
960149
752553
255349
904623
910408
448935
713980
560405
675590
574993
9730
720856
654542
451324
729766
793776
201861
609455
127654
194984
85173
817079
288849
270824
393689
541088
399830
75612
805571
588697
638536
958034
640571
199258
29381
213175
301042
58047
506187
651507
259990
789926
503733
162828
825723
208223
121259
824986
648082
315877
642211
18164
217122
480274
457804
808311
467981
119257
315040
707560
31041
928600
725347
102745
444406
724971
88270
904838
749992
278702
532957
710375
326170
768034
686516
919281
990761
975976
704976
795730
15671
881140
945525
26023
757947
710212
174750
348477
983629
475887
573567
650087
274931
374163
181461
438887
625519
453569
356279
341167
104974
938871
861350
72443
227503
644761
658638
198724
24523
391116
74304
136606
844824
22396
950709
763166
424689
483112
339342
857283
729331
815251
67806
964289
263731
627564
984674
258729
269122
351822
178749
479627
950847
565781
663273
59760
755725
572708
181255
844036
762242
987349
989529
587884
463266
80218
193318
227842
177088
172471
126378
843470
61745
546909
396688
268004
88851
379704
400303
20027
468236
181271
555655
223368
492325
562494
840140
360697
81197
699640
452268
546120
929968
37037
242916
776841
362895
524906
67245
753530
220901
95897
880803
824078
801467
942597
69128
77838
816028
266490
775166
211378
847146
117519
261387
569455
38349
580800
835625
19973
287825
896597
826528
760324
884345
991101
884534
898200
832326
69155
75176
214344
501890
403586
633587
866870
895137
644598
272712
154011
446462
256584
90125
169617
360193
307291
345742
632848
746709
437827
706691
45688
224406
927873
125207
626226
503980
808156
453865
590508
644353
370155
74521
527075
479442
882430
97761
782997
321280
954595
914
357055
376482
8351
43248
175809
932244
832620
90289
51145
953342
254175
632863
790474
640686
70052
937102
538850
203702
414741
75529
243874
764888
654029
844981
487436
553365
200266
452698
472747
435139
92135
326709
167268
645075
484829
625443
245784
394659
161454
47161
434465
488806
106448
466076
947022
921228
708035
642624
185209
67674
763844
231242
781243
531817
12717
284750
879395
686656
277401
570046
487979
433491
141647
470788
695473
981899
678521
954687
926689
470551
801195
332588
180019
162190
243908
646211
562385
48768
256771
923376
65919
981603
557576
60638
563646
735658
279280
398301
59878
358330
926590
681872
623825
936344
261394
413693
471080
148477
818332
287547
50401
370251
35716
350527
352304
429938
885592
746526
127248
820735
781901
358717
989270
498227
502682
990844
363530
97217
909437
221492
112187
107685
602037
729252
429472
414392
353472
215111
152522
83305
643996
651966
76955
351372
510388
433717
426221
61790
555516
257785
973837
446739
495101
107900
267172
932263
917093
740937
885710
462890
195359
637313
798006
356440
582973
46391
432777
653349
156312
851136
450669
157733
25239
618609
862421
114075
860045
389717
731310
422242
11785
686521
286709
817889
628780
971285
342651
336309
563831
404846
555800
791373
84144
20282
355481
90727
177854
475642
961063
422679
934342
26506
773522
26236
931101
912244
229138
47356
596400
343980
168147
284934
463601
926295
904911
34310
187783
494722
944000
120825
906691
212285
222594
774945
906442
913121
934152
3560
392660
478217
270710
332779
424521
296008
530907
979275
65799
190793
29123
229973
283353
457045
901071
306050
368524
285773
9565
108660
30218
376689
598660
442528
718288
378228
357829
846596
292712
603198
803378
537697
87339
44695
376675
854589
977314
301667
678701
479286
574277
909290
382683
240352
182613
988040
120448
488457
498822
463524
53089
904093
892605
156826
125225
266987
349317
432603
954675
268932
630727
144906
515979
912273
120808
745081
950084
203950
219981
775944
126587
490886
607850
194851
82893
414391
837672
205136
50150
270150
232825
155470
710749
476134
669789
506782
126858
58246
599958
898392
548125
400262
442276
283209
140714
789543
165261
869509
514297
8187
693737
138145
616147
341122
156305
464639
175413
712948
644950
854761
461798
640358
727635
614869
291643
774261
281627
256165
411630
837376
720384
826688
895119
482138
843626
400748
936424
142548
854963
502212
818506
891644
650045
412617
270372
650305
315303
449098
304740
629142
352981
73210
471294
527075
163306
640668
84295
415124
530023
905536
444953
663327
179008
619889
647611
570393
582031
84053
791954
298082
493283
624213
545038
291790
611192
278233
322448
315047
109673
978244
941263
741489
125856
165488
442396
714234
583752
391807
211034
188015
268920
558574
71467
795761
6191
654365
79222
833430
237673
526441
787991
839017
189899
834240
210053
663203
948383
247295
571437
904604
476445
638626
417211
758974
448058
243996
854017
458757
319527
131318
861634
88571
63265
328528
349324
312743
480668
294914
831484
713586
136016
506554
470976
578211
976326
723408
676145
933813
558004
404064
903343
271019
396859
536671
570478
492156
119097
718175
390386
761504
911136
730239
60677
542584
150320
33238
991176
27148
850222
709414
176074
269412
455422
826471
903834
249167
600517
789298
947303
334197
670672
579839
810557
320913
112477
335169
422406
420449
326457
419598
401218
565954
587820
842973
819942
537739
946480
460005
243248
198288
544073
754907
789696
164648
769310
896732
542378
518106
750176
218601
320197
727753
233151
332769
375762
109908
120702
199772
150615
153162
943065
567202
134256
147331
277130
762752
574765
987788
426041
459477
68872
869554
826568
429064
103689
609854
611509
545533
273835
105177
334428
700473
858378
954692
8363
452829
123983
732931
26424
645397
636813
245306
765892
984833
337692
541014
702626
948114
450385
731815
286767
889845
177844
444968
643342
915004
259801
644292
23013
510001
222847
520621
867768
22634
608987
606118
632409
220074
36598
152660
757606
850850
601995
837442
675081
216441
829824
729430
114416
211780
498260
926434
192218
109747
383263
683199
918864
32380
247994
42275
695466
88557
386369
252543
405241
90731
548642
770181
774362
288831
968222
793645
791030
369569
817078
945970
94530
766445
349130
530675
699101
154855
805736
884700
726960
186002
767538
596658
106461
683426
803215
886696
458938
835126
365431
652216
834412
820073
960037
581356
136287
454777
356162
467579
683773
486134
232574
499588
384198
414891
711224
796711
824617
647324
442944
193982
26804
251625
722723
78372
793441
132124
605377
902798
702251
501622
935088
637549
433247
815192
62078
880127
442454
345081
647532
537234
489528
604340
226797
133677
409121
569928
410063
479407
543141
636715
319724
906907
339299
594795
139824
689522
224615
331233
466833
742478
770365
760118
459969
195181
284278
474757
638517
624830
355408
135665
857505
27229
693919
617425
948634
902156
304390
647726
259345
436419
702197
892197
30081
752493
245826
805247
216860
972436
171557
33668
420938
667727
40344
65393
487366
975512
858524
179740
922799
434915
349124
838985
248508
234645
847520
869475
155817
686291
325598
817732
13254
309387
124652
422858
545290
755431
451325
413856
415114
575806
440173
342506
757959
73944
291630
424233
814182
777105
117656
755043
381318
370923
174336
252725
194776
903878
851889
471401
56886
687929
950686
240862
797234
724890
261006
445734
266536
840305
310276
82246
762665
168527
767092
566172
168214
436431
623329
866799
698384
127805
267873
34930
367875
482776
17933
496878
475055
788074
571697
608785
835967
410294
450472
788120
824961
701438
410803
412321
614046
739262
413424
960316
69274
872886
704246
376661
518452
6082
973551
521191
461832
30047
89054
514316
845967
772441
443893
342944
389703
508664
720778
116483
980002
453241
826486
686189
106538
979554
820515
448857
425734
875767
65505
41475
567629
667035
313906
269169
121931
818639
144324
358203
605369
303055
520177
383142
106138
753494
199251
554153
466895
927700
149354
79078
478912
276210
846168
283342
220837
797459
94069
463027
964008
463468
836226
583511
231043
18741
87380
939591
915343
33732
834812
610892
874469
200967
205757
503277
3484
842744
949559
423585
74039
703820
42810
307552
934419
655094
42707
453505
643662
254904
735292
48175
851231
634944
571253
201175
46832
54006
589274
79540
71136
615746
743636
14122
139178
705710
75720
963118
558239
240329
853820
244185
970815
887957
661507
295817
320142
99125
349144
198093
350985
600368
166625
652638
630660
99899
805196
621888
565238
125557
937401
769197
452830
236360
399264
638492
232367
29065
359641
884450
658536
982657
962780
905353
363195
935243
173856
494844
681478
910636
95162
868391
862943
157398
180262
46516
889654
276427
261624
176085
37909
914444
207591
125274
856582
598046
283238
331600
974490
358920
519578
138039
869811
346375
311733
643667
708700
632739
29424
156010
552459
413048
507375
30851
989071
564787
966577
495051
464997
269440
828481
659014
600784
611581
386687
97643
756955
135899
736374
509819
491313
638636
475964
446904
347833
792578
422868
177126
88520
320984
862476
992033
492610
206376
763977
780762
128766
585479
751252
439139
180452
959007
415107
182228
863138
763774
868614
541116
730194
934675
865163
514181
108765
211880
439362
938542
492021
109212
554119
367737
936752
827149
706850
536121
941499
398215
662912
551836
738588
519560
132695
733438
141723
987670
977156
472247
815815
532373
224263
608367
72441
258699
590456
459988
353605
621725
643726
847071
56586
345238
521920
231825
660045
684082
822912
638872
934827
834061
99022
519425
379282
489133
445138
718616
725275
290024
29758
168915
180246
469954
708277
642838
2861
341754
421741
538561
49720
926467
333662
557382
407063
70590
119180
752688
522730
807790
5425
964292
852087
447781
481888
419387
86581
95811
138121
662022
813899
967999
311290
333084
478866
222601
67836
24840
225250
564595
856534
29734
813926
968808
287863
723601
288436
281778
794354
20021
896954
138277
743838
477728
542036
442440
80458
115603
505125
744586
742111
720042
597013
976344
700202
887299
583553
591459
165209
552420
426336
966814
94496
415117
780381
720458
409617
738853
221729
728588
358857
185425
239467
967081
353522
803142
677236
795054
855999
227620
854250
153009
651929
498236
946457
470842
246996
351231
258250
108353
565730
15300
863010
643603
899849
935891
16755
376982
26041
666679
427306
444787
910167
773478
489020
149984
456487
988783
397075
464217
708039
153795
307596
725630
483477
242560
905713
683761
878518
215576
363951
660349
469907
208143
648185
885028
299583
529947
792390
54497
641697
450350
560743
834225
216409
525071
889512
899620
431443
315771
172234
629602
779066
857680
777858
317808
495046
710812
892391
336240
32005
734999
444226
558237
464135
466698
711539
833441
785530
50009
591123
440245
253683
611416
918778
496574
424336
133166
20210
354044
244013
77774
122539
531499
518378
195988
229091
12626
103070
512836
406262
521427
401014
570761
543588
948689
33568
609049
470310
756990
857780
271690
661482
898361
798696
352119
200041
477338
174672
584479
145613
275063
301287
822083
552728
359428
880860
216056
572025
396270
615620
185928
955384
522120
221433
529090
333766
481968
967493
859147
64032
649223
890982
703330
923349
598
342803
791444
768087
716343
218886
54855
682971
282727
312941
775964
184257
513528
685177
970099
547039
757452
590614
639927
624859
161225
833358
955565
824504
896214
38849
751658
970363
842457
737688
108695
798478
242373
91729
617666
182626
440153
391553
785615
951358
264238
92406
134213
735264
935827
596496
815462
787069
50608
439506
852772
50798
568934
411860
986555
754966
909273
506765
77818
921123
219672
406256
341730
717399
24291
726007
649434
990198
990427
152571
97691
676654
630563
529337
126651
842910
638929
823444
630054
843744
560707
155985
467892
148852
116091
339424
550170
980246
507160
90889
651679
32707
309562
614985
588042
270596
617670
154639
853844
377240
290067
192707
978252
565463
990531
11013
520471
372415
146607
215657
16761
338129
818547
800166
105828
536074
988950
951730
537761
101703
168804
930022
45431
794138
260117
520773
493486
688003
249093
324169
435376
71726
991199
750413
958823
136093
285510
656901
843680
892619
153613
850056
305596
512948
773726
477010
730147
394459
836340
638668
661142
626791
174745
667382
768052
364114
735211
882940
371862
871956
295084
449428
901550
203016
729422
234276
731350
803821
59108
952164
388524
399165
62092
508643
226780
803560
269374
600289
940782
258239
119623
590653
864749
668019
904462
381609
289439
780223
696043
867330
860201
667040
412505
342394
724605
44177
714666
14916
816855
33985
314455
924110
754096
828302
612221
710408
983509
185529
41431
702533
190613
345530
15618
926843
126087
896294
143989
436053
59964
679685
243760
376609
96327
740831
798419
831829
32202
867846
346467
648542
546608
860227
232242
930195
950179
418561
437271
920821
627226
269621
245237
528356
328875
385989
790857
841280
980274
841469
694046
763364
621120
814341
156382
889198
456373
900641
738156
632034
282522
152518
823838
931643
46980
449950
475005
651405
871434
33178
113252
85590
65689
218082
764175
610835
329836
362451
42190
276780
582214
737948
85683
117998
417891
828743
891771
320043
37740
925354
965827
59564
521117
262908
667368
448577
275480
533981
284222
624334
658264
644323
221379
787026
879944
147376
335705
645279
577967
415102
360350
8966
563950
220465
642979
862498
708738
840216
155545
29269
785156
361546
472354
821271
407166
497694
115872
412758
204923
107275
31330
646936
438124
783769
585080
133030
62450
977933
675564
834267
830788
246435
806924
84685
717203
220348
424612
83526
445763
629070
930314
357571
264637
94025
258911
217645
629555
966938
729072
4787
605711
22527
421612
800783
232165
388082
509465
884690
681143
60997
257356
448208
573043
784976
847938
403454
411631
461439
748856
972472
466748
167507
649652
825600
370796
967140
927260
518860
664558
204606
606918
656225
700033
324262
207095
583426
651362
111135
694517
281078
261759
872219
321248
969866
97374
557620
983806
524221
264927
78076
14466
686027
470587
464460
964616
574096
169351
809485
173903
209809
925634
654904
769270
66240
496937
252876
519546
391655
929494
791736
480212
31665
747224
723780
864759
211878
489961
490317
633918
324447
923566
224211
519733
659226
711316
43382
906872
266412
873133
841827
961046
499605
950058
363543
684243
569018
375200
235029
735371
124103
317738
261791
919613
845118
278968
370796
753200
41035
388380
154061
773244
310548
423113
861403
706759
612845
937030
277100
377408
858589
482759
710792
75694
899029
121169
934270
659277
807648
494692
753833
940217
166533
776635
519533
351602
387157
425179
982003
918913
778891
715256
468122
593361
126503
52322
314567
740360
769435
133832
765359
966354
468473
630049
241068
348980
207857
249122
677895
916703
866157
392820
445816
805068
457213
773774
161031
286355
615444
805159
161609
289427
823875
284724
124138
97638
71409
659077
596205
871196
805913
360994
273411
115766
933286
683717
604160
99300
701408
539857
126481
248406
768841
729459
734229
931775
277471
341814
170785
87438
410932
748571
178695
472861
892426
974460
981094
899959
659215
6141
319586
884611
903817
301861
892019
91862
583644
360201
265813
60637
427454
110962
119390
469250
295639
318889
906863
622644
250112
25357
622513
849815
954242
658805
670000
418946
553313
309409
739783
609292
324536
343819
903806
982258
61034
72208
869292
591577
91891
560146
890897
165693
765042
704664
16733
965844
110458
795022
945481
495943
347014
407031
730872
595201
666408
635607
414251
806695
908100
168641
107698
527249
433594
909630
825262
137272
103444
478006
746021
765594
742374
61526
79543
889957
408734
367433
35384
500180
684401
336295
313761
787333
206846
326801
277813
29868
139239
722425
211096
775724
27948
207043
135474
77064
184084
664971
510448
454027
256222
747774
769133
587754
432183
196553
288268
824867
737655
390470
54249
359777
714194
45675
440081
781727
583684
197788
228585
791628
164759
679652
961584
853358
581854
630409
845300
315004
555884
563542
347334
777293
675516
610804
144203
861285
259376
469765
518505
95581
336020
910234
920115
14655
827959
600048
987654
391055
848615
439194
58291
588547
26897
592731
430509
222188
831839
257828
86712
823166
560206
124526
294290
957952
149045
307461
423457
433872
787841
469569
84821
460279
870708
423989
88122
477247
548682
530575
990909
13909
390053
402152
231065
534931
911037
19131
417477
920992
572488
953039
900217
777021
134449
694169
611757
596795
134951
801103
859068
595217
778144
215204
329459
561250
393709
294266
738456
960309
951506
740694
679969
519457
380874
9891
269121
633062
832185
204276
169794
121909
697189
13198
323701
804446
175591
899243
714254
377386
427207
213150
31458
409408
689507
753096
409020
114383
884869
940219
831523
530983
415422
772760
930200
10953
389302
745433
313792
146036
259687
589332
537426
150684
428853
846782
611984
310245
852494
917936
644049
610074
246277
806986
517873
167872
363284
555020
211561
724431
303371
786374
487771
97768
714280
665363
845041
802839
515818
390547
97974
160088
735429
804487
706141
817672
694280
480083
982005
717531
163653
609448
696701
387151
481922
421983
232620
711988
937920
952357
711145
49829
574146
332295
409850
340934
732714
472466
596970
475019
232508
899212
402043
653717
3348
558856
812826
19373
121013
86386
662937
223547
258518
357643
499774
400904
963663
258505
114736
829277
622997
872088
271148
238798
821356
263658
950456
676402
682883
23339
717472
491257
518796
417359
77918
980512
924170
627657
414844
308432
655671
652327
14830
897678
688978
922704
878014
847710
667421
374884
114538
137154
937333
398682
68468
537171
948157
710612
773738
643817
798109
659513
81108
739400
601060
66289
872227
936101
151122
640654
216908
674623
352594
690415
547801
394915
935345
682209
211159
363786
437691
403737
573440
811947
632937
947747
109612
704250
638339
848990
38314
544208
13735
107025
829792
73751
880950
446250
508820
565768
274470
455038
836591
554434
354346
536075
929332
54687
69905
122957
480378
28298
523327
710268
88010
111475
21921
287632
579402
180923
544973
946417
101413
970011
361786
523887
407633
880765
331270
623534
839850
751953
729864
199711
964942
708934
405283
764413
404858
637531
33265
852822
411143
958433
935514
77031
404810
451833
263404
639527
317948
605590
105216
660263
604519
595723
217526
416789
517469
49124
317466
424501
398702
510055
453526
910999
107043
653835
19241
169587
307615
32605
696854
511108
416863
831941
941859
810669
312887
767223
332127
526868
692722
686414
734898
784945
225741
420268
806398
451084
57584
494104
85649
483753
81270
158848
82883
53995
8815
599194
192138
787744
119555
672950
385640
344951
392521
733046
38811
314223
129117
586281
632581
104076
787023
377777
261167
187104
507978
853998
361296
168846
120654
722981
202341
481452
746858
284000
20080
448195
848427
390641
941998
360751
826199
347393
79761
537656
649304
272192
969848
764099
471460
240494
236910
813092
365099
384062
805656
601309
984934
968382
880158
507831
157800
368162
698878
540013
49665
681287
387865
76179
229043
241340
187016
953779
36801
807542
526993
243693
385892
926876
131190
420308
104223
973212
461512
772485
807688
755230
948379
866026
532106
642921
945456
393448
704329
889191
25074
135151
262767
830671
542079
112602
564775
323822
113342
377358
154042
466390
356490
679807
833045
147365
193913
838369
703514
175902
4335
216229
413894
240568
135423
553890
813215
283623
85569
210729
858961
525638
867591
878814
496372
189894
442128
339495
372582
553967
696812
202124
377764
351487
815483
711469
115491
28838
885281
265151
304642
388081
813269
84331
104733
305090
852035
280743
55986
239888
129124
295697
704193
294243
94196
442708
45013
626122
328098
332059
448745
394129
635728
571501
907700
147339
571899
327020
281661
514467
465744
52155
684402
459310
751911
970546
390810
722725
368820
400457
952613
615236
361954
656675
793780
314110
476835
192253
640509
693309
514639
654145
419118
329318
210798
601956
99199
239100
827045
974250
840937
406949
790744
403522
462689
368629
954474
872861
737104
22080
364556
860469
973234
358422
421238
121507
875055
122649
878496
215199
507895
10661
195721
425851
806506
895129
390336
252498
621829
271604
314434
295591
197969
499624
327758
771000
65556
615343
552947
610898
289420
190641
426126
91139
198905
459965
457675
925193
731508
888836
871356
785757
583310
763384
992118
686079
645500
230697
848425
457553
561434
817678
827363
760681
85773
79992
701734
289718
730105
38170
637363
477796
1767
305392
101589
98424
654110
588162
204960
918087
402720
727733
157730
24392
533015
848915
280883
406921
108494
695096
907826
839789
652999
766825
965869
762058
623905
23412
72335
897230
594518
749312
794185
715028
919884
741917
690759
628342
780514
381654
600645
540805
485543
62565
551768
834393
213563
649022
597542
352094
26160
110104
656495
388500
115379
700575
3895
844802
920536
724742
467798
384124
827656
305379
151482
761736
736701
226175
166132
881948
582249
320063
596587
369446
447838
688647
867017
483408
102554
937597
136305
345974
591605
408263
338039
919024
398570
455145
775957
722088
50824
688340
398722
881489
529477
350996
385649
680715
349677
904456
534197
664316
776214
684029
236882
288095
623300
86037
944990
726020
674193
245189
356049
352758
865616
217015
517278
970440
930596
80200
220767
854734
458274
124111
19649
894944
889465
578565
26742
589906
876209
589566
781343
632688
163209
144760
33440
707261
9850
799568
933359
501714
455572
55648
207656
483981
412806
189386
889172
83684
736639
239088
401346
323947
20280
915603
146464
351724
983649
70793
744650
929078
119988
496807
20821
877109
946466
413482
143619
885349
545628
523525
419418
49050
411567
860029
456758
894338
798675
799262
533603
877904
898921
501534
719499
34582
178322
746403
838232
249328
427840
145019
716887
646191
326875
987434
109681
814014
804691
362569
876698
485531
921132
623234
46128
694752
312411
795505
533157
246360
853934
976351
964698
591970
782738
776645
286161
862074
592530
60975
276237
864457
807328
28574
415795
250290
495926
311127
499338
812218
102296
399524
330292
669871
910386
859557
788481
194186
375085
43293
271620
771585
499899
929310
849477
709851
430056
91698
323279
268515
467355
44480
459687
885582
969627
456309
962873
586299
836899
902182
895133
152818
619190
224381
4554
443379
474593
758774
212093
52712
602983
161044
634501
192087
378818
466196
695855
423828
810357
792519
171852
57767
841947
601884
666993
327424
238405
870860
413498
560828
5482
141391
850248
145956
43718
21741
576939
574796
460445
435578
474161
214880
596261
735232
967940
439010
378395
510571
493877
305438
935192
500774
363300
83753
422437
156513
501030
408555
133581
46945
486356
269336
813312
79831
738767
261434
77961
718019
5169
586479
173295
469199
733761
196803
277801
500996
572179
935984
129374
584026
574631
278403
643405
531680
232030
158095
316495
943749
219311
92040
123871
367930
831212
182438
160603
623129
485340
531960
14279
127867
550600
281361
350686
811458
605930
59469
728361
770821
876810
729123
759946
364549
638698
774481
639226
224355
53769
991829
73788
628635
282159
63745
516931
788225
539933
362264
880556
830855
276728
162889
55797
928954
507842
484846
640925
161216
123332
549994
175266
603624
194207
758966
667449
854373
707389
581512
945237
771525
838593
556261
5120
951136
142633
167077
708219
9755
721851
276395
35802
870903
281326
602509
138797
354949
948789
430146
598792
24710
352767
336351
910044
203654
313029
896588
276119
676715
529380
885489
382712
69466
925102
337697
906697
571653
504983
306264
57480
34228
595439
96052
812984
411349
128151
408150
548408
723463
494300
26660
664997
215025
415473
379191
294155
711855
726753
6477
987396
796770
90253
468482
936103
5110
770327
34414
346566
210391
252558
669079
925458
438219
260722
855894
252481
375616
320140
961282
77639
617023
542346
440143
934917
800366
633695
771154
550009
383848
252106
281181
636178
566007
2054
41655
696875
383023
699024
138810
530777
503518
145360
284633
819316
716176
669413
209160
974789
52969
398753
26401
84610
967237
37010
909116
90754
532282
127038
481812
554223
543650
402842
960141
824339
396854
334185
303064
647530
533835
152740
254355
39745
219969
656657
764090
237368
347587
292728
145566
230850
891181
92707
266018
855406
376776
415777
253195
229582
640922
544149
720399
375114
716410
465023
958579
807241
567222
955341
557614
384164
712776
271752
684944
124420
726997
135342
446189
370429
668228
30373
409277
744739
202805
51130
616127
718107
392816
17147
541697
591376
830267
281537
781871
972274
121748
180231
677035
961185
876144
772381
565889
658208
684281
695890
789089
226472
433872
92628
718212
700868
301630
558290
403660
675357
758165
372843
475749
731279
917031
119846
691750
327936
799626
289192
116843
140816
625152
888746
391325
991548
758704
854411
360322
696273
706419
734709
762739
474031
420168
625738
71150
788403
432549
969978
561307
816139
83560
253558
439273
306106
824353
942286
812885
806330
926374
34785
316757
9647
808790
172459
211886
132865
355778
164851
852609
498014
578238
739600
450831
210711
352504
609287
935945
376074
424619
881166
339264
758886
288811
744319
381947
288161
24004
612739
858772
277287
463565
480998
574379
978734
682210
151066
450785
281317
532470
177072
764616
469468
156519
775042
360389
308392
184788
340826
797206
942177
315417
200130
406402
573040
769282
808955
966420
306858
907747
719549
68290
4367
430684
538392
485894
609236
477187
928035
343715
948767
286123
520821
109317
908799
459993
527797
416789
258266
181661
31318
379814
494570
606513
742671
982652
770389
417072
34894
790461
638186
771528
843007
214296
864323
204385
141832
30795
117493
704448
693295
463433
174692
846892
216660
663671
425081
834498
890014
660145
852474
941848
391293
847942
916455
573178
114377
804937
234873
115234
283998
277313
662183
151457
373466
359821
830881
298364
16028
224625
806342
79932
647948
945624
952859
527812
132580
344959
590617
714067
34282
417501
431253
954079
106566
890565
761997
585008
45376
222214
954649
924130
516414
938203
379241
663102
288965
200270
144281
821353
977096
181936
200366
298966
445014
499370
752691
921552
732090
605497
636326
559251
984798
633228
869904
331053
583966
530857
62349
876239
710151
431468
215540
685661
594573
161988
944749
568732
100068
961006
638691
582507
719924
567235
56139
797557
600180
312927
329897
757975
185889
92274
619847
321493
496615
229603
45238
19107
547016
676145
181669
404027
648556
613514
112326
216449
601449
560493
759361
395032
609870
551543
419657
147619
920554
95780
337361
262012
706189
929457
345170
293266
395499
667714
659726
826098
545499
4097
855690
578194
649148
499320
169021
239110
820242
445822
140447
450158
420767
403863
422498
537879
603384
717052
612808
236469
750693
458040
342225
466195
977944
133260
932289
148368
749833
519222
874750
817139
49386
991289
214559
737674
695121
695309
194276
932428
90252
626002
914350
507660
493649
233436
295816
536310
794884
456327
594578
610546
863810
201692
695068
510509
16609
69615
461402
901184
376501
712440
927888
46221
558124
339912
575836
551396
903193
940794
289272
212786
116040
295676
708212
190753
292958
953365
2952
761049
202009
119591
193692
614197
343540
609536
274827
559920
770531
478639
964821
906717
75838
253032
298426
82419
25580
713447
510176
828187
300322
652484
979213
832924
343332
91497
295470
304505
258413
589389
404872
576194
820659
164748
769419
314200
673692
11745
542034
136289
956185
885970
242949
585235
698522
357107
633238
777773
88980
595264
861154
920102
112880
256667
931221
151489
81556
32165
131075
665495
87995
319979
149969
322295
212625
581157
695500
865040
658939
304923
582748
352061
133349
708910
92289
823511
885743
818816
147266
774314
638984
548187
179936
230640
370536
366579
536328
33713
935181
616884
550020
480809
323136
233595
418871
579268
151540
935022
728669
845846
281239
60227
403444
231422
419900
670951
203461
985661
93175
850669
477151
651740
897810
520339
560268
700661
630192
706588
916774
860179
157160
924096
795555
10368
449344
583103
189554
310062
856949
305949
205634
92895
817033
972848
947893
195938
824519
571056
448339
4858
460288
930295
261425
639628
247065
813362
156999
207444
939196
16906
543670
593336
695055
684542
557161
260588
391765
677326
141025
89488
261234
703943
273431
70813
270073
787510
620326
597162
417869
253180
182243
951316
335432
927834
526178
951991
489970
459582
534447
401114
608778
531769
366524
565061
755844
931376
531440
150994
968656
853205
325422
948796
45963
318331
207877
67654
708410
185756
614066
145736
79657
840100
332460
40666
532795
829619
708833
545817
683815
434083
791840
813228
775033
73578
354382
641000
423632
880846
240900
300056
932863
228667
674775
536855
20427
500406
356875
180983
557234
439017
989214
226779
666671
93785
50029
242520
287942
841570
708354
601926
213500
963359
413166
845738
609612
282259
206417
860413
735995
579748
395020
350220
751898
429444
659477
868437
200920
565251
357500
972511
641468
5524
504030
919271
562123
616114
212352
674882
10883
446321
470235
893187
516301
673637
827813
205256
107145
241355
342323
629981
392940
140862
691005
2758
772767
275353
789267
933541
225609
8460
340430
849188
407355
600609
357632
638633
266125
501830
947876
686568
403127
86964
165643
74153
533959
113236
214125
886645
193611
904237
557370
262685
5919
860221
643155
985718
708999
514146
99686
129654
208431
854280
192231
907530
349201
333258
410891
50970
204176
108937
638356
579656
339295
983653
810277
734272
468015
760064
625598
779931
78867
137327
381495
945349
906376
608604
725849
455512
736249
909043
233333
640106
93942
767070
386209
847612
396073
413204
848045
854226
674019
951891
464540
980976
102911
187080
170625
27268
518153
109817
643731
471297
885242
495612
242500
189767
419642
436250
949752
267817
863187
89524
426646
889496
117877
732437
311590
256455
624010
444070
989655
703949
227428
470222
936940
620890
202875
585564
204898
349937
701754
781877
85026
843279
53367
935042
354235
371150
988443
721301
523764
650106
137262
133902
798906
768751
444633
766478
596470
125955
852313
585210
822419
195729
256353
65829
243632
80335
969519
16402
276734
183391
93094
636289
120005
885822
278462
267551
524695
477359
156131
473350
446465
856759
919770
59877
377496
318083
58289
948130
716423
152330
789614
277667
420511
504167
626940
269803
831960
619515
912754
258888
721970
693557
443228
635586
539203
442796
782225
368556
602073
413371
576891
382157
743790
745082
961535
790767
649195
955642
526848
59079
50467
646052
106245
958943
879260
251838
314148
753399
350970
701047
220806
867445
315311
197753
889915
220349
871977
927966
279606
987318
717378
820008
195693
726208
938396
412142
577235
828813
231311
840294
497820
842846
649360
257089
369786
491967
879938
398255
153153
608886
740145
563479
940135
342359
775472
963567
361294
82093
739955
287988
813286
962430
389049
293066
459020
245762
761474
573575
101925
413118
129235
937973
369012
769567
460920
219883
393801
770643
354425
701740
743596
95914
524435
818190
208552
683431
968440
455759
583359
835718
975754
521826
448766
663075
371766
339493
20978
466183
472605
272920
246037
719762
219702
56795
603102
87139
25643
326587
439265
401212
626844
134607
614704
523256
26761
955922
744986
183387
578180
539524
68289
598705
749284
942326
863951
145298
848934
775157
123243
989250
903836
60725
511109
643217
487763
852228
39623
278023
370092
763214
245139
188259
155520
49626
597029
975757
370789
57243
607741
907994
533587
74315
539729
455849
815970
419734
722686
53582
853954
64507
702791
360723
147641
821315
527053
154022
257923
161069
250090
382026
44923
989259
713871
794962
888438
127289
196029
167334
628930
962445
616791
12816
463180
247471
184394
687846
623768
248345
409629
773249
947690
818138
491686
41468
934906
541275
110846
838211
555402
14730
571975
768652
408540
808156
713399
200124
923437
485082
920080
705299
203479
542463
937313
909036
753182
210200
191225
582852
828396
703857
765145
418296
975231
525229
182446
770501
701745
322698
244533
798537
748532
42308
712566
803901
883195
777292
637987
328866
686918
855879
523435
911113
808828
586176
308811
415283
784077
937265
129318
542254
158811
677037
793632
701375
660280
769115
107605
784573
964091
641369
802067
126213
355321
288162
320928
271213
557861
162522
890695
645463
749779
669395
782706
966643
944860
478724
594429
13806
302461
893705
687801
4224
720027
980855
960641
488925
58415
600220
254300
268252
483129
430314
301449
643898
961045
523485
442360
717243
202677
748026
937885
878589
806265
635672
921352
798022
232081
955995
899982
726416
775965
923804
104330
253840
747041
532510
257170
553554
173708
549242
22586
799746
487883
863474
537296
884161
738302
201895
539746
90713
942666
231587
495286
637424
134053
619919
348296
549821
864388
560341
621766
448567
305826
951007
497852
756594
755798
687424
171942
457358
883132
313940
326001
221657
724397
707875
37275
635544
23196
587322
594566
467376
28914
428850
237945
671817
106296
974784
554676
769853
695439
423868
289883
185269
75083
604515
587969
715549
399761
872412
23736
77738
213877
682405
18923
674160
182244
179608
738211
486197
191668
938904
213935
921693
123205
678274
111917
698067
361944
324432
108065
802796
931525
106570
704163
360656
561027
835217
458611
630925
133694
652810
351184
519567
641238
205870
567039
11754
746400
137397
288531
106716
278795
637588
298681
551394
370550
419408
267110
806940
559789
95121
73364
680790
923107
863694
896463
907454
904627
266865
64001
961856
193064
29289
721346
452917
133875
756717
421421
623442
902196
321275
925112
781031
654181
369337
886231
625698
50586
255506
402688
533542
261620
327661
649001
65067
617726
349319
302490
286701
327819
320786
193997
325665
656991
903635
87713
562697
20705
526446
364773
765045
842425
612148
119231
307025
538286
725510
573126
145408
72862
707367
149065
48800
811189
905241
455089
489800
469776
9143
252532
178553
194287
853617
618285
906067
597798
505581
134263
790926
420766
721164
842323
47334
965750
87406
391392
540439
552670
551007
981549
415072
129642
374551
18814
982972
220920
730559
70098
355212
413005
930857
253770
317259
609957
117631
116195
495104
706427
172497
787923
284771
745948
759393
841148
927529
729025
961440
240699
677451
419018
906724
312473
804561
313337
828064
393746
726921
660167
643501
653149
682787
618073
271692
427143
954939
503870
651109
150139
24265
670188
746702
188598
337407
200767
962155
656960
930566
254095
911775
397671
89413
990867
284214
153458
285286
473307
800578
163466
718351
70401
664644
95508
681141
865350
115258
536369
915860
905014
780443
512487
843686
50045
65811
207355
285649
853830
260267
381183
349720
93768
228981
585162
227853
285611
808878
437638
339816
840025
129855
321186
485048
191590
95934
327151
725058
798162
438807
809941
457940
38186
417871
454002
897756
677338
900050
287747
134692
475038
986272
493859
989945
473926
602780
206778
475802
903010
518410
430929
343218
647980
256211
537073
494782
815716
759674
692257
581447
397262
777266
377203
872842
365152
963251
303431
612212
247963
362437
626800
727263
847381
396811
741398
803006
346570
176903
604214
116247
752009
573167
32078
14508
110263
908347
695524
865400
512125
496571
626710
172833
136067
617188
512881
785512
658922
762819
33820
583923
264231
818088
440534
887920
429610
206161
901764
723541
656176
989300
280552
582128
276449
131797
561283
74948
217596
137389
210978
345324
742161
450697
608475
452639
684895
32411
648655
369839
273466
555807
350480
792935
952772
771736
231337
235207
546455
762052
159852
181423
710862
676894
616408
873327
498357
286331
795595
450421
895694
510112
117905
291210
30002
457190
174427
583473
213037
312044
278221
389627
492106
111071
524927
116088
649370
336815
553937
30431
787514
290021
945628
969857
27552
108621
974475
559465
929368
487959
947537
676804
711207
80562
707857
567495
558841
897615
527606
347548
209236
501284
231889
959134
632922
603258
865243
409199
831152
575153
282156
697193
595594
124951
382772
92693
331896
551893
284846
484334
321706
876343
874314
301617
748072
168504
684482
832683
784104
159833
247445
52716
682135
542766
158480
616542
711514
864654
814483
894162
888514
555029
640266
41801
828502
972985
790835
916700
299844
404531
836880
850994
846491
947988
329189
857424
949838
742988
986707
184085
820543
811920
716405
431247
758485
10330
554991
563943
448766
739246
301752
261344
278291
176721
477280
537949
474819
787202
891593
496572
9580
475607
198248
428462
539915
749970
447821
158082
661072
277559
529383
863079
277975
779460
16143
693470
898538
100986
929296
45392
106278
914234
862135
148200
654172
93047
974595
222001
252633
371284
197963
976434
114347
638224
483183
714242
987610
608809
399476
591834
904295
874189
95072
327715
940415
939983
553097
563103
664875
541313
666464
249060
219105
50492
61774
144691
401786
14770
541845
865698
825881
809191
443983
125923
426969
633469
876937
492073
847138
374679
405399
116869
861195
279612
676762
782969
748007
96335
61419
197060
496471
310451
640269
325407
675503
27327
105132
649543
591511
114522
487722
114574
656367
61895
929458
561022
73293
845163
670420
821583
405848
27626
360622
268576
648854
835757
715882
541584
605130
785422
657984
263488
392511
771944
171869
394155
675312
728669
160886
277101
114770
489841
327825
422875
575775
982162
9481
269243
165380
733600
969893
289492
765629
321784
887604
861560
701147
90194
590915
242879
109595
739228
820159
730233
811352
597012
859198
816330
632502
587429
569783
600356
110996
578798
446477
324602
938684
941109
154157
458068
299835
9170
979247
368700
803397
228215
746541
619244
18914
234515
24317
578481
227243
884844
893595
192485
830539
977114
290945
233837
870635
421410
548184
40818
419628
790934
635489
503125
956002
441388
7957
63010
791981
43613
288751
848954
862143
595959
460171
801427
542322
292829
93720
643063
985430
157518
139002
261966
593630
76436
764500
286794
569219
765520
155518
177832
820398
415053
965791
528697
14922
659651
79715
900353
146682
496206
73717
480491
744139
594873
791551
38963
66395
552914
29426
948440
181767
16881
939164
923187
381847
807926
28814
524393
351656
284828
155067
626048
92730
771714
475726
93248
296218
742541
349115
477892
877768
785784
45316
940159
787915
711127
93060
307697
737138
418036
405745
72996
463904
446545
648127
336585
718120
647165
464968
292515
662833
969089
98344
881812
485489
821901
5959
267705
163539
37137
694740
934385
376250
388885
817489
533899
585690
946701
517534
905416
922137
674116
37481
357722
582513
915787
983757
176567
691228
889115
301234
820109
565761
778551
843638
93083
518918
838165
793317
49704
839118
764344
867866
794084
917412
265338
313375
184846
896026
400084
302615
462187
971241
239615
59786
611425
54925
709000
543770
949935
884426
641317
5396
444164
708383
970308
845541
146430
861797
493077
927016
322775
763065
748765
164738
295043
813135
871622
171254
320376
609525
816270
876932
721109
226319
208231
607282
911586
710727
508154
211503
576605
576062
822055
22756
275394
245650
589004
86080
643806
979722
44927
850101
347832
759195
729189
246932
574434
182072
711597
237430
959322
26588
521922
963209
885021
554143
421632
889742
392092
431391
422786
133220
534136
30508
182041
661763
516551
697062
853975
974149
832141
443022
441327
75385
113041
333582
491884
449350
164895
917471
856935
930439
27231
443113
974549
399042
2548
793500
521784
927690
527816
691847
179855
926930
165498
520129
545989
714060
821167
238636
802121
77294
601977
469355
477267
362558
83781
296890
757988
543686
109358
553276
109649
585935
557803
577471
475896
666415
359633
204392
544240
177468
390680
330369
708017
556604
638938
865679
259719
656921
170444
473927
807184
142324
846452
239801
125203
452066
857517
291598
391375
872474
461512
386300
284377
425035
102103
838261
180483
482212
209368
941179
445655
390791
165044
799194
408235
236657
585886
911631
594263
332376
914942
833757
222833
276586
892745
255278
536883
496394
4183
141492
938589
186089
588
524782
246790
459495
718586
22224
866198
690379
648450
747237
679113
670150
891059
201832
886660
260251
949006
512811
407430
336307
707521
310238
646898
912127
110516
290076
636402
82054
206860
229342
573734
287354
532035
472917
171922
777737
755198
88220
190461
843511
428738
453503
783318
205785
105920
591846
447206
773235
422055
864313
739010
56166
891024
787257
464253
466550
769880
897423
219813
591185
243436
522511
911269
421712
3623
667717
741698
986093
843581
775158
880152
516283
966035
593687
495095
133676
791321
754574
194106
923132
807588
798368
785344
508897
559101
323634
804981
898377
777727
599018
155523
949836
537682
33873
574972
155783
354417
492231
426449
364587
652949
525680
330347
793135
187464
653853
978930
826048
854720
780230
551456
489201
615542
330679
56506
371920
518710
765460
255625
224516
23427
153722
861221
809967
586275
878726
564646
530572
173679
103247
702154
26415
480070
617376
640369
83775
896087
656300
537933
11219
888339
84934
832454
904709
974015
172422
92964
392796
989584
132211
503019
723319
500283
403823
55025
221106
259178
789609
463499
18363
970945
732974
276548
963686
890530
743123
818455
390496
664599
687809
947857
220224
409671
14544
130219
14285
554289
518446
299933
629668
307120
602421
334523
594302
514390
590432
914859
104939
252826
832532
115321
619548
70017
516998
599175
894733
973745
64593
68629
235618
859569
70267
59242
828375
353875
787165
710399
845700
759995
620532
236800
847720
145760
869395
572480
747325
171810
384707
988766
689048
363847
663690
84156
618457
577707
608713
38868
816064
744511
589839
64185
559457
149837
65513
223950
372156
537080
48075
776469
810963
259704
515779
890502
130796
82843
296211
281242
830121
255331
193025
796736
932126
472052
659696
709612
848148
97412
467093
820897
706416
607560
346428
175902
919965
991782
415976
622800
304157
516669
969095
889852
376449
670423
598161
11753
943344
901033
56122
292458
583134
227369
763254
578778
439543
682736
586844
913635
735677
549641
327127
372990
896166
87540
751930
132300
76461
345788
984799
352483
840897
486188
928845
277799
869960
180612
301693
968137
31414
637734
74042
959880
138086
568777
500166
715212
224671
772707
888761
892977
419453
830008
793071
647643
799505
688188
328570
315709
874197
530488
130421
942322
156944
163630
522429
258212
336374
280454
513640
549760
573822
319676
653357
785112
61881
531419
234107
203075
811303
688083
324495
984413
619616
190920
969425
673555
420867
354724
97254
761691
165944
677868
714823
469759
533125
658244
475956
529412
446863
225710
387367
853158
129125
689258
105634
118188
146467
210494
492482
684309
567160
939115
305886
416384
729714
941256
421619
128502
264940
708733
902732
84983
729915
641910
845349
411025
761637
655597
398487
687713
185772
496505
11413
848532
220536
981589
907154
511269
116173
658320
278688
834973
103620
611825
259820
838254
584634
873166
331184
973750
47049
979196
809430
787589
240963
236980
971205
455631
682989
73170
440325
712809
794114
72271
776667
183947
975708
972727
754069
939442
696210
596554
322110
883589
64321
146846
538937
297927
839015
922167
764209
471098
648216
114432
710320
597575
772550
507836
509649
694505
497898
951762
251883
218652
568398
838517
33853
107738
215758
962588
853717
234022
196493
750524
323732
137390
966946
981359
619924
855981
65468
508898
960241
328925
793858
263763
104318
920467
506997
883831
844107
253039
951846
700562
936781
957926
190512
686103
811370
759182
549081
737077
255097
26312
288079
138467
789786
697648
407672
66459
543319
232757
499300
926662
929103
505122
265449
557363
847377
462120
696694
966208
893056
419926
540163
841249
843594
127790
563758
556347
799833
406277
676455
842201
210709
916894
481264
539547
107177
729363
869490
160844
291903
686213
417328
316067
330145
931183
435947
273335
897058
137222
905191
804099
570951
544106
940381
580882
663765
398061
408268
558529
105193
198056
384173
425244
598581
370676
951602
552862
315429
278376
98084
267940
829397
189270
736203
181590
633445
795197
616982
845101
989055
965960
204771
689202
190863
558497
544250
937643
348062
201982
680646
83778
952605
85711
296006
434434
725646
272619
287346
838834
841113
348486
148959
531009
232287
322409
333082
227928
297289
173101
740623
819025
338711
5370
459341
661837
314916
921721
697804
906134
84321
336447
239793
307317
653725
299218
988355
99417
468154
93101
884941
53685
269443
54010
158057
95321
955958
784585
223580
605887
159153
845705
810018
383041
205608
23847
293545
617680
646893
410568
448771
40274
838381
184007
903336
214728
239104
750253
857663
237610
553452
672691
746846
542013
966412
961512
537706
125943
50924
797188
849590
187153
648209
59680
832294
58608
589958
726822
992218
888198
778029
424031
49440
671481
201616
437677
539987
103842
818107
951522
541204
692079
812276
747346
975107
981638
401292
755545
848283
741007
303179
867298
521840
442242
649649
634267
171617
980151
634638
245443
530654
436501
32730
769613
38620
906592
405215
244495
204619
63479
898638
336702
923134
726188
439334
163583
858345
927761
66912
116263
140218
171422
231541
892857
907672
289109
165228
31449
378494
358525
630451
716102
446657
885443
697001
204557
491044
183930
708924
278978
58860
581145
877367
982200
331300
229037
894019
608439
464444
650312
926829
818826
569499
413501
557844
939325
872353
226975
92957
213659
707349
111624
853734
756690
651612
583363
901721
362525
187296
735736
461179
188640
294889
75577
909693
511198
109838
170861
905294
686072
87677
320813
660508
320171
489672
849688
987983
114753
502039
25697
621507
303135
412585
112042
470375
391005
85843
345905
664253
493948
914155
808277
99266
651883
434105
293286
862381
740872
91318
298189
24249
149804
544743
727925
667410
605729
796603
303413
939842
683418
403394
470240
49122
314610
33124
241202
97668
292768
562042
128510
565768
64091
57853
796642
412820
272205
455196
199110
377044
7064
528483
118451
977427
952521
650754
564308
510419
976104
879866
258404
427758
561412
655081
285896
752873
762203
69515
858092
186013
646652
483133
254837
55145
758389
813006
921675
913281
652333
854494
50736
57914
232143
650709
260828
698608
304229
929036
15704
345848
933636
754979
502483
789585
346733
142577
361369
710812
120074
856456
322124
795505
11695
660437
83239
546665
462943
929240
657872
294128
964312
961863
961342
253193
343689
692943
432094
228414
423331
696046
744124
265592
813365
127848
103013
720629
441376
144612
237020
668962
432287
293698
631351
364990
325164
176196
17759
89416
182733
462947
887444
751452
263958
351710
894715
369221
109762
425659
460497
126448
785940
403606
970449
891711
643794
209339
325074
99904
156602
873867
223809
203980
81225
194556
239010
488279
412762
248503
539232
461369
831749
908165
534843
989345
175567
234869
250674
254533
259326
461777
426429
814246
711776
339302
804879
265767
780754
909295
499165
907243
115489
295443
237986
397090
284618
86996
640866
755882
402402
188844
450255
363412
24243
478551
663953
666761
471504
175091
619755
324971
332134
826789
97668
537046
377457
743247
23824
96447
840733
770723
441405
548632
204386
957216
23067
318514
849771
652010
912317
45051
727174
219778
13601
728944
263595
830240
67340
245560
313403
250835
538628
101342
963657
111719
499717
135712
12515
274335
187652
212700
66764
206898
108497
309152
765468
336291
906844
536196
766652
479004
195898
645175
967831
302559
576104
529207
511704
606472
240106
730841
153860
733378
722245
387578
23442
621164
606957
765441
212638
498924
227526
955991
882889
163656
694179
935294
626431
351735
365822
844705
382296
789212
608806
121024
523597
589664
560085
123353
554040
508181
578653
199920
397629
807867
219817
866938
134870
266189
40562
636429
356874
517
416931
320431
425104
396541
577996
840377
716570
982724
754838
548502
380062
756868
12267
890322
906337
690483
116661
419532
516647
295124
726541
71595
645992
209793
626930
345232
325567
862999
499621
595848
919999
528546
364721
765517
17464
358379
251078
584220
699038
979643
610909
778621
747017
296230
286720
490661
627100
600024
182488
542601
44671
88266
864480
943182
174336
289010
115263
814926
577867
670975
592740
308926
282360
473790
946346
507281
368886
475920
543217
850842
687007
908551
515534
965468
675957
816401
524796
787665
479938
955352
306489
603643
401307
31944
162992
846279
385634
805211
309941
697537
250229
118033
162624
165839
347801
648975
139066
258510
830306
742140
904086
977764
534537
776999
590868
138873
30154
66369
229756
454848
444988
495934
644880
250942
474334
288417
405476
210301
439670
934816
952190
177676
142836
555108
902421
489437
490874
373018
477597
352648
564936
261263
979909
979504
20527
66684
740078
408816
81508
894526
769642
517146
787227
804734
61033
586617
519370
783283
335458
919744
563508
21100
39161
620259
215020
655760
211715
966146
657477
222667
606912
603083
281871
688608
491248
870711
363249
252455
903560
130053
16872
685597
625164
414706
195379
788330
372565
614323
851328
382170
450715
406976
694506
957920
458000
388555
990020
542856
625022
677420
454636
337598
128358
918540
478636
165273
236956
185504
671830
953083
445874
767794
954674
762932
679397
467529
440727
956203
320002
360686
798214
762795
576754
646753
587024
791618
174387
250150
320428
858368
92393
713957
208243
663428
145022
480106
418555
121631
430137
847599
384532
186567
718006
122298
875173
930792
98579
986575
758230
561187
192453
302334
258318
491137
457349
617333
582011
989092
218388
673097
944170
192977
141411
442391
340056
66494
917049
774792
606623
334870
636091
798018
871107
67942
565460
736115
658560
890716
174075
416698
189001
43687
421815
514394
989094
475243
418395
107066
209631
19889
535981
450206
892123
714463
504245
360186
402115
695259
298765
598262
368990
479252
439537
741905
471339
645028
724200
248998
707411
111095
94400
440626
9063
732357
923154
129186
929533
317212
896507
896933
204449
469770
513485
188915
340473
25605
55697
678864
243734
159663
603243
656808
491314
982208
461144
291432
719894
662097
263127
701546
531635
448549
469955
408667
710631
849923
403315
379088
139563
408273
496867
164906
365716
462607
976533
667202
214272
403067
124955
348080
162352
581503
842247
117432
698832
647003
754893
631057
48954
261384
893591
77231
848832
764495
257337
440740
461980
958843
447025
119006
940265
926589
60233
565856
42374
583549
112276
43721
576084
192381
687666
624942
181333
68224
529641
147114
410180
19915
491862
55500
221600
125561
490019
395044
955224
881106
73446
542250
578584
67267
112130
456578
337552
440811
500860
859394
965830
182580
269354
443502
457954
254648
542300
948643
727910
853025
51659
196623
424516
534593
290909
761251
117052
16880
784292
920021
556928
717982
421961
472805
378214
634902
597872
953293
133261
563780
192412
323066
431199
962950
467673
579712
54165
155843
43373
819437
253079
975537
721265
874355
445299
169793
778231
451250
941480
238430
589091
98506
193516
911962
364686
620468
960599
471784
37030
465164
161881
272790
421058
331610
702391
684744
829146
307986
370470
524528
294495
433271
272928
865890
484567
470582
64050
335827
589399
187156
56197
373022
222333
837525
9014
516290
601077
771009
265617
650945
345361
121110
130847
716005
56266
380960
773077
820610
505863
386462
853903
418283
471200
617652
670147
512287
212927
16098
640255
879003
658691
253761
170662
39497
856591
438006
853404
751031
565102
668763
831199
864472
767342
641091
163200
131828
816091
94611
544499
722631
515371
10640
249854
101792
801260
350580
127688
771444
923280
447454
937407
754866
684394
555676
318586
217217
106003
335237
230627
543296
865961
270704
873728
864054
427676
234154
302638
516783
371548
523479
212366
72318
127017
891380
913504
269331
543352
392571
216366
67000
723651
891689
714408
667696
665287
201168
285459
428398
861960
634366
570398
134603
840358
953856
945204
751874
477063
982376
324946
197430
811713
157441
959693
851011
778112
158366
744203
870990
31675
956338
635798
519728
949686
710519
479948
760329
525517
291966
704366
679019
756328
35319
544059
476841
250332
431094
919588
492643
594818
547604
671901
132930
630440
350834
26016
351802
560778
20112
956786
559059
631262
605358
51899
832602
282903
48461
318817
440672
379491
973941
440341
878871
873212
635618
803638
427254
63585
62828
447965
216229
412223
203821
291268
187015
205832
234702
491411
955784
54480
573759
684798
350822
234566
456368
90264
758246
511104
477748
75804
769663
432452
431386
144368
751602
499510
359463
11037
292654
108226
117888
345193
196855
187823
297966
62644
297000
20830
333988
532500
682749
513701
188134
376678
556787
433183
195024
82901
722337
25867
518583
264512
160010
952909
62531
483502
393869
538855
64154
963327
529382
612402
417385
914496
638009
801296
59989
525766
524046
972035
726761
818530
735299
512866
370186
93944
88995
270464
253359
399010
749874
394153
598138
691327
140465
693601
913480
846060
283726
866114
750602
859374
554724
286225
267706
925805
593143
300298
941853
504719
75277
124032
493139
803560
133524
552079
292572
881429
52925
205242
807221
501947
350229
764188
635559
581111
944610
600408
592460
832377
731420
80929
709284
363060
200590
771772
809033
182058
108385
51721
295994
794145
678166
915150
517867
486049
424966
838524
535107
621670
240774
427018
362758
591570
543822
300878
526449
571733
201794
784701
281832
207765
668240
120894
715524
878173
320513
623072
350490
419771
762666
219905
816837
243357
593195
839621
2523
65909
349036
853767
264872
314782
330466
848036
85337
128364
698561
88161
250111
796484
157533
497622
467481
511128
278031
440382
127348
196402
717957
780828
331816
692545
34378
174821
694317
415464
324092
495420
507326
983659
649588
229095
597834
677346
833138
361267
682368
288677
242198
444919
261165
455237
991199
278979
214547
235254
129650
696629
9671
191731
590492
959230
142266
417937
21442
976153
345280
615504
676336
514237
981051
624298
884474
405312
952204
270753
557418
674707
547056
131033
396414
873303
655391
891674
88096
894019
53280
731221
906319
919666
276708
180096
869712
488575
392691
835676
814013
49749
350201
9629
691359
686722
318934
262462
50473
632712
61862
697437
882068
739217
852123
276845
849730
667793
852540
61836
967327
857396
991505
849198
42792
723449
88913
594284
199214
539855
678470
190722
426001
286282
493259
815338
23135
703063
842484
276108
312417
899364
67114
483409
749543
419099
460738
544272
978565
530509
187506
148032
341238
44117
838033
729770
936507
513874
923114
255121
597292
237341
592619
623579
567894
323561
550588
376125
578528
268325
532470
400983
19793
35529
769695
686319
71754
481916
235436
689875
202499
102180
382760
460133
478234
162348
543265
235240
881748
129405
342144
267584
906978
357852
616911
576995
681922
732084
70631
317344
190690
977197
193161
4648
112114
598525
773777
106322
118095
585348
666029
138229
689320
947978
111349
862064
976209
281795
718632
636025
795416
381557
417777
354720
599458
942737
16159
560722
708825
906370
564667
989425
750588
134687
790345
691284
28647
729653
232773
713160
221580
555100
968022
467440
168701
18217
276265
344470
334357
247965
24811
700528
90282
686728
509567
721721
86362
479499
144759
418521
467677
611433
564967
182787
835731
526750
421777
230309
388791
595607
988099
799501
442021
24360
13631
343316
263869
660227
165128
381925
941359
635657
511441
752830
123967
4761
587620
588954
709392
832698
217926
429215
813348
639658
399921
114488
709390
280861
333312
447698
50643
227355
644950
311037
683018
376848
380455
77728
171662
22985
860955
748401
434344
532723
874589
274075
269180
471226
486140
784851
51684
826379
14730
468242
21656
922622
350185
637978
635591
77228
789535
989278
542233
328396
769466
227554
191383
333089
683943
819533
400923
527180
182963
321175
213622
244831
318962
223518
145443
485830
119182
695120
607109
878799
12863
147263
397009
548041
990098
741601
260431
909966
125289
863563
515354
151361
742621
222678
300272
265254
128246
744424
338113
321225
594441
262104
473233
379483
946946
313780
77259
798328
8353
501601
499268
600136
494527
686761
61167
971366
984681
235827
960521
813259
261249
914973
372224
796002
966123
313900
355864
415175
173707
143754
536510
672062
535949
468581
927549
707583
19521
931857
563451
173944
987752
558279
972570
620708
738675
620005
502172
421230
161495
111209
846574
712173
443806
386353
3272
389017
907168
39223
918924
258047
123440
742727
230838
305280
754294
809146
198918
817024
495164
38705
420973
832190
522892
775966
200890
721395
588619
330010
579836
359641
395694
679183
909054
808370
424390
931549
271935
819500
243053
541183
474975
75885
275783
893422
425037
174349
281237
254246
33849
13346
536057
224193
719614
990897
679620
532946
523955
644611
105018
547164
257462
815540
711528
243296
117104
837115
982158
424419
68254
457696
976416
248592
907448
463389
126460
916949
175050
271544
133815
424368
359367
555754
748310
923818
545330
377217
672961
257597
535446
619505
133317
159734
616036
897678
540203
471513
641816
648894
101931
510297
793356
741289
763081
149274
603438
207742
240647
281441
801539
526188
835071
394919
601516
343670
853306
340531
499013
397623
523945
499061
426323
973519
454326
364811
561781
277730
533968
319899
250060
686514
130175
859548
915227
299844
136906
717094
206805
72631
117454
795311
398282
788707
172041
293665
920706
288469
150275
600976
88707
453142
135154
306515
514975
349829
902541
596751
782080
378242
448599
552241
695579
195864
589488
278702
419207
657995
841159
628712
200241
423827
712784
195397
310329
793981
654314
166946
691230
418148
880455
111917
761887
304391
324623
65750
219520
683279
857859
887244
371281
253854
838911
661376
888122
520970
870533
186723
168125
962914
596739
978063
764031
926070
61044
430155
355243
181864
495084
943722
351263
810833
874225
797400
325242
178693
751981
421759
640947
822413
876496
977584
300771
695317
352727
381828
836315
954650
370126
912162
344651
922031
689474
686619
518539
632760
441178
565539
528171
173482
203443
343641
249060
52442
333470
338717
569189
955215
18262
128197
105448
159310
929608
551177
422576
318152
747131
264545
951244
173922
924468
652739
391454
989300
572854
716317
488994
963044
233193
597775
965056
46733
373248
510053
283927
221692
493829
294489
687170
271063
914173
33478
574264
677817
360311
541036
12243
968365
180175
902270
755654
226248
316844
411359
417006
857083
684349
412434
755444
157140
328736
501823
926380
249744
739445
142485
656243
640165
608436
316244
886157
481793
149079
765146
504388
548142
335421
675858
911274
512239
61391
952216
807990
742270
234129
337556
46497
274447
877169
254652
874470
224544
962267
441739
362705
518727
111772
30980
108997
925904
436467
467262
119822
260919
240837
414066
50531
814279
63873
800443
490109
979901
175299
253189
420870
673162
938841
140193
454658
421378
851726
332185
845603
644777
583970
189178
353399
259454
657294
714630
162139
108823
721439
991425
595194
324598
2483
412564
816695
161719
616371
569878
435753
866656
540353
101893
474147
319508
258607
438038
702293
572677
532320
414092
120452
159613
163393
249217
216334
627958
734756
167931
437300
837134
474822
908601
715167
702599
259974
205567
840512
419113
160082
908131
263537
496416
956142
326361
103435
470401
61314
992315
187457
229044
957432
275068
888581
988215
273386
204656
745851
134867
945420
11582
753767
889484
978206
35425
936581
246319
234553
718135
664592
457761
585387
643061
69778
215083
470292
799222
472941
4659
370459
668356
517515
83912
441403
437886
520198
90645
823230
658057
565152
304611
931836
704806
115924
324640
307532
463534
648699
525408
240257
65445
672928
736470
899455
74968
787664
384177
174244
398968
610908
705849
836741
197230
146177
944839
107726
79967
679860
518985
352386
651607
274342
498478
876545
147855
144284
439164
361262
204158
931608
330612
187753
624942
273408
293554
124280
216649
385754
943192
101411
343023
922022
236865
261020
312303
595205
893394
147387
458126
664548
440853
18239
418674
542988
7713
371585
576242
939130
924605
302809
609506
108701
394666
797744
729423
267513
259729
669182
36609
344471
198070
116960
358487
476458
157354
826252
337439
503105
682850
765193
667055
579034
845481
688369
88016
552688
526765
355146
291218
496559
679362
282862
644384
844539
126492
669493
195883
27574
638905
481205
938693
882711
319611
423628
921155
147531
236212
335678
728436
425972
616589
405940
973876
233955
521371
484741
281035
399787
563063
725449
669218
559006
799892
711776
741369
510778
84195
553463
177242
473139
703482
751865
919457
26706
179086
690340
468801
365172
17803
30650
153450
22557
762783
912106
615445
327812
109765
746860
564828
459397
523165
288552
908867
183047
250293
9390
845431
828116
629502
817116
804914
213951
933841
336844
71135
832991
562135
509405
335806
968512
442767
976410
661352
310828
876955
550493
40526
497289
488336
220005
931914
704036
896433
612999
485857
7219
922471
816136
199108
706357
392765
744558
32649
644988
510650
590060
360649
205436
980301
366848
646769
243668
900694
541662
398392
677910
217101
577908
854404
555359
137607
416203
464448
279737
284910
138448
406141
941229
442502
748459
532957
704410
138771
744972
522941
413166
14907
720384
798157
117197
749384
567385
66106
164649
296159
545981
188645
881958
735169
578086
302952
848977
11432
184766
408297
424350
205565
293821
505448
132580
827039
348593
138970
202229
792397
446082
539872
215303
551999
907860
77027
342172
574405
962081
101871
537370
103003
179614
835199
511825
951910
469732
449186
856727
92243
479508
891032
78275
775964
872659
683065
219860
373778
70222
38577
691859
335017
461331
847043
942911
379251
614490
23670
691080
554853
793413
141070
596304
666319
834109
453962
841637
755315
627496
290559
208651
401585
453214
452981
277218
252806
910725
843172
729847
182622
170401
26052
765772
51550
872643
29664
728011
224286
300325
1675
65278
683378
845570
837281
148222
774356
412855
523083
558394
123746
402143
537924
638325
972802
331319
746155
431793
743552
809106
215426
205629
431908
657154
851444
969801
825158
451685
233226
602902
690325
803185
247042
824897
933294
565852
345589
25217
924921
879123
737186
109383
78992
732048
77999
435030
682083
808569
979660
308328
114369
721306
800857
342171
375519
305508
762501
196474
302150
761569
123139
799841
753448
681717
595914
864747
172879
58420
602551
699686
674541
695605
179908
527537
696546
169271
81023
980156
605172
508781
388315
893976
601990
963740
201313
573057
28089
633464
260391
599077
155520
180112
158336
756436
156010
739022
377123
395346
147305
359772
432670
129826
688668
887978
653326
326038
333270
372495
46464
87325
702439
857143
666145
221677
752624
573603
140471
543312
687617
566249
362276
202965
439608
568983
195832
487580
440280
814340
897305
264249
104384
766267
660166
857119
984149
255509
397449
922428
382089
669207
785113
325539
959982
716561
74158
148919
716845
341765
495227
902967
425692
333234
678282
614875
879770
437690
215328
53584
565391
647799
848468
879880
383420
678128
324399
873886
5942
879776
282593
773022
944185
418767
538523
66652
880962
359316
588489
93117
426258
922304
146103
693497
370562
762579
481672
414836
491489
768989
289118
375240
227529
164810
922610
871597
909966
857870
171521
746525
412571
569548
904004
573261
776219
434170
973525
374642
979556
956600
811928
968872
564930
470218
116610
792184
584806
620809
666410
50690
487195
79268
607023
850993
175965
804322
298905
41043
587022
948072
310644
148389
87816
936288
810372
936473
936568
240058
69972
500817
184034
19137
697129
577534
49047
594462
432089
536895
257930
939050
223867
692817
605459
270272
581294
859363
780550
660784
722853
611370
226699
860782
776271
920836
773659
51599
652056
988883
610240
143269
673004
21362
537635
86655
505728
713508
239392
74064
140223
749447
460562
340602
198871
596311
38147
334760
883393
519775
485808
92795
232497
241869
598281
858523
120013
130587
928360
846717
41175
24292
411543
203622
457238
29731
951214
337847
457654
13278
604596
135760
279588
26600
431232
377996
539220
99953
841291
488109
828932
615179
883618
915227
57448
662158
708689
283049
839281
572736
572026
919996
315425
876647
602483
695676
326440
462779
195302
936344
129416
482832
202200
809015
248413
828800
43724
621332
93671
364599
360353
495550
896765
568537
824232
120762
35292
55467
673451
201805
458584
64044
834915
709113
609676
633680
977116
604557
295061
696455
72130
136017
932244
263097
984079
852393
989703
670302
159236
742453
822715
653254
483323
813005
132743
311575
136678
690799
487024
406607
68417
352892
74004
217607
300943
933607
781464
425562
332675
311241
768006
30158
357365
134951
832325
615630
919817
134973
472901
915773
918561
28663
90203
457936
962749
798967
481317
316492
378034
755789
463531
516064
680246
767883
765560
269510
807578
18470
162219
232346
130708
596283
838710
905682
673841
489120
138707
210613
536589
917224
4047
190388
919376
113256
77138
787860
206191
471230
308215
608081
521947
927383
698254
344553
688679
330444
78019
965432
18324
691657
710034
470476
651095
532619
704810
808149
616939
689338
59945
366156
448681
403565
636902
97629
227233
812243
301278
392758
389333
359187
419657
975855
217967
425448
112534
593480
900631
51841
507018
493538
437811
491389
763457
110835
157007
560289
475385
443396
658387
378694
102113
704223
215494
756883
158563
191589
110825
504273
628335
43770
37921
669217
520727
440101
923647
924329
501197
758417
449914
678968
432729
935730
139476
329265
658993
348038
266396
28423
368633
439320
598457
202021
696895
391884
248149
437654
545199
978545
199009
908861
241775
589660
606306
845330
443561
298093
302108
88447
597053
859860
809054
76263
725675
803145
257594
30725
904979
801300
777443
51157
58403
71540
404966
726633
534943
284746
188580
634847
733078
348484
109980
710032
829359
307349
983253
626800
614683
362247
849462
577272
109423
302203
135543
293296
774853
620158
339256
43160
117147
671539
770977
634368
330854
149912
31050
891965
224331
95504
712863
966543
610237
835920
389521
752508
239390
315121
109755
456787
190903
626114
73691
685731
709418
291896
963495
480718
219909
870400
378457
354606
473313
706447
297020
56566
905921
197330
899198
541905
154339
100990
964405
886495
306773
137508
878351
841628
297012
437562
120469
860053
167477
418542
172871
602380
655560
516784
757440
75884
531202
310410
732498
650115
180253
66396
426869
606920
520715
26389
801062
531773
55456
724431
104294
199682
85055
792942
585428
965252
332848
590482
948873
414261
243868
980915
187263
165464
439508
826122
756985
612824
763289
47688
328251
382023
156776
183135
166872
657190
794969
736952
32261
888736
487104
168628
137525
163406
95029
88308
812466
46646
400636
412603
388895
287507
15358
797593
599472
890404
217886
317533
728985
737940
124387
843467
423862
715703
26931
452900
202840
163145
58964
699385
757105
63393
612893
799707
518505
561491
597713
452116
902448
312704
226276
198541
310948
774821
713452
797753
475737
136452
220566
303097
648631
648802
433080
834910
367884
419074
41388
533361
532772
983230
51226
118822
557308
117842
428557
655054
512978
273121
781210
845659
628304
120847
87030
437650
841358
990234
855981
714545
364887
857948
978644
253939
718620
13001
365847
322010
475428
652362
819681
323272
59007
437270
832870
601217
550383
246855
366567
359549
770474
385448
167863
520311
374962
158388
316074
920458
421533
138898
715512
489876
665840
808674
966708
905480
425378
373146
931248
133869
575627
560497
11291
589537
41359
823847
721267
758857
436350
665209
677432
845022
868852
682504
73698
815523
545353
936674
396775
213070
761056
438144
184917
473649
810509
654922
237416
523486
485941
161656
849017
852854
468893
461409
597814
364790
571279
506056
163557
760192
991168
56527
265498
238437
367792
325493
680228
956408
530069
555968
826908
53507
623811
799959
597818
297575
325130
233013
714526
897938
162250
509052
848347
269318
750600
491822
588772
330460
78085
828118
635872
869916
846373
470858
502500
319177
67672
575855
162647
611646
345682
481893
599048
468859
317829
817048
798329
533549
449513
208028
399479
805199
141783
695719
101887
797693
779972
857529
385617
52899
321696
396325
761846
884800
239246
84029
96934
726534
764433
369480
375533
718556
440577
399701
287530
919023
804602
377193
760345
333834
62996
801639
955607
125172
810171
229260
944824
122798
344019
314754
134070
509728
39859
205531
706101
227778
572691
820224
22227
801691
656038
857517
848949
722261
915010
655705
906495
682516
940856
919566
657645
858933
249290
728007
942867
806962
15107
790138
956364
741567
860458
538920
942724
466345
474954
342054
236659
811199
430007
686797
186696
669528
642393
82996
212713
388825
13900
282710
932745
80978
917499
256487
865201
300907
363577
634464
796391
258621
186247
236430
50542
255875
71818
490989
125433
521633
364819
397845
541449
311622
444420
276510
420164
133077
271373
342966
495534
758252
235251
797221
4108
626870
318884
129098
749418
718526
295647
692754
12998
728863
612272
862392
736625
796050
133992
653992
744988
941430
338492
518234
114739
446391
880547
286473
505485
168859
526962
788625
612989
159310
150505
852390
258969
102131
70626
194744
849953
303917
587065
655326
764112
780755
800389
283698
817739
44915
377230
243639
852434
586111
757319
699096
164686
666426
430390
768000
610028
480680
664782
143747
282756
926940
534145
443499
5882
484680
272075
344794
147853
726565
189899
273483
576756
965
871396
835914
78920
370655
580276
588629
794078
928023
945855
869935
580503
200747
428214
201401
453443
852051
459316
468730
577528
341885
320602
460454
177540
474538
795165
88829
461298
631702
55612
953780
216310
421437
846213
693003
820538
436484
710915
687102
530609
61408
963157
790340
404332
211643
148401
275617
777979
189674
434541
111014
506232
833073
205760
71431
859795
297971
831689
108367
647144
807091
529854
82925
334500
976872
986594
305205
742527
552742
946035
527660
84677
961992
272944
392297
381584
666727
507108
421273
611176
70701
911282
309577
254667
680702
494350
320980
26727
55911
106151
400446
331571
562758
901009
531886
766560
743051
324316
771227
232958
10739
53595
853599
853804
103754
724611
885065
48853
557213
931228
928669
630369
798577
962741
124098
740832
132161
990598
767949
690465
879240
99812
677091
131283
255020
307504
135171
748745
915697
363405
570523
298303
985141
905043
701059
683832
383766
900057
821248
205114
479526
806974
249011
300237
397070
882678
623398
722756
636098
794784
286935
108411
128929
863252
7984
791232
99092
649478
652576
703154
622080
6061
915357
170543
773740
809478
365954
247578
542746
420815
784776
132069
592273
51836
979794
90097
816799
151969
697323
525585
543945
92896
139948
193677
144233
528685
309419
533321
852259
716820
807740
918615
159251
219327
761024
315596
935924
815444
839332
758167
913284
716709
710508
380623
651003
612538
544468
220608
367203
204070
578084
515181
911507
324459
433774
188138
871295
303880
819785
437040
462915
196037
108866
642457
288844
647234
65545
409049
922644
966038
915418
561964
775189
557888
616476
433581
576906
350520
328284
207893
344497
691714
581461
304628
853977
75401
823513
920510
991226
441057
737403
645723
816235
393215
338115
858166
105251
244189
949975
197014
232648
528290
826346
598526
974465
90543
380446
459668
859230
127850
468532
336738
812691
385389
228387
832086
36675
312629
195807
513894
542809
648443
499562
256880
20087
416455
442988
454806
256054
753127
63852
113394
955142
582513
164147
28265
649412
256347
388220
266719
231643
923265
21789
789638
738289
206678
900602
635555
300079
167580
445683
419800
730103
577266
655493
38690
273990
764172
822612
12424
955119
442479
617928
559003
72584
73996
322750
603466
583096
572628
239790
814085
809151
573598
158419
813139
712773
493948
704463
260440
888634
371422
615900
188567
800812
915303
700176
765555
729513
552913
184436
322924
605955
397115
169311
392892
227334
914963
60027
865785
413528
429340
128832
593139
523277
457493
753651
967876
41560
263721
785124
933191
568353
297149
813325
414225
871765
297867
49450
955934
592818
21642
672339
824140
588699
308841
917599
410771
222427
813474
172444
911067
645572
915634
226574
632382
946924
895614
389554
454628
874503
615883
494352
183728
446255
453610
53580
394191
120106
643105
686482
785534
694548
725695
715577
835479
769262
946291
394692
165140
603971
894462
670869
120689
275897
589544
372405
986068
989798
771490
104602
397536
275406
662976
498448
253579
936067
416722
73222
233623
736374
809223
68689
909322
303879
598878
113928
949306
350949
380914
255255
233832
551985
991659
335920
663041
260548
733148
367349
879005
550645
118746
57167
44735
208793
785475
199925
73871
644756
284671
831697
414906
913414
501572
346502
689882
170797
69007
11739
802521
440714
913782
249038
640597
591615
134979
331643
207086
644277
328275
861280
847834
778624
859776
139639
862585
264456
511921
466978
340022
419277
970593
114754
184092
797654
140304
178948
889977
175073
310439
235479
648466
706705
599850
579525
256853
138775
326263
133281
517867
345943
291226
109454
152915
745088
340754
569860
618118
83044
818559
990594
369825
236842
7548
433226
186974
679732
200375
424105
69325
674483
90887
963392
2535
784594
803544
684631
447678
259417
26736
550015
386290
752628
593895
691512
754688
847057
60536
19518
890687
201054
217671
148031
601577
518910
676541
92841
129294
80606
787207
375297
62089
451465
195944
416413
69572
707444
250745
68574
197993
395839
186382
85529
464247
75591
458190
33642
445107
653093
42697
814306
685431
222791
518959
112413
600864
933172
751676
498536
81796
92583
509074
86011
606647
559520
473554
279851
617949
878596
990424
11593
42832
422871
63945
88009
739214
879729
246159
725786
891409
838236
208299
855981
185704
161859
611902
967014
228160
4457
834351
370024
830460
202426
531013
469172
167600
545346
439674
357165
489897
278804
11931
78029
511307
207456
969575
145260
944433
933843
19254
732251
550761
257091
412941
787699
87892
96816
537757
832285
206187
359737
939284
973284
594978
878655
859986
437197
966086
252891
515148
58165
432310
730668
596568
680313
824698
257529
637579
500738
27245
205174
621691
781546
972127
278533
526845
879910
806811
410515
972248
412878
276957
117155
112367
888307
104986
414939
580104
611464
943759
107308
600859
682117
202114
801693
377416
297717
357319
271509
262476
176628
488751
188033
720888
967450
435293
537719
35509
841718
228115
373134
291457
513205
246279
613999
653570
289406
186061
431455
870418
513062
244578
32717
479961
443231
279096
733307
794560
286962
223168
843257
102945
836766
271448
843800
87220
930012
906456
807387
865549
571041
779765
678047
567039
361316
925230
445932
244863
770497
319197
189534
760644
252131
406725
761273
680370
733360
642255
340481
78903
798420
467237
405596
376964
710062
126002
466463
108964
801058
405749
160361
775929
756879
118462
151152
573224
428358
193624
536984
951600
103763
165086
34735
50391
246280
343909
767243
230383
830534
663258
660763
763287
227180
714971
656092
590638
271284
974274
59104
740866
791763
968982
244054
726095
879837
633676
440055
38635
763122
948711
671965
925381
614691
440881
511327
404837
956116
444497
205663
353479
546092
274030
848179
258455
651343
147781
799798
706569
459971
827695
962145
15858
28865
612148
502621
925707
71294
519056
113177
270282
397853
987425
533388
716045
559951
135157
596005
779898
112959
94141
911747
255687
923739
218156
244536
826492
464715
120571
877606
562119
919489
144598
563711
700063
700679
195736
707807
259737
91381
987481
295007
590075
889075
692992
315735
937162
132823
745224
79263
327788
783335
187711
454261
685406
71696
586236
643023
379651
114305
959356
536474
697348
233750
543320
354392
747891
437794
610224
400646
714352
27260
882422
846508
184465
49319
284497
165453
826826
886524
7566
303607
982179
750637
1412
669554
881549
295141
556301
550411
308441
544389
60773
720867
226065
872443
705400
786856
662619
147824
360143
848508
39581
316447
280508
194
145047
939706
962871
375694
532474
504402
430187
897790
215144
859210
423901
986704
688582
127837
779950
960822
899306
756794
604466
656150
971267
188187
140441
330493
661276
482330
573564
679954
18377
48653
80918
183658
604151
328409
559735
336769
229369
440076
361760
917117
736409
621577
432358
110366
946029
406809
56560
926790
603201
890060
601216
149167
252132
891910
968104
25439
73467
51707
43020
930611
295110
156175
860298
880477
286832
939858
949664
216138
413083
73483
321669
538730
698169
7694
930744
657262
467629
480447
453072
836743
810340
241318
526010
140289
736736
887430
88283
756606
533322
91045
248473
275505
913084
508943
567901
439417
119135
529294
78697
562248
549998
485355
198580
547734
411059
97366
471725
952971
369175
801805
580624
385263
719170
961192
979774
489223
421437
451575
507929
260637
94017
198105
349815
457255
647756
683519
976726
632583
848455
236322
828694
944550
224006
20159
313473
228470
508466
793492
369262
949940
77040
241438
242014
516104
676128
602223
814428
330654
859800
792662
147015
685939
189784
93153
412721
343503
920736
762578
36053
272147
549098
781219
48623
380968
663881
940256
54854
856142
663081
323644
280332
677627
172424
14597
614433
900743
716742
10935
265628
550588
693604
345667
504104
569450
229529
323626
654293
210301
604519
323367
225919
271255
526631
623160
128302
619906
395327
771668
909848
275776
121603
499538
89105
207725
75965
900911
740037
137050
224694
962097
364698
437075
496396
458657
980366
531546
265069
630737
383633
955956
582364
842778
752743
810408
55336
13615
419184
687681
552072
7525
167591
690965
632213
95527
106803
632395
808206
860311
281857
858659
244752
748465
757626
450010
667205
21292
435140
254119
233794
406352
261544
868994
67177
618944
721396
82260
484161
59313
398220
349798
259213
92601
124418
15593
668
967128
784437
432299
481370
214648
731617
297780
931940
661491
749435
157650
440528
523377
918614
544664
445237
604317
870135
137106
869693
927062
375510
147532
765438
156397
438604
31080
776672
609751
748696
991135
359978
637994
637434
509848
197632
739301
186600
646978
610709
614222
147533
901019
66740
961545
339267
331972
426462
305950
129077
106409
307345
856349
923945
750280
819562
754847
506285
669241
64232
930945
185338
633317
8564
176775
625355
709643
264928
431210
142000
131355
129070
131962
738642
657484
324649
106248
986758
703140
629893
617375
599799
952939
561067
345704
73552
407796
585561
42315
336886
108839
646465
376259
66942
903313
322585
476052
669049
805065
134014
256768
619898
171369
863533
249967
654619
97337
189725
847548
789333
264915
777846
29698
7445
228264
607313
354981
59671
721661
546057
515764
96170
101385
55198
938624
899238
140175
434845
769631
250825
139937
763069
968401
621506
570569
809817
64773
944399
217927
361717
962231
375582
393142
75980
602388
448938
969546
443627
702331
658133
290883
763571
123696
741654
155368
635279
783032
567193
450622
490194
504673
161813
437885
837219
329961
815480
693463
41509
516691
396875
563856
336613
286411
869100
571477
216746
142480
294819
760290
207190
32061
566311
770759
685724
975899
456998
925853
635439
502525
615327
684367
313545
919543
727313
580433
355507
95981
707300
64882
864265
957607
262308
936239
892670
527946
104524
257817
497890
351401
76060
183773
253782
43540
309637
584786
849987
136945
932754
713494
654795
736211
955624
243166
965344
113192
807308
363064
274796
561064
470431
713737
8024
144434
137941
839836
886057
27958
779161
583436
970913
68481
491065
518942
737815
458626
718816
253946
638348
821331
266066
570480
512143
529076
316710
134612
569981
99507
388115
763020
325150
141505
256215
68579
464363
434221
873732
676472
294939
89908
567137
296737
236894
795257
487514
189670
235883
467159
75164
826998
562651
573968
737410
546591
524647
884278
300513
528480
219875
851109
514811
482898
729168
719661
546168
965938
840212
395529
770283
639651
601337
417988
77007
687362
920677
2025
735348
12832
223578
762949
186239
65170
725604
723992
444596
980187
514764
38493
757757
817747
490963
610902
228397
246856
508444
292745
635382
628622
755021
748623
45449
219838
111223
252271
818042
304378
368583
917928
854086
321377
320589
517037
99866
499599
844563
979781
47278
206703
770871
598686
559642
383554
162991
396966
333720
770635
759151
52417
177301
35563
542944
832669
966357
686366
87104
126961
110775
170451
214515
183227
966382
678124
738331
85502
390593
634048
172441
513904
371379
454700
212204
723594
291667
824328
825522
782231
325259
804698
335651
557970
974315
555289
324529
613465
38908
170130
992295
49753
37119
778977
573331
854553
465811
45732
833753
709463
526769
712677
892660
393017
88438
777956
388725
700287
535795
578305
896714
888232
720964
644690
526177
374079
393169
822958
467651
264692
624669
291875
639476
364894
326267
865968
716078
391174
449539
475876
457377
917638
31828
61592
524425
319673
408854
772820
583839
812075
342321
439635
377688
977552
596038
565085
707334
748088
464821
274734
163858
658526
545539
594879
818608
570378
296853
982204
632362
29253
430077
442342
703954
813821
744783
894088
485256
697290
583754
497073
842947
371268
840266
375279
884867
406176
456731
273387
656939
416323
430793
109803
509878
282279
909966
837700
192420
214503
675404
957102
585265
316667
274469
858742
204596
251913
695604
672991
807318
704117
93617
109287
439498
506191
561968
670580
479480
309300
231172
501344
63150
677766
406045
713934
690604
634074
810228
304130
475260
751213
629439
142153
522235
32322
443314
476234
504696
778599
602505
991070
761310
841598
193786
624119
679384
166131
146533
832153
343226
63717
923869
770921
478408
849296
83089
953276
246104
629778
113217
166735
585301
583489
806933
508331
754496
716719
239003
451035
274356
552409
621387
69581
475252
206292
802521
322729
400761
130832
307411
538364
320027
622007
37949
913039
8564
63588
816486
410682
801850
653518
588993
104427
750233
113622
817176
362515
518454
975617
566230
784188
727621
519299
353223
581132
231530
762351
705366
978484
418444
145903
588213
675419
541787
689551
356022
373699
102173
475071
575156
266544
602393
727473
981507
302071
446464
850942
32450
287450
567268
277210
275855
740778
894615
292031
217259
535621
602831
711630
290369
565928
744336
110058
658304
410098
446400
624120
666744
480087
540268
259829
296474
645889
469630
871473
793910
233517
198750
581094
317621
522806
957385
658583
875554
160588
441001
787014
403558
609162
790729
936661
898067
329098
462981
725779
767563
709508
67625
757748
736218
749837
224905
554935
879140
944665
404899
944292
923896
677584
366533
9570
634117
991015
744492
474436
887145
33195
791904
882816
452112
745065
97817
107798
754665
191894
384154
301583
752982
936263
605021
430320
185409
98805
924994
797780
336362
425082
573387
752938
171433
116554
796162
739995
689131
479666
138770
480755
98525
850176
862257
342474
513955
910863
692135
194742
147535
397045
387616
990648
140228
369907
903137
850403
609580
104519
527755
364508
35995
799748
301398
650394
338048
991502
801645
595412
262369
600710
685023
406727
659234
569932
442640
890508
137927
17093
744201
389771
794517
823092
405245
817657
667000
880800
881109
7304
304817
334368
198866
1084
523653
808268
343017
624913
504798
97802
954032
176680
175971
587124
276826
975308
351654
552291
554098
741575
911251
125033
602788
411094
643272
15345
190373
966396
912503
356757
941505
937640
469607
438713
678185
974289
744044
911207
397094
312361
565014
285091
438543
930767
638499
328006
770080
429721
286776
238246
548624
402271
767522
534592
735798
225481
356220
705036
167427
167513
730211
932730
677768
648714
69204
596153
404996
69254
404607
233107
490690
761820
475365
117391
253171
74790
770077
444485
464925
460225
960441
842729
3256
493484
380947
339633
639325
537604
196078
834146
915449
657232
18471
813154
811058
325080
502472
573846
443982
139793
317180
177031
252906
207387
67891
454824
237277
778281
965677
372499
525010
791754
857473
801207
140709
807966
693706
545222
393258
909516
825762
12202
1018
129013
844369
201101
149922
943385
442757
384801
139988
468663
423671
142349
80446
927143
800040
319319
797967
816769
574160
730569
630045
200022
592410
376445
91285
19482
879952
482274
521343
280676
97174
251569
414701
346689
544060
880723
498259
235334
153950
581170
449330
239003
114278
69421
597042
184155
790241
940152
756143
380497
116998
719893
625411
168422
409630
9668
449211
50288
912954
598495
489069
402562
670249
292495
785149
131541
827334
606032
435729
708039
281524
21390
954652
417080
466602
180268
983164
530338
934493
517683
854832
31790
69311
788457
219125
591297
682030
859558
486708
275836
15179
212504
768859
8975
703675
481071
35430
150359
860239
912133
94523
215411
796314
97085
171998
387961
149786
229009
307034
764392
657633
147399
497441
13395
759650
442871
966362
192102
889125
546298
969059
312627
141630
938191
915206
425532
572294
887368
375345
136718
41562
406482
696396
733991
818207
185816
764901
122315
77719
67559
106848
962745
132462
595845
886624
605265
820292
641375
905144
730073
777667
385160
324285
811149
831167
92858
823822
732644
99569
880150
134290
263789
899373
518467
226314
422406
342608
441776
767426
952381
590780
854769
576178
527562
563042
242770
78209
661488
289074
305071
700221
267932
854391
299052
745192
584294
672310
884999
672460
397236
860852
90237
478840
869012
572347
278671
846339
972997
246824
746876
301648
623176
217192
746279
271360
260333
260743
151042
494297
414582
261910
9902
373102
826738
305430
944460
67430
70892
847156
609394
331493
543443
344733
775429
913451
346611
593611
411181
819533
738426
540592
144604
758294
657116
102676
503712
937224
906271
449367
238263
784385
965397
737948
262723
945737
123303
980985
900174
889949
740975
870389
859980
97512
920281
175250
752791
72593
240160
446494
418194
36455
167498
676254
179446
515310
19860
419517
172466
122655
520745
351284
970896
851072
762138
309122
195656
248632
926157
582145
563729
490571
564876
127650
284595
924571
374816
673689
862287
718309
864601
887572
168551
928827
9398
642055
340654
547437
764905
840042
601006
764593
434994
633303
850395
302310
265228
184732
499735
976178
955743
420978
284619
463650
348554
867747
261445
703037
47716
900365
589715
864914
345141
778224
709538
937392
375780
236893
840333
273168
923958
299230
204995
332397
353570
909496
879450
539422
733067
195741
895598
367745
811195
15813
616976
769917
240624
468892
747936
157494
239492
644109
741590
799731
626225
684303
594468
746862
355536
982778
797895
217943
286559
643019
431553
767085
946235
828670
111554
205344
775301
117999
580408
616336
121799
262304
875130
865481
50920
925729
173545
58495
420396
516924
443236
691312
807155
559569
984274
779958
487685
502216
224031
175436
115982
241917
117954
808617
849136
937359
954342
282928
982080
157067
667911
107722
958385
960010
285986
593989
2225
615951
781771
507872
19023
739534
57148
88985
709591
160840
710780
361950
809258
830922
844549
501684
279165
444272
303965
258516
783139
926589
793319
902250
25315
68405
355747
725718
178620
772246
342846
841540
336846
686256
744213
288823
872730
799956
762501
114481
920240
878994
968757
521688
974980
825100
352173
900051
952355
405610
416561
101459
389080
712902
832572
716767
3811
803957
514432
115121
558451
679258
58442
547265
184894
409467
104028
9350
150178
131782
142942
727197
743298
967382
861504
803075
372113
562144
879571
396545
385610
417278
844291
399131
512104
785492
450257
759436
251948
160698
414603
393186
614941
578258
742041
968182
134281
100671
379398
878363
775465
709320
394601
258904
518704
872394
317244
888283
183935
538220
145196
570403
116222
238835
884559
946577
6009
213789
428225
184282
764877
344807
412693
745597
162943
955903
625013
252894
901442
694506
60088
524054
736170
523923
88365
199557
769016
427298
641756
164289
190212
208969
438339
519511
62077
451134
1263
931575
928379
583232
80159
962449
498793
937028
66331
210232
713119
839575
701370
869476
981265
985741
656979
741926
138923
931630
882770
318772
637560
726922
327966
447613
606691
618263
707304
186104
920219
630429
497665
288100
863727
653997
701422
942292
642177
336291
684807
793144
207923
437
13680
85753
575737
632848
891403
677072
304754
348327
274405
458010
281375
124797
384776
757692
585937
401670
761511
933233
715805
450921
476725
462553
325366
940415
910018
658995
21516
875325
293847
689946
568288
343307
413368
964234
909348
844447
431123
741767
974490
56129
800187
881352
264132
284708
548204
1294
197466
760859
646914
778952
989048
970276
41077
523347
762368
962074
614113
655476
32658
595514
746134
155444
117437
94371
882378
209877
103664
281057
323484
658199
771222
378790
825743
830433
940834
191543
445156
716933
272190
768099
31730
355310
809744
213509
807782
628391
853826
478200
858913
367913
877045
506214
387069
870216
709700
302940
45111
692673
4631
179193
854108
726868
745756
892203
533317
582070
739731
17501
91538
518179
52824
153016
763062
445997
723195
577355
970279
759567
381420
153421
383586
342936
912431
449855
608217
949112
563184
532976
863744
624363
787853
76048
873665
900901
887502
871017
188578
789339
627927
537613
340316
982392
488364
666664
130201
446210
705808
638898
752430
65151
453078
329954
961420
705949
698865
448707
86109
835385
570829
487749
706986
361664
394275
640971
895200
61988
503067
2914
416490
456552
222379
732308
505556
700327
788052
218154
769349
912176
696922
101869
409031
542223
257839
225383
838352
517730
240872
304615
538999
688065
548195
515411
301115
836996
384986
811992
387528
774584
627149
649429
705355
245942
954004
252470
916513
734562
531405
351357
233091
288526
92718
590097
674604
146567
881681
940006
148494
478934
174352
468659
843508
2956
828115
254674
762944
949817
986683
985169
462532
242521
560807
641505
418834
297587
187357
437570
675975
928338
908047
817563
168947
266941
824559
287533
972349
133076
556109
155611
122586
136193
196597
522692
453415
346624
939720
946525
648333
706762
189925
652072
861023
879187
686127
914178
863961
580413
191714
82300
232223
9086
595300
960487
577129
979871
349083
883637
426807
38887
474580
387704
16667
276421
569133
202072
360247
40115
589437
612589
813126
636011
452799
667295
168829
110080
308261
44003
536861
320049
105579
857327
386083
470876
574909
47191
613978
390351
782629
10613
729898
503499
673724
774732
406488
249802
302331
179017
781425
145452
321978
900009
210748
842525
113623
442971
619862
328993
270699
688053
127330
12026
44638
92356
832476
550708
531220
318269
254415
922439
926296
885190
365314
850132
384992
42008
654262
490319
562143
803939
491146
487419
27580
371723
449984
753817
423891
960795
798404
294249
983556
188524
64083
773036
821469
501437
206873
290079
216160
209330
430063
282782
834216
91461
595129
573622
573380
632376
472120
25073
179131
489905
220009
458302
493559
304962
647541
874212
86039
866418
368880
481899
256702
720525
9917
161714
156198
334206
151027
7365
916296
339003
10811
690351
143515
873765
184226
380613
887672
188459
489339
250688
291368
225774
218253
19724
123886
501551
257714
65015
935748
781753
884311
188980
951104
25762
236825
690000
332809
904775
365611
461660
556915
31361
918955
492502
776634
389344
930239
643907
847072
622370
581324
580602
662703
937652
537357
692983
720822
681092
216855
672188
849511
132840
965814
884802
361937
840869
738614
557337
809334
134153
749261
886555
844804
687964
904597
343034
919189
110287
393698
457548
979551
7280
420779
378426
219423
442234
154424
989947
670446
118772
179391
44569
595482
858159
768749
981189
909041
392974
187088
34487
51712
897038
760942
806116
325834
89080
653835
589875
283013
723615
668659
841989
506337
143963
75459
258777
979986
642468
300551
650332
897211
293263
105659
311739
916853
339705
803958
864935
146363
227619
719734
466073
260574
579969
125311
789119
80780
462700
399671
777787
239378
582365
175196
630600
99245
785235
341263
97678
916387
496159
213767
76557
278529
545838
654335
958419
390640
191824
645329
265852
967515
415053
436405
339468
666088
70772
804314
220333
678591
254081
748218
16680
1740
362776
444509
12436
408207
775481
693150
842522
920016
131820
95509
750226
322250
58587
870350
247006
363259
78724
94852
415474
155239
972230
916365
55510
106153
378174
247667
605106
138944
61086
186664
543196
321083
305893
811218
399794
965211
508552
355694
617392
811715
529265
189672
6184
541200
514355
734913
448150
57009
846900
925744
856890
869280
315491
34495
62498
262840
61735
12964
637613
41977
466017
421292
468124
783195
979485
460873
655380
9322
196867
790804
760885
460689
286529
726721
336700
407765
929907
861265
938009
595856
389108
545676
504526
52735
177899
607281
573702
77254
97845
438300
671280
411783
617780
439912
719301
155183
845558
563647
559676
99734
204357
18127
601150
941935
111428
483487
414498
308725
835557
1762
952713
200400
939789
383135
917061
152965
789060
293554
542413
450036
886087
21995
922981
429287
339750
359906
961944
509380
883734
432943
642186
946564
938131
607105
148640
984889
394879
563366
164503
864970
733277
987794
960597
339264
702843
211443
505649
726781
501311
63624
854268
707742
568342
815886
763724
155435
594345
627244
927609
610918
874595
320735
865852
601993
380193
992257
367922
72886
452053
137115
579847
173255
677650
884599
803087
931993
765566
908989
213266
950438
704422
489835
425723
947345
973973
728678
625740
594511
13689
936722
189503
850665
176825
733739
218068
643416
788241
122190
214302
427986
991471
838972
806499
35975
315629
196169
786401
991924
564859
266446
136508
178691
774161
7178
554022
519078
528109
56523
595815
699237
139286
406450
754691
921838
736327
606151
914979
473454
340438
195931
811858
291277
107502
296771
970994
410666
454977
635598
519031
899259
440305
846771
200135
342291
551557
888407
854850
726168
708440
487940
392339
427977
420625
498445
473287
19881
832048
205300
660717
233202
544352
867740
478204
710530
107314
398723
412359
825954
527741
294448
838455
790149
142992
182578
225361
888879
436392
918148
792521
897785
440780
434772
380019
737641
669866
176572
988989
189329
787929
926101
905177
357820
397334
929930
648165
561850
337231
664219
514905
22378
809934
806523
468222
932360
667583
670799
118162
221705
111480
811656
565149
218967
575881
979378
729618
623213
75697
736181
553637
155105
770934
145452
908567
78239
243686
293270
718464
708702
473911
594086
196699
929770
827600
236806
501620
12288
718449
91325
318470
422469
126547
140589
941122
12295
130119
147895
235789
380021
19799
288476
434372
743922
64120
250087
474395
766579
989023
58074
349161
256258
706066
939259
240695
618417
961179
660930
988202
816065
843718
556502
71779
937197
48483
152758
584141
425114
608292
684219
747180
647566
605685
182018
146561
648598
878243
467631
902994
349393
90461
268342
352448
722590
125406
313993
352630
162454
434557
985133
432432
99976
847366
489732
851230
384416
453650
382294
227186
567881
417597
494487
34128
358245
546380
562172
673505
778745
446417
424035
800612
710034
105036
818703
134810
690691
6450
784040
261327
421441
81049
247403
122131
481534
278561
372711
467487
560293
357009
337328
583076
430406
790788
706996
440539
410735
18645
453289
975691
954552
608503
637612
640507
76389
596812
170702
778385
260995
391109
369342
563834
218606
120370
459168
395071
755443
659112
236305
466335
103567
565016
374602
858946
624542
174663
160586
7231
120738
875552
88941
951789
12501
22077
211906
301973
889776
135724
253770
378116
900326
122316
395290
979030
912053
431980
288032
985562
476901
353085
164031
712728
201425
136731
463448
320260
555124
613505
327287
463834
668830
894569
442567
175831
147083
121141
428412
973612
529840
750258
121046
613902
637393
37372
9043
753372
283856
782405
860953
540299
284314
357079
520575
210478
725442
396142
825335
83282
689690
842392
872100
147397
860010
709921
29227
851073
77010
229656
261452
518361
358792
949412
583311
435892
692111
719220
27999
789281
838095
451971
953668
711089
768154
137592
814015
144437
141184
638728
653260
141221
420048
299225
606814
755297
481016
911816
66509
480313
909995
88211
285290
29438
39067
56905
573432
61521
869822
314693
747703
529789
638068
795418
914164
462519
508310
308045
496451
16008
852105
299776
171908
47708
151238
625336
99277
572294
908259
326860
468005
146021
915527
433355
237081
777408
796336
752128
754436
444310
858844
760846
269330
904433
174460
141974
722966
877660
59067
342172
375374
119072
235602
709625
185183
590066
290545
820201
76441
321133
32145
170749
691194
903143
884233
380388
762371
707207
193414
92174
610641
317365
46729
579190
686730
25887
517785
299608
409443
209935
104251
461337
396005
427806
572721
854923
25661
989962
438057
664169
297039
239335
40008
184755
671316
90188
671100
594205
951489
189564
403598
618895
420748
911951
295959
446792
897184
85070
712137
923651
439503
311003
972773
701637
784002
914966
210313
271695
69120
186592
189641
160060
477838
346834
830706
978383
249870
609958
810716
677833
34180
143064
700284
61706
244127
116926
229135
558426
524157
356549
116973
439460
768958
583035
480588
362537
889240
464437
693792
27468
805325
60728
673073
456975
424875
732244
449534
811621
933734
88274
556555
740393
870798
871412
277976
914190
225216
624601
741203
678464
766483
294534
108839
987526
790764
806600
682359
367737
760235
204778
677047
644613
849463
325236
666250
68154
954866
108937
294735
73918
611450
517874
887380
698046
295445
952640
789148
312790
750905
684570
340457
735600
23191
560242
218347
101688
636276
319545
367103
336931
136969
395160
484093
297808
336952
171846
149662
301062
226327
741337
311702
361983
518036
694027
718481
781594
123646
28510
395276
815800
42318
294061
945753
291912
958452
983713
859871
774742
10687
297344
690719
229846
280936
861642
819151
844189
821228
250066
514623
832029
840693
122964
229115
176457
929147
735824
442703
183330
256920
230086
126249
101126
874928
310294
722448
928683
944917
74061
409362
880004
56572
354099
582346
194756
617166
843360
674439
832380
396689
212399
589594
321473
530450
899331
174405
490040
198345
171029
96915
212848
242987
743082
128821
727014
578423
78027
826941
151158
923604
697646
621229
708822
595223
456455
364599
23019
295518
377861
573316
515665
262612
472288
654271
506820
912530
755741
423123
602854
434199
526667
577238
419753
585148
914173
192477
588162
813475
981931
289378
215122
926961
432767
753371
806236
611206
428855
319735
934311
924989
484057
539827
272904
908781
408415
66487
648273
882231
961355
911467
128096
270312
63226
968551
278258
929473
34668
313329
963411
541569
90925
79605
270686
648198
543882
914946
935127
236742
139401
54493
76173
729319
852211
394453
436732
959716
675320
263800
732425
337196
854609
690899
343563
523228
310276
687553
525964
228252
195261
465239
802037
60790
673466
185814
546120
133219
109456
753713
82421
784336
728249
397987
783626
581158
524481
721749
280934
676832
837245
804209
252699
342845
989330
837951
2386
650829
173253
56871
236601
101346
149509
336387
254171
635797
57833
194407
629391
16616
411054
29760
373383
539405
928036
222031
636058
92321
729169
735860
91504
869623
881929
935793
461009
391208
671421
261516
61923
528472
860851
517721
11865
453940
719939
603115
274716
47732
459091
749380
948565
616561
674732
389328
598852
967099
785740
483342
608763
493120
825703
951335
465654
223583
370023
896950
88175
515554
178272
826585
264234
951939
535839
541891
504365
820914
90043
106959
987938
398216
554048
550776
186261
419165
322545
160472
127340
988134
2408
938872
571577
507909
651686
358012
62510
122866
781791
546718
12636
543824
754332
902609
919888
230737
785312
810539
452797
15218
314461
13518
335136
936220
523120
968321
582638
776744
233725
117711
66911
987299
942287
750134
389304
417610
517158
703234
533484
44006
946458
458002
373571
824411
51499
576942
171526
251655
787690
640649
263887
205421
538425
967388
125097
833080
570993
48143
275652
894423
516781
786833
851978
161135
51800
975410
653282
170987
462063
869688
126316
944028
356247
946439
972518
79898
84607
958426
635416
276170
627042
818819
934238
372900
514330
254664
181561
920279
467593
309026
126790
787537
516749
249405
681232
57530
628920
828860
54428
150792
237818
594781
649786
677409
692887
866928
94808
138119
340085
856714
734996
665343
636211
121004
400332
451532
641456
635956
172772
980946
580584
449426
386079
297513
13757
454850
715487
389099
264241
698982
187508
138011
786169
156832
976558
562651
75888
943890
475303
494136
233680
61980
157207
132031
595875
810318
231551
529088
48995
536090
657366
960908
427884
398497
755559
416543
632704
625052
575540
396420
308523
201425
564754
502433
334488
788725
99805
430748
362791
534125
405432
144857
591438
990492
314461
849019
873875
249123
423567
759883
933069
299837
807037
832218
318577
324513
878726
41210
550742
755548
7335
415135
409205
191391
977508
407743
797620
338998
535415
890968
19530
502951
410578
889346
749580
497259
622618
113058
932147
64681
872933
948894
777306
6455
645603
703759
748829
930329
189085
363239
877621
771538
707463
303234
851893
155958
542477
439507
965191
558112
724420
323637
139827
286546
468928
296535
742736
775290
789780
397441
539422
672471
710368
123167
542926
145725
54868
198084
557605
523514
13785
237805
416379
267645
139013
483008
174535
816796
156335
874229
189373
658510
502278
200010
456522
430954
428889
390098
280684
992243
459500
538883
131314
108714
488997
861138
624143
132112
60667
31187
448956
70857
137464
640247
786048
987084
727964
101408
276488
575416
127615
921634
258799
784932
815636
986093
726715
258766
262255
29337
152412
253391
456986
294211
719905
324176
685753
210112
975011
109037
721576
207891
194315
441814
520036
843237
35077
985505
47924
34449
250128
33853
194782
415174
626801
677202
623544
424920
57236
892768
110340
710051
205503
48211
536885
560607
273114
748891
522196
762330
985782
7140
728341
283864
765213
448814
612400
88400
691315
315898
762323
474901
4200
914643
529993
519866
287748
258274
467318
946929
278524
598559
902028
32527
302504
775429
349077
128490
187
622556
952566
346327
485845
49506
141283
388713
289685
790319
852926
384532
37137
225677
792479
93877
694805
311009
219792
933715
445369
623359
835404
907108
766329
369752
487123
374922
182250
424018
107920
519510
16540
667694
630093
116395
743367
145978
956799
171358
127805
211017
441946
95846
18611
807530
736760
682346
197335
120748
86910
905955
442458
132741
680206
857226
257609
182607
979509
157131
296843
562406
244907
775949
542852
198991
821134
416365
446268
725584
245600
183536
986140
718603
259235
825181
16795
130181
191993
98980
514408
95672
966949
677978
653835
211011
32905
117818
317489
859283
86449
778867
130326
783316
796075
940470
177343
900967
349436
80888
60426
439967
328852
812289
196093
26953
559189
241004
867114
545457
886124
453345
728770
307309
903358
657553
561822
298958
422960
9808
196711
278748
924729
755658
610576
596042
689642
217248
80395
32815
879117
963466
973154
16588
84833
590885
103589
292201
45319
676279
200968
384986
760698
579928
174208
771501
402798
397148
268287
449918
574438
618620
864857
112648
474069
596259
29701
149703
655693
572645
750472
229334
241845
549651
211221
613621
461944
528405
509611
377238
232454
134901
831452
337852
505595
635383
912448
207580
123608
223408
259006
909664
68370
839936
737834
569547
781531
881341
93598
25390
29810
459908
34781
775350
825853
83522
400576
696626
129987
561351
313831
7830
39290
232555
721038
686554
555044
376437
315441
831275
956824
322820
546504
496472
455097
779547
259612
195608
833712
402206
657549
722880
614160
329444
782356
629865
18025
320759
548479
670426
38430
520179
11260
274511
779966
16975
555525
880028
950443
622131
283155
792609
430217
681392
18872
94626
372810
630057
990878
511694
792324
61925
435199
810777
622276
36854
387102
248890
372909
584732
198885
494819
820163
699188
104988
79541
593821
526461
326625
705496
840451
410307
601563
714116
578081
459269
192703
86349
603263
446532
896301
107241
983337
623732
520806
802905
880863
464887
570410
595133
930838
423740
773668
514233
132451
861210
40710
456503
328901
371013
116957
21250
219627
804664
55029
174173
500263
544308
289681
58480
972735
362305
440326
957787
504951
134752
701823
325224
79593
369841
348678
459125
811829
938771
14999
217733
446001
656051
485494
795174
81058
627776
69647
428562
644600
772436
245719
871728
602122
853609
208989
516442
485554
33984
600985
561483
496225
107280
631885
543435
980900
240546
822272
808363
6621
327680
892878
697805
241575
144637
205086
113902
457678
55976
570116
571643
180199
254943
238414
184022
685425
480370
491070
353304
823819
185809
616570
84893
839183
910798
243964
682116
845629
783156
115021
56180
342749
940092
930793
785236
313395
864263
808765
242298
990835
247765
229900
525835
259244
821244
459754
818202
256755
190416
183814
358306
772625
687256
37063
64352
171539
480973
599525
186742
987034
509456
101416
291172
799955
868039
773351
720400
678907
517417
760753
497820
30199
91007
297937
83221
982351
325392
750337
528729
254113
928724
518638
894815
751941
678749
600435
565731
344929
457253
669357
229115
823973
903699
275808
331124
590221
977714
691655
663000
718831
26574
931511
286216
153627
503049
609994
19921
608266
116389
714834
644842
817901
299206
879254
872695
576437
972687
378502
74330
412874
480528
127864
600697
227385
551765
737005
546530
827389
377009
633620
63929
456248
438508
183187
977598
266841
337167
521607
285959
228170
614059
825856
401057
380221
217831
257025
567224
482977
375565
286906
685028
107474
940703
787713
199685
64769
940732
332518
652785
593765
142014
559607
900574
408004
86020
156781
251955
438366
609791
405035
47423
836826
495570
637355
592717
342195
859831
541415
982760
938381
689684
565234
673836
115721
504609
750371
81829
394830
119738
544760
77382
69638
222064
458198
652707
723864
39765
263273
73384
170485
957260
430415
22238
778291
433063
960305
326437
975666
831834
908675
235951
830322
556682
648992
187176
634425
584676
474896
13852
689094
501558
541987
82049
774912
644418
389960
514564
124787
772894
786418
496965
464135
354226
715701
585207
284967
220217
673711
550254
888250
460027
213173
210098
697405
181822
212353
818661
314199
77965
131765
422469
787074
193377
977380
658776
145276
655065
641210
153271
89876
622531
817641
181
783565
42752
170671
136943
564418
530664
173313
170622
848566
141550
480317
289551
667144
880708
910998
772056
53359
910547
927327
233502
802747
852316
182281
480071
585463
769986
102641
173046
327576
529026
752397
565385
951861
418818
553776
274422
413730
509591
671979
921172
984051
818121
879126
386078
900557
525148
980855
313074
590016
422426
766284
907086
72821
413187
136665
726813
94229
826097
354472
7574
361944
148360
105076
557886
228446
858441
454863
862480
141861
769189
934418
592816
434941
925638
322595
226653
187130
238832
643917
268182
127742
445352
364863
275769
328516
477201
133589
493622
801499
471671
929413
169740
969495
399243
32406
169153
697213
890984
2413
777297
975914
602225
753898
76762
22832
334701
423240
479879
526954
904549
766227
689800
895256
151312
291816
212900
902449
429384
213386
278471
872437
103557
288096
264739
934219
648053
644794
47626
794027
819733
613364
666447
242048
657849
16474
313931
552923
49233
254003
648758
151859
230156
524621
134066
192832
318366
46732
327684
207090
819103
323589
325950
249272
95859
917792
103531
88842
982488
56953
861061
924892
532614
421396
690468
316665
417441
233590
675808
827666
50381
232145
657779
858674
98775
738294
518519
954858
916825
28916
350241
953462
387786
759211
96703
638601
36163
911120
506774
671994
114592
16587
883086
608885
714410
118486
28446
689687
99801
409217
601883
804684
752750
553599
145745
652976
387379
180117
792047
337014
791564
393955
280973
125436
102644
790189
509161
989723
845119
207540
242881
986162
4233
134111
22920
240078
576167
331717
955488
325430
197944
754769
468904
834697
125173
752780
631711
75957
663200
406832
520831
818377
979059
8791
356210
327015
15977
202392
704096
662265
713448
686935
19291
963573
96592
430755
888502
64186
243822
610489
769687
548461
23926
409099
139864
322903
36900
83648
859950
403096
795001
457155
290755
889794
588119
17329
348785
700250
3530
814806
712183
419366
474275
869445
262200
647786
934049
777694
939226
674429
614390
265886
789048
333735
31063
942193
206905
981060
656312
573455
499580
143240
497587
626556
413774
772460
549052
168999
144743
159561
895612
967072
334995
942445
710293
880223
132768
781591
795043
225215
251470
649523
613149
606083
14942
127616
217902
348007
2015
66956
650670
836303
582122
247895
759361
726683
173900
928039
617370
268033
948293
787304
937163
112998
571333
337846
181634
451129
495676
587825
764780
145183
375720
48440
327382
886437
607564
742092
666985
835258
176460
86790
167952
410630
391481
931234
640137
503326
416787
348303
541489
75327
434970
292920
612932
310742
374308
858897
678962
54924
17278
282829
49607
686307
892677
347367
357476
801687
623865
957546
837209
812797
866818
336096
916400
82337
217984
945833
162415
654608
320210
81938
855213
253330
333698
102251
849690
764119
77278
351172
471278
296863
194336
240929
955270
525764
461433
114763
788635
806285
736148
374255
151478
791740
203046
378648
115168
359211
323663
537751
614176
274127
698578
96837
653472
651576
792777
796572
909382
702691
785271
748287
458282
594983
936437
525591
776255
88581
420139
974192
804978
792431
650662
91331
424688
665291
722720
978991
574185
198014
155572
329292
979640
298952
720350
243567
663501
953049
656269
563829
266075
327865
121448
571840
841830
362851
135184
844837
59062
286016
680912
461993
367073
972625
425792
906023
257407
780275
990188
799493
694934
720941
440300
755139
410186
204433
427124
707089
437801
15987
455539
569286
422286
365471
393587
54565
387165
982630
705076
70916
403410
330359
396318
764710
892210
584377
781446
466088
621713
574024
424581
407623
183976
559418
172320
96466
645732
249396
401774
448230
262046
870640
933905
478746
72428
922695
983722
848627
258517
251127
619153
276737
584685
515390
650815
85348
285662
411473
605563
630064
782777
803288
19772
356103
817258
95238
685271
151649
374631
132634
714381
242554
490645
168869
269033
898084
145263
571078
148797
974776
242954
46804
482453
870356
976432
609169
13194
935537
322566
791575
324777
617458
917508
7653
218383
805176
521399
856501
49012
284537
366336
15467
452231
803917
643633
508616
812728
474794
442578
145219
667243
196495
346363
93224
201963
513825
751681
366347
71756
45335
202614
34991
773683
882119
931510
413786
44083
321271
244504
528266
7936
379024
811293
814799
470205
668062
491038
737482
660511
482566
655419
375054
857332
947546
689351
434892
617515
99762
152101
407844
102792
53552
628287
221308
955416
355739
617387
278366
583963
60901
715413
405272
381184
789828
554788
476750
158888
700928
508344
100825
612024
138337
941411
32970
189321
693513
272205
246803
302668
162602
723208
935920
663647
911203
59691
32774
913513
532869
651895
633560
604599
394913
477712
512138
814684
641484
330512
617448
649747
83505
206062
732709
297797
431740
816153
632397
633316
235505
552030
357734
3143
448734
161829
395364
20510
819311
120227
208863
740847
484699
723075
423439
702000
877547
120140
565559
61368
37601
256698
790432
684131
670479
706113
302635
381529
972682
645774
489193
115557
311573
36396
34262
602791
474495
229336
723737
287882
334486
778412
644342
45728
728516
757859
127489
991364
717056
379848
513186
138408
329060
114753
498414
974818
218935
653289
495572
494184
666454
632386
575548
198595
671153
991029
227680
529
506136
309889
704845
758667
566582
246976
76341
752397
620653
347168
547137
794964
735619
78108
645547
699258
858884
59830
667750
901450
695542
103477
32513
88460
181415
546762
132458
204653
53803
523153
749391
409549
839951
901925
143119
875822
885334
974912
981897
525928
25454
479878
507891
162197
517057
497949
535658
4956
405203
392618
454699
803469
56976
829019
130962
790278
747259
847452
763175
77931
762111
115495
457914
87697
626383
485020
606680
697097
644359
118577
701466
315636
33673
726381
557642
364387
934727
577695
892109
596769
24088
146562
578438
644393
338473
18120
71261
254443
35865
681842
13768
569555
732305
730161
676225
854760
4307
533488
801418
308299
824571
977301
897167
35061
693662
921362
826305
39302
665759
336082
138661
183831
730305
198587
136754
878156
429739
680684
573183
711701
97387
389157
430936
448400
456786
14266
833021
142760
600538
563884
399420
254998
633166
285162
526111
268786
425348
921172
252102
13290
762749
639415
395288
140010
107254
515639
667618
556575
337154
221887
140555
149258
242010
320149
239312
761820
588362
674349
591397
66799
922187
282387
157534
780634
448810
409051
183700
718224
777530
24325
251785
859407
741095
229622
348663
767396
641630
786897
508524
464775
496244
297327
255509
306937
463548
412212
153757
902231
931407
249999
237975
344612
79220
389276
521367
975549
736769
547465
310475
227999
223881
703481
572204
241784
361957
210089
404167
29300
475417
661845
580455
539287
719965
741286
425247
6147
70702
720772
148718
432216
534794
471093
852923
897364
410196
146381
399969
594453
640383
990001
152727
428853
811331
345486
778081
148852
836093
615475
943107
823932
681884
429165
719607
239645
171827
408605
939047
953415
362723
584208
645696
571638
868782
358199
259020
776416
70147
443583
991579
531077
1053
911341
677848
163187
864530
588365
48933
922193
54014
265129
689949
271936
838538
725082
306862
171017
127056
188829
382246
412681
272481
461617
419977
193306
469537
288488
322599
716983
144820
819286
669548
290146
827819
905713
4637
519933
28749
411883
11645
929441
109544
596479
448557
101319
797939
882122
235113
149458
395006
687101
473770
223069
959369
127308
760857
585657
534839
867710
825064
124847
717620
708713
618314
936651
341684
670480
183683
170860
31322
825665
805042
704222
215595
310036
164800
588398
333013
39301
422108
740760
6524
601750
879991
369111
870194
71600
18104
761756
720971
690359
669912
160690
87750
465651
981743
185924
863062
661340
715508
636274
602640
338996
106521
950937
674455
9653
544654
366623
99058
614453
1346
217295
609129
544158
844851
413555
932665
680701
827894
125802
785911
770249
992265
137059
436630
946875
335845
609737
924350
598697
412730
852875
86135
755912
398673
610669
411960
92251
618986
647465
379169
874895
689379
529410
147817
353760
381828
324339
861088
53228
642442
587198
538452
407838
457506
174595
965532
896859
821214
760839
410186
97916
196204
749661
418710
341251
647416
594738
651548
816465
6500
847573
642692
625324
751889
98943
589384
327114
722088
371998
271740
767709
737953
343521
507892
179720
365430
815403
448922
465100
71269
649296
912806
109308
386773
973795
954136
48733
270309
742943
830834
783021
517763
64075
67027
795631
456265
803836
855
351880
730608
444806
79312
312980
358413
172344
20505
748226
433673
92742
525933
358386
95563
981718
564959
767503
568574
214944
322765
593110
548711
163793
952894
846352
268831
337782
845328
826284
646697
40754
780309
912464
790764
266019
320432
695902
208788
503071
707608
134854
297861
35013
779445
529922
540804
462787
776225
329963
822084
991714
624380
58415
779723
978303
797374
143370
464579
495911
146635
754925
271470
773603
580048
699021
448328
442502
586635
203162
821342
555489
159661
92801
820887
862966
697803
93949
592436
532104
924432
535653
359795
309380
795906
199091
932694
672856
150000
605552
930852
803448
689613
467262
297296
646131
504708
795836
163854
249816
905097
484735
444216
491631
772993
15317
261641
20234
40757
845962
476850
922804
399998
183651
289668
925690
236925
308934
947213
426295
330203
79803
690196
650910
904497
721305
436020
588584
56010
208876
712174
455104
683103
86438
81920
789874
48353
249613
151583
185450
548070
865512
550507
519177
216816
168990
860241
779477
418759
283507
319154
286851
916721
879972
152414
750898
754465
808218
976405
478934
352147
175422
688746
324563
968171
109545
387907
627324
632006
223963
593147
487182
989036
73459
638821
430857
912617
239560
838459
130527
818263
774389
421684
189995
498
141911
209624
655771
179257
926459
831052
152175
593984
178264
45659
568188
856669
713275
983199
509501
901075
234589
660260
665375
715089
886169
855520
136263
38911
694409
391878
183735
68308
203738
95076
728759
648711
707257
42186
194769
269911
4113
286764
102043
59884
859686
375490
360422
897568
291893
530190
279637
390769
735982
631265
900346
622195
941954
139792
292520
746510
77123
929627
204976
89705
170595
745159
837079
225525
122310
789287
860359
541417
431630
639899
591918
207492
287529
318221
743940
824880
109653
686217
593055
352977
986114
416247
460393
926590
303502
979479
337571
942323
520551
682101
469931
750607
801092
964157
38595
481217
930971
22171
768728
537112
863324
286894
186011
952690
78181
129070
605776
463606
193118
423650
109179
869490
313538
428185
983907
212195
336368
951361
356230
509379
604302
692721
347739
569571
374693
588092
486754
963991
953330
346260
452770
298666
54533
279143
829838
131332
9283
312811
416608
881636
403846
345571
712797
68613
560107
333794
559267
910307
651766
556404
156675
562051
187578
593998
958125
825815
651508
323751
976403
910652
174222
657466
712924
203342
510034
161131
93590
426549
597066
592329
113765
266463
221215
176098
667916
542222
777658
800981
259962
42176
656617
968153
61386
766851
662527
500378
649200
233517
787543
8468
404002
309140
599547
195165
187539
247005
313670
157276
398658
775350
112849
949144
135547
604586
905814
744112
52048
394114
561566
107805
396563
112446
908577
726858
923343
452043
406470
181306
397259
240149
950263
303340
39800
700137
619652
534340
632882
174540
847339
782706
606728
579867
189527
910427
710556
750224
269599
13082
379542
692100
261183
970855
912779
844294
417899
913339
376356
819588
590560
236312
463635
438381
923427
777788
760410
393801
858929
144816
743266
855000
359771
863529
626316
41212
893017
587295
920320
851277
804852
265188
453376
908676
31110
65237
651790
694619
910270
665210
237233
701260
708307
703802
171695
328103
700052
483925
620723
482988
727760
320922
503826
411181
957904
583839
899511
33124
81697
880480
697532
837203
521590
870018
456914
536810
141981
957532
352325
125125
934779
554871
869472
89922
205018
145584
8728
584547
669884
392972
255717
366613
311219
470007
619784
180223
8203
484953
328694
359684
828172
104661
319142
303817
184456
153857
242480
701019
350810
787526
123083
501539
25826
950002
757675
570379
228959
593497
227334
207850
977834
815567
91038
848479
69796
25758
874916
28563
261827
306130
134766
745527
753123
478801
663255
563978
391545
700477
885486
359845
936201
532758
172227
392152
307800
413363
676896
337793
313060
805421
239610
313483
419641
538801
705512
984693
201147
108379
126935
114127
256382
691632
118134
23941
256740
948182
234516
444302
161925
892831
800318
167137
484789
87511
328042
362461
557161
136837
151840
18690
340566
887806
33506
700139
234896
141992
706288
171321
229601
594002
382904
432515
390970
694555
245337
879006
282968
322414
800644
198230
100972
274747
725041
1133
221187
141434
170993
805582
598623
446586
642775
58995
576612
154458
598576
494760
554323
273153
195963
297083
587418
194411
59796
465898
926465
808883
933068
314858
222712
53845
772548
290792
960629
819787
203319
599987
369234
193434
367096
713797
797641
844644
688036
491817
709261
233633
330681
48317
49696
437912
525018
147725
131247
869483
65663
402487
586989
404389
354353
128719
842856
833970
18551
33531
465568
94341
115869
297384
316696
226562
980166
65852
108381
447311
56733
969392
34756
41086
186571
668254
496143
362498
949443
642672
376932
826315
797109
360202
880207
277272
87576
419340
341217
528491
191998
151151
560092
70878
365511
163887
25988
806710
525918
31768
830879
641569
528869
590802
489795
695041
970101
630155
166412
243132
950603
679778
24269
807964
727035
570414
661371
395611
957163
407028
893444
244525
578625
979908
894913
935532
240203
419288
91872
786147
557739
397435
351080
755756
144416
630469
436733
379407
474714
525697
354736
147132
729497
17172
125723
959131
583159
911463
121131
852617
787191
865261
192705
157444
637459
235685
880385
267310
609196
927298
296278
752555
34133
779005
947618
355298
264609
268320
930242
776965
428333
466666
5191
879440
137990
620383
57891
279352
557561
106233
9062
78188
983072
336794
335779
872124
559033
505521
566967
380031
915092
602677
621292
473430
666466
752598
437933
786152
924326
3906
590105
646721
631708
299503
164486
440381
41479
279568
363016
493754
134301
438410
793367
695009
958708
474099
42012
336787
184841
727147
889467
908289
430048
19971
212679
828588
483874
444427
335541
650250
656868
684347
27004
742424
806780
343514
510900
461221
307931
375897
749283
379158
538954
396255
737905
438628
951537
216681
893692
241218
128317
451154
151104
785053
939188
654242
571796
680091
113367
633460
800306
287315
321786
758741
625774
366595
381500
266609
940656
403387
646574
955135
834861
336054
8319
660377
39967
414473
28026
125990
455719
989110
282500
49166
851737
917551
876392
625917
293279
600984
122489
850984
311486
310803
858255
67630
399895
978625
240960
288043
871474
795672
314690
218720
917393
202288
464520
941054
935518
58023
394965
260437
739387
245523
931397
727861
839787
173603
509412
421537
160846
29151
667235
34478
641311
538365
922416
293572
275154
669720
526877
522478
686563
662830
822937
824710
46763
348028
353246
154671
186531
91371
202608
348692
95376
784696
684089
89371
564468
709734
363706
968660
185821
629581
341716
724020
682677
390371
914386
588054
308101
521231
759798
861607
41117
443895
193817
360825
713974
256984
745205
603855
641330
53685
114824
483746
34146
411941
532952
782164
122009
199640
466339
717798
974224
548718
850704
783194
606649
777693
365894
105367
828215
670727
77634
776741
22007
345323
614025
461264
522934
367632
63802
699215
866982
908667
138319
129777
198464
127762
278104
176019
543364
694657
769640
851239
706
982031
947408
530203
614234
661652
667054
377802
61335
323955
638574
698649
473002
773454
866298
619337
807841
349611
945782
663816
605382
582696
23972
985398
312749
542204
1263
205323
590999
955904
542816
966568
803978
165920
503329
533657
606712
63790
106762
325399
884519
723582
917623
43301
853205
909884
962819
487376
446097
452784
712854
670128
455111
160027
670039
667313
