5000 6189713
266159530152039511193161060734486544845235921128031350649147517773759081090 218083029165362109420728099385630305433388802311957758990031219224490907255
486074863067641175585950174012864322109206316050443258696315455529236904511 38186947141013367701101952190494849310785158176103415526413697516313154506
349520930143528938957664807187799373069947792472623202625571284814561109171 181946788815844523800655715209388086688932372374808136407033831566760305908
504028075914044453436580342170435683266059648739636371486414534983462580023 93765418682241942865508705864432746321224295381561601932962535942541345715
433357787107814628160899281716638803951263136245167416456150232766931415762 14698139832258823729677837097567737300447947889349215248470183051909374889
446655908398973004177101754779835136174838691504668225178451208408606200632 252949535763069059988741565307389951246085470157839150381408594164815375176
337308317728885475877200668530331105345740390372140408155005093217312418317 145749587665812906633495484342074659810202235084255179144121467192663450486
495712393338824534380755371476904463119793010951972493704408096728496862524 37897265973430015546484424804098379175871173358986288367357089464683387034
280815961110574502743679388959610702792577765022367836020678317340920268834 3948283408164767930987203178507116129012212515320573795003187723645262049
506475608057543368496407840184122965468958769014241153506676499180583681096 81293612627503851237832482499479697927679828639670513011248189508701733709
348522278663135640462599541978842311602360779716484976067257117124142373686 80076429530324311716783851954447754615677836455110322477816925693033478860
458780129357426508395738264330522373703225676310780900620378626287024427770 24902841898303803876104489422403532042848226412097643987414372478571588771
396334387667463838806880454472616486440385243287525142685236022198723018583 53367128306008016848719757424782192514933998320951200472842869864521141224
492863804186851882458476586814648663023113478953358228064409349051660975141 217204379744089710236625051983848669666336137732371882680934496949466857055
324347681888350738364172543742290387790981479132742526215111089823656379615 249532899484033155607450767154949295562092282965654995290994318631037147625
357533916021227954843377891788591395485251884521608165968379718397929495910 85412561348713192719704697528888188969416804285972871703831866464612077985
428162993604087043015507932060558058667900695763034268164182051423360550088 182281590760832129820587559191303012603386775130366566176023006138551341441
269738137796580747333621508651479731320873511501381483842685703074304580241 101436807567564182938404314714046948638582718380757034781780154115069990109
288808326058888259766045557019576926420419007448989733644589019506097432556 227029622250952843155508360188238106679199806887983303978797115722687707799
304897271879670051002500071380261684022057512994901408822698933800155021539 85116228255966653857247435642533264893426137805281863124618028077125061299
322575629781802614461769900924572998264156241395581389319048457847911750842 110247707882240729080034869590207320048651134699724893644306017311507739643
333814732541666123888474761593282762086790804936570262898362732147860072047 220518535503136331700916562913425547629968497312740516545060730110006667330
471236737645603958653588758497320398810058664204974976246855713181380432910 106568160235959121165624558103794789047069474488391012523044602521509277501
360846208693313746957785030724148712326530051512447256004954959758269275962 216288839612731594764019530697257849151333664237390642026301102716713073831
396618370408873871032745170303854625520972563390390814438183114517704334808 239849634187085827768306435495779315827510204976254414348383758479371591843
296838890843193174267368348208102995557873020412132801638933188373708267715 216734772755222480178090282860743961586737075577005949295648053128688294999
400016026709995267269502468788238492833296449158090692804783626321423108783 214634251621621976480368267950013712478050160142479101114486765128720222977
371550124641071479750660944127861479335849500751343734692558814856842460497 197582544129078648637263647397200871374969298736561507852230015599526299450
427363018078524021356502351985487275385104291569997863436971670400139697512 152400793641406335123624584185630182728169517557710623763690269258984691591
305906242048401115768349393823398630100610683302582703989686223055789275768 64985797679848068392039361227325208435164832559341101676218101870585710183
286822884119013347189891922718661233919802921944486743199115685451735639628 213072639638338284661041440076106730731752781232861215339704965859259651693
391930573378003290497550633113115618008252146239119435089776965302576047699 14969371696294688201424719666102429678762754655170011873100694690815463011
379654888100866711272326763080385610950710731733512445071635823759512822019 240030823220723583668349880345192536339505945556249111260954917914810792852
478637049398418831867846634507713535391557851590821779709341939496364822472 106770458013525356094819154102550440832563699253339183709533304820655556639
399151930663935054027276180494779346925543942455277277597437183208083311274 84504545823163881812921661420375296874937273724791289867071557400455492332
274707938082893015622179903264073699576409387190970659783318890776116964200 138745015936611772210726863992340157498810034304454690488200285152718868527
445640981622834072930065472452231262941548121700641794566590995661151291436 131441518597409767162342533602033153680331051664552685988959804315085060857
297001512893636583837905315494314747929334385911533796498793134409692021299 157884200594738299941836764309712664212654688654505007285713312337337333053
423683965371224603181239602433303693609728249134780498006456274694309642014 56005758459430755568373024870104037133667182245873230578240349186056119160
509363356264710434710091299655115814785501276317397475652054000478214131234 147566134286779872523872307907248369665448236075231082530991206669138282207
378943088658125836456978435523438842350375844786681884962987858082433545129 190203014151235205945335052966092722149721846982307417723340847198976493068
470355376483032996924094960855597288784768502267597726324183535331203175292 246450784646450418146302437352629350723874246310565076770511727323522615810
508720977969602813228816244327714579056305059627034230893556758851064772547 61094320765524058379327692679741637172955436360991994228371544557063039557
508273183395306016723373020027513959501595618812606266807522836002237557673 197342758637559451637545728513748288740648829221864636029241404563291919015
370181460072479397215797303495734657216326720479894924425319718245685923199 113255079514599476363974464711718347764301180772933841649090634670967882321
497327751543859183038592109203501631268477274666159494552033985470084280305 107575819675432108903052068143834322940123545425901048564458215090464485647
307718918345796401774169392757584862265967107704789895361815744898068572616 152336974193394787576201408028420990754469457242818141957712777786561748737
322357594524060952594723207746020936084752144320930112470244576377623965462 144355210434380990118196200952725368361711514768305444946397724204699162750
448543946687763219536766055763332064502779804000574181583615024233565740026 152867021781522570986156760732980827571220749619662433222279464861346482899
432123071232253402397953418133672210312143911527352717976494319831387190663 204917590199491332662302081878968287197958890386329293332697388285754187373
415070857678269847532342257751596780537858198571359957020450293352274380862 86869784541486085220566624830271161577318038905833019071790532487241004984
284159287492907014978421634100777163792604264424134685858639259126863384170 76157472093887688955056982098573308613288736845986967965249884539437827585
393243423368666665041701489908583783983013754095231185047506462697959313328 117134737093018062942683626280293657476855306360323938561650403790988741098
323712648707537069919330896986351484179212171028511678463396335861731055163 82850055133500997900097332677078669813778762176586790033661315617542801730
317124734774397085501345392565198607836876917957816124044855570926714188249 189502025581598465283879024766190917524515885414905356885929513920371697092
471302335544722672137605593150147160762245693219343456145378624648756325748 25541853104878951508356645769087408842668450737153529436543450049651986029
394906314933406033629012138758422950735654405052638229427290800002597526618 168715356451967440665506426780913532310459262272625518781983424377955149538
377147427769741618651193102614963143194785199901501701862246192124711377973 89767888792475256195724109320562814477557500206898564425084400104234975087
452179441777062077856895350908762393442913951107183274702479174060099223335 18162157456588299105717802814464823094767478262942630021074014554292105693
477142928322200449413556902150218732022864731436876457383949855155543681487 100932428181071640268811476947030223300976725804367848660007597330425662935
444368106826009149036978016098135205628335094508507370370326440958029661725 41504009212705674964573765651890020991181186999197630858700875054441819581
485019081102660852653378359979710196708534786782800216827366147758908553989 142964831105710366551102932512601299722809008957226967508156001434636484910
367885087307787880272452512186549869179960814408331835024365367269299283045 107201437600692368974170353261210090320911022094161923359075333494631931208
470672689751768889372708694002591366698704927488300788864355605870071528270 10029006483351500940236649879353368817123985267430103756298798018753219386
343520687496577730190112365999815265031307664549245332679227972308849406771 13478586069774772353792903509499066282326916013063694158683960768341062429
323345608412410528686001488542987747110365504082001008504337740710369672993 124740471810848054814846121547960992457015330246507096841576000867792109917
305653476123135229872666658465247925627507491987982228211239269879203718395 239433085115057247051331926978752745002296386967316090257988614843936959141
473012740563378810877298997917188375153371923447937837908050256473951570174 39310962035837621207813199482181325471136503473126087971100269773704016680
424529335443544160220036692844682059492842612675148296413659955634684448992 105056931591871362134649193879389327798908228507778914485056631653448886063
298752510468005736417922199108354391546863334872069509422563480095052308658 188599123251105848970307841767135523073878964972716057942164608801292941911
305065688930147840785728145642796175052215619763433433696972954548595661537 205308096325819188319174908064942075416735150427551863042213190166444808433
406578336154985662183653954974646901656031371292655854575266462329492159941 152396668906766869902802700308779679975313907727637084964316249801388472547
344573606179744575769765075643042699732808841883086601594514333066024220851 5067870439105799110827482805210076516806710420896360194000973334577619941
281154386859548206149818034074890273481799308022207610291849119722924248441 1171765978306114052840831120252975549737626161508856346424427160737554601
493636553245995312801267424267462317367275751137743735984507825236694284651 63122019836632019064349853854071314337687675813900151753483774552365353184
364192875542879934044412997890649068064819302139504548176285944984964780248 235016307129756995325337227796374837734187748189743203518906214110136123321
259657153372147272187403127120243167093598054064947630689132088158616160111 87127412592333165255992921473890908149264787533789758289490014868117294626
305211135970143879871776088767305355660166784033328457005798489601064774146 105690484877566597747559798535327857280164438509341354120723629514334046753
340544834577548459846799776560612788667126881853291775028209132752157787251 32732843498772863152221546204924231624451620740759541376246709503080284925
415544820690997080558717353284439634524197422746392046053126036458405245521 226715459608710648272482900951272002538902971661540771343357506270754968034
417192652590991316186722301908297731855230912980591420067679153851838948509 205008026733330344218338204612889392061709199260568170617509090538586274265
437854356432991517534562236107116650765628898471293226460536149350753116824 248777422539148532267179471416716782837686908561683410247074675461254263400
375150417322127424258460182481788799865001840440370043068750641683225974671 186638361293282473483152118032221233227717690330953941383209608613505687071
333615285090325288247046608974383340195625385573861678539529606268517028510 90931531393183826140036656291770844884176366911674157676527724557643052115
269282383089431660068603655063557056180198381177799673076526762666834889342 106464046643783869011561720888204971245647989545962483112951821327617489833
379722737737956654952631925206083526149217455736057920138865534305437646001 146230339670528311736337409866473215647989606150914974923001568388090160656
272760775664707146437533038133437632278965017653318185467771253124760970231 36302924891150461804546557112603089328333149665208657740584660940816898610
508853822021554821868141038730891185541837338548665775545346199515097088871 192358002026536306326424558931047185571240771596301119294421030411534014205
324029878269397609940387776493277435078282597274751170595618495757439325429 150532817266342376181312093992195957061614617174414785568555812800585873978
441704047898370468142124804679819235777443596498075423164984634108184996151 86757750219392799567723795397394743809963299746568622508797683832256267355
423128503407727542700677905551366345441979670081676463315758526608481146577 20170822056940622796649804898964901545979341687597074476178420552903753733
338787832946224366968688578365632103852193141269928623176547263188776540113 7726632970436289346535344346755287374132947063153944552047599042254035304
494463086276765262324970163747476411659635970489023463672043260325719931804 164090451259935378132485135155118946023890375943644328650589270956116381682
425683168279387074554059462193516271885225950930875396073973704869881779917 127280202027800627232539027788482822196628535188368336893101068637486611223
405519897851632916119532510856575560113733411298738365501287037110165380640 192050521253190862422335470941843249297343812074246999739804824260455899984
431156732012568773208717865661623121486939119175741886105984073515638907429 140583606220044700377057472489258831608336760625937612308506144537943397898
323439392246614485661866896080708728618987103515266081425112279806485315742 247965286052730773637694773037732458165008986049265330688570692211316486430
425406212076671989012980670643874126467567541897205962134980226645485660152 139452041172177014452626018923042174341175606899848769027809038829490896524
280491475589799251773231051456523271241952715281996092959472359884659397000 12442044322644073180572018401176178848568267964027031138235545135378761390
340621283362291705746203776552681614321030320742745541061729840719198858761 112313396073833880770825606212273978904491747735785238360561173068573722115
492746273476488411192130063103447984266862580634161639469224653992757880604 167138626549484158583669050657086493136417874084674571234010909789261911893
433370693584057758253877692632818799231771174799259126380067564128272824414 136008883423320699197395595014431662747641501410760896396556539849162219903
268744687715836776187073899971910363422311698570352567892752115514282650156 42960159774258414476801645917925951826631798809864874701209949494532251348
412138152771572016525587283530447871815036639779959990531402114133146328735 144827539788126060538458757424568889037842295360796231907687062056456877973
444022308412960479158123283011345172210844546930263273309326543387686278524 183378725072802518096307920986752663558914818409233301929095703766103972271
343317535024456572955296822252836128204355287999439287770055902451615674730 30428264074426213185845864322497233063949142838151260947032580630033666101
266059992384757570000070563198833076282004433517125842669005899142126835396 78241065193823104306686266783972008007061912473207565378762839739023217349
312978459434262368579980972714976792595076228085026528855145015574107658142 53676997785160865869324961881830328638689150350179853613842082295348412312
431610334182718661755598298513143926021054559253701429825030542871507249899 41639401008215693478951917420096522792053519070722735743201175138320765955
281708797828865222346586599702781651855872937916743389400661142330573746942 9653153490044753457269765250347444926070252297470124661904041586181534314
299862290123727060167011217539427079408585060662424991824506065025252739474 167344242348568320037290346889083419808235620512928386976501101052619121419
418971557511129386817003529792233265877503323398470121292849168196915462661 242275964032391317108698511379794332322571640317188162935606373690081448090
371657854816971043900778018605176181250813665568321910469243840408546218700 175217310756552078111754855536336814791482422671931671744741368975198551062
439873050624486469212579929960379001563831265680319290463812949083699327766 78720029174873108828368638797052179843485610777642493514111507469903358124
430952053103003769645857733823241913338330562765754891956131818061855346810 162778872131789185077261166533043722788423349432226995061940195604119883332
283033667444413304041274154704038952106319392115594264939870978971248020187 234140963441770559798709204046856246238336602581627084791635077872667497421
345425469561494608703318169802251344518822555228446299858271945878857738763 42749599812365897806698069144943859554459790382287529479114725312468027408
367919731577217600611081633567587181563000368189261947449318806720143058364 152290336033355077704888744538842576944186584453597979950937986383545253477
330780701734953416186699582496672364032966318261598750488008537672127242992 240675615452396786687784268644911745250661883259351675686169506039324022447
464793856962814575919804017851762304599386229693494888595049086641533037649 54095675256979978101742784427757150666329663270184071399920193860835949512
284541513566331749258632136464337532759828457884164747791003053671075422726 170213206639160347353841407811125589925834934892672194951120624839201120872
335195117992461885776034254720496329033171785657336924413925799741768275732 223273635185188341052521005244536230720185274037460523431312797632833923450
292387997665912985379779625855109336758417401148261978764739857895355244258 58781253552726097833340435415003223946881929470290707147422432993303132517
281479621816398722825369730776112996998221512326538573677157745400258904170 25542759813328323361218163116890682237866719534892077171996156024892881201
484180699392315257619857624205792889207612015723483271250670958627446234142 185211136291964205069992581385429663291734293100793780622813814902105960698
270873561631141826790136948323940061147885249775016410423458329850992736661 67293582946631389187880903580917886426000781006991773902008262952696369426
435795121056662640944250303768111153262288865710920634485563871849539684793 51740431263196115603761240323160232181156845651784480949548708174126275392
322904826956196408797722689311779311069184343206889702587571018361995915647 104732134906083397721302975667046372268053256734302634588570896763028995445
462691948887798384110119676646308740849575128036723329010601600727385269515 28157547884672524363498670167931545143537229774362506256702246232737956923
267504160995811972132510555981184972922044498376536655450972049583013409242 206921564744233152127282562501008719672477420659104468976608955921856106908
284143197229191802839440025324848820786233868908400532602084623185081339158 114349509992521195806255717176873183431702006498908521030176710202854468757
264135051314176348372783630987233427483941884599202276071050523365746897202 174717148587021083327117914674791537900250555271451221940833194565812895796
437775421290477585760972910057280465525774214888432290406583947290165463472 62577227537044637080686298320221831408058564426500265433629911999304905297
341452790164240695327878039944983532207269141964106810986127856871279012629 209142098235105363834431387526880205513668139393447855113253945954144175596
345140359372993936169664377961966263180836942439694554110651716781345231075 166503090038004971183155058798406362618980165374011029348525310948367755543
442519523138087311329663429812378188913554770515406361858501979434382727274 148638023805694420215623498630121113790268342031339542564554488652148689885
329453234497118505997997545917635314858798740711121724388048920218127754532 199515076652998559855651549962346300060379859027280972437205769181317575144
329497740303528730210476101016254705416282383618045057853414637380215513326 9736532939255408998081823592998187145742412907159272132027807092222900456
490440464384545230823471023699853738279686336566717364226426779347188276516 147355129555494986076465036049539385654842572429979965993001027219595461640
412320249418605506591227301902062943407431814092418651901240650932540984845 218748298070503861965188842647126381219035089892684738147899815537545109498
455387225772014372330219444985631008656827931159300324016979766032286554183 245987198836475506525630802663313106640439692526717598975521338645147731177
438776739036534434757670647807937950387992013500391929594324518989138132108 199990372032398867150082276831390726242606992697504426620965097084514650792
471392172256757675150835946635815529964126547532468999704765708427951295798 52724913584432087137032993407048231008393542521713550932233888829337864800
458174857900405911716641031727175444283767108116780362999917829281551957675 211505117733763124197492817903050957654301314252166027732557056824466318043
360278056950127753389960781741513723085550734789231055808621750359668436348 160359136717132246254316125264376078222593679156305085599243515278449853849
322037486503974574328860027052808242921431160669749500512293245126649143173 66552134164624848732742931061459150093218576145697125408308413581664645233
485017888685406196431336700847136912542937620696521966560636570215288432682 11081479701183613480116338234599955437926775514531165225363876670748341586
353838996488001192258531195657090925866106301475995160826565135354760923060 125141709558165079350431650989261619368395176348348398263192516636673136383
472048585268111012810144133083835634479382212377752967650118960089298362957 74088930296295572819383354874933635215521677295738929548700056927246822521
289792767561197216809189796196025705388863355401593768551686853894468712080 63065392168207608713544266184168861971803958269021914430861861407648350319
448153423969985155878324355342020259611684256420833192191411937514788252068 7605242157615954325775045993612397302465936281231660288860576849104843321
266044868953323001768122853395467284753496403469764309841907584876905187256 110448068056442017301768094567776702137119977691941378578544725317012659290
364903540487064374481513196017257016405367193559117634022953467145550383150 80331197120288830226872217956139754717255553087682304373489512767168526741
358181917292736367653288843022983746404949548515846773749212666705647732906 90224130042715323864240579768277868420834060531489791978375446091575267560
377205370144906971587495342963777310184874772089781604085608062432605361576 84439016675771230857032179416348932888078605835464546160835489934146040684
290536218155704066369115856902373842558218522405697317802531011077182334302 186320295675935555191720023760199726870287290553822411830600767385038812876
345387858122412695492081827196548216562856282925300365989557973959033411982 178492628145827840111240044208018093086393874034310876213970871941618667658
424108482324048602623912495567178585030232853880647350930740870229844323448 225587870248998418405839338577946519326350371157987631046065733958568364638
267920249432080933868191816019360025641822935971040882679316352688895868742 36898527967245102145247924064423025128983437550272085699199868967184583593
344940921026004655712930561948161463690969065362735215594412486253347898021 216604011031273132656627223145584391420711342302072825185168063598786017380
280239037676494506590048338472414489676545536427768454886697237056307897846 100504032426492740805133707277474434470725459963068429525862329214598241895
256057490589571740003285455940890153670081760814484132973960558031530607239 131943822370381644780054582096439606864341745899886139980194357544397507195
299392918702359660365602335108301294479006033728227021557913117498255851308 99434024501074402092369786644782716971435018212549192099635074170977473957
402243325055961233974271995116764316646820350277646479910354644588540236969 229559041989565982739192946971027439154451613022743002704651000392760716298
273559596943728146208357003649823440982071023122038114335847710018597291871 109879307029559459202306768482261036416476786989380999528379521704491691549
490088079248850550393645898237612095774119294741439606308606522381071149175 182090658156005976696289140061196644998742935482143293782251688318017112611
406393652484394432813813758527463502994433832399469183925142170722332185412 35687637391631493207445155993446447373445919331483487475023123647646113077
486825126597338553200414111811880749298024055011649796499220550106517929317 217504195574768249192738664416288462603765395984521253782712659253234887708
497785965474036571253446687456753231872963074534417537672846694421234195766 129712468031334926078718245407888188256101092956138111627944905825905033864
489395806443301861473876712427939376854404022090659903982294034545351168541 92910937379862430453071515236118108588474340758498121316801415254158430610
291054615795993036431331982246794142809771913812474288306329616748145386120 221729577089511995459849809267853301617425456817681851080454998877034003926
359814870088816412514856482633708310750817812941068391351674594716692958513 11684082505845236197801152881693761754338090146662410618246403985587436387
491409321732037568679410820206992403947225971495786794241010638365295315557 8263635870454665938651141185859175419059388557841830288958626124786940938
495133232563886247014205753546743376962554809737031831151432186812801283153 186844311699675486424059393095149118271449209967526396824304505335699082639
462801074164062712930486416590063667457231942709154480500879623695258355013 108551866613779044732454762463229957717775249485522902926938314295185375790
462573758684582409442583505921383929017151275233169692033548621909919430178 17273691513552169685893000803650043936487720691312686901510002711615611907
292955855518318614246959861276206771866894388415937242305802282704099061764 251021649925893915341694127082343318918413056477176779418907627345169851469
360980938713332254053785461881657996571804860840100290367179461829580405469 114708590718572464853711013734486936421219718340581510934878765413977083428
326046989575999460365442282687336792217253193620896379982904002033616943309 125193137818928415075475283197720457870444715590708317066588742866135864548
330397516444672991740266898562724200408111522029143126548786863560929197672 88200186506283573582949246724773484900580323849567298711373299585531740941
384621553624149407173124189648436936062733746683450456076478328562833616397 229188650758910334591759355068830846247754362135045812394595076787693864667
497853164244192799120602311460565550013544045118371460219667644521092642463 145967084268571998849800396059205132393167169593371809923805302315209889580
420676177742895840197541749042844639299596582152498451604937237463484439259 80991542953497069282921215469323193035556929436091316442079238565319608680
474847133570993504174046665821994101404922042173203573112376528944167600570 205901145154084075394214882122405358903003341905617782460431383403551611313
491627104497949669586881861735608804172945046139703858480322425191111037382 107989439147448425278090660320201310623271334217397646746194323776905959170
335705504697911545346741044465133919899153722101626572052958985592251015924 3296165939897283547746172533974534591533871258269908960365921736276518257
310152196923594171762230779269406444853057116534006140775869613957066665026 141555759335734088407361256051033464314268645245295445827150678989510374494
316182607415549592939654230182958076593056890271191702014099291195105393834 239480731289465167321454523701717320816356286023175663165498634871551876365
436523756572896321894842116932058703360674445084268751121496768311796721709 234586632276500826626427041620775221277741568675420812160430834907937216276
290873257407525416965580355438845331812916987320657391610481047062654015280 157303220902645634480660032075340190751669574098829543140411506297718087206
415799250401960917766184105115569013121362790391769942774794304273950969063 21087230327682314024212515781041465600956359658086244728083746693301063067
303087235124747765836267306874306630738215840288533230440069505358540042960 131049884135586932547999017418015521610783091976933423602714272836916749966
334199341686938978782954305006877508483853940604471285351269264960759507244 159722210142099046312408283438085511442503973799999847499244043881559344095
293458541451829446198399112842351185877571438467193018652672325133518762214 10005564486141741571381571138342483650244374511507144167594143797671790920
329969812639807485790831988401470335418507515394778252659654609202859278839 173973383929388945700593658117168777577803739288358485342125468096349268173
292875946660444846915210429278871840336095169493200234898760196986195308872 131735880363158900165668702788248728458654082128728333674428386455536653480
280536443513079394072654560584583917571526590498408385345718902988802026601 173102289485782547105761886238834008725633188959740171844931537782675923991
487592660046255480718877523734103150578397330384364664874696001992490212519 70493816175762143762562092931530455739666479812996148943044032067578638186
412280483140229199575958995767057808491902859439714048198227158454231958866 117665442324228313426415636081926448262131075399000527846087555284188622568
451423276386758565854941807412566939382941852404140788642817322268272730411 21485623642895076536698874702567410121487813600223265866626383306011862035
490229870305791423307878045256685510073779214842951465901552749439527118902 242220474152940348084099592370231245050714489349012057330734929234204261985
342768847969496849131219086481685418921117273767776334961123553065372408943 62272545969440366069025232464910997714562471446083000382078345833360096996
367535485183984813370782052713144109908571522010667318432628424951838662517 226662301102986485236839188108467955147354767911975375057883528874442928915
478880233724748261160480621879363987928416885987265704391955221758032171888 243045541513222839909480118697770477090883851851550425810574372565888674156
364824617892165484296780247872368389605596865520443394950482471311420837315 161034209183310190490624115676536644777424147638073446928963365129792008999
264675892938324005368085093425394125609551514980939887072495567619242822492 79970197848023233829806826618027016135380316355416035743332576783223083657
507956679060378805798913696835115025814326890871954042145056824978925516970 207016520610467557350635107732020672691752779178268551460844901712893401705
408864991699873240490552038542703796363147298417268063841438789552993739792 164244416984350665635548338226532476263830215471544508426403304377129322447
427231448486475333035006127561732935277645406112062798531978730919847516728 188727139131927978978842294783418903355924003171655614213200374614863707551
297169254978516403757636689064393990938864020816641742289579399661909909809 118770942718837932285970048281929273323524658473753387272939092346770231522
373771966913554962593685613998345267173583959023220333010614370953605495233 8644920537506444908751976113706820358300581494440330186750089733376760934
422696095533288362461291047654888515898586586676400857164812638296267670993 75626037461723567507368524770320004380538940731036781194481533641716359497
323800610240366416981234793029320522071188233195082298764024368588269346337 136356998360531301466454530972385269882437678918319472674429682804763397861
335668855072758013901614324092434635122844346020725109192755416310520337843 166170826912899472801841842371702798660103320696045731307006755985420988332
471522345646170042541683821161455992463582394139068374160260457870693872333 5784068672906791853560504811702204276545056283225326107783584642507342473
361519811954435421865744038767565254679873739666901556147519547966674604946 175898584912798671841121939916285442689636250745398978528308135698066763853
482425311269725162242822314349236624508084536340611883638858674486297285922 235932967347122814521447300082912068143884085855641765644871001949957981995
485337444239905263623581418875803331938526443770116287638317228075320613304 215453874105593138216439892757080872354135190774654252445817650454796929752
260359211509623309909285484730608405798702636924146756760761914892649679314 95842978676502631133112227530404435357113181150788494594810673887188015987
374095980952735612243961905360615625606251620064309649572919441496348788884 251702652582891826946452240942988792347915246466284629102307984795992490298
468704655888232132127698195259410346877496468469915548334030586378296475643 210707458308248968780487335924472166184197585497282551235953494938763180937
475335806748168635332528853618021180707039013885895932888182984070571757091 21863524549055893118484838411040614199370582661705734679601894705278440344
302608381796615224873234493683544568155349736536015556297606369729903334388 42564342957193853318498428889716153519883879859099980005358663088006066336
369411479740265067431698037522754643938442600491071052191772090833537343099 82993774013973039431682720492272683928478127072320930091388731576784028948
510306410922474073701319092257328528506830112453136430083749131408971877694 80726760734045438911451219793336615524443602531113335504534643312744549205
456765767932795947901914426495899611632973486046158574288413854171365115933 22482063919031401741997734301177892752833192042320831846301661784965579755
442435248869998223956930052664970805762084140702461913309231324340089658054 78260956424789506864342085192117821523108404138293770831022557412158954304
472644642292565943497505812245660723471808480269467638807984550863970342090 221226544333671520176152439864905662431918771749436737997642980706720004976
391372298468932024927926816327921295795658165882554553722518647800525650271 237594735025149291963719637809663956563839162445890983347927740624402786786
328375894615857665774429070546297737143846537770606205728349082317919259390 225645474349430638116166185251702869936467616712380846386110874920076251065
388056523935105819518296362848805156082338593602281554381099774405509222063 193592851833592532662041287359942802543909085660422160587742476661002684772
381019482463118565396920544077344608297367021905324762281640143555616631555 215967812905955050503127937991559568153201776382583124654003325691661376318
415874593028728679915792557105999978458112280927521815528811532641716216952 225064405450110871035854500084788317382711840517661535299472133608464922547
475064226859849493072678359721977556899079062141825269516966338645586493833 226446912680137694298250538813922246062808962142515697577122078940871072171
370894441455425386757682551645632187874256872457861888036243663112695029346 167036021729592389293124650155723734346557517616031864889752660774421502299
451188839498732762130794170157679646045661324708752134668808126683884089069 8477835854728399697912589503250784716370603625011257356993329552496601011
368872195531424760136217997728075217450031726253151785955135641926942224473 239334186367628503599035004510133844843735019919752521962111327720493223203
468007376954580655974340038865072164076927994423825350758090309778872581413 117893961071489726496507811147881176851213875194980804792731009731298400902
385114753291961257836080602512629699778042916580241111421794303619352670960 150193717679547240697841629033575338939958006296243159889929906091316547460
343421904767868187144132207447245671370328402077088604459078903841090646526 82472456149817358215227108100792979718914431928463360385854422478460869648
302774809589978055861147534789530267581124882714888425232738069637452299658 74620941638438538454134044373510655359612948706075493346416615782820431197
347554463845621061329977720291001430982311309507352241733824834295900988626 244519020621331455704112352563547824013455796555336967112826834561442335531
316273117001984156088275952680848518381803247168135557111013212883299373215 33128414402909452138554438166996292567357775724435788498800049264792705169
387639643878626445869117916373694231023736815511043088511479299280657527247 63684039111129020319853400865237486605571714672558086426116024747002318206
487115757375853674603337449972281867068272247747221958029700781156322995684 225696566342166528368026403547039536999876589916654234158760182534114428798
391297351897774927897915286164172543358612771069288398851171471977161086485 12766588967761301791722378395637767389220015388509732829646972896881965031
330638611562324158494611314068247988610387362014545271293143928232787413361 92043399206012054021399420063056865040688677595213287185544940104193301658
307371390777620805071423043062754456293035779138614000414307261084221133255 147871720207273584712286765964530455864420198308725092370634095458052270608
275402908970580109387260229147349891351648388351960805859083428002259668891 100816233833587746387117499673155230450322060071988135586561669644051031786
284850554352362926712128456360530843771668077546978748400609652365098276197 201725056023588320130510163197469878075551973186204333206664436768913417989
504372874368992166382479308522096063595224693599580651621022980000471066852 215316692037649185600684459043922141625971616179739979294112416462285487804
506927570470769823109312134023746477963391256724831389551014277722609527381 233639710163752847412264241714445866189774131587543936627052152364630795019
412579052641150367149449962224982554968774117259508551574725661117354470438 138226592131483639581593657973779234347743419390664383609350400481304853466
311629631146908846350464356676653456154093389741605213431323414156531130530 65774967555422055976800505176295661082451161021578206443188094608861658548
270415353234599333095591475040536419408819960987764214958551275417752541610 252318300953447244113087297126190325177061023887919942156023273142008958353
421583927993488116643485540507763182228239630570788557601737178158412179566 177943036982688112632488522148459151391651787328949080000303084180093652911
412226648699300691445150861385530351137111906244648436067402209011089858043 38302898247788391323373302823291418714065490664493265208778081475231120378
489581395829932065046873028905261020763582300772467234613938349420879899625 222171113336909071226494257197526592469834126187147215495991299989477745386
283223295066262388451940078108660411790093680166281985482688339562479911041 54787016673887111275471443132585362847784223808066294874360651735383761032
476626105387000964848769551610266791166471044654328660540234565731113759646 125011934719498501587706193742715158541449438785706433478319659494891572812
291148460666641266927385254591590085522393133662189891087271473400465106468 10945747470446497813706056418620603114059111441069984159810439756735174227
300375474337273468686607625936024009523077136582348391295894304260006322043 79260538106775781801871792575294765761213375882353005463780571833443578314
486491153586631247934319910580305410163613557109350313923193259981933855608 137584980834516512830680088577537044221879659579861683667517166418260478836
310006587813177666205361469325570466701557967722414805123738489059616479010 228586711074012409989797500057816772049639238658339591494930266750828771520
443654154747950234020141754574505782656368377678669892771247585109732695182 143976045883050059213177771766088418783892370399200128608113223764288291754
408405694746616876271712199943015009045380763913765224860229654144296822164 20863392540534353345871566927372938339323812704769300741254019986100849625
437333648526116230755891478196292013928661582246524000183542700717885476366 120156979401358571993356380575173889281274118137136060206849575273464814169
391355880372419807085492520680453964231228263421323186700452369761854449387 182378394693239504609845795221874449622099897392375247490645766659436225951
391643858558238539291190792905798296434982955248087143031274043048976230104 190742152044938131321066354572977811714881978752428618217820534746317601185
287400605185786084349826340534984888726852339726334641289887948844219253105 241127812029305612062369252926082954226988656324035582787435943499538004526
364717700863284178351537460876908269634475201503674727362469862849008865849 196103202813726624046556668828935361441617512600420504207789534528538009113
337902409365071697399434478576291351296652925885856745074933147946976905621 184740440787564096787751594415156537595781634875147621448848758843679799830
494986944755970127446507784362710295628749868941364853506647504470599484619 86796912509554904214240858739151020748982925323269502440756827236048210157
281802984667372573660179319094722091600145158187164523379524394986277753085 60581874223659901306309563160939804793883432426610144347909615167581988132
445930720839353804268943468757655823933796948384111463746257660192894695345 226993576892344021860022572581936642574159142517099491523726893777707901030
317919592347507571881145039048403301854013602187763937780778302256718086278 101184376764666380167388598542770094308549910618362740813378759315260871264
326501155467210432463060921019890159861143442872414031565335108685188217463 237391593644289180763481885277694845935475256685576075652923287541332558931
475735761371037749476094024744873584019639528033168981322700338051978375405 248991041712456242084763036900279420364505234064158753759726078140253157074
477788358336988114040505035587184393680990242790814954577996297500205086963 205381830154475630736887562016947151428314974258456437710288222511252518407
421679121575997616791377844112342248912551019035310950588814092806479741800 102552512374527414082757606776275728399193094767542535876448142729704130855
375413653308251689253558888545495144024451533574924053645487782902074194010 75366906475663895330938608004295381399278672429948553985000472428202758185
433730768613651807654675506506461918046331091281914029509163433976770825773 152177663729366554569244489635906394992570427962842250368791205228143702756
462590587216992545398515698212300436305411121418723011036614367996127781245 208000227252834089304872382869639203981938805230042383212206356931130661480
286186765098400802273461883995934136640881169090343461360521545411007013386 118209616677522809250552132925527033653346441879313375098868078572027814357
266050408212482551965549574189117828286291402469765644642168513175530954266 151714833543148407664314535617625630925419403754537467631879590708769398570
344322968107306899301861169969358442451059847955452473295577593856095238598 1248047627401810452954658617762083837482563074125215780122793746527707421
394783975660137456968203703349753562691681708014560404092900806038730408295 127787868352530730874956629698570826672876265914206637946148666751722702570
401709645830730957416995876515777974691082772922363032188958198591825577549 108461700456600656242668891050348987702731955880552724732008787216614509442
490926443782080459963126435072431287585089265797901748748647299881521605037 21299156240425637505311116762841785986275358602908067902506496820377233904
342344659051079882024264059093074968645929843082340582946647610402562480132 136613453405618272806054289070762901343436743272989169148692560804952675595
257962219740915728862355821566244672140566163176898241942213952575228599927 209340560776000699249220874207014592008861820091561484178358426890647460235
375167516807929684267258533452104849460652271429813288289059401383559830200 195899499610665316693540556898778867940267196471902378245863227131264757073
380194414718256471591270381256497838240074601349334421525262080125644600943 229720529080093781771557956967816361797153310181278757386908182498231223590
426967212779834400666040394976357005525830219660493191717521374901476931071 233943818831521350682349156146414654188061782028205632675898919887560602754
426717985615357660706309066297013045438220501731395859206712842445038209635 221603421294221921985558894597916350716579211085374057764662857680517327450
443709764621755860658116524731519651520970182103339619057785352071666319152 55675078480726267837486483265577278579893840448498850143763226935894217606
415717773288469167356477116396873032016776485258376461167143270843302869122 174717727018237095436131874760011588006024099495025253651736423049119278419
480130653484367538257501891540270193840935205526667176566823746827413735492 94304842265183520380681203697648453875573405527391482903210843030781471956
466409412592243549644777385608562353607383152341686113066914192304570105767 92059470295290812295117764932783365106041431095163936341344627170343535019
268256305552843812275174976271320624370860625544740115942123728445945534180 142680622436702580998233790720943282110927089253348663233114612542985401886
331679153512535346203465328026759465084537630490369751853519088048367968374 238067906589310664912671428896854516640774235814126693517681511589081541506
327821265721926231068366018563350192437359887456810205403559925110130740140 72981603694000848235279843501999921475572213629641809677926470844801701850
364507381703343228704890140044338558333781465246542490388043426336624104157 218722211732366291058380117558195500689554762373249831923982730414403895766
375911034402096595442037626364648183832734379248936994300455640248962733254 176638695228462779179118775505276095146711794622856179078015410267000991815
423981932185532805260043848576528991920233393516137641998113308600431148451 25328876676448621245231071532962110377997558130677219670004439189386725143
480869237128219681381463345193477221764590376920815101942564747403783227063 120126442647794901594209200724092469360700667652878009275883170359601654
401416712496037086606368087999614607066634306289907697387216404972296153071 97385287079034877990689188088132179272533856527599183241844711148902731124
300621310812263042182258252952079952875365380369321136996242993566126205025 172852236031709707991089491104073217514959419388225764768640962017957029219
494850976191588649333789737254765526167826083093025819954090034464572440801 75156264392377236475281807621068805618943721455432414302735801994936396242
426437403893182114708795774374865473158690615770648520132423874390692618821 237269776480614589994216392381788846324525848707933181167113436442142853373
293319230524540658772680467101353400388188473755519984672541793321801677893 160838573927232910318315595825137253706651269847092666600876229265057178968
381450063167907655891534167145627975889720964472425551594099207505271721534 124285600635473913528185690826819963492143803621498651132485350069208949882
437347915608455416703577775462000309383004666102860145706692382891066405955 149868460671973284434497492095294653117306548327417051791251602645728669985
359025372526409476436215333257115827297114578337961399801479236581296527194 120169272561992975851071790616582298384249606978037263992404409427999743417
446686853707822178207357120612723681948203338921363539356273300171418725860 27095174820282195246063186454630897462795149291429248684838236499455380320
266138294364120680614729369337773878335627272956170857806265793872268195676 140144606158077255771439530050147691423406595184971798245420699310058314748
308038944321116864936301087561044933922386951895744815551176388368853493422 189900887752665228743350168663555145559502475286577199721695025797476525345
317526164989502934633979323606341141740985223752829681282741117761840783147 158088998939955642827685086317388975031343742073320915024426933530458729664
332592106672121725997635227365468677232927039936170178099638502936383445521 225513147642445310239582042791883054160973717299390626825026912257367344684
488272036238776344443766891603440818062884982088002982945674636044770706813 21974398797313328501627142282256392000871861565118180965873059208528791799
381060102274823282954738583069485584390373614703934302139633591451589623890 130104649690664976471906557258201568247471210537410127678644307076940645514
329288579749706358323606802433073374167240963530907642107167461814336018379 25311813024466119717808301404150547454611414609616712630454658920291408303
318537232948789370613643587889957547921664510289654689687378310794451144258 94440560543174647293937320828113105993579852920864305538999676294098192491
357659984658358910706895671514172282522102222152601251419227470531143183995 120416837364531368260132498606831400887319277919245182878474133201837946645
305773351714751318799892976675980888709955494507254217711336276174733679281 228388440290980787060195573815681810159626141365374509611756499225812399204
381609456564986831255629858685714985455982239707985114134671871547468026340 11580546903036519623463933261196131662656911462272158800283054733857259790
465024993959606958688309302210656604209853590056739343450039636080783958043 87609924772164635636938208296593761268673996403017415955585342678353312088
355354094938539055884485380575565981567861932668722116799024387499923976541 123632889888255385458665290564385617481804689040715666069808152739415677190
426383821030560672332497241776219526875373133922839255793476808373302689205 62429443597934570391496779082174098613283240106248614913999140046714845480
392378974159359902806121198469622175771953421566823795793402767901679776719 5242638190207143057508989246200969064530293915274782580205960999244718232
432696179197473322749770026164006466229861053437621223761301499436854676946 202205968430952301795885919777067390750736871526572844179601560153790250795
268582210801408100952752169402580738471428543110737012606737087444692565838 916775845621888847389874704699270407801010210392699102817609271866332489
333553811240939904708610083845641495418954195313842720561670216469885227974 218838838740778363144217345811889663920942759139285868001616051672188017233
275957849065200242203462228461699720830245013700732962390547166514666675264 206605763047514382499381812826113413444463180435771876046974073942442933849
391167726201206502688346674800379714291192012109238815401967922120330770758 144857247143938531033928565506720630647219857629285311685292274587158442059
473611392720886909079303484761417914634461750074485043022025529233632753112 104490576700250264918595776976465231942726861322927648735950871248213376045
406681760203421119073639009249992874905321216258213212256248896692395783572 100848898720640678550594109426108736156567118624425389856661294119190194151
372738541064499095085694675963651153846514476569465966985148622342470822104 90700261289279770310135259759870052495045899691354136698612177902724807129
271886691744440099825560977069371671365590303467343332965337026859922495622 240485015635705885738373425358538633890555122698335188289079060723375999053
453986746221870284584210349632687714501162070185075056486879568247821587065 163248158678424622604123083521520341058458072377369723581820919773447968206
376345466110071882619816252073279157391775729126412432488782218262238934867 167944271188296837737170077005338445617658503092771556196586910368885343286
398935318248866920958735071692003486390837601091344070158459550236154828300 60058604443634390139836093116621558178125553784172544276505612038152004487
298652970545101234189676801396409248361519434921476461049169010186212927973 236415657656964759834780656191513840132138972056503845879551566477699211841
271009936790928395822560816123365300466137564035915791440231214067576938807 151371669856119831777468546078924783015962386424020336644638664214707808920
320066343065936102977166640559375387649987332527893196622893276894420110968 123623832272679057297202082277853911342630392855821806640473717228625534906
353609123606208162795156322433596173089618647023327796871975350050292173442 123060120798861566658072008027954926090164596360934608363147633469296167262
498513802372722469051509149205380915504961374128177264500485351755217731234 108128789967565112984555561986999479895789745424212445173937288595929053482
449135305684325083309172163505892749209456524063445928830885937140283198049 145864065145559513025634973754356502526916814713726048906585191658484692361
285149650236412425280395568230106711767080987265774283210215196098292060457 247899423264815313214927430142560326548224479982891300404316752380452325887
262250132730434230115873532548293501270524061499955717814343460305982394938 137469649651550954600107628552426106761380423268599632747517447537349344250
346186980340432408615307594194952196116363690707527342797706843717465542065 159821508369345181277830119265717071442503995401141640145662789236479558895
261049426481936406538493155486834307253701304312363300477050146180188282131 131820671392100553814099177515368688995359867704432264997212215731654757909
441668043781157047350674380205795344675750071612156377497239500526484579514 89408523940216820816545827776332903670382909218316783022306514658210822839
291198249376491492303509760439877976178700768807717366711250565142215850578 236429507738510317189789040482120990588855189801268217605653666869446627648
305061561500070742278473125688212241230007535960392787520553344323069201084 152631691680812961117594385917418880532641621571394024272393857098938226793
273479112348769836491920867650234277462791979744538429347687471364205478810 250512304379177391062051692120689422149376973916623091801598271822748960369
494545160086147553230024330192961120620037697789535799712037315667632148989 19948166811324231191603123604254229233889813160038921104361225803493883606
295744543812559172693523849211869759853337017873502141577037478517821095974 25023956241088070484759722792412504780693913530465997206656599938729789206
415166002676669823287052360399113553015179937151144026270683331286460912230 116976906928799006199885125464273447405339249295145125862680436004031055433
381987457632680270618679123548055666495678551677552892672092199046958740091 176730156771597422724296382244522616538109757920179846932925085960961869004
475976119237347842509358735246623903682214894378110771230173911644894607778 163592868824102086876743673267484961883329261742451939435333217968956924493
401824171387360270589775212955153393648953430254873484807953445321355807940 145705582743966335035679141764295095145473400791053942865570276363162541523
297482904049992288949724616760335709915504633824229573403016787297307135656 112625166555887672307293489379690515745701982690205589083017961486530363555
396591973239353565167135216214772921791448973614659544387944602221831028313 61331320775577405653551351016481203190754426063869677334051677161846262454
265628809601394197618486188984280537372284547625359489750704810833239543110 221162297888207205444756765994635336316255209427066520407632525701815441442
485190823344170317961402551442535425053819026815910908298173419427981127572 115741986783545049323677957976593191520621984742880649125264583069983128134
508149987347183838217716519119547839934722863010611651569087579441823515356 106543775894539099895383746533731753274298531451285277579815505206311840876
341822756473792500629959841126384302474384251701622658296762571859840363953 179619760701427794510012300819554345577371092063926171925903218888852058402
412910136415138651139505710342552334329654976842420438291400336120322859468 253198176795043714585613123144460369590197252277800073264356129280212197089
265290552864069769237246100283200080863214615607758167640403770142977377089 39180802353919841128340862953020318049324010900473022419333065037411773682
481302751653554636504480164669425496350509504975905782120945845131279906448 1440805500102796981425250267845812627364107717219951274668626783824711177
274182441991585313971851983387735046853532913065639368364714872460711223246 19070875657322526209370655252188977317508249273590739562156435078352736390
502468563044357289496844261934460592563598164279499307712485157603662246558 109885595543018053957452856789183335627612446984517318519640750424051333979
329687439384946628235758161405382576629488024779173020314378055657190171243 175090364457138544491836972173304517592472406857406062919484989329325759072
258710343481478558096305716069461655524229329473673330037427682447028732251 205606685247967465310594911557117839638666501653876216003739902581993389608
345717623981748952862128647236633951743375323505391981283947339648820254493 78702997573691028969900182430507463354396177909039892882380914115139505268
332220908195797977288403845290779745339410099393729692031554099343558986436 152041529187255408704759324124672770609839941128433429559037163443856711946
339141118589536158201461857638236531173818468813452532187032069271864290549 253570773786806820569579512098681313203750949963594547952585486753081642730
439152983315453257319610783262549628853517470731721460327698803667871005280 155885198462407948898881814288964691670869918566472564332445789724755999327
335779376005059302298259300008351348003883370710693595393090833442991370494 249182409234575110431322738967673656498421830080551388884500019609803343404
266148808457512338912927776937277379912395243258764382355443784358967398971 59834151694884782214600833076595799736475735534009677950624640677586828492
340907060651296738255940607654818675480896717773825751059140406169891278851 58338577420550890192745331240354483608888382382526537110884612426649347661
494285371406904438669556978736550965168796390976694571453170417960401614588 169428653573006651512497178253460274521671978611008284091581784336853901673
361692276531247449622000856672008009962856638821362614413603823170954736626 146012110413033333890512532540403610481003863047745703722784352665806869654
297272436854456610294976447962201932303625146000033853065931940071274670020 238850795881507640502842924405924945175188439745637505748477021971736681799
348621007187106784024618424551842651569219436530003741200385897711632863940 236654036951252576356965673710235370407261408659585879290652014371151040303
317510919689648497466560790588140214784495132086414734286551911087559320200 205049330518477114381290730829398584748988669839548606563444972699075782875
458442735044872267820881834921245550572137227012323083400640497603656350640 141069878819736133648709223002180988357040357727599548356263677140969041589
466255879502190777129451586650902360700586974329650317240500349789806529654 176485502773502300645261118198847029856734766516200186548563685656315992534
380144238244928318799901648209057236096427743947278645751329810199401740457 248010805293561684636143737029401637900257100579432681362038202427334852268
426167418528008062058024741059787049324405410758248732771876796018136324473 169249593112572767362148055253203431316353354868655494246283414404796201800
294605319734116990488724370989359098103738782042847065571365114588315497172 66762731847967209576226338083616395387934615709085318526008073770921828139
319548842321277493233276752134801552772816621676052771618916139756673411585 249234542500469822421715160440903343665028775579801300244396202198633419983
331884847719791842311850115808363926192213374126699290535097468294107609557 130350307230677640305754557834405220308622096583063984665605794810631147001
409440903560788489717121670496039369672639315548365484159143263969154047644 101309012010648741278725776822178447642764908253663514438384366862385554032
510052481773344303367660962142994638641031508101447335994600095290488548074 68578702122898742834434230320641439541533874694601821911423587341049183889
459069755255702737538237559095064797517476565489584021071117778317347326360 37644682532684514499283764724312235930132359311542353235663700520765546509
442799856588313504277002474708045931567467251632552934797248022033112719631 201811044142414027230748462210811773100875073496052833776443027551268780304
261131468854204661907828858020433123556677415810628205487190786857127013643 21167742021179720354052580791051742576947297546636809346007417217927783076
411767676049953465658778882517064334561737292537102933658485576847356116759 190206317202116490306185733899421584796860088768662600201196106894331341572
323530793373226330882533701736758314470468454872359486534137330279632867900 199248288705671922540158594029559053778944064599166569069353897171126364713
318210555240735359721969753999990926822015189325528552116173052223665995710 134825644297636319616147879150936096693917339219486869586106359858713629292
441662191223866786546595755523434144096473803405102851007422359603825500688 68224793401999386369417755671780445475865077947749881705618123852167864613
326822926754545414344168148221761167616828295485005912070801977232400506978 170843429687584609521510449902643525243882260603098445916112780741742677427
453894115055491829465943226470743433038992784117119051745746452818709346894 41429332329337251708388192430301244724243064708619417525892137876142977627
393914121744395688715841038884715919691994824687785184012010926201131170602 228887863756557989696577648798234976439565090879118402721251925832367153827
377266962625623279949371949896613986039575657149008005778365390111181874000 244810727200140068584807774607976483135516516014868900490752721122970392686
391735823888432501551532161643697492585794788203370463444388712713062155832 184155414349548124013761372403405428217128155744997277991703949302988016417
374429281615868998723087793108711069148853104019343475958315182414025999705 210096858181523772552106874053795691230309126955890295102684986507526344256
447933353433063249087726236826705332617329597946932976677826143734727639172 71552542121656670025583382081469782800957599880705029570233265671111425991
444470632900955048727437216124882214416306746874572960233428573599122294297 242135853559126213101084393465659244144647242595698717200336287640223012648
506919613061699749509177894476328130132564214566931481852926366258632711654 215044616354325217715099007879277576855539933347694287949673171729506088964
384585722003645968431978169423943626815431937848298394166127501232325143950 154369238698614803117873004021793866034036211835959389985555799982501587273
298780164602187913005043218260376288639731778673116193789359550238744022798 39598348613788400377749264887927138016023726574991704351811949246932864092
389195283773686831986632995948328521021431807046862219507330559381468120219 33799011507643852093280828999555183996738393949862160715044844562966578011
316905588189652872577616275204871195757203614436348272298752470590827118459 236699437889138756203015482613471256972351615219130873991737415149626284136
383246366898493312531818459114400518984259466045027490887512437399613305757 42292423308076032458374999869117014112484872363053697984252907629195209614
268400026198785561320280049598122185328971849445465714905644452215580076536 109867978816566898984678390872504668813188212426992651761577239717293220791
441361462212073290475867446922842932551573088153840585258730771265457935295 235089090897341583278943454576526021993128373485900918933933556248484469525
298210077894060141318013830677962394915238922675869570042509601809614696359 1299657076441401389198293746324877629481487667697261600676517285649461095
260421231936177868114300968293435667782412734458506768191885778512881468640 131107024807653980244407364576144351606248495431334964940231166806293159424
448972863380222573338791865472502811304589267992464013203665137828924819681 57664464564641476295798536635566240788830861490688312361415655107123237254
403589534801969590256257109012481807409189245502501457110759156058289723073 199189109339751737073949957062533771378404643850747264027384533290779218170
499529614876661338781655217951872290820512722770476532405157562499074713130 239962716081121986698791836967410965477342505785372361641330524460324289260
379261573237184752991989966657705923001587793861483373587229294008096489542 85643197653851311396903680184128640081051362534551337129948209608865307986
308211722038754911879758855474927275141968724243817320334515873289477202863 120332830788686470502929511460164321159257579822985645156648698405301349512
303366493180822871459448741919248836648905138958455455475490367565805988391 115804244298437603485902598351258134130865416259691229374761743142685115133
344371427193451296042335737134367865972202184010694551847931618136303559699 4216980792628078077782461616087610137593191681935722914636655682157213895
460000178089954725301088047049976623488338404981505124100076440809713103852 241034370052487473040788075051968667671017205940209097383067834366439478041
330453328765414502166350063804730373247711052600712012152692637206734720948 131173398253562804206581908266574911199986197806050616875150091367364733758
481212110889986384962175070216708779050333148713439763750552023668391193579 167032026362062453796483031939117662111997972363481681175744119516847433851
275844199297038990575000451428325652019700180101857240493523193859239871609 32960162586701675434961259716284218903577381742170387933162384872229556238
445866599176843826915708444572151902358124817210289409737395201296144278819 158305437599388906534699740544036927607803782396763878222837575718584002349
267544415508466712861995148797525904837001888443628218158874508501482407563 133650250291505434275923594713922007015968100446671182833085132718397033752
455427114410616680148557364323409042405972143726566995420773196504081875794 133016537163841623221655828268026726602201594765595251598246288073282175031
404109742485679577422630718301020723458699595994081682480477005919287093024 93385190813229566025908897271740319988590368296707188459543756808788086258
439493736585869290774579247227949909997472709219655604261933039344827807197 241189041533810949345102017147787080658666141188605322288904351843870740140
451616287561681291924685778369741032621668490334150325221055520740770757749 180444473245108319340040931870904710866064642251592920537251260797622464184
329477166278212000387020610646927588278860611653220598156565672546193597065 246185485638511412106564581431164061504768045611998209062956933707685418588
261895594017083643418123107837890572237485014907200811213609209239804651586 91910989513377677812135221137447947628422753394418262648421268414094836294
364230252310791289917263933650141751240886385140598940332415311886544771470 94400292255142675970881283755098964546981978648514255131169437749733816502
387230121709770658275377717158998031997829156200885350196932359208923752828 78959876455863543284995782054866289737875532862701682982975418649041471000
337605915548673411226176423299267251876739780444158557727802471537199478064 134017898766218535159176827019256594077738183331799252680768859563373743769
322681280867726969537081422411963803403665314657533256560284322487408282345 66722789953515746160478324442757707618225458993480297360713382606703312290
333223286651149037906730370943682191281603586884129353414489529941478961262 100839743397018358436763615550629777196060006333702562330355096804779615990
269594600081826508726432006360657788165218243807377971490671665552538787196 53241984945627545244439774099003623311722883398061023229382255457665333962
331785132008403458545231836016454577747955655880449280191356582971278963741 74909614095574675100004714010030483052304054407769999913389863966103257488
279181189588979401192451709376171575662489052817342312550875582035206284559 117398726750549634728503378447586476089774483751478509828563176543899696931
283948557218535066247415517621696422034226904620586217643609977847315903387 107249428136040501522725307832112649912441457283724858732060759201896935931
422868618927777239173264721137988955566838957273412261684512208534034683728 109582946263078983893508354836863309789272251726562001099703149024999022307
306119232288467134612376681083074933539588787231646755666988350691076378440 162626895875843302843379525618590463846715700610171539271552409763688104699
484812197107843197825854987051585230811077894633063256347736233009247249202 173912075464522959503931685175947616789279430439515671825640976074840256745
282179977681284971966958487645957041839808383261498387032789877684920485853 22287483519192778327661632736418187189903840751085303738354646205954382880
451786602664982025160927832395579404353829740788832243574891819863620679270 237312851817146619227113869974520603948251195748989955059066755992919300069
475748872362715026001664764327966896775593466910753582964252468790287399322 212603344583966572900534448672303330863575535095234444082995494600943057638
290015226823175078106750645985336905440971465861007579621621329361495422903 245609815350028439490194527538589198008131563500532232685155791813500114206
386651619725583046507345978795261322899575933508972762456991100378198981817 15607410663768419287783926204823908904529894768825399085114722112526826945
496953793076401733439172024210789313038946520941999212209050922460277848198 79156047024048150644147058988291548969352677977815223254435672649272350753
401595175343126970823955201679192985931350457397907895827801150785635615804 39015710952637920094133282311982222080104814993962421239878862795153465833
352310607833788735965070087872256509021191568088476592890813468721354158156 191000205812658476095122460765774855272529021923625608086900838372374766022
295882144843238415186615401375829880885727323901928927930867852580614135649 94165830772637896256087375313386590416299468913290310521757566120392299927
421571545196625710710546653173433039313338180001084808433715561786963123838 238580533305724869283603833313946769053966809134336292909536885963767986964
471651365503555619871629129625889456211533240400428573356560720687197188977 36731287591956562948692386594883975499680804063738895528427587020931911718
275203205886171910462485788981919713666397290001586190355419262209236960319 241820877131184715115623865296565133560114217566631854581422123094669533946
297723723615962365785505332151739309638797314044096274314543121612914731204 206846143309810394724581324844754806359298827366789411714580209837169161746
410723462985814652872454042303780312690128301859165507597169273634476893514 59909631111858796164235499979389555217215004345818860568414381206097098613
343057375317336997177312248989114946287466099438180939688446930095388178552 95105727955160707370552693975399133643928262941391630444185008758648868949
472227052802927509334449825506711885006074379747232981662332916036730983797 27318696032125435131993044995274399634296609545746172614583004489194776237
357676808305915763989049418691496513103219947875034598123967777475991557938 145132211421537568750350517675795845869463689483476241491534629806853275980
305471055807501981193498269276119425043625928288333804802297592339587628618 23678514398745602778721010453668166697088942852900198449589659515272770395
270222272401675796234321497438474982839558346517162625420840066179107430966 31282301843532848254378255616336149905358741742458560790230355878986013991
368347512557051287252012830456823565622830491744253185308636978536138430728 69913065464330359633137669786777415393400711188114038757196329806916151670
273038327002924447847484741054402633260321521300449731355189264119395513695 242268790045545221761185916762695844310475323506913405585783963234969319783
385662316346725593293814229713662299136618215284861669977035613351407060957 10724545207713502038111387626232586658944368838110640729302742967075093050
383854267043909093896276610809750989232317912800137831946188647571642485443 119014191479859372602776705469746537481247972523646136866893838417474097918
271040728731019218943493124228574749378483340487249441941337158786658767254 205282935614305992551910465880928217536579210210994248995724966608091038292
415311306466464734748889383438157432131566119575902218423535360438076922803 207614836806930500884953192701450680172323486860975088770708254992728422479
435765544640363268736278591897059768454226040801895509708379694800225993820 176456763356227202171498351782216483036921994270172046449577478701250830722
367684794499765303641637073453121938694481878013563397565159248477956559309 133997170967757885320254443568902426401780811496762033472306579572124163070
407136509013820332409879995053632382623935618841253688842993008796708633902 1125549034564282191231240021664339012036095597461567266464807295378295074
428837824082429496525375150180014569271055363185743137773587930978816968463 194756616916233784724291868099254545632093557829957900099548032235113199857
333162013632416801307349862074557120303233115734572961905875427055433559942 56014862548279855255631531916369296597319005091431225337634963496868854692
508024938747782815742518712880121426136313157708110696291842679092923198985 178677393083932620785680944956376273774751125857107103179935882702797872696
388147670903265707171991827263744080416860729839283294028339456129382579067 58660101863467044254555794856913795945385829209086335890199003660679170272
509456719324086268676308154359175217810999298837551890870793554086263505365 86460837498967632508629610948982823561679640641764778061350149128710113078
353747189441639801910094841111183660974613321934592598878928436445783244832 203034398414398131633388881715583163245017937068271323103418185120884430694
299364030302613240606431965705498462803673523375902711419303055347478822430 48843097451955488254834532059419421003369185001570156905978509300591137361
501563534161113994318472116107490997578745858046700805755992188205839694391 240089002018833182940555678045052046834886889544765558001270729697283828592
329090930051411680384786896022143196564208500013529878660076862439566006579 146567455397258789273836692425608773391802952002746339662150639762674233112
384705151770236062458912999522624508696492356773336845143721470609009135993 243221038072521110989510946762980614871943557334079415836980657476201481059
413763105383545632508553403722321744023250362474628995798496134512071465422 64574301003476717168746530591962558968098656678715643460270692402588975235
466548079577654194435277131268000963590985191697222712953592156003769686794 108249294221111823562029225025065656833380683419385739973158072334528451411
447001450866924486674218158817730001498132554642023261726397538512697600057 89855455951096889516739132374415646664694058605525740978221907537114212715
378567830337843105410805796112975163661633577870395553118956291789006707313 15271841458803058067450192658325475632010115924914531306518534535465515926
504656416255155965294969268145907361467158008082285525343670859377327665721 52906852313110444165958471655166137993503159090372178907028889832757434237
275191406711809193457310275980694853168673325266735832582099419360868331114 20995610320606492776667992441877022103895092803130862608739703548341371078
353412708411535445751407345742878076823162831145108171388750888371945265846 92831278941758182061388855741871908921588020170274514007590243262387862286
302644612580363932866437249679782885105989530003045021794058389607031101698 78230399747285828659061239077201160233647540133092396679579799525414426000
361181524819312403906275291391358523237515308154904094982267199160811331543 145651026818638887981625870531575119741977053375997253275658863244454751311
300756759438964336503073159338080479982028840352972798495308276028870393745 242295175235891142748033958455006773887802520254807996025152371730224241091
505164419053101829956065001372477109094204997560212296093721969623488420275 72899633427436998652221238301145414093480330933265538494025259718195125188
337672614276738822836510526603561164985818019787461930128104757067118899554 3915925386900901698117987333131923555950488296102087164152199694467387149
355851660298092284217363997633060818699109221674298886579929125483324464992 80652028432377937238677225398309339887388793761678176931139424042623998761
300375324602927031215568228789119172547894531289793132802188319424595291557 23677040952432526705395487159953970721594887604676268100252072542175170533
354067977132117000503564237883186779241630314343293797596310628482763480456 110189991668810295297710828153723878185420266893735609413062620880583127770
469281338390981375623386830908341458658458014155166581043301944516423917830 8839794421788169651490630531702718060020003875075164893161244530011606296
397445178134908139301393437719286103544180208543151887688148741642470397733 207787655508614660983051476578481248440704926046194831663304502044576422221
398825795143197199975237382707167318689536937280728458559050738813607477905 217344657196231305451569691693568658615887341233220094167708762091863833659
451400502147426589752712567459628416098114937011586792109368832373945065474 170513504578896476782142406964795797408524253361681411652440892064797952825
334535715284519175947135954139814780667201845747376581660884573604865551375 110606128774241486094564042357802689868679305990730018798411801136113663813
260434330614395912563720272281602171628699082676994490244547891824694929800 21787109963816521761873838722948522186841748933577718763041177533794880144
304193785192095603472116468898342553252019647991829861236723010174098734548 9382741861943066672873917745307203081055226649658832728636675421459346123
494114746599142019520893311488890237151380453524329301941768674900634858952 65066797374681218693507096452905177123023865060117800170536695889944717198
341642803081230900390007653133367502803716782367298694974938880264112823366 95303917566867490711403280628895421964250425474256809137400271510996183575
348117630908693568115168600537425786944156815575546154673514705045820229301 79828131637704960090353016857960510962379974627113223612843592382197464559
480908576675281326754655180496828250465839450905156029696593323621683586238 11010233039045219545469207102390023952329445543066561230156975785004197295
479027977125284119709301825172801844348158217042946921861067387978920341590 214518518392825658602886177539383242062719345876903798266301202707192048644
308071735780695030436932902352971322543382989625729355537986049272199611703 2008414610496623649830779291438312361412789112066027592917426834238272599
378133052224560469323674471662324232940115537121891221515038094091909095847 146542525289249149323016025832796820518833619044505054438762493745891324445
267645483373772304671086244045267130191559153257103506453070996857778228577 11414890116823580699075371728720403937912019020533347881360286286188717593
401592614005065959055380532808232097962316620664410860827930936417054919279 239182130090131744007805079914744270259556184718955078439036315290637523398
382074957580034950541570230216082159921091753501017173728964500896247103203 20441972623034569531008574707979926644265460052914983928469230975589598724
439331193734542434736980754435632252862604948509165242373921347093866509163 207082571832275123633620134760460110019264708551674776868023111533418849480
433240423607682287901196191958867851181802080418886702639240150783147471865 200777550237706503300409599868644518718390432413180281524621831000664467768
510297549039688750165298074417404093736980016618087096073652566055419816925 88568206310446604063347463610135549099991447416673891514466852930701771570
394172984193869961265738295949577916720885594846759813924893253860207044891 73557801399707769820023476574772921660287126179739227492157446250044259348
346095510371571826838788055722093490983836514491299984645772149123639808394 119256814059639682028085684259434490226654690051889525584683018148329602037
365905426966925595535722014011236896077842011344712591239628361739147875900 83102563655406034157324246297983617062222423801817028187194692075854764719
393173652229150819626347861650091410890246301073691376009671476854902447542 12499733986243283580075433505986078812653855657616177181502860515093585120
419025557305583857095711431096230870262058675931528234816610576667303792517 99414376367351814542017616662688913477125432719740510189854344938872360428
434307591891913068628536673249408310236058726048003767753049462206915158195 166952618411898066051670027141441332197455044417933790526488197419510401976
350444408817734999926806635019026895426662614037937126529616785658731606509 40193422838715800486778076420365391307349510574548619639294203126367422902
443044139311833583167887032962875846183575921313984118850684713342331313674 87274582514270366464876932343662111443109979487936315174480325208910644839
257168499381232764213414869521808324328357089770312820784204729093761698216 181907744214016796715923389781239523882766261893438495762341149121184378354
435893671927742019454713265225264021747423263999906963837451984568994581264 247166003734958690511627867011509621184587692421285089268167836446227982322
465006499593898113221769202587287487419410755135680604362340580659752193424 27666547266984726583204770579149461242603825625459063192285658777016101160
395352835188600029233483325306807303437853299980584549386824189925940123630 139577104516180525226092613237168535349161033661875168283412522897569328150
371299084765273207763148821499770559153628842119856517343212596308712679040 245312979354307828549664564516175631899902621995389069868910415942405290902
498794635515174862199064453222751462301965376878908773874157325492834846430 195636569576378174481048251663347907794967920198817081897384722302550651229
508898376534711592988047046823299159273197080479951338262104185524808651374 217262111682940929883922919443204117576292753890520167497411086419713692040
273165997296025019746698419120591631188820527168160715086312421450073841488 75718735501746636674149973539331506047703814210696012378870239576423620501
291609978694186843778675450971696958964596866577684856652611512098508807643 65312180992256840167565073668058590464924792143925521371720812664822878272
415629840430006239243219383994919993605984575590077620118909769330945786516 40712571022438659371367490667539986133510144830742760770632217432297386675
462418169740443166717050229429814907631041851533791409528642850620391751489 151479889454176476111189488733991487101804105480977273335617446868077918824
444492240067937562499907229751944273407473090565391108222296723295352286552 59272748484673358122033957605805945339736828583961618769777303643346425841
294444519055710616414309810399763246865288507366706304433593382906730321290 46359309771575488248286462679533582306885122796677491580186461331068904738
315158046004426621939474995365774354287617408439537643204990189644719916108 212819041811441422381298442199344721055812026025768051394710038265998620569
386626199573539055052805212596863779792577578300635637151822677629480600211 206665836087423625921284361845255912798343521056052804820547286935492567255
412985531432354436058724327865503116840002429052813389912043477705763724240 109200991195245298652043669506202269540035706680270385044767269723964354098
282432082988299947194056529002286112818948753975173579913759324064170424472 121872310254224988094905093199214917655345341388075571487086383072018423381
409811808921757833371717399165710582972114759210486688658257078987329402818 118364141814063600588923325097302977789427210129136103215828309121267957972
272506860516966712554207097790448385095794511326283344887674589763214837569 92828488026886073813912688202498312237634107023982362335060358840835421785
484093387414810792352593844956318647081574998717277304737882242973132089315 130335373842469752322697668985762378706189702656388614881910038978719544327
494804598691244441665185161231975720298719358501548777501793750698015097158 147310163746470375267561554327592348208922079179980953164199370621586827481
466686131034689192321177160976735818163039923068890434818824398938579697559 32229060678887756423708877813522918200463646816815004142041107286055197439
332090156043605555617768512200016453081614965372235266830958744306435559106 39073181603753687857012132268850781371336511459024149518991461568909162537
451600265802647620741980484871840911779358031223980979387964856011523210525 207716524241011578998547229564104078628210685035367955866083993435214588422
345476827883941117475558419068637687169901191743049994047816015902317546356 141542610800212673974283563470966470077852697200946677069286029811555243811
461572441610637640066753703277902020154680507252760424704338763719954757804 52845347361539617335892906552627591574585700099391396374879764709805926459
271725558690522468012689642117424667261788718393611048450379903979580853446 209167206580790861374293218098409918158964650789052367442121155877573638080
282734633571665902094592600649535161553424293247037185195968921743243985842 137662642829280144397269870363545992652314526591011855988628890017869280738
303653778267669616606231776803450885706892576984750167605079980526426031510 212578084679771995815889424782252775537468822497191736167930374961184032333
297894405934895915402996418974015387260511923554701174947291067425584419985 3463383495113582060533479143882571782961593739548760345445408494230937677
491667037880215741560227762720320731732812709876628148173000881485522461872 212774700493653100088544880294016840637837282293402692942387754829201131775
381049391649476374648117839085538076431306973200963197623084126595348477081 209445081916481638555783897179968179151206457317384905733139778442631550177
490339667743879972057937669766234131145335863875939447293772855206298865990 95284284645886488939071833183941408542961733596982172452523477155827123754
472401142720675222021222464673476510462141225678123698960293257898374062970 111541649193838786188717728277784592978387903653425522046666413893222278696
296769938783055200659189032901933802811995558961439927574193275608497424225 112955783459109913585230521087270028700646655841351399312908996690961970819
329768988323805919731136926657586681214351183463775852253632502454450150375 121944229318960224093533809035915024646365234489902549369274185357354485734
383819354275403561694969528756077329551505428839291336447857579059815345715 222331830650642039772066022801520736720318999989966111596196041494382305842
452572360402912481675365242851685048928254040178077263039507252530537396532 159862203981500162367085770659597119293507978317596169536797402489357711756
373683132482713501802543816393945626974852189345799146602053168078968679468 232760079551188248874886725220804679554746316936265795326508207313971766054
510279553160291110450715924858454329693729291255435346144299488241579870729 61448313353845677495859056374925526016719641507776376460866431600677423077
454327666581327173782716936185387053102157089234472625563745027715856372321 2839591294892918050544772095636768186846958284802279101594655955633225710
455710587162277746027992567781515846468688626544283862092091560134388436663 159618104711739084024117884523696729742834326930327396374066735741910599877
401098249372908238865713766597738096790614568736719317356112936576666231485 157962287489238812032430216717374802028668166449865633820422437296649621476
369766076294879993583013042201004055392127929401588820886306942322929126215 173850003824837861249314005051662241396836355775499227596893616766381515013
397299629750540115082097346905880448261251704755981796459618732619764041129 218202212123716630156919708850468888616719305783796740584697338237533721066
483549471598867202888182150566701707585282693147330404079749519837078361681 6397209556602078204098479421860919275622254514252533487821893820590370267
440451948121577305275799546321807456698754587498364592585411016292605850282 235203585383829387394405062365164189946687280382344093213206890971104397653
381865586572333204257280992515974775546782878673844512863300699974135299479 77335615537017801457031008823157743030355249992378763374112312912683997156
437803675791743664950984138874301537856458278693774660537845863582492455261 213276768552186354868038763528241457553414182531709905521587862829054656256
391692562642026121963077613848443373861819300792167627233124661941398616558 145258246933817726988550203293568284074124756233489601031132912691487546531
325649432992427092515333300508082907270177974404780240183956723072881417571 33193277436389657687221594033387700928274965951807003335303755490206579151
371215056494825296753014180155288195681143841328330103416040289888592092531 204920538478335175799485160596491616745927422384219381683386300344892817489
419754419006585028890222979900862956837883915710360101524147709315907808356 122836399865057022503968646032538135336214505697775818289735335671707990321
339388922294577709272940466853749985327285008393158037721548931410599259487 241004156188847657104636642244487330928757970419324948936696249006908849013
400075117344354778791989305336639256781349850534196457521354696579625231635 20311694369165950209433442226457067010991208500783092987781832642289315464
376225949269044187111978726367289433194604357827899936987552745800535878279 98031569423085249131244136043955658543044249378016335909238314317736471296
459044752561885409784693488647505542201403085836151002487517976682403282020 168152315006357671581536672466640703369400896653052130082684382451489544151
268474672869205508529400771310321740516444625758227665318493065736596893188 88368514518664194072217168323696604533399383720517383701822784415585119481
291290596659674046403975787331412606080983943532829464345072539966515333131 34323459984174497619107318403208872830039379834398735728876099998230337315
439056333249886102209268701548754768059632898936657341500890575333474786153 79318981174516416620416288699524048930980963487342192966680258994949222019
465106824519216606950705551203985057750138479090961680907985195016756647078 80496515532663905550531678803538217135592718857151713962967135326963207717
282146703841350507511641952822990834207189673171191523828324046331329576857 146333851976100951454471149017300236980229649236782961631155983785406734508
503076802786311972386302786913611276428101183602306186739082659528705191419 44208119694264645017192580631326322955532283966345189753366740465516576161
300238206052992253849531981283364726268700987344494464058402587233641171972 227221320480432641082913139652575251807398296627103017238209283073290006329
461335144592962895074208679289247936021402073511567873210673753875515719124 13506571484561762022173668913422064056117233922004995075599961046101255143
449911248844270834767826082175072915298393044542584334509216659553082778782 237676290481390861256211488500409359571094911252459583422594125229193095173
434537264345961109928503114537659086122689369455002576552271218459945046123 219743983221328456837972664821783325377405207367296348298977904268152501621
383823967323940451410520124750221247650520978973213966709415162786114868528 232830761157719238747435886930938032330944038745084139752696007892385111940
382001243176148004807660397788265744625328379201715739850502061479117320725 207680601184549236913042767283617440974681067362827051329463661352770520511
346672275672468959443811216741242753879027414029472422475193716978178028513 74730307345793323007437978328819655041477571895816479200076455956639418032
290370270240175746523835122318659361973919886364425466117001846073651347321 137782016194610431195697942478879862933394681032171515669733106709501223210
373560393361273759748976313797972170069201159417682273521318806259163840148 53144840903046691152235479220825811787686758575232967784369061729597142785
465115728727927931405931330657521695413629861560064278909825149797763309815 23462231627532453771818291094328971987074335070235356169615391571453635229
371290339004960912665282621890476929144059100630637779117089272708414893006 124613568253852863268171729670176827173243766299839556047785673970034345786
439623185545848558507448976765094736345677141386479972455222766061172830198 147827633442791180788759752199513354726533432646063130500187816064181223770
501132530897909617969230513088044179258768194130619208961817941836742830467 181544003913884400496031479452562375776284706003360427160087095996310505385
500113156838568134330656181872209440619496839527538614094673904875390802345 23191788435444517721922681372516873298932294234361193955104185092378119172
289853945061984557287230154633438639056098520720251075110593852406771353653 131378286716053592776352624135757125066055179463310270604695015480402808735
465081619964425055683898403046352192793702545304977414834012403853588238496 220978563432356564981067818051356796990553395812681209061882238574771628761
297279432914008410333730410200675190692721200830566953693675753428673892236 31589447725794861727644625695391061246910565312674742551967227005682062441
357370064625114959133999631342771721615548155968767467040241051414012474838 167667173855494118932871419742181144671920593077464776526235789747984789317
273881035736561304478196240604995318584955941230156856774071113961848670520 241675899603686840657835868256741970497050122869946673625689617315151120991
304111673427207316069991561146576619525602247805845748417279152943494053835 37579968964626951676075612574677929491792623349664339100256700873694544756
366553656059132972396077924008924647914246772512797951404901305125073583532 236379078767641407121011979070378360537391105789342498264630583296540615660
257945788207325070901825102147972803331489455472089748682834929875161685683 134382119935350975680552570798650844890230726484835026505347597590776226076
471036374374788424091312537800986224564431640703247930174072112891450319863 181808895129794286316243954841487411322570611561894460573458106250658636138
306032469620749076937607696647447128432556325071258581443964824554807519822 173868236521518203016411014031917803098691015269850234836152275817670096606
432033662562866340039269285998813374507059368063884921341493093942883310104 121678192570811546311996034257084217918056219750757394125163306457659394210
464388505235301498174663893382658059300174348311477759959584935324841096049 244088867025980725103539216898360820047849216344120459692545663738139108869
258898046176145162179242044854035000650240789747593684126188858753078900668 236440329813109559380379326901869272666324807471597623606229885921274675809
351224623332849203415014214725742747939617119833151363695885499706726592103 232085249200033421868317613126337804807012995801556310985223820196043992117
500533244232082964983390073667469451631363939282855672334894051838922795831 141137641157027105880473666069674976088012227686649528749769535708457121400
281557065126499134369848812798661369446379895343894058769208236027862465140 48915324171854427355602287930120825456883023865760948347292086221439930875
377096574100445259745138106153273805889957466238252349845608499028455125802 119329791163497800538382299932441796381527481245024970370469866840116532607
437152698938724164839007277152579340995413883881977615562151005713758076760 124511964033373855402692688665502302809947260755281617866401843796868899306
335313962965116824138687556707120382215111991199692031124030642298504254895 80445743551029484420266306220188735329340642224722910086283105600326247515
414382293438632908907828390922715268503974799369682429315960897524537937535 43171243323513714702143205165688943816664823352286945516722860696919749849
318194631066264615862717950935187452964303677335427043875193155401365262509 209773447176700383216436947893445778890796160149910483348302394988909817699
377137507551169475357906578122576621625510014526946972919244292894611038649 90030967559138255257889545427204703666086962421375474172318398712612107449
413274429949109253759738217486401475543441153952969507559974233260562983902 59027771866150902693527317528103583980765197162163920628924999258536783803
398836930886752033169197486321660558988538332550233251379138797216668206641 129304605235777588427545899114724694216694684921771389494625733624745342671
435774385009191225955816091250359735233139039128208453518021336448987941326 207282060380939353193715667368549674038662939656731634336121468357711619849
314788644210793624334166167439085484523542355633118684003573664843748765359 141920296686568786174786437225012474465849402125230902673218983885245409354
504106826125041905928817541099492840611980871326763122591529629295727470645 167957176861251450595171953957896073348820763060323102554230898453040156233
310410711322441420456899717990679746659402977844197925512800122235113127593 99641302133613031186136859766944306247143735834875740596393686899569866824
393798848325595023263181151898384055131610424978969725212226474461836998388 116075421571514820284619279822627434058887079202817831100423925332103272173
432215589592709751745452557163226873245895107791592373934327851111453654607 41389183538926645869679938115260659366026378844822474211129411443207494870
303899102445495415050998225365595676213525260291247913723665151302207197144 169300944036981371324885380288554993614916532735581946200625111579742488907
507790776542042446363738635227240872945275975926106482825301991221539160109 248246541346174703101175626799605300936304562024236542940335575123477345223
262900444018958887481858017626161155541727631462792883290837171895271273152 104985146087246411221356407463423171944132592675880461062383831725186887835
484596918198953585508394509045916038914834610677019538704172665633359011171 91467688358290500941418318016948986526720445084017481161415511451905876591
302452715915029852867247842945353991604689424783749054706593275206251658945 68115783824551810664848916185742149249151216125535900048776621322859668521
423348130320445508164299120835025096214437505173525701159259531436577551580 66947389438748228091081092276897351346684051655630619951844310162703856736
502966107785004957279411584202222249443266632138850079137252859412563212491 55285270504826605749149579594662416781850780612873228751404281311937815165
359615849278372011809297564096474675442194125134561179233497680329069107546 4330635823107183060841256024431232879196910465306929612118563737919377618
486420730797828721073127234141811875052544785780265724721446411756133537598 76969751003552351316809336182504818906542262684809052846103571164044611782
334302164987366713308155079196899159254283897746016289318968492088657927664 24062523252470439210759323789194216916300896905803486598039101460119902594
370212511004722654868573776370463485441306383984218575487436321965290648832 169718810658880234440852965841898750997593457056198284965430777669520964136
334278828360938832747060925565175324925017371102039032361391969940024421021 162778780645822517287723200702437880980958687573184268592925088074589127201
368448034399395473014643246385789169979999250093225681396563375095705253102 83870492508576574898922487956332069179602291465486006641369270733539590514
446494292494145511494202090841465399738282025361671691740507629995193254154 88873728469119700432926924963107186568381512515562409943480894879778871714
356248409918497892314652654651037405331263922212133140502602141072903005529 109367186117220633206940951021335326859982757418645943036041692206227494581
331435056607227946913488046746659500564516715624624129880136396917454057665 5839518586436061418286601914173341505258756551519952404412556319546682913
330802730728101897087121955428928149299126388764542265474328229621444446588 130087303882778044556373390404755334798086183817310018293685159523539826961
288242276012089031981906474621673935922257209121024714535704476406503374093 228122906051013922495820009783266586661880257492095641416344282108310301956
508903002800592894662017313025560143406888364060461346600857802746343135672 142224388308084809338546531154547722873066174627934289496417352952504497113
464867903206720314589654100387159772300424815126126137651634504155983718821 231344656110420309995024554227085430142498780335338908040622552242510105167
457439360635839388937008683851347021473300681620707015700116448680247771425 180005679455348926070367155140540303107120505332224364773642015980990139690
402536776888253479651533955318195883351985677234256730853042695583779546220 4694674783836305700903950620700931296981469738826092937132809351739475734
262357792696440735662948535614555945202254656477595091125884076672550385843 38182474116596209336359434199479139717152786360355613906826980731546149238
352379294510221975300980362617116200639186076151418296489917807527670369770 73093049929897303843073178539741306630169704152933093010075541251673167954
270285736993771116499067113451631486218830325171652458590944652463806404885 250653402448418888458559418856503965467274906745393723494571321032507376450
314768575008659190696275089557587458575421624535609281426753002061812009868 66015503233299245222952214689780903763348248766715135186729798277017397624
372468604973319555848714574687524488444377862760757849597763430465772614233 215489301967892109925971945451365345140959181197524614858115218437540208717
418356804678123505615619031264873597809756801712471627723796494196397665752 113275964465908142257553661357076613067638808411685920522566002547704094047
280674148282595753888672867679987571782950829248875970989150619524460565580 140988146353198356401450944195532084137471371179030431214910313623874007867
309636326772200914734788714035463127717916687018903873704608286130308153364 64595009617750977306627543913164250327446358851722278016497837565239635642
447492363879579851966740148787717001500444020178660241860011171719840766924 180658779114089253953360088770519977737605541827627512665462144303037809124
291772853852978814626964408963477499094611136909904895418013614074001020361 174494543470173934701885785126094323718529914482061598909334138785411310193
501784096351855566733594688523379532881729857864865384361079781139840012102 62232520210923640239099606304930129291073209345021686657376831156799884662
424532786580673101692901186877588008667556590720094978349862591603818442097 8868357557097078612826018725677967800225455378343827121307532756855419885
307714727822858907720939047324776688466422260745370743816967026618934200624 125983613905819032851319313656212340322580808034863438287990725231814479037
405228279887680809164122738798674971476921327553780292762779609280995232656 92714747844260378892550866005746854960046161261365866847789725892428485091
467081369021739778556730893499481539823641967326508118310210804929755356201 71983132474334887791663921748274341163693625507227453482850486383063888125
391751205114584691818861827942424038971867678316841655714232794966766570469 2314639954989207362323731741003405180707440013329400072850033002562047482
344311987024334503073966210635128090305435758925520535716493705212675196766 251729638936392356032047816984333189208355764304188321536010810597672676862
492579195954190135531913171252316945784115562573152952228595736509426132292 219868555839459365174331029736980692351794535005103364757114777682172942393
378584166282211854365603563442592881652253719479354735413236742613549111655 38485348720244804614979186930620453422156001096110990592168267256274361862
477647964355327847934028066284474872585674241391151767836918950213662472428 29974236978956922012854617081646509348935928165064378965383085805106648760
485362725500517533285182739069122598790012075119344531278725817139217494667 1961353533798647775882943474774491156122599159847682419977709328585240285
289144705339440061708000162130512337746905674687762727978933052541223739660 34989345644910799777998870997080573710175174809858161206836240449773921596
282012972866644127515117278329969142520588709838360673852065929251072043352 71204444138772542373833590011084728262005800763776564779651032857925687318
423083270508744979393190748887723488758504245105101795621154467635737498455 30538715196979031565551279763019535241568180194965363381366224747968816666
492025362701671838568674344546214004116661319740520871174051303538964602477 141399494154197032863029916796167280874048604897312521720831825580942141477
465483657480517145823074130156630935540075230940653561524748171097692812905 16637426185146193096980978170445177506231201910301965117196341964561940710
500430955444105191947461620207428086481817537181247914678044706281316714825 10226448606693471139306259927551977862512484574526282349463230012485516940
314857640228302782987157380109552262459524648783423589140266440385324466998 183496355277656923534298976928058908631484993919554068470336044617038971870
425218749488646879738006852884918522978124964093206382179547478213421038844 88339202176992519508825137580008413998753070838775485678196148518417127829
445571985145354622583915722667839021380935724832215804292187658370102970655 207091461410930917739785044703575447451825931818751752086055189893442153867
311268059407285997847579562048305660446825801215741691411803115479609446028 162908143873763811306439343879495084607883513068221552588964710537641895793
424480640394351287035851594665211766336983784032012325395926213006645205199 60032046294657807079762811266450391916671617644711053751609738288556596465
386812455573534892704833678646398478732440860782868704371127820553955876186 127544284116624456527787081057526932209262263090066775431203417156697029765
437498384869967344309794166691491351751740052390209608730757617499250448275 201552529858153066144123660884535923898686514692946490969067898588233399170
507115944691240054813874491381719860464968127213694895713558552430557433982 84034438920487730411038966761868505039642422624219089971337632114379414481
260245802171989596906506811913027716003130838970025113318431262014512795265 226501146994345073474295600474861332212717434014647914591135456419016248451
347328224394103085789837048406982803939056081199431750637146743375761627577 81586396945558087733557708408929767501831964692754959234693300789129545090
312529055536171297170833759011869184101148748686873538663895347387163028063 83207220018894340296927320061258257754856323796633813827479545625160683437
382420305793885150940189496261732745306609305857575123116022882094607229093 155560814076759576297495268639155329567784717650268523387367991595808253842
267132190805485782297045597276148286598761507319988881482458206583853910491 114940628087013477761107274450169378440715031591969513868055116335980303943
270520350382305281674147371766035591233462990245115465866386059583007896502 64762605138343582849429621778047085129972528183994603900704633804921098719
417480728776800598147745571348883689870040154399851348650531749641418244890 253820730048826768626459795154120041602587452517709431442514560588110765651
391356353071631327083001079604855980277303588448709249036958390887589275594 242248540613206154986869999370144946380019636870745331780954931702521966363
270027225817219509477901334723233830972338415298178411967493043045870644842 71451107964864269973269085750444017318243223467605857242928909976068837756
289048684938328122101313300686765062225925332513153635891796203189170185661 30550194774862981618911070110977371997319455603993148337791369981105331831
298106892567090370884112189783774367374305093379229508781995218719672988644 205228872660168213026725789265085173192068940991641921344965218014280796810
402465123207935335493696343690321463641362721781866610996500389324611062528 131991676057991770309319979105806756816239185409655236302939414271713491246
398326130527958429300258691574050732145495819925179007967851872777700159760 78973907426750521874006750617087103337944560022118235892116831244348917335
416959616143003127857814706029407741670765572534952173988388685593258467081 105879198994902636822493552006938360960995380859682012868870236843041283493
466130160578123242285584024826339973071690497002238607435596567783628035634 166979691378668649415968704572098821153145150332056145569805799287116129045
431489433869113742192868434443907432345315344549106519736925854569814256178 134069257912021292483834719279485715274924864094384750054003230353145071369
422360290397097193209580367002766549715474501739584184630748871887981210839 84569937417220427559316108556577793198369948347059362963119036785169469666
399268215157412132816313121307352288121647226185033314233687382619920655290 210169420619087953087132856177492630773111049754729664276230156367046490391
502064927859773593678129809389650628362960401837203954348614998323699565276 88121199070631029803907800606304343594506671903673125562448661260614447738
468546084375017398854924833548119249101583159633583321435352500434404203322 184401987342503083066512918178713911464656872787763328294669683455933971162
486382738828599320049389830114560457375266303560134787856614405445754086903 103803947007561606001469944926920489687044469595126605681291640323491704408
318266452296059143947934626432850760366675019865524888754307579431530696662 1866829577073740432183701047419690563598016377790482780945183486283608975
299727826235400900071930840302036686936123842976251066591679352583604208759 102182398158940744583946773878894951025948827994078037715379014468997003970
261523388916772747712832555074507133979741234918361467831275680035876025780 88738076320267108361039159699011620916735142415694591871479826958177652829
300618497135710581719394255304683374048449451141059046775917449086252493137 6176164430843202364424251718018959671021016815196273396371757653088995778
395529327714994952959924103828216984045862153844667356231728212712444294105 2689032809018874397277100694844867675848658630994913207909801934068090988
430311391152512631558752028140292801313436317179209654246989306191025475764 71198684349959391104268163360433954804187176073639210087696011189287406010
499916862418235479982647043246532741200241152345891872372301959571300040582 118427857296554583211831282765316648238387192173862727204717381582342148431
467196855014516039127279650813084697633656560378374730485146881468209590325 192315028965076835225594082598124472320073282756436078821567649667963222548
466016575955991833211546659930015325714604191195977536123062252343213598405 54773893136904307125191447153586348732128929851642541548403597790001774241
333049669516249210411241038020013766314156937232776557706035834615322631356 69912818497527218269577332098041402406658653045289994644271612549346751658
432205422382883358433770814497147004374966339229946222519162174521711999937 114852893022102887436625244277468195538271550210047655269447600531256504009
268467742827301186106238427562692784047653710613691061360370557821265439970 200038923925687484959666767241260665435811443830951308635556795503702164058
285295173710785485544195097943333804886265957419700467293926895658037859429 4908489965214406921004262678972471910599524242328090078822783844413013023
351127221058824330805393549298295503939375823453593998310520635739712759404 52232775701035530930749798095218283816856638996441642599987299811186612198
482721025495343982216780546079176781034416122173615359524282920781033447254 189376743398769583764888011365960681954736287770348217802615978822754027870
335433263545838159333619248610348610881513763779341358699425103588602076804 19689885163345517966158406363204374086853389137399253380545391764282795985
266081345493254494491357478332469512098079918875205273493742759123870385874 158444277533495803647828192021648297307734195524669024504429916668249598056
441646733064535986657380858357910442189414825685246950966256751101861912604 203587664324395350618837102118896840075514397012301522611491604366687470254
496782933250136730344208950756154095276490180309928840348932807959142844659 60196978079461018833342407834922675953540671388133928406435063468632685203
327846466666623725269584292206666504896113030912922148123975539816494730231 61402010566714864991492149835184675276548491469978347217616617146305931253
382859789178776386656908308313506207567619427568550595151175390030015446698 215529066456449626837952323471257559107137728982244937416424891201873669429
490092107709930412443267359879135996562221967150965968701366271684789394834 90441541247157940096528120267050688636299517151658393374380677996146977602
410773903731625778280188982618790619706292572723728882199764437383716080742 74327071558117681014621237723493535572374618719423663504382487910462936694
486082699758102915901938511639712585030882922369964190257331268161572541758 108649586080018776063119097345956747804133532453818210978956857441977440744
409412867759746164733176908778548953131468436790101002290862266055061873695 20034009208086805664205572668134625591597484635480047508866644202372761094
503934805122640309425600105786511381736090632800450783410825174997792811020 202298493030999956534180340720078449765637924121761156029272606554756415241
448692688928641612519301038465583081121596579879167491105807795119347324636 231880811349677437913356535351758307704483661435493949863508224316533641098
313457976611226897834806619878479573930515598869772474485126963915990594583 136135833460687861848175416084532039055388170122744771137971638513498607635
375823539171415980819224672481765618060962607429534383831619984248123609350 65077447703910736954652705347714779704097357949518944817650733886579403201
492628045744269879064454975646831186179569679641616246064823143394887977799 74087932470874826236740532266392883048479421064976279509529139709571555957
373104712837514874800624811340097337578060360693569247248837009573182765251 16914939789684569370653063987203915596940697558205491085432471056993591443
458804447391486517985863765108178926405997911877781183918285759010357216771 89197280773941929219316701978872870726021078288664943691579953015935384006
509917455025390366327695490948080473895101567160011805643514532552136717156 188550086762067743012211994157388677742141366881520525802132157582690140829
488020734709238227054151227293053178242174294420580623191151723702538203984 240469641002735118052811332230216724721695141367529669619550220991482555273
405745190264068934247995209224855164482236536446498657127054033336208673342 136826338278877267998559577749998614756657297990921628449982323345598316910
484853795782571910854260542343835434640748969201917980465521427728174752200 1764898957624467713598350161318287159850999290574594180106238853717261778
393569796595446427411407902164266066660724299193925106541843749230726971738 38008313203166086020162840934308401613092356822755260799230783306120938497
378329925814968726022416596799344100920185687491002021543393785255847640084 45926606672793518139296604481125411936731140520306946502770355177909721840
272664104015981209556771320159043106627915526243083699427070520988721950125 2900996392478081046257762536273164690987360307669742285261229429366274418
443686757099516638481096041046500018727147448816500493706795374667907003928 246184266554174057063581173439020164433608538917476301277261022901691517648
481572938705534999021660499586476339839626432268831205579442767289819146652 75132797557183391137962930233938966651705717653826980165198795460540412275
381922149419631306229589096085319153981080416232331657532156212251498424173 175538328893701047988692884220804679973080931514815057251199369466369070739
284326871721390676254307141172844190367086029157763547866171046238283722144 35018400326737652757057772303542112652737915430111049903264091262551298429
275413358391088455441522387680264226965664289007749978625358306088460096660 222474223519037460795331669091664262604639669591834360932831655827820178535
375188384830567615494976110577076268687302355349788397883196935522493136879 248965438936955114387640765415261181178552676622246322029605961075472590000
336737665064509636016848923571955509267026839344566154693807640009221940843 76602919967353856249334095271621487181960704229428244785454706017353801144
488914306879097923968863831006299176373063722575141794614292432747509546072 178618115285561682559346922048823280082054672477355950939383277074434771648
502687566462036729684825050301625788068649312041731308979801551991437663457 156357404196675946054213188079998276974049954002733214808701454223743432878
451372682736563871872916241764319608544229416363636768773185281032166015945 108822297718471015644592968368269153924547689548280273472867531319333320412
378804489146671775042853731707472452790348458662891549680041096409848360306 42141950242002279100775707925322262404951892510298225306986603905846361820
306334762018535185352355573942020650509983094773872348798857504379109775702 25486700744102239383059036173897659605556744691175720461714733268566345849
496139332589027707403000070718102114171698890777769533122634914225956009719 45620613216177555682632612252456859490546646786862390987832121174966527654
353555277105687472549591765196403395333691307025880283999779419878873613626 155626837719368745342077448031685853904686472737764940485232554007965054878
287082310669711972673288313447587932327121554728503351248275362692450016061 199939685408175242783184429840772198902867229777555239408039818244110487991
497119062917628744282503522996080905399589644645492437041585995272690457632 6203241961920401773056617649458755156639927651795354821833044011507598538
500386391306276872576239511455314825287716818521129241352909639825961735290 217698185983362359550807287608539451327291008993153878831794240770089751736
396613823369650441935708014017243249020710327175164712319676372265398049831 101467109171426369300544825479520307557847824053231986365351389893869902250
262383056819643589411829852987876502935044805223783072381901875862672017645 206390905332490966315832064325502894605245212218816035854741100823068188367
268470796277055872709649409315668697194443734672299762432996205197902134193 157025517800813013191965213100271448651380093260442514060432781099262154777
446684818289374150482439713323826226090693712176558094270614335525960133353 30196467087679643151888784863237751325770571165150575078987905787476919169
337696303293538855705191438554051825237456869172849586895346221401685587424 23132031464206585914358678333447031751319562426795892069762357759893428983
259163851418072623182475310854133987409586162515621099715278180179375833519 144753394006336236485829929953816354756271742858803117102770631029858546556
313772962798597240630475726947385167873733145297093134622850662398509707631 205827572059038965205119977369170895670723718339774140388519548559441333804
445056869694407138816292693422506129410699686005680755628007332159546447051 128033597903126926407783101536827859934750521193566787490584815269510777073
439654967064989186307881776052017056834788258704755960561832712438293804217 114706695407417689010004621808097570574924562038626091977645722574342867334
362083714990626770457352415198477146785832760649787073672263391098703989901 151746008838725749524437835337520569398282562215533682900717815773034850152
440125071491689829061143800804464163706984361842618064073123833793052089532 160126535265697760293097600337111452491770081555245172030343151463907669276
355744103878397011961299389617373535355616196847217880819447029672624377203 5372066589025747631799200266815721946414857678893138559994157315971075514
436747937497575896352298260431232177671450247877810620868462455396900723433 48007393556233901289532656910218462653246813637415422688587653208529694716
345958987405646447777805641961174854180641545340019896521466892854179562607 84509083441614638510893115274515436089221846102014852722792919091569107449
294906682448531939444938548974122343679859947712767599220510906131701084570 44099912894514171469769243881530025265967073334004337610202308750117710847
473334532724796613913144352346607101137890594250019426880400950104105211415 201822697814717259061920456838488636679937586018106566812998561493639378217
340762925528678363026826762429938140115509880375207865793970877020965811748 141533396942569233250611033007272814410333228583949040054716668894756036082
295307202780492862112963349897207384995794888789046579786686360231068192410 97872572238905654919172185842295916630826526391888915087809296322815473831
480897680466620068539511185318381996966225127719664569358181024084614871304 175924180015235525115782265504486049415446165264320175465198545168630767348
291867710899507241138953486108090666033294914964843823523848311108910725274 98836070122377319399883877028099805912505648729474397444997298659540563075
338077342974272663673044744337001200227957802051396716069040963588690278499 42390194670901269479542975314691829393813886530547332217333297206563723131
421884007911457879124125462197467443830253928686662855994288337545160999651 241996676527313637582533659793410778549405908703695408929752630171769322800
296656542908925452552084870734557558080892766429712932523017222384312401886 53660672182947698019329542804594405912824084364031503194767061693324543483
288986193075655585012893987000919763143301601787215827758575631053816515736 55551746793366571424490163209222525130810816468751962829245930390362768403
451836043967405799789978204235979747108941909192664415596086010229931372267 62862275834211686631059089308799719469155469508141202981934116832595171819
463551527090189733541584594141823154121313323218927077501736245417038683671 19788050787622468784623032286976329422693996578098532008993539589732325503
283210770556491198908947137219254462629438935274039524194633485704180874664 153950293098110465237325890521500069394527264791927854374262247369859151498
351468709063196336231003564501775620449906415721513525561253892975263476165 158773235212233467314575036958122784432770408455062641837651560258379137976
339500773641692827439963631997322239605257435126397092052190578508284782315 195350355693915603212170642406643219637773280643480245447667564475355006480
347792295250344473117097625728264833775731277448880761630063497635994627752 197942616555430106825850083164868079061408637694514515939873406356782247808
485220145779512334978687233148758706083079651625249426443873359722486772900 96128915874822846759486615042363446013048023573162399727141695812359880961
375859909972284790082786791218901923175914233180100032605955633299375730917 213042259694659064423644022530280027014993292898075518724742094448238093134
483566630792602070406148040569113888309607392223164476662367848424452378915 33227556932097994238634403691321885624178624059621220574604327594573687470
345528689387543923939146982644716510988860914030127879645855904605419978928 190014564121073679813537995025679574183375855670623194616575885717855704885
400436277583818506838201988323730874640205363436125120642624129871121437587 63317009059252919448726303366357501344716026528655807218312329627293563508
377078009640183818947465599768604685276101377107465910719700975179335225743 143557849992383698670997550343234870824032852737812144066307396305580779210
303754659599196397909948858145131422185292147801961512027994320862224339314 208022176948183234842478125075197471317829267220482498493531406188474604256
343162692379786716882439031268717324558059773707858046941373503964465086433 23855422829744687509907857530842458167729323503908150860866222731343898405
267187074945148059051777355853464867934314637837033943308309313286193047424 247261017589475480947946074500261067122769640548296478133281127919713194343
421500465858009760684258301158111410369573452873784068313713838499644490049 43882713714713989850971503307670779977168159119603510766077800071680219799
495790204604930529575969994025566152306313124499157810746637759663797990805 236960212242082752196795050891649148806285652369158726848071400197054070891
479414568732549113731879795512848357163640605744598248086298612279138109094 175361430264503437596605058352720119113236477294894510164243128034366325791
328490672258984772560136249814965820010108447079350110216193012715666756193 71069076994741263155354944045639199776410737154264430396045970058523363482
287310056526638400131929759765035752437988165248458943781042793078894633088 237339012505557703159981159876768453439656263743794706655379238124319685726
449991980606482794783095719455964195614750133804461237685532106925781922528 76405391281464714416601925385102578843019018255231877385316684228350634694
443836019096728200662827432840371558233979411165725674014770999647481813387 249378600108041366914443379076541338571758642595528072119598078040812327982
326833990652039426486704809066229920512332459606585619672769572203979967805 57739697513676667870744020316347708589129141923382272057232232887276264002
275845837375787535865922047929941983266590108312667451270996050890359938541 222804109522629313535530081450747031217640532785193254503594843818655786631
269379615427072987713802449740073613015249387594666876293934276195741014682 151995958826824116608115786838652696856228379739669277434953504428565941452
255770724835050983605656571930664062899446719371191979919237248557046723762 155333299812597591371303234164414322744783007558575291504095690685270546617
333667040442255546000699337104539753397991106832684436570254743487493977680 79875690800298128432015016570076051023204813772768614616116943106123690763
378107634503903381387338271628357501548886525769217626132188347185919133633 79288600634336092062561512992459628859375577827502985224072763576863404018
390508288462690498329290110429330112867502630770006252506612146522610846667 98734303869987679973700437970605158083261231813805158653603747726109601415
389027679707917046417554176811323354095903539897179282865257294037969373093 146977976803731649043261090778056696127284983619280382708737090318562705757
387626460887038322721613686779505769991198729321822096054486609707926565266 23029595603318698963809539627562431047024132055748151556327695411404697155
257273740845462883997901252099462297291097042047437659593712130463078971462 108378603834724172376637136343585478391959266655481532134114101164231503507
318524757642190904929997470653533303232296601235851631608368036424689182054 68361498716740961429497559280907851134915244818163107265031740472490338192
453507365567775904919156481628893659204019876691401852125041295872927353861 122526114614783315420786193754644562315209772650477892240314604042918659584
419369672990452916945377313082508881914587628258904456410087242176568579330 147478220256002690597967503802317805695189445378965381188858516107943762407
375282337723863532150215636548806639401766847718811009590400759379407120465 215774845164082902011458999504923782754200290638298248154793547402509018308
449757879741397724841172940898457482387807013601616236750498882372724296513 212335549862793653849190494299115750740935327933677430940280324635857831843
451463644158133104055987399172295822284949705130948013582955532580489547452 248357324672455085501997617336641613579314409786665961390613555517200509416
427222861740506618747492938421812085828913319306945676299620394856737143038 111575725482960839992927034075399580193344881007635190422679146752644942757
421029234822092554068103221942190798648242681516368609918287755877069575996 245736498697181441915038663174412383696024512479697478610647127518269265304
361237171954726506228457817165645286257828523728971785536384734686792299164 145952321156435182081998110573258375661021712091405193396193791130849180666
425529803550803516062927044535534069286442847843374498388730105199709649743 174688436644235229731350968894969758483364221665107459160339341744263977008
370764171994084704873490966859750823168937726896840523409507343878764308939 149711369356407969803764104607490647059513638697721167611780815698801165488
398479328005018947206047063894528279916384414136318855183460239164755290165 214378032141158107243724478183648182985772021553558287300041102070120390921
344648962377765407385510888479483570012494919854259789811440324349283625829 132900694133720165630880401245300174500280487616323763070738982998270507442
256332400224319460937750900611450212224622682257627908016685183316225037256 178866831540317714002895465982811952708657548494420250483050319306131265733
445204492555747072000905152010884742340922146784928000199027196196266605720 57280056126443515291247776870970775472896466250768546378591630695443786700
258379396641828528547497487443776775581851684583862878294087404955680677562 81395137945687776844630406371734817732338131275828274058174937720124304362
327529882912276227685252532006632706613008506940357145190828989987345530890 243612224180250898746356309094684473542181009951969863313109521076460947697
346676075829029381252267837314943542624775663067182230370070642660154089561 57719519079032603238696299289146033809469193349319256215099752797365782188
336905402145743900549422827070640808900510570131408615191600718663050733942 178877713632371808072556597626084640323053938099064848368015535543146065072
455132580538904524846050391426641638728407783858075938156283429016313984335 94703662935946330510322045910637712490414387522328109339075736232444661778
493463289551215423721134054618139088083319569974281456323802170275166492853 142994137583856114929576767172233192040564640563520037333132809775121022339
444520057294915479511182845445832070342170103294989234172105711066379602144 121321172579550416282395407968733108779023160176939851593209614217109597983
266550717473864170481524383405376230526832613363125265785666632353274743928 136180159126417944225321290274593541142018662078528430915806780082771310293
272993067679612185895089423277740649678867177791739319512870406445375197753 205600906024022733155095784100286191550100910100472302527935957146930149464
296366708528281494707135544345089685069143954120483091109303582893844398260 92007724607153567769863689683922886038127434536024015328623042120631361315
263711908373251179738693794359066272062242127745444565408187628896167361193 46092687094412238571609014566917671911673622559073837066257949401740646806
257943535753913946581176214438140935448011138181680267287496139639304917268 227170226819923713880823603840801341384314647630582673588544433865873062020
274831154336794957181644131614195172175551004559242364482316021683508649255 107940753132903974281296862137839427817198402767390479258989607460515905313
358126358861887841951391215522281818272042032486831044048709348462812907633 211693733028456105543709459956006941489465802363047045007264670375871771270
405843409346992531319172994453404427772819363126013204009342238376376790683 129617689967109986844823778732049958236097812293208925262927031395860204028
363088880952070995862424726008208825775593925203840973869866290080923265446 84712463399801056382389761110710431541512730558272870333554617461385454839
509933866782164683736937592822013670278493061015093925431268259587388681430 246516582090723064286338368247695002336877705106591035163557064615246673753
372342554339816835337596619852585091854656595866437284672602733239176083168 105617015670212958742981367645283455299548351602346410986814454023443840603
456949953151969602339591693795534708566868907661209616684150075318822741311 1581819130759588996560461992768239605013119365382915955164828754430856825
421200815224318009708101220795130583460351182478500748273554639562817396229 161877426478799916235614263189160953681103886386603323052307747961972258321
295548763480473262496258274011808431845483428200406843849653772704569144726 227950883668596225324401292381011789588940759284127861939132122938804934679
277679222085363799823356783480766339883863512485915697656487687497737595839 157614485677310673062880326627908679735380814343153411166880012230850141001
341097925048518734200691297310292040995710412316946639976294029366760262663 7464495336408321563950571111550631574822566623774839495258340939801265487
421637201242765053427575371621160649992988995758847058825987971837502170904 62999138369351262696531514656644064822627998206853445120794633854837209079
483815445381098403557576550579794403720970133069773062817157220270611912295 214887360262512348633215396630852500424950763271684257380156895649093556713
311790419724495301111410609473992174773687052173999045245543799228930766768 99918854799308834063308164931996612765426840051461127019487878928467045978
339165237953385796488941453341034452988729297418714230392204451937871344605 176246913580788806939577188475433491907783475639751077084452706496995963580
444669807421268548393843546732821607674305475723370074416502949178431882160 151301675949380096575477927116302456111732823194028947548346834599252300180
298984236011475141922181743928673870417492078842489682543581862152671612806 116745796980922964692816522872571500974444196227632641055369028082877514799
443514062497490973020946306229275660270637946719885477242816879758837468821 160563038046421378176583287184249533741070668265913448151467339515586634230
510064959404502893829539306444464144760647578630546301331873863858764993881 239349878875341189537329571686985366781465290405161528325226465755738447054
454675004179625192817929858003631042786881093099433821852806626214305680109 20492070033362685868774787359327275804257840758431004248622271195310920017
484562751602965541195338526726293569067456377688644688704793997050664945874 18969083147789096795534728071148386320665314499387253026444874628537943057
326952367758243602183176306636358331237084434268688548604285431542278934071 110943434215245791349083361379421233358835585443066114284643555063405484252
509366106440000656132754031812386796387679863680563127720236876096504396030 24685829432515594914201712968770478870685387867451065262717671326664976912
267908782233463001479809385536897955226401408980259278158014453402281578600 40650996815220437670514288782714641209537692892982828357282708091630855720
416939728284432926181420369019669608079189748101074229263026046627524004295 67245143664098945041943940556601982163828635053373049679822381285167723673
438705077286599796565664820635458102756066622940934945351224998414357769119 61768108428648842295119342883657724217425592433423514671093846570274969925
489567674774820730427892913126397392556023198517605364794882832629623484443 10201002834675830222889127917424215503549815012624007214436112911101524370
285807351898178093757040556712226770526350996325603625712251050335720688380 130080957544522952959807192900283920061032660523181019436164625500581652732
407250766986859906284547925512801849783861060093501342691697356598595747909 184283368262632589282073652110083142861522464374616133208706307950012544202
282344743098941541839439557548055266127278978976694153649561208476986302208 213253148372794117990868180941101378978485845912294529166311242118786223686
502271691997282486692017041627966306322967185066688142533393902799923261514 90366409169074040262464850785332525518755854298930282680310023698637570718
446215094969141431768801330932190832129593750385182755388022886454172289442 149984606710033164781133787283036421617507962794347171141085641034670708709
456102033900728269916566216890326966815200372557716447035224537195785330213 252618006600411644131080173462167294104125466304891759784481754432162102869
323103937865983834113595993399630171805035793800106144116909890587843303404 45346201747901367206382818467742230668783019846390328097061698809562836611
317638003722258955043518146924325678676824762951350428752980890484214645310 10432085803698695386717403809707696152092676039200931781404724678235394095
350813643285116184416902180195207944599821812515250835787312191117940152965 122415914798094261179534962348978120241213688514573320948300848224079568212
344484365380153699721176700445549959670610147692742261514820649777213335747 95329589678395848693000596232653761321932410861953625900748519613719767942
508763648894417386891015941271877687826865944752135347396510269260679166912 221365617722860359755612806419178218291220476705721562877374392136094059251
484173764747813591677044770161486680637895933151373982165080999064463109494 187748706853891441088125175292011421018020902122846507299776848173945960738
388123305428787543421140753466763050046573946844525569092496895807599296326 38221356134170117043662805043385606009193130864488991842431992529399691312
367598705311426070403636583429743149329152920386650625734288640507609742763 26355349781587312318646724026544162849494416300649547456903363053687369601
258700014218832449192191682869720369080274730142991789535700786259540639928 140161684399089464667294791139900211147901759838195362693847442661249036517
497511837658093191027467183647454206150808718383919089828122280080793635882 250858506070591979287405034969098709244678915918066752088769819336915577884
344998878855745742585323087680094786148496764913274048068771482642335112895 56151060194253622554430147000755856143334432286958978642949995936085333946
463476237657290078773810871665771455161724143498587503663353398868632986453 103800249244196971560957504877533934117196781709845031465881282397533027633
408654751462247576808117124251931075567653559481284333640748901578273033667 107363917111614905379078537473322100806242284008391699229567326611923599894
317484421144015059322731607613240363743775452912798922369097558227402749066 27154436751107912212836140819737286544963600142372587836956353301916961995
370284822535129555854974355526065815856455989401422416528763682443107947629 193968444885987395892280115342713743248102813616847532862307870180903517137
327977945866906752054122259857682383667489127054111374406206635075034469996 36233679960840647533272610162834371990542835790794163444050666061403942620
409966406971289441257358717479333218701949993678768124742521131156631993304 68262708310733759718066456812343312138586261163843680535548610742675418642
446341717884100409905247526030162731649543692403150333272189378471068624416 120135675238012352393502302704045386645216595406240577850463662690573023492
398072438824601654803690891036717676887614169580826588152377683610792756549 216545183829924860285620399109461944491195140430022903236585464815657646586
456186952502527864080119934398224038682588342678922484474239255714169590318 223862016455352450165197640918717317964250791539349579564469106285343412013
485455066361312166132272360017595846452269189837352799668203303824107334441 131256175285159099208972249334352033656298985417833897232423018445089833978
453826990682176990106605184966029278230239819371026252539444163408428982196 215236377121546778024679015318210175454593284274161249958980045663032642073
506268017253521425526393826329031370530574279289820774799853999722666256097 133429332594212295408133916551277496648982744519521955681918130057755767508
257851737914066735507402351424795698856161995195730965426969358948106431158 68567878547914009206634123559640744517767312080795792628902377588817930300
502561346888655567893916736405988447216137786876164444581794551572815581405 28826999174150630120639127387985597282624073018343999511800044863771601317
327072749322409633452713770047414115241270141586211802562496342176206583037 168793042181096887733226352147609238706361089312068072653456760353459377436
386115004899092081317960853958135756385032070566694484103382271775443494160 251843652306849662599285293782489459480043088712694874157062903067830243457
427379794774669436618542230148992672643304382573962128056529620468673894873 17937895961100408754602050767008563911524215413000550721309245726486612737
333673758275998790128450465696931263385959560397921997766874410467398827806 57990367694530112499686221907974540702974152608696407511189816026613155748
417591363425719886966098269399383947570193786227617483015510571282017068948 29831708197013035417988369677253304081179893647415684662095474780536031362
275667685804414877724773313731068693127838030409197380443760156039440077542 58416485088687531991041182480166721206700311420647846748285106127663373221
426076083180221683985970638069839075238657524068471173163924603914584852765 116515488998552925150731230405889057747934062671963505786152041530723342094
415491740061785074867290786763525806585401346314913880811649792926394544166 81372775554977912704880279335394028132177594928508847531257723651162291291
265656474702003999121987283135266963763461074208068603567547934105786144571 200673141035147411549911865797978965789942944243247126337181050790363430458
330119749432266203328453331928477563178834898595879573117170097388546875118 172352675555160142961127282352504196344900609558390223405408705151113944309
361059943994228335415829766589324101809614832545761055817863987523081541171 7748107240287856108904494933840837534777773815912076579810439683760623890
286709763635432841197719007921080968659736977009952980636159573546850648346 56469181046762918618145959147910765410382218938138814068817492927986700519
399003499421022049177041459376428821158102968954111332090559516736763208526 115082780890686905293960984230233591577522098473722323434803397126685406972
426517325157743346081926394044504925820731030030143119997341851603038002170 70472436311531749207502450933595795475145886383556783358930880449907635701
477463620954773204520746993143680389449374830499083087026160654822114132897 146289469058340759351600664114843247087925347774590334660725688383320360664
343122332633290372023354352385524561411645592677816724933557044513792751111 239954397821734852568084698195302550946729015957050079236570863626155762243
485017418816386272689157967778951388849425207632351035211663061197272872140 170198344883942417679397741057948801364087623829237568439134653195272021089
356508676112028364251172349897980827241834945438506386833480302823423989879 47531756273440057766902597990491938257227054505488565229139600617461971742
393450839713305161405283031632999728200529672653318280079833243079017253791 226191627817881638105148048207102432564047273941492002738681244798582224361
476877554023173740194590855026402171534698292850089807076323360055693762956 238731097797420886269291617367673168760401207305198458608550053400134751619
370055820586050517135874592776080427162112229968008846866632685439226821783 37710784942337574150057962574125617663595343444063399081807877219527696196
469792813624901921287865528976705340758142303924792114604720733358057051173 130746888846406484846368143226647994317033187553237881219314633011773043658
397928007751087970722465365611971729853479990060696874541696600551463349059 234976652458296975227247886972811691530345412742896060585255397229645492464
408661932537586955338100246088676954530287194511355146538714064047344712561 55895648493229918004849850008819019618377732154030662215795548599778612046
339810582145961156396557837247137728726751642495033095825878475373813414331 165769241701702282986010331056096038445603194899689779732272545604846804944
398010279800201503058396673869194230066186428739856761367092628489320654577 175678032923997155579574365239428753082423803802858346344237825999486666578
468663204895525054890876859017886888760376206488870789035651509965673277874 68756662592181871806664041731597810294715960737888760036943689549049194184
402820006150713320022133584861745396456227994262569552809573681698077381330 165800449644483647890070151501241964416244156913302959059136358129828713190
334894802194985890865592233395410766669382555266025349492251634445341201694 106018607554727590893887621557887822344273664423170447293222460281537959103
379285314068331151154305615990799143216524759695782048050132808213271276487 126949925837181966278557980554354346839526875001909928883666455398500583305
450598555883373143223969357771043744261700411664428065168009949219696829314 161063944620053773555439338366072483102681637041324725362208076804251080930
281424569981191689499238847179396573063482225360384832109939534206926987781 148674430204233384841875861060651035512486474958446393938165558839017496455
456644784462309821458870569937794903911343656117522344632524727164803493043 135222375142576897458746334400387334516019087956719933923065966341988224329
399491762975233383908927088674976274035652888194602716808212738408812498675 25372648400944439532381841348744218646356147903698785063023281785635442876
352879535037844988537853012960057961996548066479850597678663548355991796055 3285931795326112633291766639872936483291424875814479716414578248583823189
505434757724898255116764066877017439363878129336472219447881948023576924138 107685285701302616886062942522934055484329267136340600670725687869635925451
459492021971387163691508501678169706384753517024299767101620898752836941315 113980673483768926922316453914735861306864163322515870874859614120226209420
448735540583397540712144965171165223798179460233162563165280522192395389730 80540195570657613381257788733987957234620752832375950905296939394047840869
414806008587376927192878917416647388039087956528918087506656840957113863534 164930797666426150400639368960707957421707242622386461395763118862843103275
441457459988684812947603845563324984842500774228159694308866084373964877504 215587183605458688057327210211640365056141191506603401137381231254824804065
343969919455488950182984821556650736650281914882473436649592326407574300493 94408634913650824002283304752296702840387058870697474907019129428001080305
505546031993495651309675231195289653262255025241974332876247959404043033474 39061603813749710685644789101939118035330882935353094808088156262031212982
267704566960942584918234400709311162105586948671019709829058845252021157275 38422757245488398223199805517009122573266571682693882683093436371276179506
403915161111585664107552995806466532586565838108807942662223103640301475992 181607650498458801487015835794731385210606853741259522196752145191810902748
383506635362768668610101297107621717583424788426732918644546770650138268201 229220881579979014101975253295705758660940343582854635965535866587591587668
315886599625117364067100943786094357495943189878514837650199507966372627526 112622192546324909144780888301302091427478672546724724060893873807850555881
438721244117772317719733532889026038937767354815118151894520360744746826957 112619070875202298615911842203482062401563356161535742943302290874842894195
293627357438763795482242634501376684552663629951700575193111431386277489416 33117764450300899249582634896369504917935198575447784709046106442666650976
307395244171652724831275761973045899264152286137064164644820654210779850415 158637260380069882098451955559086493436673143569635884420227012856371444316
298189869931266146711468615251416170504435362885394567089599717561730405762 51400175042321000247021228519343724737451255047694112479997149699069982918
329108680307624103893499058176180068927462483439079525289131515773993159995 204844013067784123380901374341085100036214251819600749333268428942993066693
285118365437120112443208779319385680931765631232909108390323437452768211669 33782349519598881483202305878047288371444932254832286004073851605899471309
481372105569816297124093766689793160730811300976946200646406087376247675316 107472204648482148769004013612482056480657772980251345308670321057138068361
285744619344483961574918831527565933160729392240377380890810033933863687667 201625492177310008907063319045460878104042253168619408693043852772493705880
351844234122261804961462077487882494388657741829384245477981009056326820732 88311152851206834167296233471219991541963658819916650601854881586581666651
335975845029385849228893732866990070375681996118619173609583386193482910332 251520883232787298143544454098287503831113044081372511595603091386399540181
483963540633636659770510966031906338129948204195298228680662173159177965192 135072115671109228504716549122598270473306416988399294369527866687467828069
477085957004515557407282559411134439028891211263655703864457856868528696535 123284376166587369130687708805896379084383307568523920609718826108870253232
299748788866990173698269385940663233921174882433854205320271075021637110354 128079405420040884044296736834362937581317130801236408361142122330061537237
432673718040138313713406395638678523328178926041792478517967041017594898517 66890907044787489126796979652180242908778547412191812475749917513886509437
461191919093668024627092582771649704838172601839669907121555232496317824688 89641318799755610489537250477520264818311058635244166820272129794771877885
387272547112206746278724507244269091936424415515426818480026310810043872498 217680435402888863311861810806251930034754174447395127114016811868705739281
401122174662957913655090246369261606860476544040834251514495054110859213594 31776837947213570082761847193978032497246451361950110098825243827589499928
482387123734645780860118432541285211175567317729936601952208020244501268650 9116654973305612201338847037373353962839091080226015812492154133418224188
393345826291673712302717171824033088223169708765603039043395206222564333752 223335380472326806182797477363542743696275898280818523630006011206399000904
276413509729497471114579629949134185259943420139618291049483267387501943861 25169238849159234228404427873778127691913834454549215616672738245312690696
503259215296248985168591274420205236775912226649414616844274041582828572363 79432544673372240147699817240099414729111070088833816003332961500316599952
326948979384757941518330255812914935378417520909215082376578462492979690904 116418060316223862309007153331197277549262175827155932502673415085544251017
459364976211933686591184201822494997509507363601762699551795527014419717994 106332953528286654559457436800544581400753750666893932706068473526454579217
271311090753156612771278013870254350888566837980952662871555404681403663481 98443699100513570467464663065737116888988917038982964384641680093528461743
285194617729012454860285329524140361992682914063883413900375904847719851118 20539633686374535818339158342040205106650900285445318459204509460517289678
287957476077999958659897889775081796817831061577226920056062665814834674512 227742279562601498010597539363710925877869691598815848892941476918419786732
279872869215204683433711496269641834973898376126821819718372404127191097515 96761542584242626106981626853691661189768560200606634903883190897926288757
322934104844874166285838589240515970982331124562618336503972797994701548523 199270570267299854797227121571740050188171419316811056340061600988139132907
375812369422054043992623568999839646391809494813450856874818226303941248037 30675328256158677108920949343085872771844510269895349510425284798772541477
384904668238613567476545359288042776211651318520736595032629221989684545305 187649007702639927487669281201047214089487522494715547924287340631187574084
398526867156946296732986883860337211523341509348120616961005511055474281941 227593837392729684475074676712418168752111314180310535579336320537401882967
425683756548081156187200936003801853142644812262827536555930980408138755920 245751640010279210515519630230671939689380141259817191927817064383097835523
421061082530975297568621629231535462485192081528833300269843924684453334002 104356357976173680256096945762382393143627109437086072572974157397153032240
299610750568659127357884487074350137915932056237118896926173335823993799683 151955797545904957341061842445010701852828692119557164335640332698766473205
413758016239504623954147810062060526728507746382983761794447944492435910430 124805590797333761543926808569284517571602836592856700056977521107331983727
440741211038746304711355990968137831456229293599895573769533881103118709737 231845481900147743927000250000557591666776677292654466448399832679565785672
474061663436808962573838601158877439208474886831920326064818140941006783478 137968628950417934312832911071615976033846342299998154755351395687212869473
488789358364995355444042080230349979010432694579056247466970711298981083174 91418411351704637521368510551951146084492844504011520902239120806655101058
474925308357331391721448988937113533501370007428895578796707151305749469651 96783525551409923946651087594333249981181150576047368457851270109557537072
412805157459354022867396952768832864006881188415381418800892263992184053862 33297215111958162437629228373881767069212506571533864774695821883188665266
293319452553553275410781380125414320827634348905785207258098976050900883472 189026872271645113529664883656302295411253168492575642933726458942922876463
258864107185881720499225236940568426668166347323708158436447548694926650622 205273998739584284965150824028826854988272348081737725463094681942144018068
467401802667326196078038408486908854257597813591452548956107205461504887748 179312188830134157406007526908844513652928506002629584841340269366494977812
386232395025929636839255323739717248368867610755215224498817558891131880106 142140091421549091654085728734225760712874691307035558345494458283980995003
448936282856953849597169484078505605905752852710140128261088391449579211908 240241061365124945926058164713236067222995405702672049039070111077765881676
317167092945235233968140839045075129370411919604118001583711907135639886245 169272790299447990707067502528900593278062240753858380677968926550616392898
287589492961758552539097537114788508439741840981432203178155777758379944488 51627586325001481761658865932451092501127350736512427320691815714258310247
333217822864362686216729309378601837178723941477281918826932486484924188582 122593456788106279313385508177785189114861735692616307728699801664693695414
325394941275606822173334541005240966314141516200289046669739017047043175200 218983954308283947574956324423197340183062084657245628362820324996142660330
271144650140309553887708339507300742820081217995868665111224972505546510185 254720020395285094799828996239334434289451416925553317979359416219559488030
388364407027600460515408565948298593940227605596595577615851014166047493482 99180380538033923795646227386583704116883485845979991145729372806309215689
260020939217752670937992856084994412442617475904893232401026639656897940986 51341171923169894793254691633605628139275924730272791250875111875427939377
316781762885787166854400465391383442908669284034559701900641354090572034723 4501179225603687548162851294979242996455200274076638972484593792617416937
443240425754902889882568279720865156456959163668076705348863251377378831575 9756647836711752028871508002627167964268864480142670182676577201954091468
485178538179410747074888820110870573820428167121111816792659034042783618798 52608199934462924589577421536987127546572637303824967031536739789064306723
377830830325734814258294751866045556650065803532973561091848941021166231709 80489079688563402485687988223951644173394893469531440059216588956647817768
363313351624359644955549342746938637301684718559935416954432878629673416020 162883792308686657135025931612044277252207251348446032278244663082735982302
401736987132324438427275546350691114527563982064710933263524687826159657164 73553841376464082954449801240418849921176530625357661894961860776083043740
427095059063701069815603529326165768181506210527223973230609083106781778816 140962713158670350492531790197923471694641070134680625877876762831272485266
388688259063890790312367935455782518058321620085317453753194911201322594325 18038927479412056712920260612733022988032639740654575549143546213059259762
277845160196520283755720789803824614354076440730932515932564587453004880014 7129752156213957203749778051148685700173831685866218876028014534326093845
349315299151451665822153177169841833573463999908065323558735192133133428820 71765765105513890794105106152643549920329186443480866337379950663696170521
415210693340039613119831676497904182962510763845361860261200925139372873158 81740522435708677976890239888791256229249237892090280869361431313857436697
319613877965953507406237379562813028280473729947941153325716933716636179365 4027954119721529811880631077543896122048536344280593821793922906289664677
403226466810277713119035294993701455592416761831259067977594986246324886314 174138414595010748968642736008071045642956608232255980486493084815874121080
456350239370705222573082098408429187981873104005639117362256654174570328474 53201543778143949455628706600994597273113855147770202911707179158809563607
262942212106099787792052105342761017725222755356337739228538084534068273993 8137563443659975657626784977751966695218377327296274104636770592900972014
357879282982879759056896631639625585960613335032962683181562688854051583210 201713805737567539233911425385667486464167584330179733174889769292420597328
489723299586647574685439293523946370774735221986381732737984537372319977557 61760733004531647042894335522127041006113096168113037848881299007977909223
348184164877330335990963682891204527820540532727004902929248447024779482540 220585864594206437797952265623539264244442224684731914048118964532013963521
393657643179731948923882898775887797829926936781398358405918677793142275513 59409464010573559087187986548503946684799214060612511125605869392889015988
413237805334628464368607012687785003457865132410614666716167357849677179678 120729394940497097314120889974931469493759051142750779508769599048188274401
344157877936241437964908490987006805103607779396314501653256895858352552343 28859854679985155240472824451435720374345966525092223040292973986134567967
434184769950930842592220751739197579566629597112060083275160841789467996741 252346446787814013283445134855349779996649675172792644686954412201133069883
345017272281252995764648415008110739955677501854520686555516063972351704265 48760617698442911759305918940820078054470000007839213155720718148856325977
396266051223276821747287896869853946412980862302104392894526093033118991864 101656402414481325204552850495751695331234058385084707918770187799968707580
405704887450250880423064338613735429778517984123620796587925414856502438123 41645001614623522103117894965923124008458611845403427568175415972388064680
355338636715180539544240174531518146587383131465411872919801552388551611789 95118685841418316803233917896954872600267662101414306251829429686902245884
480044416160018263332833810371057449975142776825253892443329884854256286034 8609161858377976609982388794981044284448797453469572896548922232386799732
280384252951419473060387133839257923650621686799852572539240778074378843562 48151842176905881789134779177344388160769298157246088075272592848144917101
279656481226339008015273169019966958170465961795274082664547215116942843851 224892406568653492473684786082714786316365961258977500666568732017973552041
335618235506434695918286706239544333936769266620486579797718130712611393111 39184017301945513011761530724307876792084553361510416472723923690104756825
352982717977482964960409804008072655860790279964082976460509941730835669414 158317655077981842236107307794998517908812650864635764021933009330032396856
499406039321396919101212609699162195007002790849435371843440280229602367768 4341104927414769949479753093115048631789829925754225106590485601795532172
375638531106780829569289542340011454878532656733046459186024718002569783883 38963291915499641723943910796545326388288081899546332049906375083591943566
356198468086002470438005223700099727870203878221388828644194442348652023422 198360457084934202187364237991752349724682145801747787644414350142292145891
467621942874656222826794372413428132948590289421911038941792492151790170460 25471538812468623130043082658975674122987729892766256821840097423785944081
321456170971185303998626280737528176097921788093703902156859671981555265049 245979611065126132165285446191124081797646354762617919048355768422965700124
372441637027007379203099135739985297091731712447059407799732574400844969823 12168227178811292623880843045721558131536672486782749694759653996360227522
310597772035248933790166530205352668206056248729864862674408722075039564408 175878035504641119827136433509462959503174080379569985893827717726779016136
437276173393257732239846403048324297989918456474380150092787682307121006539 153152901653620950021077079290609874526634939745709017544405083990830147187
303920084622146096727606643088909483639063239754058714857115243905540693486 10921260230103885481620322074274859322090810047149748741366754975044914631
480810374070147981794409724848690469715982267179324664447445996226477214652 127799855635325739785930018994196191326710997714950693971987730880843430622
459729069539460321567943704392410410246130149640766858884088212961118803521 214309447898531263484967992097170362678996051381410990691982838460222897272
365932240508452405442231773214794126063725794368813825539803912976540452183 158263754847184477686727637611630180293729372987049389293714773334465699828
291311005765183895249324486118444387333511037061509301904434460284322707240 83020341183605870593436040842256298064339951674131770503967164969899336678
433066085624413191949043992969866933787767115147530686241407420274933315186 240962213069523482526125999136694946899541497177845880597040835618488803679
500490727890490445864700877558869612494694509489369266124534560685207581602 34170482755810555828889218966556475712519812611365996759294613270625498547
341984415080778963021538587894823992121980607666745315041335018037377314140 182032801124852770671323408323783942824507148005411931251730537296567247267
402973133276745049045958881618636719003011414406372107597463148023770583030 165645072822676724903492626653405155286257219447747546040990270042550255302
316656219015456758060055777798425086670159542621908427031095465068140202094 231332749153380950141364388094358054169512205964540160989105859050560514781
389165869274084489227084032484220882449566524000711851160056317424806727407 4632084004200014944403175307929111453632737680833311852041484228685378398
334636079174300592379995588090946370349677085429192328092983632522112994903 150531498992859616169049367514753028893336908518580728265871762437598307918
363662607195327241417023778001217191371957290172611555377793088512177371232 104635441202787060410122438902117963967938857858179062768514294452465652697
288236255478791647888570175565459289858962320599604820352868856425884271793 230245434044761046448510033031302420874816194439289907143727608053562281398
373065454805363269539215366367918514146108983839908488750785595922141906290 2703040246812919064726694937614221980152079079555467630925102730012493120
467717864255284405777867460427095410906718542057775473954740986841960557556 236429580324185670949036949062543610150720607899562445486665052088645101424
471130069408113403271701926949701548914924551847523792271470616018758576433 211351694404164332468969484406415717515326562445904336965055455252826979701
403124305502230759590527721634681998784240722421532778913711682554722554336 253058924519907825545353456363353760716111320236563672114644194352045061452
267802210810671795889162407448616239286133563944627993779586276134820721071 205694000780814274657633623324176488041777197142299018922395384724274071773
431045570634820055387443871778912383019838351829554759621540643217207038956 18889595038456729652274628114020137070250939810634266474689471372431244667
395966722091862403526717801031816967483800467760535169970985179214714871848 161237774370930695855205841099865016574693618393730689669865842777983703188
481477692070024029571665906246610402112809889144541858697693596037726694021 14210123185951738402489546426195999536841971437389822539424375497027456391
450311718044307497198565932642116111666936769025063681496654216223567319589 239869749381623977690884423953059801805973700272781096711243411336978892252
367691576222701346312346518162098304017716732893293466909002446448926542432 209695364293337393776234772313562679750037314603182467680136958363597753606
322899292270048055715853057141857159099083152175947358380242815019024851001 196360338447589290579426072002847215209029143812723527198174006335477893050
280315287792457739898798217060251625921937289682684437839730368841589635900 237107476529217424265208216046850918476406172508297193082043740228542694078
496988880934543795515317140457682217296605828664378889853098445287045698932 182117305488535284693499927310899053013788192974469358680666431256196691933
455864453955646063684187757311674970235835969091318369494106848581089699502 218070334784176811096988756778099216724535984227958141489729292206396784814
494501463336237908575762977882296036971478147402542285140083129351595843855 212895146546319526260522497733695252040080542083234955456023363130635613943
301645063350991692443531752228307183219846008920603418320090979625716445348 137556810697746373697109479014975515197263138306338445322048654144856388421
341294623020575860512083289639472400061835459054911594360098385018061086248 6371788581397824903950579371106825683932105281811018739016675089145163618
256355657770267270544749751103047544432672696102076896933715702118168916595 73833504058759045873538463213779706222710771669824940065651637632339100123
403032967673138096322735262266943461120787448615707570944028389703571848782 50637604797976179122471345394352681399747444825853112901647671112163927783
264362371107065660778769375857228610456558497813849097847770250052835500132 128955739530865971530433305380725223619149797661853437128971451497789734899
396233859451564738440561032053527234422143924389037862731965037021773263455 11342307153177659961070604142873929650850104307397266243338538456663695868
420547981818638070055095093005313478537314673468751265954964971096944907789 241146469876193515507504371929022597289002645091302074221568186677867776862
362848680774035558052159403048943849596778961003156662678155153209954945502 229709235139695134088074957851496211531171884336178492633221073010214417239
294560091044548529167659877024259295477356948313468341310203041959007901565 84771024466000889302294444297166941209294434089971781260382132234404957046
360106669766816733604452202087586837098882130346717761921688646017803105550 38892553808326081388787750089690288303801640802250243505191279588243277924
279914139170026834578132942289882536179445178615093623589836623433537229155 233163820629677712242327718260228944568922040878256988251572566844607097715
280868282580370978689676985323214218997281403416124054423925292746926511696 87015792487405710031095312502771962454552099925288300790853915684354948425
362432551572933685289245767124985673000385545628823929095372424070488543647 172778359016926622835969335477515947886339612526020683811988982847023446852
378040577883261468355452472737731533597704768624980020877583136207690560832 126052779209125736481308221809792419976101313721814695967896554951907619612
387155426866901667827877258972945558574389607841458632700041456904779375024 214987158061974034864119136212097278700146907393771838925837845455882685543
449721244862213238107221505792851009309665512035963429487800374022866379567 119439133404758411238097475839168750430029184194465157244178260856479387976
309769980939258225825587047207429501969493718970234709787715925045811635274 254374633057858411325653904456037143423855638965470865762236944841710302669
320378129524993849626190838228423579945605066984932273269968581777502216277 48704078071887930673082800089248314549891639512021710569277180808214176991
428244486614666058179711523536734524143778128766891667297598840414667429084 80539270714279697868690677022568479429520840167316170061662170184432128760
428296140541263067456514270863839841293327601454722171709003964282030827671 219014428545029660221861513467583992388008061445004382584442971402578917458
421426916091662662944420801132343657866445400851646581074756826833749808927 111944214056163660764236317841453208046052319977159547468597762715717186050
328405370571324867427529752107215369245178997867865438786862297944328529689 155350139015605673883990103469031256450122275268684186121174783494898713611
375300108475665547725506499539234009953917276722696792874432907475368425198 124688046102187825100954245645656075465427951791578126306127300547850711440
317397575919981575199479277398829979140903344784851386100317831855276564210 238055952451724806151503942362061602212160444536355685909219830868086406158
378447719563751716586669790380502956451237299925995723903658392579286455194 30202424443450213752771912877270894837044282439146458799509679282103153251
491301696789310753374719979312131440618776260381943879866098378785848971179 120409166467371458951653067829909959481387664353495065457617210788550254337
296458756699357024082051485955903119480013702487316368957418749182857261218 160185860842759830555895980626458617952939405540274707634998860854114035883
404096022652315719830116883992422702799132156119731161385855894216320612004 150493266422815511844069240423979359207130058437049270477902020051250150766
427970001006142508320700286858351653341224399823045197954333753889492886975 253667616165119926958691672669124582054611986280444478663401877040844025260
272206907753968658940433734728358361745439838972438648986168144101180185152 155620890073614389942554643002883597954644814357448181852905898827716724069
268017673914575887672467350725251276407904098561375443525761250262604725428 48576392715660453750954967990263447097612674880800225576915646699013918265
442983365151138370412561319983543742798535983449034662377812348352297810044 81669952484883127900783160280264460638915850111385740139584583852167946306
334540235710007978015088824754520845134665430365362323193312283219587774180 178652029737921442136349477309011896775002338289328710780636947079958842844
332356105798706787607217309064249953401243412295302918453695380387113366140 204624544205464118822000714591899134600923536345610794177439265439679634012
495751107158922774179709991537670829737085803245342776883855136013349369780 150351204256453885494624277054590150391679956362710597124443465499905415775
280992519604808182679729727751654625749472928437461725923654319653963253100 23259229514094390538796715678159870450816823870637849274261123365450071771
408303338586651066488402045878259260146985114018560840565007306384099513448 176001755162245066372839112061099106143969061941513314958106345294966738564
357300458791385584216776133617659179960494976445723323118535191619869204728 182922559624023033277353188768629391173381536690268910285075777269781645842
255861699231120258913811719403735344605764239604327481108680607476544947758 179634106609841765007654124194017506889098545223871214854861601533682844648
281006215790087079393903224620044434081512476292562157222337415346103204596 117925484585705022207865707214645144994024314189495704891019463610807725732
395668239123158960834726121208747866193150811304090085931240262348849859487 109331418779332006762012952755013330195304605041083379303298725286895147155
431275291522477537913601227959852472237692491588299720583658670292434893711 6686374359856265750279157479341442154184971747180317558571044071340246220
297102123142229029951501388426290293808937546257033530310897435009175792693 66527525579694740881438272055107004520913748700225397196900032817062115672
267022467987413410626166848625493638777605282259674429764403408200780855202 45986298332647977750882576288171015193669282173037499996409979809194330165
496338684695522796518769204120521251356025454324934452020856402879919736706 110078249715961203886007781275535619462634659345906864373381504350328897793
271749902413564423530475631545972119272444457053281824194052022025473971173 221221165246246143746364391589574134714929961669012896047447710225569688772
460631902786648667731467841996496669332433736469912295937210488020850823467 86981385439397415552598896714589294081079449484371963346070835936677170415
313439800824882858570129251560425623943314881536151226652603336052351323042 6617047016394100791497693079771856483234544230453637728370228828190199833
489685649792470867182096291387268834760947079922099043827040051386343539384 123817157709492428513488587730894440991622266176273287960277076107347346896
260540738070071378765839099799245388920393385830201151661362795370430734702 61011456919053114730203302569161214927485363954367158736833969781725122591
392513846135004422105456827604227168803908278860352434691358528327373382085 108155203155074245044812464019999299114947206749581835514963503197021972590
330463727599035301675074749194634695848762785437944091486152308400275134202 176713741037373959917167963768922227104332197272956508483525676339396221435
489539392922253664588327483012966137337675085040521780688511390305388441025 19601904642508953906290433968733672890907160207394033650070081985484614199
400235121500974967039872297999904516137573377166383853502286334526745876948 1861976919143114019376019871302378175980510500085221550461763009096056003
407956233342417564103238197015550068486175371849877086688388082526424935947 209746795035664879198626873364076642288624101303564742118191431073829654776
485441280961513142396966534251711707481770362856481082922959119481315981922 26865085270115294487164121939332568981124433367816625132466514079082155237
356215469002833397580201502264031896817465347529468242566369168997680031240 113246243648610148364502996963204142664301065371041112551031887602631397493
473349517259074435226655721317838955021786646449543723204451690862115440298 101555609262852833638083797791889232856167929817626559653657355952950108568
414199648429796651750197670132125898021113775147608294330528510180733159517 75327212897215762847785460354669105021814854563803818124928146242100065708
285242330132910216286559254472943578879395802178927650517106821014696725588 169850799962908534315807054429264813300860900246752457149094347939624372590
402931110870227308414263287173012241745275838171260171223422988298406086959 186785399789030451397070143256107340624967854360152919338472705303771426856
360860084010338354239975225772755677914973181517189970860621696727387532565 43308691013220487894440484856078235128614176139964062718129925608481970044
312260140706405095181962429666386056597115030144931432056629247530144533047 208566328102222045671843476964792871530972316024086135844882535438078403674
308867264747588318473387595752507667018984447168187892614560414518543992992 101156332052350240372461320381404277634415269476920730704628664627045874201
460950929806593443649211016021760269827600881703280396682423846673947602688 153757398253001730794590968091074499227784182066655719103253702186732414024
287005654524277409920393723711428290344073395383884890064411972800081317446 168791631384456906274996490619248633230403376257586511950407690466470949261
447918469892104913290093191921853430608684867186000608057661010397657753765 175565103514325591389372993202223867832249670652949392088299247093771126723
443154882294334098911704555703601873670317983380532337246374738993545716236 195724732210991622294451011583677119221690966796081372575908072411327422405
264162116535657733413604968005271455633370876510900425073993476050841364576 178827024133033780330295075697763436626457636146026386977976872205706897478
282491448759369087145393138063996515394375085660785467987439559412341280792 153867733463825021100627715620122084387313420516698519714768775814425859921
479413646293679935748370751250681069065685558022837543762110798265562219986 100820025499189825781075638980266120062316068628673738336481853817403307536
389085383813792652088689565871635908135499894114388675044754934913725265079 238776999061496116660564699798012061292975000071164962072499123795944121146
428075671785527194642333299556353574452745856986958020081808226263434617519 123391702632023629697141685797733714336877112972135410195725567352937906125
412563042813246594888349881771238021307261771302423382188858416207759467266 149393512040403290051798727956619966739615684273733584679672919801134624854
411736096326733550803755010233454724106830987933870757013943779187630338246 36699572489647752361238819372258783956379582423925929819485933324823474867
422320348029382246788519371322224549559959233862209921721689630275879132094 204050909475085406456911105922630106289419341007603205776837861259907803567
340633930546193334055180225179584070167844174406152603706790419359236596778 235058138732243461949617340625070469232342187643728161054347932378508432784
336921399835770658153730497156231623444265723242560915266674672160385635269 149332638671418574768865014268851428997799414461166810110199323688997523113
407051986203652852244377194914980352909737917364381235717267117137469078388 66872348601069772102189835425121812316515825163453969087190928723876040492
348662106344713086204701868703329030232302763015067506471958305850246047241 109462684927795349722295329107531414339341532118966860001833579774777884165
444660570183770996414881212377671435205193289914758737234947870255030537567 136782357410029281205043594526265243498607057263888461863432651291521931195
442883143925071023810811499423522237640846067317897813572727589950126222995 134662625461079516516888535430508632915741472225623884329123020046116196966
500092839180954458300669431595897264834245450394724406020483364612529813036 210984849898563566714791695446062277922302456109348728891147736583986734544
318649243095919314018855762534013717294414402887348909641698472864979739974 112739337323120686217933398712089719170338321016992269582531984203436989068
493868901908177861783840514947444399733310847100142775018611534917351304903 189321897039039459532048981407631085223850165154501873372186067245898079437
284209430267530869552285970874526701747346337991924129729659060491318040694 235109732591485688676164888482849859016595255825613855143286734215800755928
309985869595061741006448767052328735206151911707165660142119603324785919618 64489132172787947368032028549694829993435996540808930404813282833037120264
482707979228788528209463801228326040659469816457140830230917472751337829396 6750463504635382796853773387009030921395275703579107500939371259729266545
492207225294052083885113302264267012444246090384271254857463127321355742074 65567751807144196996837303564965570140748726061135680968371976493163776015
337835159624116240035585725113210767386165406467878975631542219986348166647 27104081995608161420564241679077503473063897564877972804100422394575100428
312029152745689281188471979238520757630284264715966274960089759140599139167 34873384974912342405592279053021763443547074018574333951255440539658261160
274854514778814436967595244264652011781162765194698877622325935973170370051 31068170136084925390477908793418107981495371978719643813767669647367584855
264147434284500333305243761747002892086129644042185638574812486821050933954 232437516487482064148325690661747650756304878475679298185681119940903655503
312974161484389339713352730936466439259850985015330007999414284854809706489 111591263097951587477289270847512037576745071563179489386575968986129696566
485473573256581416285905938348273814733688090316744978361723111667566457571 36499151573191128502147150220258136704009511158684178777770220250798043122
316099271606291865585947641343072283490607502645083282527065553652327455764 249689807738973865560008894702569991126350473385033561522948337127903415781
423191625659561647179078410487349566068858998226647835820909752713633129962 106064202094199610385638592532030560433407614340498157295239816682004308324
349601017015241528629501530687256267407928496949945188905712404023161514042 105367803390101920067139360179678006692343173232551781583653144908182270164
409843522076756084045838999395938727915521708661464489648170492665558977726 185780364701919919350494671660844641336915379799343199136836926050224560884
408045450420197164710879389181041080723665242741977393740143721705723897124 77412377583148946848442970737765297386419465042579354416541268463609483998
304711788474962719584436502797602045581323827310847065546521005323399024167 68661412041697485661164883970247598406737134213838723652525126288338584281
508029483427761717181592478593675484433969363503054212281762329481027874509 3409974130511966566364416354657215560381401080222382798304577675449906009
306233210042376574019793056177058937891661586207644833160401047860322765821 84378659771405096838949390705476213729103991267229351382525992821201361746
432925980488038321123331229872685172781193990998145818285053342769666888841 246224784999943108530366192749319862422627367975026107688806304653737618986
510383356376382430934849187643615645492813038330128660046129447836276180917 67656872549780178147777392753501772766424004380765369087017676513024723470
308105595642413447594253935151408320787157381186552796515072861806689341311 147684272906604884426521201650569323545312682568075153974464802287724231644
364958573042446030142873980457724051824687971041182172351128847323263721003 138881522709371806908332197479379977678292318726635342543868926841986236672
269158077015248853629123331450554665269377784239481417147560901959334098544 240598163653645756162496834447295708798544579756488886180514433012400856013
263739297718857596982343107460264136545981254977281962408210676036117168619 62668254268789826573563069403609572424977171506540737318734096905481904326
318724361042245483792701138425690262135115162341518812748427131812936623526 124034423595295686906881286678404188346437030136481235965273164769307805550
502642923490113316740049033133971538336838933674871944266067040823099558502 241098151020619141451797553374754305842062482802623742595342403030433440303
506210532143529638435598872775194490098040997581622348289428684084760135689 38486597873911828166016176986719239271646295201106365022786336061942484043
296048396351511808239693819480512508779941388886221418295242367059687143336 86016234872718454535059812503861482223963323948731900169908334295477978864
288896376556561614489742907718982084318114682528304457014149936880222348221 243600411766910099748342206719818453311391710732771550619745711305160494026
311182700500799444372894696899081385003561300911500649805667463283350016998 113720476800611059869226124794090120096040002214580385219069027288210747051
373940838675554314941649888340630752767891197807901240063967417532911440246 180439846527458173052999820251871376968734263633002373110553655127338663901
304038931014324533265318343176735122750303960490652733393304418362163204236 3026049319216498336780709758775773320475691733669459137696020315348749276
270025387865881679417645496106765171970503625417507327782172087108228313411 23659262543093799416458237799501051963357012719174414001932201986075687723
315633370378845816447871974243523930137266941097082086156077251779386673079 21481737355473050314814574663037086280856175390556463938671060937953387216
323354859754544282538828910779711103490030398728676423266594288263996537661 9205502614814624949492201875694716973887217050500875395490711981581886546
311627540776839187230689014228424438527401899177475979081188142610322799817 136938706672287332835379920632356544662518265668946898568000533995801237677
299876969920096042745548312305074458056516925219121367060924336766830069076 227695058653190773183198143087194271754362029031885347998644811582731779130
446886948453273359999590642292552312367568313179416563780489795783175742991 229911051713242155636001210430159822771785957289250485614994746731278334232
365403504746943808965949565733999020547810814890431982290994124562153306626 120900082328028387600658526975992687937245824665751142708148889924968819810
338245251337493583122932803347530499041992436323450505362820294756910766658 159976361673637616423709793787993248188311753793731094334258600344369478347
430009486282617595649971233698121730104243274610852073222215840635084862486 39245340658930076801709677294650993467763978872534516225458692648104938927
282645871645182670096150508951434097874888573089507945476645311544393654423 11581874925009487621991527929126328360074143766949398935954790794875848222
261662170280682276853472590343849337239019345814167771458875630634512473415 12507667258964535358769922415353248046327269449507574268726545251867625940
376340087276004400880012505978467666963709645920786219624154664556026144328 213547457759888980482695132803156759407686421925446752968014276350628044419
320188930847672862194068989396989166181862176361020692974712533792286008142 98114267205978821895715113274299143609440732397381396565218209499768002477
335554939283915567426316524183049556252752999672361191031289161730466737453 243479680871146857035530013678211525016357305292204958625794194744149240910
412838672958476121033540152981202332106221698278788449875446615156076275203 247507342870214913953142052567562106331344516919748450081043333658848401369
443831137681566799893698011903108969540017871021175378198840759374300825068 184082281588489987808157244754836883487307995113586639445552481159338093969
379866632730393075444108805269265878508120966137747585943212773277615545355 118885409211143767155874114499618379246741005186553722849052732002292962531
391551845486912432100320083990858989970323004310222973781267118981581871426 179196119509927207218065527434032208379271462709701135182374027402826457247
267840201401209604968838154280164007243409333108158231549160078560022751944 227141467264851775853480823459899244335050383703103818515969182525722277584
296685613847553238863030326784882907854677045136133159533138686566453091530 181368093984837517746567983986435792855791532680893722717163226020839989766
446701899019491392880018926195564664209550295318716436481823421728449440631 213991620371044140604152255891136355973254954883755138417000206025100575126
455840570502288715929883284155426769643593288444940142064357974478853823241 208254559493778415544956480647347815798952615401996090843263444687964409895
325918485797080181233946801195262122943812366108396393776465791180928076868 195428476816699703081108065387389035603563340245638692424145864344522004990
290989483475171313494894413288753533904861796864103939459051241589285652500 170382394766043847236116128641214228333345637610337614419751550069756035213
443610736457894587104361113621155196933945566281714581335765702456739686327 254003919869629469510853721658822994838662084941158205499623295435577770401
450875016332262425109750841981815763733364308743557197113192879961369103159 101862602432017072477879916293844783821168557330964470067629700859504895928
399990016333810045198362324619690020952812382569045032649921871947847886645 180204919115036531220846396626874359383297195910823368873677571472810380376
402350404969764972247268038256095924338465560175182539681410311724340585198 95175410362068980677747646530342974477630165916879118285573498984532699534
350231845251692471066962490486021481596129511780531312811536536041180886386 191111315065818348204946974452701715050775451797078337801044674642715293707
399663462029861002821381380677228957640301593375220185816311188137014681924 161060449786178874406991292230772590555778613466599756572494019717654677338
306715040205311702080426160961633810031801705146584641529155166113660303324 222568113431574611289401952492590530026848262804271420577819275410956239741
279546441238736798951878993251957377376536528564243925863920542550431985741 220858348649046423608320274154080895378581234295952310343879537836191197765
482765338738830524342494013829658236929591393216525975141963914684584549593 10822754055371946991994581174141662647550148513126943406387104114891508831
369794220312970501115015538554230352466938233606701100086647244198434392930 89399865966493532514774891805145163142677084149080869827099172573864044504
305478258654382544514677768351442439686125275756694994911543547332828053806 133507188771943020215164163159139302908990092103281242926212931653191485985
450032460814060253570092562155775904510769598311043312849427040335879132879 53201956238452777635470671141140545862797981954358380193532195502012403271
445224857528728675581411722706931081700343601764375709440788059020258167462 75271409980265082920206288112413271453915333540778801184043432778313839402
509128451016808797034297833695054117669680796297769496012351564830684927301 159720044397949680676595327787526102049078035705844730312373754975366334264
305286252445892007276776058956182964595136733434842189355324373036516504035 148194386802859036034675544015566141725310193162489284992905876841132890497
282695302272079758960075949767163769202765395625075942710898541697498280883 225477330855065021547779346854523335928321667677778417769452646439936829108
295554379467716123308623374263863190407421754082218589093194057620065870567 21369979648791076913424190882235241981884099441028776607607207706292565438
448556229189869944134116297236539430913728281042736550216450546682923315065 126317624260194409507530934823736743356665506806036120188781859773183720976
332753235643845287676844730820202155872304018151096727981767793565054229553 91506902075080567574756635271935763565343152847956392172006067212208092015
435337795478393424583320786045739264550577893714410084408425229036675245461 45430227927188554020344684860170883633888455250461115884936693253608821336
477137252649794930835441388186605518751372609824854009251435639559229996421 131418471161975042048313811496712040654669072366148624895458405915439094387
298640907863772113911451116810021793793584083500712856533925341636774829196 128915214599935598735599385487074000246215369253379434457372866596088913053
283027894696237138040909748709552356923483212749483535354754998461480430805 71317133507522175566011159436876369920130462511172451047624720198322517812
368336099115805869157705233732040911982436821761088526376687525775176224756 171151338606544274492423522433977898572176950295926526231311821367837233601
260018878808740193267464051935999696650300429264142083641935027097604404936 149201147012188454709049959617260940607767980998597065760697912970406846138
260482394096869171395100480364248923498081146348683493309016205105309892756 176654623939222089886173801849895625188631459894262071248476113749295028181
305947626973369206874429144087490257829094514019876438847582239868402445869 103947985842107752402971712384821278281871037421461909828003936967198347019
427122796028646247778021281196132321631826405278105878919166864392940818185 41932529764116866187975218861679201375036029038384929490698296540824166820
467310182326884016382329554663268921802411683489328262394753464799146531050 223359383849557541510412836444032380254129542561033145549940232467750949186
378209050832990296013110595276082665926700689346506731928583626623993630925 62127015873222881482744833445007281977405207971357138760442156700242395839
302845124064071375754554976571804543950642254952724369049785317451621492264 156173541524324830780172084222519405621329320628110212511444464348396929952
291810490426906835086254750918570530104772022742773962147908300973181211790 68170739083614208260459829315289994970827228307438946118095877096690075468
393101026990232960632534053740652738132221768366108056942467812569581632587 205172665329548998658583520148575354365115219964816176940958446980873528990
486548763401455991577109590386858376188226883417819857611966143745192640788 150775495380989455593846123759366305927243790209131537803456254345411375039
345603392691048816786805516951418835978550038710059898451420216616698245606 79783544723716621029021955107766588914834436692333713081314358994400890231
300483541454614716288923944224110925719679376868941864649921873643772245644 134769851873500227145993355516648675658427335225553656990914024602177160100
418307717492786011694160224299880778461176696926552454223181161527600685674 125119262953420340604307858664258524031680522482374232820582307179628676836
357900501275083484382948093080988620744978785049943596269776820495599093253 236566522437333484458897449646214854744318600930872107330123956340061699824
333471440532626733274901727738607857048508428618608381732258412348933462515 175723177551816856508478134466666672137231211670600354953038616227624388335
437219964887813860785688282193325166214651031041061852197182520855411618653 236531196473457135663645332439602099375954896870136649443125338094986725344
349071391569239006651672735626992254097702401154331514294930154016800082439 57351536618440442865878406208975309012585678048020345694200455459220021050
430939312019040494101168088932180088600018849235944652167798509664623349506 2901092640587079108917012357554566485299111931336657754363911393072137194
312754763651007910535392382142556648748262504791225573127479426274887871330 237151369522418686999412301556818974170775194914067353745445302680909359557
309901815318516556495413371274654380152340887265482925181375047981841643362 128314176175006963256064492651048987770129477052627862110216809706212457542
282744594157317559053008287889057995965182870133733397183373591096059817830 58786450691817069590685204481649965778651408499278676673786085199308815166
310669010979019487689634521420389692773915755583821819042197601141268109783 130028693940723967301507651572778691953231447547833948090630390040404273889
465746648586672006462388299352181074499939279494914646820319194667594320228 83149257206075137634134462385409854331686108438957165095885736041055114135
455113744265335868092782247903682948322201709501441330991273456095830894604 123771658607322277706556818638587038085861403481119072407564412728855059636
402330856523263265869899434043299905089936031312197066410114374721487987000 162832589995317165756724605146587949910340352175541631184682800480226486256
447803664753027479853849955089139366215903461509546754738915181028741131481 25888536575997015600270185356807937138146125767669034453385297500554189707
347748789760614613136088839106430259334360788517874925935351615503610868979 200381642595918616655701235941254515339094116562398707713484795134001598271
410988764604879647260510167729281546296914775980244843283983729109840230410 180027630985677338662961381213333825853618547279183545344007510804477557923
499038565008329943062708963389188311469535290681854924227660097797830421229 186211094904740552237390147153891935505412888530389617086069272790839561211
255509296312681352689605748120211922105801535691108572967539556768407783139 86166978536487034622442678032822745324851667466429149934229316572064967545
359391822784250629093991677768317801931434562287329180692496228212332930344 72963291438434673462168524817654535475129283557060168218573306246323937904
364489150957067992172331903211490435680916552026623650301789706826344213591 71974144029275277271598702662310396795375758533986710560033307423707367545
484679872981866609123831643475360867636418121429204244609667888920786881936 64039079625823521137430504340248267054047567833078248249335028532308258273
455113852083965191657134970204942130104536336914700051823365056764119619161 142921754158563879424107129178337960797785623377202170747442694119685732136
342036140859380273838605696954444283295153981437899421280325839413227100597 61476851524403236538547131833028483106373621885840766848730717809288002862
278514515575243182233067883214095651242393387188555741069625196258410250624 110751023866598720060663721645944788531537221397293742335306140315101056427
390983255203879057468022480942109630436794171770502406683213770700589086573 43074017285288851017026348272583559192241615288030580850428212046466622613
309751591167025024924108859890644640332484031810410777791917493873460279253 234680982501314574872569845554232044581355480485249462436635545887693239391
259064034584029018268341051682280501725747008437955419628564751268192331358 145811648606962642029842043611870001267106981494903638260282288487909429866
464981663581045736820491791436410313686476057460819072768861660641690705227 150744652463925610567532047234424783860723951464703746373505794215656370213
430338225582470752132257349571656489973833531392106836439943005437138425701 19803072247970772075769063168453196369015748633842231126488884730652330125
348467796053569968930289851792222808447317656765099177408913070939445371358 96513982042129165741184300777626966461299779815042005038384831584695418982
400578936592630678321546717058829142353201630955939136905142150310950483533 57590029955526275743900633716478474249695343912335817719751978407705896632
274516663902333252510971039526561243054814712138910035896812722986255720898 222438238163552821474522772966467291366253570626982420875338141777438297095
484079345081639011137126270273033720912371825046653813477238179000406557714 203884503403247145378706588000242762936203354987931960712359643703098888569
415555903774045411520114350506912758072395760400915716335082869314996062666 23221923142778995568909472830486132703019066714205399475016785385801672837
355679403446681474817903405241124226795916632277311524446770615978363851176 126655629003071788896208147672412112000410471424079163520017743646001373075
458637455486905486652702731656775055808519774824872074961922982104101652667 49919871614392629653429124704830116275239787446746084690503417519080120589
460435998389218184392897607217121609245538255032021433898596890582748957350 115469594262674543045576813432969123326639020432144236109843070321126652873
458474208012329788937672803937809009790755087061212712467343966528597424311 197707530904063691295656108090669475487598426696734432393654425406633933131
504716110360191611149832962658352646741562605352884992580238160992178295166 110006906306771583200875298242400183281456122813162544731202853311949854496
421526799580285520779573896784609297195054452282360123577076259310924780420 167732482851183778284183850058056567584829581006575853494547829393097374055
455783122126952030835537575335716358640800947863612432586078748277414808528 163661299821843691395188800512523478974149483305974764994727046752170592576
338497105492713775420455665593654357258788932938211404619495230260434593092 246902501037717938874684864920218196909362690722706142583933341591917378375
301803732138929673693117371511093632592353753711535338441155765209910389403 180772123570416648318375118388300499094390059649212889849813101769807729999
370675938833105445161299316087275317066815622214765828172323697607354654010 104300961453950838192793906063120097892869162418894923164200540000244300973
447483860531243442014048221159457796892170351440420730807133813969109977058 251103452369336545895764569901391271285931693178430848816861147838050276597
395636036799620108472515298032684807565937499288094610261738821169957071811 117189994599132074799138894959150237635455864672978520853298628357324817327
297231311843833250238274774467698105284859071879045192841448079601441304488 9665953323186148028113077473451446574088438806629936954418820000181350126
457656788295895414079513828771856059275026417077778591827883722824669753792 218061052871881911988012919536860524633443682153031510923322613450047099929
510347100367843691459523053084858510973836035541345123223972812900086418182 134505764772369568571013644615184504037670267598707294924316843555139684856
257286309012454210724104663195733533084156054861989852941159446333706004645 180019368082227954036018607717760162211419887626297387437890713029270774203
390562993924895659896413812342913899073613507489635254011141988007746641832 177101479169257405401231658720005122945387698255224993077827425502668688242
510877453712258134124272232478509461505604946182232918232648510411938645440 879582145322201890980496015967899497133926848753861806719941660121830347
354930545736341623963962435168025412467999198634093735253527429528587911945 145720282547757925280755986042977637799483817784889777939396458726237888427
322926682079703738883171578098682276124843162606086641473860756004294505778 61026653239748424260370518342728911546176164045535091488417559837710143024
286527830269899099283024136064583432930982552508728074930424804035421915090 168053673572074438780951872260278280031839695668181743484636582582892065929
482086046973411937263382593336319503131172187048296152542035248674857039274 152200367235524495805807298335767698252334112807772579897405796348886960347
326094804863892754680526922372996699082835575939205533172638519297945121306 133942793144967851539887461388924244201793053441529720275556932528751655556
289831586383108643205032947133372870298310890459932362771791264294370191095 214257867716571274441151291867448971853348463030390449745172658385002865464
286391057186418047993813885986757021968794965160093455680289931467937892099 178171282244416375497908125165215259694489248216154770935426638198735551212
278473564457895775360737988853302582322095206830077568985747762242394254225 252833323770452281328183096898173318961747973663604945538270972766628608145
462167607786499363634443317178265571912788817024465717359126817251544081060 227224432564437106196021596569509874279800612505643378180832908905088534530
370041035621555823630837183309873832929779391772392831452795344254572879770 119172761086220553390581698142800741111440382710773479638149872760494229554
471392760069770815676371040986751678771741719272698779461098589723348121898 122924316544030613530662514197310361197713426491147753909427500028359408673
356041213336812507489132746218530348448452600044257866778432063409689166545 194176624159606125149889570166937682314844654451090724628678402018376247972
298651567042806221249843153935336372333676349511521445682652734157157316609 132561510691092385435917803370282137190393889879506829428892318107212027825
441852545418862230584915868345034605299133579064880083918129470658627579379 131235712984025662586247753634746317259235419379672339485335953242041994849
257363887814409556116591807159075785596130915706215726883317782257283959577 78580760321446213935226179044364723372091678074276109577284055700654656476
413711342498871642443323461292860692396010716859955429015328386920969677471 83094865027364955358735333202332585729671515611877968913198854298007742023
317909016777878107018765145302984717326603838857096142267382330339978801702 95737235644492380587163913551244836291963696332308574251308254341474798528
320153329936608787020369029931661051470548542404617708488334531558506721685 97428147691647904769200600725952622522231304932574019343435079844309351233
439414179077123521106526047482701388738131628738651926330703371011618870305 62253543368988010063826549968480405294317103318379061593057464135842211472
354938123081100876872802355658485004498303697610333437455921063994551429553 100648584725913499527028060166648929877502498953090816675217822682496519663
498071273595474198819499213512515924276157988668322708344967700988803612511 47685530177155538243245290141029095043431953245217716601597163136208730088
316388013259195315137155061196937729511215554833098443466510959822012611752 103571976693248545693749326683728309059126536726889762117492909768408422112
362342505371088031368623354675167518894106976558038579908432071244234471364 44878758872436675596303122641135533632550351017431053740835022540447458144
489806763296884230019495630133428769701053254741067956908149631925779478740 128711725046006632809392451438330864593925202912853155248403411525218555262
315427493738067755358047576461065746176418867074313872273413591402218125375 125690998710439973476308072658998251750698351161931436793688854365160996503
447308105554175897323292025484870900916294731118669804007949705563093248240 79504059829279246447619936058625440210172246096850779027323046689979360314
272267880644512772470939157086506784563570950039850093683897750696927845729 109288655053533779407694186563578736472582248133889208271826004760138290139
371952840450976830012078540019947550570460909542529550925380014434293267334 130994259733551868650890178994990014642289342677347653652083612064052086665
492622924990623828665586378608166522831759103443158161267322423793217684907 246128931532336018170199447711768348568997114838427933731672709875891777181
288944845145176267939779531112401720304673047548440233077427540915913793174 225419115761553929297864042434940014000557873959093049140691411081643249488
257211425941187177406979088459186448990940126232051645552382282659757233459 123136947618413688379553710653028085860666263405154531705633577754370808605
389505814365622100394828618727445447074896267987515915940554815835941810232 38656786695803036696998711483175841238321688389856822525347490807363172709
393291951955893950793090593581899509398895459709348354423965134932868415808 178102202155765317417623269484942911238377800165527486555734095097585214335
450767111485324756199130870254514879775778199317893144695616751299797386018 152781847725331846843022150278699344319290376099794996161288574159280415322
397068164653611183521823667604400591196777028330141415642385451819418813656 45503207999223432821151682776773073417831643507055807870346697547470602588
379375614173118821767939411250978318821326315916713308468025599321887575403 183363388488559150779137034964864400134250921099736212854491338030038982302
329568240926121366813359352968416125810465326252955069741580326877489139906 108725677231781683386387862604829645086715741152444090870331517975989463894
359720096779736748719247947594314345061743781870716282429199708816598271962 81548166187851070082452370958585042803467444136553906695971100349446932573
437234078335702478294923831997457670939385647227014089456888371547233555426 74564650108545431206496975907324493542241473056631076274185284731425638045
352236003813240528556432536170368232646726819160767213178645533143696841026 42573526519976296050510438777237510194749742842788739551079044263301097335
346878157970355841937435700518147281969573154968447057061207680889153206328 49025842217154303882720074099341033045294618799009493643394434039227815640
433724319283663938573363589588515517086938188428599689369447905556186374792 228717811968203971573866805045778374017861275546211936397958364486587337090
354701867214337591913011279813911210126161320796655816203795536943891333429 56019319917742499470644406116574636883337654415545512797343648231268826888
294863769266661534774680577162431687780414998029411142468121098090531772423 52245404284603692086198158815120401266868504406313328846606651601825965225
292658344960646338029535724060005410567634365750656961941023160866850001714 77777570155481108893005961602664039950894655166647082622695907321612594767
421540915614709598726212569583592769456058909358628876628349615228428655542 183912540960089311486453583291535629682506755090798540727329896228112711032
401178810636587147726378815939816251685583618859786340352595028724371240828 18377530297436269949530398614266784473955189865743676527940291911056713014
265327712827339528384720812123743463187587936232507332362475753587009920348 160893451405393688388751878431136951841315600500820154746834851678927955706
341679882313183085428808813295177012592843601737518253721779240695236444355 124413574776011022252008842690218021657417874607834161472397464709822753174
379807184981740511203355839188053286392076875082199724825016153976664982902 125409826763611705987532379965089370343057036624536209039153388341181303012
303734432160853348095298889638886437745303091864752461559125227005953527062 142500755912342419462118725311660170014923486084976378704236948148432229508
371193429807325770715088547388634152991492975591038997747736501328359483404 250251784335504141176591239937892567384033402307865025194332449287569977337
478670653770434883700816034886086717931634180046908637444358483678547386535 38755116216263807490388928652235766818700430392108671579713877691704117399
351895988870988760849405212798464066057314954022984185540710020500448656908 230431664285365163116047665615936398340489703484558503002357579712573715688
443885591226606912555627136658024346219451670140849991353888075422792292212 242232928064087644251117257394351566894505038177020433617716611587682094063
345715234642157310889203971691059380245113670607201697056346017930967659619 250765721388953422852725720176543486753819201853205352142592731450510885014
259527790342315525729131903398934695546236630128769119972102738487909499432 187472516853667953604950549628572964401189163796360365649843388101690086992
432731680441267876300629555810645017089809730017106042620091434434733976942 156638048190622824300089919598279595889212861467126778090031515341082703090
491382764151081415136301314390897193615364190186474013541697955482598060092 246117658084499301440031356795922214226798797885519571676743379599619661457
437689483921719421733597525832148616595723221879326510899986092232096854331 195210802118560473315718348029114316609149022303881029913926793107267660577
401005777565987525932665040408503724524627955802788224176355088524760479073 205358797673997720819241872167625635315880071007726052961010569811708497655
462764586214414931299076281701159815962763039193028213674262096430533749431 57957861510483507363088835966819046493706229321056809377036197825445208247
483841367477488220576212247904194574869801360490432690606014544332837660424 202628698823540032704787920119581198443986319724063597804566281926530388750
271306032520747015033738799610714665777803242767133767515030534008437286775 71576665116104084263736666420817936306553278912600525962321378945306096046
410447030191757613566326320712047232895570969315834753774071214807282666830 226349445147583806176432901736880010213976099373721883916861796267553981931
450528899524522190330754354998880853116581689091264325177059981805068338349 36151402697711649055777650173336616486477656451293678181843092342023610968
477376128765538133236224918206343537203128409222106836797987721531656139297 87168849444630440963053356737008680828951893534942221641625326685524252824
334478834810752902067850170709332415629151403382539623542370317562107868752 53119140695262339997991845459500409791005374829366504605660468287876496613
449291311201509115304367010570543432288077867279738671431061869059254936290 124477290299523209589354474665086927463299362489213873463406694354028905383
371458986590205903004553118996189906603843937826640636696103129843503736708 32413447628434391073238905335765375404887594213233024439366027152251541795
285737949314111750244759440514270626847671437723132982119165387537160061169 161493502894803329669304287362713485807721821811992830223811812502376921977
393032999885045058669033040580572997499558661595379734773276329768275224242 202044511257254508213227257606027852522881187761932705708734657352735498122
480264884244550943513287704113544220805695529799091611065199957703345528432 27232365229088834353519154684180390121928392029054113527623213361447110948
486496571909214494685041383819242791715258588332606823819588081437479446106 191180547913086738264736134093776954150358050871206481288315130487908048084
468718376033578209616442562974665730943663803732398534855944645826645595060 169851450879938880479817629411013378428385599897977367413728950115080268116
454046479238914764560358786288055420349036689130325504375178661204454906788 240754352529224262571782617389309395565556894018927248128848481173269514464
408401322316184929782976300047056800540272756231248669471308792387580728663 165013842108849865486911152503919930349638384612806197379177129567773609468
356314596000608937482756188701283420370384846387000386867337555979667069346 255409522735487528151295365620488356680321546460149938544530461918001056669
382537394831618462657454058722787848222552480311988183166679792704199675612 216847865474392420671082427446594041861050253109373456936045015208940605436
368499715104323201127140966153810766658657314782749718136468091133310670616 194048345467849280875694089083326495630211691535318409388275061004157571974
319564420331998488905934432000232863366923801915815382893752104496388204767 139671851490757268206710568083047980717531164430674203320061337295541190815
265056443813027437834534747219692971447612379263840956867304960315717961727 29203090587898658402637102664495942672908173102069087564441385161944401690
422940435888584048176696176252029016748240114819051624362442206614757109616 161965692854062123898988217395096364921308859980742480202297423645155146917
408367558670114851544844060405767007740074484172649118459257908040212766181 108636640028999998300747927713068233471167579442557606981806317126397375911
498719409061990440018090275139840220058839599812842922271005458534934145182 120692383594325623021767110117644430875632171924928179530502069799208948002
389872325059939095488017594391529978323067371469701269558631545097704285894 29196071207091699745792786687310728769091195474072715057238481376450401451
402077094788332867921173508952879496361807703835585761619274659720023671504 84346795722902076681583206445798783117774225391583246735176312166727559286
338403981997498720237884874237418589066734634486265163781837562101023503567 215194936564951970666591438397944779092163308947212055412260345491587924382
279575691870922120735182062976385565492670406828781380158820502019870203172 200060049809305958185572499202228927615987585289489408261542966086603343966
314891668679253974833012779848766466286263327634562149574179811944706090268 111217813496521891098104711016858829354102036672571030458874834673239296603
421356173523801316772971314662107128401138197605533371725978811622147571299 207374282534625101398901208732962372792901991824085528176123438837881529424
458248427694345168579779556741981200120894418018730305201872829022221366680 83974930336113322526053553104017706023182191691796045316647981978817456300
455229824441098407415297299582894829866990254723649244098890293511227359667 18012682692702922227758649544448765941034269678861151673583049910213142230
379961553636285421352538273537694944591453190773122676051805157137016466625 70908581129898162724769772963162388115671866032606883693064058284192268772
415449896983411419750980919472395328345845750423810622391627900565930713982 20404810199476822055455281120527545468241459357788220058445721858008248292
384109411972435110379766240240376954869784983598406467876839400747575223524 73968879315123144543177824157925386211160908180532266413597251857550445999
473155474802380085384689266830477211431757200824205272336686165735792743546 182779942615805901204245148583025505598426301756406284649812918576930721823
487278161722237404762579050672609057891260547596270417124195848562180059655 239115441344758788530903936690584566131380030619328427654767829469499118368
350463703984465774579151433279193266324182375595917276742180559282241898299 242867718809155949109016061665218800522650684875834565199196737990050243003
312593689028382722279693865709478654770341771746676031848277992785444258115 247143132747247272494493304941612036907825082846628837310992984084473178136
444970680264435583284623292145473786888720781431505138614354425559955771944 132941737422982616416774119338362655808986010036708699777290968601546641932
320377459117347092084227387348296622391295744814844189052184755669725777833 178266539580652168665219629557816090846408025728495019343104806991886660070
408759881235702404081790873942924399440857864813740232975225255758822635978 167434782533907667352373680775914796317078826974918362444354674166314207208
380147125428599134433497677615615118584250580540112507485943990773850560616 105578568456081297031215289264605452665857665613895403975203388335473682976
295279814148509890451339359323854380265909714871373216891734375260675898783 147837056798030461578183981822486459600520475047975910095199313585211922889
487131454473992118356722281857778593725271856686085396890347260435645921004 133447745326423605074012499008297472966392259547404877464259695928775115821
333983053031313512570808843206753805911608970545058864435784970160902476155 144886466853551781987701022394628210417676032923519510378658230408610931896
312797747486649512246494942457364301886976546866379676034054720461239736808 53037514255962128132258623371995977768674556391334089739274256807802976519
317265800867873372694707279463967187331709279287369526769581506837796068575 233112922552621430206348256341152140754066335099909900105841322337316461330
423873582218324861960928678935004847555163745996387609079919575585229143919 95858665287886350682696144120341194209859697886358990751858749335695872033
381635705730863207602797692680349295219521806215911881221684378585193058036 212608379639529794771902816251622964465269550017436593467772392084843129132
477953387040912571118530915811258074983683847167348059799058721482262154060 117393618798339936320239961131010181937119091332045548164375186617145607721
464968228005934050184138660293786119549229136708499845252089155918716349245 214616868551709813845417226706994978887497722699588150561075247877362762257
467938197622740996991427716938786130078508967574669456061749197456108188141 69456326941670279462101936985191144003382428101872228658676061868850039644
258594203167444316134766270950692136157507839727032903100061661792582808022 36478101009270158874036203907020511722986392692455436008581542401701737954
272964829572159078636643136236104847207236004808735967456642100920092885051 168894729606538940360142689332077718639482438972329558603831326725009498004
266272435935054037431381946755692921776954098664160518756136325814546802309 234876025100983433467298611649236696706072358455242056134414241794361124309
356473410981487701790349059789003172417431684292749371789226987611401627896 65816653386445938644913589731784979231254641460429897239655367676073433061
413836579310952204704732920836375909656563742276394968276443191536463393184 244856790483162659327557002120885747313857195180800754193528648293284600730
275849137544895738829084713200710538426967331195547852484660091140023481089 159510388638858433493746216117743382915447396505477266363101230170051100941
356153956912743540750918297208640123422899195985485031533553943401962097828 183352388019538058977323824575085734283876735700365601108859264652377085535
409922659199183290122519791135929976784974955769903329944858356137898213907 156054599907954172830570913818064427717651645891607092197504634673131700917
379132600130410435841988650482041514719702077787739962555943396959681168497 108140682979802787916104942226530697984204167316522082978290545506189677195
444177431341124907947623470211015769868556574571543740613678249895140171959 211745195237347145768580493603386358916199488292880286346752204759529544592
333171858099603837438118155552070475923300446148960295303122946788049838895 25004626723869022684143343205852997102293936467403689402979384867795218938
277076792519986635077363214137253904106706842315839576769342203543224176401 228588059779072962482841448167806522106697404229762421286749582901397965002
315545522899490546389449173713155239391569343378416354036241553023119976540 129041098416652277874398009762087734211951876347303222104292644453860328631
298350267689317506864449621611378957647143259234064136791395296396374377037 68113693137816877987694045248035414325868777334235437554777961023606901069
269641048924793655762711424684455557010198456496078205540834678341110706237 158022454287546222170911206286277042533354109213295563522752223665506313296
376209931769323469465610541750231683878903301299647675293738271194736337486 219608185785359349940399123230889211033732535983529139158063911753458116125
499544258885898018577879372632581386568019736137250198867869929254622489866 154470695128240603123470914751988555441816991790841786131829822190843120166
268850674554109372321271072123833590790410793828439179430939113998912667075 159287324201805263388295261159703077344212159456989787280690351450060634417
292091465879227408330697895759868026326839397424357769057389947138750664066 172737744192658274773923066066138198366963692393799853268170362415013577471
380394117130146895148568834991966323832119225801495485367273726169770365428 151531559267836714456086541652415942006943307170704285112229642707114508564
369055176394326839079137867973656517116212653874513834747333500398705354015 84037257040366164099375696339101443951732348151871191713442319748238213829
370973037077816781101201671195294220621024391202557120773084899587014481667 62899263329792456807437506683627006726504041269744187653013637019235510622
352027554975546856770837776666549048105693656764176248767925001320483635357 214856737653853127258199919323507550151942300263918002986596152013733062177
301772909062406160899056003650469618465329575681481878637110980868719366867 192660716287892597941023875016592921574343375134035995641436287192176925910
437401989304483916292633426992240974833573602817444634918465147744378117650 61363377371247722808397836123521328024608485024000234189812934819010906281
412785083922147011844099067445573998095802462007647187204399488379204904603 54058149080713752688929618347772623425994414735853503828077860749340048128
396086368189297941090541131309950748530162777468730813092219218059934958012 139399039337960723954634640347416615871438742843033579703879357745100793946
369723178535829551051457976353280690940165493587469392717934842897754067968 2428724229716267555452608975401146762028474377424395839339527005907696460
282768775009980387095841041212698971939390199849219028018503387338783031762 183154207576682434433845246530137269933042613104375545037950677180567499119
274378816906394959094908203276907931047982027763127104055822770321204183168 189756015032181218124681722189323700939779035265386802269827488671098466834
360520996376409562817107266868711557885130290350066628381691822581647353245 19608159148132065743352547212528509411228077655058518442078289419911668241
299550991415025583063207479380378446439464603883667955013980676410374025096 133936344527070638053138542253711017717846889535140953473001164534353197064
267203348305674081430841107058494196345490796208154853117588826663944385029 106559394729476530899790105200947876362896567382905259774094252490833893627
421093095500712250459560028137513202734233896179128793368805626023736300048 117394365700864527682537969393345390062456411114784775616528593649335934409
429868831729594491076872024791750352320337916896274078434950469092470193808 113721635445326168641512300740174971191596025489421524464825237303490868047
441147901669856502810997537564904897560186732939042521312912253501264514716 102537674746181119237000584334499179580954755684193120672814006179022288612
484046897314873607426111451498612620492369113197655945792888713857280401056 184708750509739595810400504301565890535162363211486528013650566306080425244
327981571021684761790926357544193262808559980728152500197017938984735907297 154692663157571882466834640415162012361557481159851591117378596130029935919
312184358213815213908827229525500672454525609464101482996977810458098578746 118005732892908166844708777797117942318587716134939016297754866729315312367
359060887486857618868873891411886588496004888688920717106389007047156621319 59588750701041683676185921664869279767269287175190171296906263298100400061
410165701944238471784407941313940936253382083883779663297203702019568210081 245873222931688140081977066840446260473772216934005797417240588001711435618
295433694210086141343772450017679472897529131559933720112748450620230950019 55115963970764380180590565380741937453844208397177708004191404111726403602
328238209162055091938053363305799393857116695895330071005639939005163409633 16274286287511503867777938301475377536844252994407943218955004177113652399
284677937756541073381758372709505056656878356193146578613903946001248524831 79825255211250599838167061944745934335908193053694596233829045145712648906
356080906648147950464982940364583210679336247069533121273342394583160954778 27347768817717717447597170865663400935340876494011063847877401746844748579
317710924325606845842097929619933163582756794114498775007919518035181507781 230011656584005544089924219981886050392834101564238584348613851953530594228
486757091484426795930765911182817216925524729639279674960473373134292290597 37874820666751362374297387749769463560338596138470415141128729208968843951
435509920872493391053414806911467067663552457117085247545561294252100713721 46758370223251487100703059217437126022221377205263050053700546496482643982
377927151977570201822744345570194021542570490874210575263015704362872354712 64692580884114238507747201807934166093294336382330999797837676144023881568
336764071446477908184480443114350519698350648838143656573657682902935981864 173056692180856310226099390322480106594912254148634144605002909013169743149
306020087654048662643206617674501203395715646936207747825489477533199528089 73983166839503958187867579937347084983809972355916937343366203080511327456
360514710002559456666544012738105811706612736679154561573323278461094963394 134504518433335443034924152932222819624019182717795546897900245588340401614
415653312194313525539789138353293332231237840222213208298932346638844742223 244112651495196592739492100205279780581819339548398649004568602289416803220
323486348270553422168362894830921864214696432741913312081067497754380891201 705893566126555120904164841409512110807569498321464199157177555888657405
345349785604536061605560678154643504047002134646441829620528441389365707808 17346533940204155766832312788284552592545850436854160801559573463879093442
303913626905792996831641134506368779408342406130871933335263124299194602831 166979542769173049939616476418007783604824487304993729757007393608705183159
432243471351385259914468424150194067283341114168423959871568097653412009874 177213243971462867581927932025828031285186048722101861629659790560353528999
492685578868246582415537586965492736193078926899330439728454208099231860703 81171937752973428244914404869622387787073808376563529455019151266243512850
417443854358363943495357232537556653231941091714975445501685438911038591317 99612913416803948895563313445813747611309788858755997740714605724949805572
339496889144846564266991330383208901931536715864875480639669382612217811836 138281583887979096072545701517835825079084180528122781509104758674933523033
409401612631952645332346749396794677176802872471229618899928993286434360076 225978393885167959981636879244851467045022382418849143359662870180386068046
403224917914005665642771613566556772697185617418808151406753299350087031281 196936862157789185486742797473647428725339134807275984034256739531794866221
322835382495989892575832036913681515156491597607491715828461025609204192120 5334927975536563836852324740133619502220814877031153246849198673984953933
444566044526861624356629714338599335285048352294289355000692047873565975508 81649877549070610401633552262154586800510198310687850431622086689215325944
441612495695488495190648683747955547036454516902491316077150089654212244099 65587013269139562659805996957704400464069466082032242617344003043552583492
401609432502339377858378757545623629302000509297087433924352620452410165687 103360985899604977289186847813502521081941732473354507419864872221437024980
485915860250193395441111297645449369071708005168349273571440239554077546290 81311683593887549543031830602433145728566274911101481732462745889143309357
446709309835211697391797605966155291136404650848052254130875583831382262456 251166506919694861934181131014843875786172613394686121256532445853512834638
317115503801316841533862855445254207638006452630312865615669662860713201503 139829919658203823153036782129537497489097791966130164656038571484426977428
398587698822924943349666831771048180406940176177932425990041460498870610668 53905595627653007533195359618293650689159213346484846611982544722075703482
488796711660951896154906425659807730501210292787041281543417711543403746985 81927383225846391233697128397402925215468168393667258655540699048679185488
267773683931526265393066922534778982171670688264802482403270341344432302379 219265538686820016089980411833179986312480993470822706903098592144686975650
359743128456807096336155097247211823624409896900151443097243148889328781336 239271810694405864447501809493575445413830061488411871079149625230374871156
419879835305554181497971694520789319327183674978804742201367482297343268644 166167705619234094479195585694064305671149205778280632261371505932671075693
458408316510364851966278753043246039645216625286132858547965883881084616752 169004870555537349073464904822533474229741626745034913683498963986309688423
467087624019898872411131477209966796999528388012780549385234369965082387974 85474711664312510874827211498640945120822691249707808978604004044886463931
267567395237004808693969198243647030339410056069906701233379262273016100893 247386492511350768295151700631701260363764651718964209992644756051772700333
361087340565265029585796724609507002914460942741818645750044163060742148910 151694775916339997689788189779533340367944499752873593745400086974284736836
356456909749607424757768366222624931468851779181179012395151763465622023324 230864902349460180278093821893537821647917918144977474826365313701410694446
370283080941269610579934640270099430300283737963539016370106265765630456028 204644768963476703292547373339109241491090392380502415690923812415023238157
403011123883833428247183340313126847395670811812897130272911616677963922593 41265230007532932948165538508216575624403428552032691767985110181711999237
451685231552438146312338650341790997767751335836689703716737630182745764285 168577408626779603220021582688511593088428347619515660789282172661264674520
284614648243384372100669269016850134523690331666886399498654374107870302000 262421659243379713287976189815260051895420643059494459824211520356802602
264982210608352876472058078100415032163820591723678879923409399743564570103 15548217378317911661510761578711456030659306315355127293044929858863577075
340097205500520737875514738995112266411915328654946368118100835115546892152 2759916997132096988412974506728230487497668223770557998774643768819899361
464647677107224525219811851316064394707480967114628749363848490102185114969 200727794474298320075491145075061452064436226633871333318013284643149061562
397702949870364668931108403554544176268005117248663397646627129231094868425 229038444154577308015064872235255152411021676011124763517227158831638463784
453226865139337572190766592357515103928511514243838996581023835642154678859 55865177512576736063593650600859539311256134281102775943604625447070130403
449167184425763268268726222509355315764855406355921171438261590248271781343 77265362082037121120981246871189418614548438486007950633958036226355346374
419000106206095763671417769973525204519002388339432080317797067621942169605 223602073707989263511844345432745371044343704952275944377677605134514615654
402503438915257211475069658912034211640275554694934315426230223793576653408 238692040699987027513242583213590569654108910229251050985650418402915504352
394268562553741650030065241231236843266384854040443976717408259216507507441 228711205759902708596068738810464690683507412381506941124014626118754746718
368480591584514369032555937209678595630193476125980053357993017523993270774 244472781743249183755898680937005676186234773869371002163976830375463907616
362736067093446205471778764606950587205624444727208605795798776189957496506 123899275500877220188647974730338396632570424801409966322030421643709728735
444399565513149373811332186153977889786761735833215113662667757682223176697 181025033058224279516416699882403949491364929718330237168512208011723794832
287116414061963066537401491431090254736055319158225584999349273715998480725 228978828526888628681814699160173152553173531329045042597700107573091472210
363014331261590625732447562876341436788171660332083625747246679293015580010 225194603853485136132046595181926843923588770328380636815125821044357110963
470721895423181433192875415274166230557152349229319284951496242247199723817 177312556953432908673029013757345333361168561789638735808011112225968236262
351181471753091249066875654757589915141969148588301153023966408375037801031 136990953436317550399388582579502001840463844826112140944340603486815492097
341579815647058229370669221582486956075336804891868637767175866323992464623 54769110261147986073426769635838153392354903376451027109642885478167754415
394226042186235215448056179364469409295634051834729292130794114982104516234 240190733378629201934832136541334833623201589423709291830338804521825248450
394288362107326290742404192887601781053888621173080198884039754375128136178 217876500461187554346605331652278642237068542291306580581857088619995178116
418296972587973219392426234674602924365344297824558820756150900011502858748 211742301308778917263357420174405463331349208376222924314381876177227702300
328131080905299477179899864978670261445951336804278582967591772564720627220 195711519836583409660808750013629181079778011061023385153577532192961473495
508884849679290487575431846696288680586915205498457916143923582504654451330 120711973012023362991248015411895748517985575532555986681006731567194251265
304015018200485779845409712958548737801595269741256483737746579050697468194 249380186298202186437839996111377876817383421963478816301609562898924483917
385468461928284958443320783969856152001798112122134667260705738894713975653 188531418574229323791788426191819533967721396199600806533130961249132232557
308325656372754279000539933706955177306220395827109682920428058058563784801 163777509596114221068792409169810158274771751188434113279930057203266381937
348545384215179981165512873972872344851212920352364190292491667126466826143 238656800376295412670842019578163179325334655551014952037148680211220276171
357113156453303937344797914361160448865813432297089882756373973536424478400 210896594863487101622996318059034461668477454801916411313577748217503495914
380873969049397017522592478264338065142509203673136080825779889761876135428 232421556108917118571015555618701656631082337399398932107246585004398586123
415540215975326992395626828343845309237259114307313323193517771498708839825 211743361410555515794832676127296653008558661151854848841138592608981786280
354746866579144545286523099892131936354634640815331131491210554067280517109 92554246146995107189882785106464726327346397344275243880043313589863108024
427252673145838225859959830261137940690352831228288679832018300410872790743 80296005403764029758770160637349920187151792676203682860903267794788109184
410151998717406997353651353018080967384831000345158527818257979763947899643 168035248472432564547868339346729818841100503335152461711484303482851400210
416150222109439242244140135037684211655754107031573392515707578447771616927 38446720434155907934885352237251827754385055907873715509099143837510333007
398091594810342064438472085951765598991440946773905342788989203891516536377 43479635039497774750670751215583131522390397141177913181656929902058435522
347331101253808646310457327156831905195617513276203840006142799685298721223 39745025580987476682503812395294153931316850497554461588274989107048351381
456364666020467209772360641411861529624121181381194943933130960828087462802 114391273839888420971626689757977444415836412526994333922202452367121598742
463484186595058040729332510329567311211800432232342226119072280023358201949 238852955888459706445614342379217491578240385885157258278818693160502709802
338406302908062881783366950207078721712035687322735673382800487564150823640 53132787633059515000403977978200135161646665546340731156438866097198022049
397020378580590586986004783902286885437943936941580157753745060703291643313 39771528235701326603093431476876060858831156687744543634484749999631603348
287173631602490680001072809503430992289875474955173050318331265751989180245 71956722437568354660461982882502390408546563520544528925999942583227088759
353672987768413636020174404144051109791261828043235635163127926245550328593 99151829845325907801886741301116872615223467616588287219712026372379923362
274613230512477616463129174889221153202411861584254577253387898799964125133 58675532798790162986859022362687065879805222905447377627844625322318726027
274724907034672272864813930362571196752466256093253088737878854697749116717 248942922397363239604094265362543735957966894461590022596837335525409083797
431093119612540646038145218154165285986561075008625103697812636831636853321 217685164284330775078248832251124699216292243430458205371662071225185802240
385242960504113518733151534635809891068678989716261621406182902313395836084 202094093130511387145444910873056354054423189409347118274911732603425459830
298568347037080652912225340766125745512403671883186638742823913265931219945 9880993312520255483304630826231262798432812859628281803612738789432242076
467717152514587551312747867416987294612156676284305161278538526333506914592 2264489975465095341492938739720117114582774804304542131666770073708358262
510248869384521948576542815511492598939211788696461742756174568187425138855 176417556368716532901846445598489244825718982976458995169053695107966533645
325900633442154429565270785308270624762630034515109297746636509242940039149 66798468692929581821385410069573389683298265533977756966777008531756297899
258021144603781081559590104755341520048597662363345065205941906759796062263 224000621950442584197398319458756345248130829858229865460510035449494806081
357883653318970365214425773489645686041230329080954306839010584113358916823 193796399618416496113847705782660026645112074819864195799958679651181684594
272363646489765097973232870721042596278959993703543223321368018562709376722 197916201138737323829287731550700964963064289302535101231503858412704987323
333491577265372533846650388763306132773402734916504467844423874086930142766 154552892552229092447091602630872705971491436634915969623454807137743542906
480362794149943432092830804396589542852184986355971416647473560970147833971 163097980264613634138659595847308470129864280411517847081531076077299786248
496663223119083133287040839007972600961940311361810484974647839390836968475 74086765740777627297810693562545612846975637157242566615099795322135355194
335236119009804782326732978381604113611558677554909815230794018008027956950 181911338852474430877674115351744527546475972715789472813362877462854100552
349811823965675794651798897818654451248717086984305217903513726884809567305 70809054249949088764520333242322744002388513723977703086515712605225786592
455094042880807961180234272540372067696156312780684187251914895496518284820 245827634858394953904157807332333684907409190945518284354109617396297798839
355416825652865716332410187482051822540591255720006538041646185000194468015 82604522747173673198078791394113845453389338427099059607556334211088673774
345831968168752961878983053023275293992184947491090902263763452752449237096 131555611662044695459846011433897298639340922086542077775666931365368189186
488825262955650990396912998412975654421117905692272042896254652569156108607 166469630296139775345577819039562484159427514891588748793838005704471565797
296291345920711644789060612136306604365027032882731185256344674938962782997 66844675886067165755271462597514650071975706539916390027724749869563305327
335940259771358504431824417482126909153400984407667983163245215381505648913 200584477482536539723800714472677264629996959786673582242777987634546746011
411695696116900187591700571593623512073155543135988244625168942213876239947 90226073075800137966194067612346418680885471081645807002993384937267395565
473237440552830743869284168763170343751300602756522651089722505116507764007 123131596770884180547459468501551706213637473669840380908789822133762096168
468323450420410451037194950607338606880151753529002583918938589841679437400 249727187357954419913726139350491155776694147843192241781434615067679258060
370248432453939881089920164913411849528211986744490545012224313467532646182 42412208182937848892191728948007057663463453334222070913831030984573054780
292789845900823173138428418744395355803090041658602686689420761394133414378 41182762877917082371742241373062953127900165688466999488708311300833265137
337457831941547138590239669605251682018472382430216749708011566307392280516 221189884361894821682400914386328356409619852896888679584552891478859532082
376683185589304451642217702363244154393848641587420536476288672374909385903 14866865423191695161668692287447459222898078437553415115463070001831179371
314223601592145542236099591892915302814827328795741007626593598782963016484 175988573495993889176534851524576570891158091545880402799505424013138131698
447376067934950659818638413696941528705192061333327812560425803926034429504 88603462541292477671384680408043836466924307138455984822000272505602763333
274842291149862307134501724333822510444639540916193748119424225521775550479 117429299437625853901768918733054209169689166615066403215291771785244171008
392464150362611281069003880471486186026065709118870730108444389436233477694 170348331358757001562933940857415524056408877605140113366460353075733681456
294664561700939149677954577647850578520271740488494335737537381756996181565 97946596319561226226674359853622902086701666844913501135344986057944006885
264906448158064136351723954420278560788328346943128901204306065085128685374 190223516881715029317037508716408573871835987395658891021402990265658136318
273884520173771539860283611502206098678563065160666579606949154928279972026 90193988343479528105024999335369381464964314066293181863769884345819070727
324837183236688338597425696404907090131815275340366913750240144520751218155 60656341898422496130726284762724859438524000664129628210535856970054396079
493528169961531550079323102580599884732919021876406514829698585713573967232 133223069540634744748822635403320033768471006780879940583977285163623535839
367700496857257335708169843602865332669671638205383450527374649236650226416 106580452400601834574726823877224521329843992584636869744327205060383396412
283681342417843267464299087076542600675943230106648670332204194862953960569 132921664257733741695461674163063539748912474756184709522986594285246283788
466116470671364281156328343443714158592860967714043481841965439072800882712 85762822300099006178672264105773545721400572158707124571215548006601915695
460502785685424120448762962813259278112019548007461172813037221309054976295 31713859565470484413918969138637972385750855576812751582151848447752072923
370656194530115650428857060235406928934817086657531588639918293942613426973 207743097051187456297188932651080271488881873365558536256565808237789784069
279325381428379324509970610599262793228762441458160403383654193589651675674 23462908058765304742907652184761425230887200035268738498937252264045262707
482888434232172592793003207739360411686739647986125192111840581527610207391 132129450235314400505708648216022630782436524669052689998448993072871704726
360013240914916996357194747811102969069209920287885771373085054934599459485 65415211296025240683992412490904400108952718647885579793163165441149015542
470596318570768303457499915091216913079929706766846225917351088844491076059 230192615169104350432169558967903731369575135294279658816552114220287718219
344309279133827293609100776762543450141782942597192494911249109482083938319 51533332435172670370997105712744347538986627189248709114151260450331357512
361438406806887877003098874868321419489792804293971600934074805492657373101 61615466629859969376555839922157511679743597201460180993183320542559092664
291098609204173850865393465291483832349911457442922884295585314707160775673 163228925711107087848391256585373516603833080036762820114316692317128246232
491023407300559724940895562692972066325336109274164948870598546681372516119 144080573155868953810704341766134518576035342252955495120706852771876123841
382964497620325732999416577465753408004633618878744465739103590877886899022 150841218410047981831574372466931127239101683551034535062756773472473832716
467967902721029213762325243241111309336681114737167103505758299775257212372 37399271957877679597902724940742857604038915985468688233082244239167022677
265277760583263596398929208279767412022996356966225061763552762366301125736 117459804483613547017176759724394646271672663656414130803694533096271590124
484208946071211553538676240359468281152068238374817495786244510202789717669 41787337846915815145640783034273287527972757009776754277974073657050448347
416571651127202888588912867147918895555659287094103865872892504546902024549 82524209757853244416582224461755472033869847796924229741213441686518469540
275859053706185101215148074635394225563306026515303668681861110349423355937 107494425171758457309558622189266386716861945163028210114156054609448772455
389790183041463243576297669144484939045183318278161905291581117986691755561 192911270648908615190545140984234851780391231703287571598887399683766897177
366649899101071535040674840221157751576737933964548123220430055881077558195 251680525337168613747029588894413618600907610648182969276460264915645933857
407968589323857593881428474658745976798920078350824846902641656384222183664 62230707243601690446482182633094759336635000651355310832843098545517509329
509561749067717426358791641695762077380720344330836122583834357963990012346 117403537456124818334729168360141854167832091649535834917849134494161509908
312128613497171419865641939101762439960968943372103572876605467309797259242 78270285710655129970220863886794387267625678730240891558884597461278551341
437943560015562439438643475050015603152069021645962038819610549953404048882 121875148158974797609608438642151170327015239931025378370570512415630904793
391026354384658451048380284213647638935886509745431117452901826012206703698 143686162256711138807939178909619735586667513393972691144490858368451477874
289995191847080588623627558710538010680398564251443952379114209114990174896 225725620825368065365817751747448817296743720952212282713456582352766386360
366159337626545101153322589842863913476805510158683272078478407298081754932 128373196278905558220881403778764197343402866260601031132388364427379076729
445262441576541972435422188778356748457501223588850222299018112522519512656 98124270644147400317042231518900169580873889560774029442389133333021179695
416403826783541933957372675384775927804824364782900435097230485091225593918 196926477788669928214848084671992090036979035262333173249384339802961262786
291921700916639164432781819035643340406963092074867743777051392767718752982 175607027589478899188199025225638502078855708758950411672747616411812874872
255902323839884720792840457355748447607468969319161558456049597947687403345 251841251376695340362289945199806685286065486003126241013149772233618026105
266219468083620726757494670959846607788541036559020055032451874440059401670 139625451508475778965353554666016928540327815677141917462256093712086303629
476058163331980373093865609901591451929972698925990587660943871064373956905 120846522318590184109479101287896839794767873545552482379432647734455051637
362466538650591103167917755057352195165350610535946567713042116181004952001 57668374137826707366205632356844336119555642869307916970975288934185752554
388666876950071362080449090942440725176852278164802421771725215207112331171 67308216947592903583123631125864131461874289605958872416545030162779335943
358100949009474793018500091429564374490853073362891558217514005697904910869 251712085114494457653575187686399083434082989755721809528741031290583809575
456113082431464109657046235170067781160113765314590334867633829441162337261 42274694446053355139516192656702724577177227612148123245088949699227619182
381825152165064283673809276130901354742083791639875892539060875111666161947 65413146601969382510415343437356254392134990377177055063524733040510425966
473367794019776802567049703243440765277106251846633766458911268264206753787 185045607306494942714613911212359033901970394903272025897308129114224036221
433668330885160982562540169430360620249728276225820953740546011424268477169 172407569476311142671946739702556712128550866249610740574604375051328351121
351323947216957206428991032953522035377369976347074970302253842108660690938 169471667082861951656334776620375501414817262260002832152647452351073817318
432561624389031008830425884541722235250401096559383689360592470360222945814 234378358324946764117286718622339181930848918381891253770865793852147792364
437139322021168843228210636799291199496651097332441917497314002249879803441 78102653867739366921378576508101685291495223350427285822059915227206378269
496620498219264015846054077909258162691370783527955874392934921009971839522 131804896796095908943617398772788159500017349908383871996793385797144870278
319294325423105347717086913267313566024940093024588380303914571905200544166 62249612193416229198694872797339258415619315628293798942897818214307259236
301474505417451426353331074415183950062003253464562694724274232322661680045 111937693880305679988211611903986192223691882515234091057518190012099057298
478145475410526252765805745371681478855550409249735081838642267712784085624 70572950864640013051697749216626001177768977533092269918066808079635238719
363637824515507459956839800174155738199871781834973463011704713353854816852 162749892470524603646178538802017832532319367911773233267406559084850641858
469696483319267086866112264782763449281841453807219310431654894895981288957 230047994832862145077017275292889602768011876973514114925737720967882603571
264141989990388936565479559045962245501313395431325998852825798227289665472 222281818261008852053092446517504513813706005944867941588149061328362798998
426276356183859270279844232416496613026315462229271515624770789796627329873 218190418942019120754695955388612930717397682164147502862885638291888729453
500575942241707341306482853610623444289748449752688060295665165088445332625 255471279780359326794956501248955919387082375221708269968398445955187639668
433244703835450126618035733136652044143224770300133985381713938907372363314 206067443778577483610239578339557982581242423553446442935170626159643261290
263030626243151311667071477735735541709669287588465580217113505935075980770 146761442698176674417410271394508041040624427934202761672598167865416081060
459848367296098542765334652964692194434679405521060997752473003995988445436 86415375163874850902180342253271681906517750698830415091288692543201890736
386044991434020241719764443858164802130239949617988086639461371337528829342 91871587392553596357628930881001459669521444709721542805223929265898956988
438706875839820641160258699515742050313195524270715167537999564787895302316 171395455799571571281283397170401886366706907771380197655612429534655463223
444133838608867571176509912079495031377364131950129531339406216585150459411 231569585673201195671882204976724951439578739180151679484136186229237963797
382344558092448446074873496684656993008181806522243994263856956920290356989 64512547293066508432471891289231182022543214466631563891769561451855210034
432795224213083823379982601855956268982598333157917464058672220927092051356 77245526814415888433315116521364879099906676668901227580889655006444701027
500163117516680870602353979443481901254089896930640686985142145034744285385 101030440155185691976743234111279996394426873236140336170923707465634770460
451600757485646374129786633452546754555861416836324826818210380044143868237 83652824918916987578605157766595750023016165415339747366218937933161867151
441093671758967835720672594681691796357423922013909719514262646237386546342 211219091683495440246204687405099552839559384193733944002673736348160404298
437550570745611115432281009379761515465971020293291530196936744447468312644 64003547159604029089481797544638267307728101816237761544382445022695061038
403240581205111047791624922639463948978009067431633788176701709971084782265 184156423706217528618211575858522089408137672258568423627016523265953178797
487047927844001123141947656488218387631147210164600809054427655248917052371 44785221040363463104445995813765170503655353712436068078390843699125234540
291435407035089184268837442310137673783335583395948882567129229696013693047 178293783545639003281231896395822028784646325337869979092884642211033030725
413560127129109710392147577296961507529163006252085319365821845147353706246 92377534750244768626294325206834165816350808263450686149043558361622837233
438907898090362982766845086744992114241547406139289448190098485980036977271 51786568827100803145427447091055630367142814747903334117480898333137801211
369450743296290792817888568413706190218556942115576473602377390871320064542 137348608445510295646569539664859385537567861174800568248257505204288733884
459637842874944019172585965914286957470577201460475938564826202400026585856 76088725640090020705526679947034673427028283009437821716318751025609794270
264202139081764694810536023846482593578846172160548248540982048942979346950 51905024907337193755790846138386835260184153550814475315776038541281622834
410721906989430441329224593439032716593891712238497730377068295728637827452 2724580082491789021269694301463584511192880233403809258738804995680095695
463807002574648162385010160820552750599702001204187522475903638886383236857 235479456710391680976786695773498958248050996604100458268914615150187699147
429714296771379010525419030007917524362816803987089328193444071032565979207 154632635052247112193591362486681274484622779317578586460864194347483712170
505433214523886515374706961215176445932707734367949424188861989604145759339 114008504284776367710210898647243480897736268028614932751101870733937364705
486025818730855520098087969205342398494698379065121791361729978411049942606 151369517195416151812934890683123511691258818998343565808206119798208361775
360443327646030215747564197794316008713178031094933745439898926415008470932 128829636383331550839465962694400122473877791194844608898657402572614695934
424326158361910341232042998683783592464608066676674919902016914764573418696 247027717183527142439932223716951449805587089391362557979724571995569688076
508141083800331840645911183755200037152496876462883406889295358072797682677 84505043138551863522234436924991377436830397239995592946655796893772884887
437665473702410476533627535770792683980435604609040282794349588102341261494 157779855100537628598787333866590657074731409435008016699798488595714495381
416373287040149354301963771917090860471808561274668882284945622677691015060 18309932068345868822912142053577539002119050202214485596030243060846535487
325651604887644882092239311927367522883324964104607435454184338005008060984 69832103528061513769265520320470506877561160777477384520067987289099393164
395596765785799031108397738555050268026329605464312874918151689962489627114 193705536375761495376723845716014758849315033917140773208107234243889175315
398781049750239300501915409544409286623316535673515347244748123908683385723 63659505177509514968756936062788703270825693832446843680001768554190159827
322537080258660303930742643168625293566183972570114075361513139889406113482 64430670479270304062021108614312341456539582940627485358215410509477754700
312654776419017303199000839162710644291462263909805338925961723202276793395 223533724992961121930352894553776164174923445455717365402698171274268388771
384850133545795644304200945874430835648326764771505267336888297085309225932 194263797656638508544838506872557598392056216441701375815549517260043904399
356672517606659475997810977019537085824815881030837180220409744471799918400 131453664326653935143979071661019249969778124453362994572024450545053163729
379683305343051720228667411473234876007901032605637469008139775333706554682 75441789395459591180448549987274414101003785239731983533785674571296166981
281872566620918088684184381561274058381874028296717205339124479267197437802 225061115830184134935177199186096592974971381759172294475695581341825526764
279082387366294806283773456161830425087573624941012814624511104753571572233 29016383328162015068807261848972776766831381981815880971076522803116719962
301551718802186438463644681808216379262210537204880421397936219672210867560 8121219607363574714091410549413337282984564837988683281558318820908858845
265201328607629552826122341999279867599898209777919014984909770139088422336 163972350232892532236091300299636692774601588901249523965107393336244339104
344626852571011793672295593693491654600330910367161665884783798946490450735 227319212750051063752519451463626508657437884744598904189396211917419699133
380793636595299871667735220362871994512043318249042461491846507004785606473 97226153061728524304899596402557526444052204762756647377351319284111386381
414652171320231134135515028045982791944385431515656219670040081228725603778 160429445701414441918261868772484450975555581134035651929026150721680520453
426481590440449352014647604272636485186069184302095617700528319669803395626 122257514637780159831197657614517449712369968537577766252411851579857997134
408162934475501804164123255177005424661258930504497627362627549784559414090 59622935933502155290965876631828902582924955275466785802326530119298353404
301434489640957659495368675177094781192868992137489571502774014727902869343 88950830385677864783268502496066225066695895919452387284929899324204518461
419170815834267197199107029261914546815797418815774024307052430614542890156 143381811282587971915310387459590857594818183264307167949590147544901416167
322161311556195565241847717173865805250732161645320152825531322641537710399 254791014988529372014643033294740488184866187058265322411857217996467063017
364144736145740548345037650228395983473392255910420598472348233553709374224 57889603819750834755573835192243514884751490503284357965918107524738661187
349304503134743805533539759940444773252858351834663112419139412177359471273 196726609069590855678348010207694145080629083490531370383720822542018842261
401317070486435170783538752166902651565109158346261087384140894329403972073 193137416475352486864755864804349577330476690836044290248856189580832496841
357091782815075971828812633680893655209614396879027884428098461120549033956 155325963365503614703565144090653914277589782630400319701957141812652813726
394277815359522560431304074886349433954907716360636576059546555763052871211 147283584177069573576124078380361088644365445003195083733526308211544038647
266822613952418899782164952447043076095038176289780578348908420846411554729 47301863391242887653454373454732334574670270013090473157117282793630965565
273433975838998457140812187471008319759845238968143941350167079784298717205 32386052958395051722457961952530739213355710875175129215610158930617431920
446382328690240753466258705294112953742008287074052737356980464875540450959 87221585726713823576967823578462797107359692954181439142716578897429969189
420808320372769300306206102249872113291573582466467298562116257739543422472 207276868364401664725546237187059799011774652425128179815045500251449152284
415088001947363547957482622932674623618754586133919796172256109509225935272 59707366567413192267946615673832915543617417611681957615456148390391246017
424318652679435519361802107232576502657703588865371943745391078733200606814 236058854622856868649743619286320751061483311420490078743144585931200750260
351289596758239112175462527582421046670666134400167615111679182156249621245 67303318158713021186556143005912792517052175918702461614647566771958726887
256857301517046084192618574116523739156835074562058376346258585460813561607 163254263160118097911724014078902124015133484484702511181254779443764156740
383438453400227296776521784116083495671563449971269133873260294443039990376 167235933025064167546982395640886757267123782330118010684242476548911646643
456386371729026738230886185865662574494015603869089265429938119158099756093 129674325316275586734679348796356877214954120473046649195883169149842981172
344381348629602146060369419732313478790745488642246644348248694523372004946 116239121890260844850699064918799793591101935262165679556586498562971865837
390759877464468426094685054947545428465645844123617001851252634990933811341 137569930771640201678127198683781827336734609326505544551865482282290025016
260310545416625815124935091752103342293719877769172919132998204189815430784 222286018818068057749102909786747359118092774828597207596562117310968878667
398678744088116114602665290968751822826930973594303885824620430851279399742 230905904178089517335075375035294074115597393208832339864594392055700504930
453068368789779154620036406957447138642493128370642350458290804817331911594 163046711274392906229874099226725431861278722115197811274691661891215723641
359147473155915647583655839808750583217108437199904437673723053371640836490 229080947704585846328930077567553688166151741356195439524378580902555976825
332075693891471739676048055651628595926761063365413545186990216734503972483 76707413722388107212917468965883461778837902422036344348946036694911346782
334795907415993949825026052495232541356157577298359656838885797485995448763 40930964317942449427015119203734356841041965815333106599514805588633065087
297974333669217247831870767131060437802760294277493392751413629433377832351 24531489915970256682626256935020538209903793907846665402274209152392492515
407309275624733173626092875452728573107358796819279084969838984259646203405 191267334027210927123396758811290934244933747365635339180317404328894405333
376889118641748142664873777495623397833223488093985917176171873403586639717 162299760340082741802937889455677749124046407311836503054637098735957523616
336439438009175284938429011731408248923254146958973186322978530015904008492 161893951562418825131255573721966570460802848500163103114000965498612042373
404087220554914161308052377323337151129481445196696798553741692376378862725 111618681950185846930168006602990365209719657002508311286918072453923953673
437231856402360309681272555984416087251204971309065386306135223556902316630 1038638175611640069141485015276357327401489763465808456919364740160621397
359220292894570016995345504952043021774420824874877156489344294625118755140 220452082115281621777855055025863920287395242817294375951878910665145892902
496298458728969563057786854722660701765885006585981461583098766018143072084 107001423914385764367958742481870770723593493622214228210502321408808792210
286884775742189803736065686912391099378941773996990166517847321653069078343 43810012083681902274294917348102956776340143234596025758781261135721913907
275825618428439998093108840454392923733928939127475307666774465988162691945 171253385214501901547526903458811644359488063944453735730744522364667227826
405554582568990072153798149835415372088911055114796032875732917727509755458 253625934136371389471405627180375428765777728767275273627534331940450110071
260623216056351304588903811490693792796642353891239960626947483476602648011 22523575241419851483746379480575600506390356406133379047693213263316148710
313098545508499292268167516671869858661931672348559182583001187655022818428 8510762919895950221651698670541432757649610642692864542095345210655679928
363218327136123736657068323698463424808012185401224037841350908547779023534 138580918154144106258328229786887878904058355782814627081527405230652553627
259104488272887053552291854353149272685378243800960123488970270496140415550 182657742896704282812058887341927506505965962330487971625589386899686163255
357376912305268008666579312828560486324784054711967775267522382576482695846 103454215897167671218364045271408377670105878040535530877650364198859730836
510583361039762246909172608863067586018838731746676250033017708118504895268 87849611947467723937713811859625692635883579019096648365135871619967498350
449567708010595880230612099405790538116739031269736653720424295097489089993 53513467803383163685903589693654243566904860631288256705877715892599406563
332950225618243480461162010156800509608338779194809529297287278271717678541 98392684837905057635810123361000623500833309043141156988972248138290989797
498040478072701255853671876113235598155569580720337590681452039153255757854 92312737465416457716918079038695899246023571109615322051505497515183036682
452025823353221522408406223532522479413447351662767249242037830935412011347 95606044458637178642693635562080914563633807718727023046181043417719324879
303321293680277176582490482561359845230889821219508900764389026537606270923 109663843766196526931694551156070039859810249707244357195880043744233624775
338372288564815265954654963028131477398689493463602065328558647949592918475 197175821458959064344772641605959344219624949390147338637731944460935933686
304590675077985040084253556876042803745389730006121814256996649055923457978 233657316555562352645534068195172435224845559264511743245013557809713705436
255793258925528396606255058181261917897279915642144080591647061285077186266 208286344993227087780893586516397147707936168670886086292307538693768207877
322229969314521179655758043700751317527219457877459637160341568764398308161 15189891491265566350279910030122574918023434803701550763932815415367275454
399000546522074638151933914532747944546277920147250707660435610862324230191 144540511112488242034596576186803867603391328174770524409620318156824958353
352344142440527659770359316306139416392631950028471571513982709599123850252 227537377349423589637688335864749682754375480968240315360861483839153019217
399532614888324210238987943295149911577436237830811658822212788503087419166 107366284973439935221140617741135473115642945260363233511273115285499562475
325372186797413451275425643858600665862125552380920206134956721693805734124 195069308135089088296098968554739094500900311578985002683900727889093789579
317638436099315717207135772949173043421318972637317338090520991187670986603 201184752896627483285251187871148740773697913830668900982046076622736495722
291590905044085170754187206144623644253383363322569303058563578276775749505 113999428225873140343753674991693588205218632821118050323115274366393753615
273756978803929899573082813347705651800526437457533155190355119342469998009 235965901217603909616342575479145524677463809861089663560536261394599120940
283056970138017285364143475219844344874012799060307790669913523310424487144 240925390527108551147265056661140675174309527067487787817400785358627850501
323542318112704374125361973899566812883698269771424390326036220861887036016 128521638248576038070251318087509892335696732593336723292328044834706885166
472753290531438798276248751231160601070448878017511679435750055886158368418 170533054409620845248178444077773790580502506132852628377895063175868406047
391404151543692813924595610574337733050048619811990481832749513099197672869 59360492137946376179006957980858043880185595974718663988846688894737053343
396181772084215094332797520508583305243817030082327037242614404726621407354 184310121070550257004952970418025454221882368331613480203589602464242254006
356695393877034676257516978600591476342980762334314496624813690673213285985 60000235803064990376737622292771971813560545847230702253854594080040870204
299606799578582510671565341571222372423520969184034950460251016021492048434 177055220144573919695428390619977703854028479621556390381007304279409699390
317453512247164914582591188109055353165215998548301332395962017385668500383 27837923146371240941797380053126655782468720158043652819108301133822079097
310084837244536277391224095666479860699183381958819479712838832180162186164 97066318840638996966058831128133377855612724845643272404482286167048055668
350429840933811350516248676393593305253186053210498760661805292108562755491 80231528160476421866120191036601400861635191206354158297587808861472198870
333400908242014413670291760346879183574368663975644195116435114567948876917 161361254780104461896052609522327200131479433943322145387957594517675305174
387557931426195343955965454340801418572221493638159292243754154423322980331 124248451542197977288183102438545175078416920233099037928453358166186598596
320256362475934886032967189418886380929016551855192730538135385009904827345 237073144803513440993601132278799684446792703780811652920960509864652845924
327234924277615556265222112137998210288321424525904453180458859157676206718 113772336909031816886908407175868617472947769998346866461567537319065837594
352535164921542443406299118820073017041864924902033980458758872956656190036 119723445690322093852501791382679104451746202142913773122058551126592167457
307451218980448946351218734439078018046858610236323184238733296541792377805 125412546739811849063140363326566997276193169903084941670667668118973455687
498209029735813360223365371565038178473717437907700007576120600315800158544 169752415312405716132188150555372589506228434846228111148452361081911204437
491598348411797115317555572920037673243924571128552397606149456682830003270 135359155251696249387918265234535651415016321025320554375296024537817016846
274819836432049575571402157840239489272240604011464922107288030267532287449 9117585793171105031118427570088511951006735610635694325554748238503799572
344788402180503453061346014136670352350220975408026114457751249386062659164 70774891426103488208484794752850440817288296796800608235849520054868201351
346092560170923655304482885974413807615069271253384813347681881801192973389 80445180746542538391761278733325918099917746649083933874092271338502602312
306890077740790624851146716023325542027894585370706278576536731058179687877 132007552981866365084005125433733058369746483474886034012571810950866057622
505813252682933195740276604795310058819355066002519905527725357599314985767 211386772804047747890891137432348921277865307126547626306878208732925310727
276211710200249822835172992212927559839450574110774035804756208918446030786 144900094093078574936879766341134032935649617775283096066112007809556754174
303312541776038259720075645572611155627666658661910963306065763811010151169 89332341777347662104271281061513822358267456919032304585029387542431922457
418454705503564166014261325813313553060187653085852243824843868790111197365 42618275535547513236283817824247358413521165395735502504733749354442598178
319912943741619423827883620998946362233690457155369793584714836612429540927 142527185289584185068909797022237098918064665590198690244248891516962789382
452864426943891986476093653119538553866303420433196450152104561337838864154 200018366684595428649053079100131430795610904524280925034100277637862531020
461098397391465557156989568340830423332156640015449773943007472308640692297 168942200438757351970821549812411569124760273205828520285380298013704396044
284237003593353500783650193627836150695003563042254416963916698957486035233 24228022665506451421456158575520474967832464485178308883310767058980558631
366834981214302196872051118070244715293241487618220221412675464001080497178 240074830407194235534149315804949739468500514208484579726283482763785427201
475051920737473157920448071078949735086314816548403521851243847789032488722 204181350006747617235125949776106045281520997551441504342995467560992052395
490285189552363262805107734132328868236040130121634706309590279096436761469 130312352959834989300631169550845299627090762775713841397205251625163830351
370027257026035615500959984244256162414187335157129361631685413569120861464 143887302124959385502840304176734098089546535984650613376253334640317970382
465689929672516807996462983369367471473006011069715821202735330049766284863 125401668240737046201440936447834402903421512417714199747397832239394988547
301095687317764706485702651272821294651134107625118452927452389393310732581 247736153674580916424770668188969077948670599190342583426092348995528668036
470606387293077711162228054911154210730336307142942742307299616936268199778 253229603709591286669816907137333704892605174875898520257659245136402788580
424269703832410391403857936568681578894251025176702707133742010769648139693 21794262062986381032210342032356614263746661425959559738187091212801061951
466177523678361023547432558293242469500084459402439946787675997646059809650 240194085639826928234461865280638231638198089048317298514851407896694867987
283687859153712115303408240642599757847901170831632743226956309827270132473 250179152053314002214533038708705704729814936876143413552067972281760990892
311180403289906869594188627601146301811580839096971738540247566579879435717 218385007001595490766649382666062133939436640433533244837531078596493299210
273697953597860507483916957666566433568321101019987274375243301356876707986 41241461433787802244815526805532931996235065915298047549678355788807534160
458564660337280606129504438654097619805952452316849827238363514974691928955 143795510731149707168198623529439708025904689943532797130040988317602270827
291548398011254123630031734193089944687417971220451623789892254438259280350 216605338820631480535376593371409837185016412873950300744003732810762308835
394289281524206640293519073785257433578720726095719382459254579562176333413 37293368365746774931107283973315618802558823109712402308701255964249877727
410242560734726189351463850243937125879738737324727631613071079933424726714 133736752376482407815951638295422169969611805440373932860900836866058791012
332143742255349298752245911194645923552289106422535404812284981570919664235 253557107461889918318546352633395686447806443162108501950112741248417387787
277448238810614741427662501487063094044003529486190622861054479182980107710 129459864682120562136154956521652931958703030100444303060275722865054127211
409112065005636386957230443331066611716650304887890607141548771072980583513 214567809088516826610542413899107586909515269505986062125912112233568298149
398580956797360838789575275754855431053099886129535712202196979190542716122 100576838985202071017500932159938805555275958890068501752610780743915340312
321267475256123457603428049850042941562039741420732335506401583225754388603 45481586547479426142110305735387851379241275395940725220871544752856341917
267696888885229028926059756190031248957869836342659217274225335163385265669 185790702491369528549180664313980462961732079593805668329386369136614283284
293437196191151891236254102370907598098066142391916937424777468590941164943 53291823144661797755587430643442812053197304899686864804478439713079887334
341410288343042103948740936516023868284902899529894935051933887342763701080 51024003760408639778389735501055739379101835846603368510112745144508741679
319362431281580245973680818424965899552491153016205466746141208102559971508 173180957492950367572918409375119441603255576635228990619772839767276284682
457916975063725450353734764944951095089723341850086333054020162724109687700 195223736240520790763646113270848350044748148058509016194626580506619398947
348244421500625595412447097235720854907083398973049313018293432612398007068 154041117022371452662673852695608433722909150637310551660755905879519761526
438319010084319879093475952224600631271041965943829729901861950451288903928 90796417132166512112173120116801027161707478640892770643249191248450299712
411700837398587344852289758834430416565515804760004428234429047226795513488 190547829925726246616444739510066660852488079228292568415010971422901269414
443263297564663106004390254568592937717842647871686036306629921873836975592 135730048997984079672351687052248823184864757890486213890928255820148798662
341094465327014234915010046905908385043113620183167635276894239788490094259 177729242729850441620912417327008491529273926081138666821616551732684301377
428976015994495060721808044468252313456347443931361768615272351526216883933 39576630490490790088174744220992552907956306920914968849809502452882607187
290051579533636198215199637767464257551137092826993219780171110118029699801 34097590231524167831619881165861360670390359995293178623820837712484759000
334051876867631601001593877550213528083115403342339887896061333579601964173 250864467874785366579213970016786943737079593468132624333766406579182690017
440088240483427940481155307146367149589159559918041824617241667749769608405 13858785725564802053596765630492459447261947355380685202332762543788769452
393809036026428089548831101538832549992412608034500338180226206724194538905 242393265419348516638047724091663480985535589459626694290081469536694534247
361225703732360913459458270111378371175625480591637324169367777281722196914 83293742994265137951660163050980116578537235782240619531728795944324600865
300250650078381272464168236818791159055654698855290841275787001259762881572 47272636408467189124957070425272236885439269974781788287951148561995346256
316531722282552165474306339129783599226969262991211401414818787796400904934 24954839863648804786888037809950465134563510374761456826834700257639606995
271341131630040236292819652359850873262784685718840246160580953237490354899 59705864816014172248180277250365322649342013841772120721894222960283877468
352988197200920809210581272495955116925708055007632328747872070170421742782 203837452873490955500595019527042151518370069747500614603008413812965795007
341687316623745518245881772877155686628776868657726855759915491555925426370 126419877605698581206609633563309765763627713261874300635669684256697008621
462682472913728835857274428047537890047931857772916517171159163328253263579 31365182475378583207939860469252416708950200946496722604750794886715268417
402899177892078426143374642083708008756920638659429926940578848061365513506 161399315483381650936643010101511548043847038021309536545745275755042313502
343800519999926908185725971002326244423838098139656374513954484499905385920 254623342404009762770258617617221907612867502860528178393504258139933582504
389371822469828424214518355972031396271371069000358946382284771438556630279 163715837323026377595565643148547670851702636134825813345795128308168562467
264219328014619385940223537873551903120218444446829578948516584903922454257 86488064514611346475250531300263993496787713835848235953109700796628074461
277221015528631201573175648576042998062516276493633877001086059189242070075 158999990486221648468382121580925617924783455968210941072319650069784194243
453598936108186829919499298054233933219033944651520213333325268125532776841 192325829708793968987118510267718610752356933284643888455964726961326958055
344561797334031337517544014536962018200541364435951326609301859688779331052 93137372695993505187865064869694099508854245330483468719728053669742948351
306699213335433918830615307142589748615909541304760843284934885958667508485 29620618370526741982320996400522933341133503950355758168557964297508148451
408285981496440427978615446207959404924281744208834495408402092019863397128 80783869812760884221906366749967665116832029824438629581536688621017847141
416180047255391518825272323582045183974947183027215168013196241523446327083 63055412360492205547785618714512569481352646484919177456096255720833890278
267212898661762156230485053069348968015135220615685543880723563351319096988 185004978033635885732956325407071023189440480064916565786311637167678656650
472425343335310577697582422376499004169249523729277791980573406744106487737 228825710201643742861562247483476192376646755823361032842809310206810487793
280988217335204980949675606234359813931170105491329142985395045467750654043 16917780819114651743145134066444303501576734148161500950467466441353019331
273704879985075812978460334373495042531688818346478275063337359346560111448 74190713975263610804703603907541748966913499978202239303749053895840282025
388133297170199926839346823528365082637238608305398898386497513538456892507 184276355114532653762321289883517555714355249219286887173396759359352765437
337634122092032365788954496478893465988372522966994039430162810473448843382 95111578021913248943495996147499598410187882023213501870429380645766260933
312769287628491527789649259318868164659362783043912894735082230365671603744 128594030934200052019341402671848814154027653425991463069978853339329656948
426236903364816129385896207869508735791699625858534871045034619069965322211 91440302507796403969268977927110469150764779378592307512546676143264709705
272610734171287951747928236804434989605307988868557889933014186965620715077 106735321681864985301215490248405301762508728398255077758052302925235685100
473918605503116205310674091964186237336008320452425002922176239256500407963 39679393561184273414701787288079661495672645405566243703176038943663057653
310280786205269270403479435545939514880167017465720776412727248181446110590 198259010221018697971686513212660958610715705964386698618913586283381292995
361358103836606932073271778265298921877913580741367473063119691594359278622 222444756490193446654317592160683461294648982808772582612288919506439207835
316058454148696523459652669746882800165738492990717003062361920852265844901 171605357572472229169554681164453528874001374077335517332240533075845118621
358743339994614548849558809037441237529686632821803226991308381557226704971 42102666918551841203750787936145560515630548369163960878875637586902578756
267884126221048503974797252228357168300584592111220161612149420991852877280 174697180566812389674691790583642996066374998322882515630330592753033440756
369998617569769017354046768126188837171136009120245024011208417614605933138 4725032027907005044958838274203412065435041998881968141538989930304692725
270834271790997652980674762363391966974693736462591279573379032446324426491 55808887623773617387278670207762913939391173153407294605922753880862688669
288912074269181840268023288538476217895758628081625920383148029205755219028 240543502650615315631519758997592249468853593102248118750701069225899095363
312646022126449190331328010832555579240963455993074803297343233119542997420 105736654772885654484503953172941664745666799017032401740071254914405640829
394290114025199829991022395438184234635466974238077644206338579282378003497 80263083413640158773774087806819435442335875842001219763261218132306949797
269330928725769267846765292400589191565821403300949629390345234966761543584 124746167587011156291180436909840153008267780042369001536117302230022435725
268762934234439324715938665091003505815577133285628369026751088379385309417 105961004390316539108257212090080012872533460807855184351913307594158447180
316790001470880108699070248258011663280105714236965412543187554372772996847 203325461747783767969726678282793211711546616145304286575734875395192047210
470999064420721003851273255840284215510561249802283460481065375654108725464 168689434264983139557909204263109333841757051343854783311166097342550454427
491533050115189092291281499402478348543594984963028785962215561463762824767 71974274411193132557317338783543206064850468158911426424859562578027793926
435874863980830633326871656852736124148690191601676863198161947870972934379 59348602155547742701083936051571495718521072248014821823653482208321395754
367695395193127046763547511458663229242710926752434640503230800780375653902 148038464446271114464473711473427437781227797811168036710514520769614510772
433941561571524331207934741948783604714535336976803038142782925184740009090 39179975997483281484524229455147842789921588506509937591499637594667616218
279923381460411817725548600590930236301092836529667928174992679269744419416 126763030459041732501983545774042123507920001812327974586113142212126491580
266283744409478826432440858530661448264661979246494151812515440577959626221 186373129879102061282797648740903562048104499456614913171442917556953966866
318263228654633769733261726722604324246469645062502890996017965315267604139 160778646761309930920605492917580362474599498950176428884226845214734078303
430026196260467944202249542778042845782521119411627507922149496250716488749 228855998203290858020007938868822965342809641774295438219315180822060943908
456031519308745164583915731524796132309572197315742053962650332710966855003 44054739092408949823594418422642604182904213296259368638750635435244095380
419869172113426943064121939502955292866374311981855872049191372121806150106 202529204100768573921758911259607908911695229469648388353761502188786630765
321609467202409606213872048516454143782097581697480902948279350827800382249 201694600142394533009802300743024889283068270576121741316245977419986572571
344476026492519628996723373934347519476737681941524308077505278423779551103 240059363637922042336560931889685484878026386957156124296973132396749228007
365835394628607693915617924321803462776761219015647318099262603442336619081 203242519758320892925404073365301644597222549760514575766315234938027887448
316148626547162549781238207512462770281123546817927880233962278557499684225 72616006404932619642052562929147103512636898029043608521132882540070116635
325963783373775100891996302297768700071878219825027991308990256380300886060 79491595216655959077344184584304989302777624078657707974261826945264880606
359228939765481626884877432404797699966944534408995887337093342885733998190 38198340456324276354808297044051854603120186193799734357591163778788918377
478258232873029210442189764681045837246407685302726374738459485284123756828 223505919588282873249762344184231514047586432728281877600500242815527389425
311752720043250343978233626245792399064166605943732086034454873857009037736 85646676987723728033919816305343320554921969685439736333849485379663597162
310043813563484523031054225120915710443304220093883532517964634151532454629 48305056970151701785402760598133748190406379692014789833546911462633676750
340611551068870607234970756767624090602706618982915333953637343148750195831 237310040738673816437768331652190664689001163412114219934981814230832122837
302706639730754525804383482715077621440797123512210294537941843379362032111 166824668398117491264508779305183000072450718693885499677739930593853710027
404528767800845794634128054685807139102492178116794241507820713316088209079 62179493753918406036666090383879178081199205488396140042924990467860075805
443594221295295742783924275847144548899094157213189443647562837747917127292 224489324630355937214135048346654677275722287077108356820819737446442196978
408250018140894665724610281089552373421265133402612107269477497112598736249 119704367067743246620733045183132863574564570672370474960702205053839161815
444988626886159823123770938737992638150632774908861877528261815763769289475 173506851855935996546845094677540073098127879816082746580654607019755696456
461190235527045896571129345399852840366086597284686580662338707821460116681 243487265137223561485292005669810220827732229925507693745364024558145384661
383263699210390279330753242759829717661080796117104682988307238628260316609 186159097300952329092554565744929818286098781467001223913096459447822867989
261513481958395856993368869663169913840573747106016335474959221338835736071 2299203374444416673428995874951403386955017709314398359150873303677988460
409832620849468469489873081269410630164322308969352642420827041152219455161 239544436346588952204590659788829062520937863680705764056099635171463527406
497069471481717396998958593242149051282608952741546374611750563308702161650 108011092982246443892263905857602595206496346370571725703607080734809800649
305791342457270253103406284465922670876379525381636256278263691623622364227 148514951736958877524199345277080342080754873032901330666614738209021530282
269135288390422968522712647277632389042729070067629275098991932627806793234 202750029211858010095425158377925934070693903610774075958992593590283616740
341268136301031300586720557616493687276559506727529302150249473396223238582 104428326161478619341527531452230550450715405481720372177276123829399082514
468473686432853100841129236324333000458080478799049494578554589412243478961 145565996370895317581215475217491138279769493041255343575238054523087498160
478036420074923040547626917260842199383633227642927410206216973139573054757 10577106918632251705966567919811301218658850935528364264952185854066348708
350133782107551141980448483395130870545669242819318149755564418150135082125 195325672666777828343820270174839200144576080816796709240235064984194941673
269014786124304887185123931042273933692463805350164415019865734611954853805 59246678588658176347412866801865734100016238917639274078347040857640136618
509724679101727437533890971538120097500794946682169175092051575252524977876 231139261829103024542362907615890234433636577643348871433598990297047511124
463067134603921971971768881454054873413872164598983930341903868804260029706 130039832507976296218513034389055201468000404897444056027526756717071042499
421419845224413851113848669583881981400849767255140104009778277472721832237 97833034331327123432164063600683721418148714828263534670290487367219852245
410889881700199218916136602647260531981079617731860009591176060961799482841 129190024679025998052312828153975892578354028103577082109155574472509090399
312959320479125108837839590112238235961170468168210416650730206762399074724 233636262878583825805123737913028958371029719564576137757533427311227750848
478431994045874027915134312290239565448176492450886506072481722974412783484 54404083099427760657600976809621094801078384691695442133663830211940991348
488505709994178259876219170321276077229280315708068865286687204726287695153 223466526312427586943951437160826162137681582354802595316361967236836407595
263029550909328290597872248167893180964973530387380572803461641899069000421 97515949913073232324202754070775233326726471815357963648092689141685922833
414718126713993976510930519657145570988881433066133217149253012862905888524 148005635556474700462986042983019135193762835818631404272646618675376402995
369896841825347100964248071230347224340127515200761032719394114221687539830 15357603795911805985199826579360674695613797605539532017888337513987514991
488094444419234255050520717241811577414433541526673535296662161065180933492 223136683281000594957517969765829106538359087296075274441150272232879345201
409425655644013935600093950812951754434273917610907022092254837159640626593 140233497599761933145499378271587285272123187483472725809159374667067783053
287922733441090188472180437734054648231419302637728443578472934040532055073 214830496505898838575994482048191805944229338972535137641386042053274796611
329532152564980730854484762025050195081715623885639298452887951006150938763 134601622903029933834312125362310310622722432910478058102497222141842258607
406270329857236724698568963057057905767660159870167790550259786346470068208 181079425278366765343277775285713136478862520678170114029930177140103610932
435981403125172021279531341226089344522611033279656381454688427299359786742 145954567133680729090792950793007371508988170164608000364460117316569986005
358617187152764581451587871988883517885027795521111313854207210246702931619 203511715293700372543142980663920129390335857836556870248035755286454413590
389538997095768888655675773248664366396319956809928739699875695213439933510 186413832190361196377996211453538293754536170334499120678631051853393472935
501144344728789914539889096979800241686708134585987856350586321989406400927 240192859884844316371113528973542866439414666316189237481192166897815043920
430912392905828422508477981736872984285389315844715942093439437326077043759 128752949237625330423909423548026935736719350998024594459073471568174834316
387785029434948751877798839486810408030499411838687046639889330604283366049 40794769190724863207563623233520843614001553826375560316667848146464099861
474993471587775169194002694629629206880175115756055270968071478647880513985 54192273244855338426882425379006766613952114338124421499381644930068574588
319155758756519791060890001447113404556461851546161320518493853925997209894 223540258850211673292095002406654360873410172277586394326323291593797423830
256046766934733572097314126394125255277812881717704683377186059252664397165 43701530003178726724755930231702580125806126048848218561428111482100186150
295490135207147832535112048435849047920930428335299538604603563565458022687 32506667379040972339441134347043413460849892767935149899958677910846681298
509103673181475251352666422439299917548392463010578875920189214931086553040 50108736287061739988286389840616389292440528362828984655189647691394098423
368320450283367935127359941304645924200006095660810405455483378622179541788 114764138955051312932949025815874877641482531684796284073268312645029778866
412331974784542680897396990540405968739477742847862936453640355682789014384 50437517211988338740889312234903982000326466577595014435432595788117765217
407708251221636905937242727909377178339455782763656023468639573249795612082 197527088874561981937992800663898689566772731314912807905429307597462652096
316518509472162076955248433618140572094042325620991133447409033482811913864 44602528959747733421656714627093438423964477785056819594158097817437211935
313402182113680262478504371694084525811410358102359759910172445937855135042 21504374680782978151410955508891205017344097007493043308276713526325757941
256344698680432201340155425115671604058355441688537701273148892045954673217 160085589370759660715420016418399780399917205742740816446992691123199976588
447439356944659131863108757612933826623519643928781489621474056185560126234 53826267823864858067280088384364889838860299605363895327430400736987086790
291280597352161453441737449573931030410267511480528052268824254081848873825 218845784475358309719136233990594574285965031883328378988879130326149899990
396543346791034340761988625577919347175042235004454393849421066710742058033 3809252054140518956778704105425914963762179189894514631485949275990376711
455216521142838189046978300267770075659251328937469589539544123504776047425 51654178838335129908811492551407300754825204820457016160498326804031351321
316139967217273214200286190289601109431803654722838850984061245754459175952 156568473486209877301931019977474721091789323527012913222490641913470513976
269948140353760767751519802984609140922757182926708072371140662080229660650 14110798981319273400087716406632500150295739345215185691059050643207614912
479671634388695534351935848895026944166372717498645979462175147936329891123 66618012283582200957027304760463120133462190073813535745850128425456978663
384402062432327756011772912643407283033882540236170473201500779343433749381 7773447705396581644555081637056655645855803703365900189751285151118300401
316973520922619244942412201165899858013486531144274759268913338480581751291 67577155471533839740314332315738947355385270706319541864427339874251796632
497955359238038067018859569969933096639030283411951857752344232214989539305 58409136788874997792604392760362264345265840839871967400995416621262384855
399877599977590308509847083249504372375901222365334662769584008571058690430 182500152866507648987826692628653009027527409526383098887378889927145982325
412182346206691176939122102617855093661425854156106901870732217690741524906 140531600880616635579658285049872765878652010821490724285042154233197690282
358388928900255817587594917550921456769004937756950190248163766530839101811 158446015410935733993541375749746727771896854911983564454212118130242261095
483157445696347822702009325559638658685957969179265690725617924584390842179 105690150981193174208066111396723015403924646300291422785247890973208407776
403239288866749605643531536313329616797805911272830292202433500328362049051 140050344474072715149016354005123908124182811135300422676817269614849779560
420716122048800584055450918097407191407714845137300271246326396463081520612 117017782743614390863839978686049376351102465501787716090126949509017554524
407270392669910595636591045806173609160036103863447435268731296036053102966 10724934868124397016720095913126350936459704467595141745792706673906070385
418844739874177484201159996858518980388280332146161373591025176097582540025 166468999298816232779163296470339700905265209540214768220306077593090593638
398857162681025274907447732729543585762273425086729353534724344754883014313 33368538160746664745889475579505368374774276998967243498267549336608579813
271522816279851410264414380014715970639822316647368962830389327474594769175 77909890554738034975647671519712569409842710478509211722325764927233655905
328158991313885824416648010798277326701290789560798384019354501138526535548 200725458516866452213017491213635803587936362183917915625190392068500119827
488496391166570206301024563959255265046683555719876266506279562099965748980 97790668381730777905199316816880497436408341192209808405275658923854104221
450465160690770204078667363630115519489372837046701688832529681316461866648 209644437113804794526581703642434391949967631073081386218792753510094843796
485213286787951681196325943086291195592620138675007186675191436389960848017 10182103052997781457266991330010626932978207791919804868362840683828628935
362297822237454914813696013669847925378651837265912833097639760027697422457 60626524684850472693061905612132537684567263004034791235411962810906990779
378454381836958405006714410721196771589826447501004389142022822132941187929 31545489883184548384798443467167247464700932299764921003280911617685621743
408382412110854949139673770526795513516736160047092443744991746656312676212 164389759709825811260706105459029461062173057643116218516252576602524936326
275691650586544220218762009844668337249283782675020150398990383022259376632 125612495468719773694190006453825154133988165163497514645284033639725221572
282790583261121115898984578614428239369207917170715430966754008258252629614 36571128845863916812879590043241248561781341533603034084717261334364240522
336203818998889286923666999533485695189544773310130003339632827359868509141 55260457079292260002646348865292052631339452303300241112985628449689612819
356912995427011024282979779229819284160234951582044232987993628506534488318 146341366602697683030973517139360214749043104581598683049042246001455815689
281789953058454666302132911461960018758992788260252069918105833873942781379 246301710955111126120780597592082944274620861280332421790077328036802633530
478004737143348008585079361303075722785887085835300085102079596756848248749 29399069320309096578727987357862767011754986141170193801342293976335630241
483911685194067732611966341355430971549446535453954090045028267324821368519 193044144224777557910466132133727335929438915187244350198012350257509563106
339809181062744526325587566741195960972785413289748956479050174783601600579 151640104058351489868454479209731955233340413610933391559920568404259853511
388368531990096031047162927476664061884224006318670592964810442751559890721 10706397828183310939934239364087556567063654524098770722186406571625906760
475995029657906324328991715440730801592391971640784595659405187994021261381 188506172032599144930771403525438068500887083545851507009281762535603013770
507473614489602258432708238749706451569135006072662723094919954136008644406 134693397883580454796188702406110086944251502135058211143416144752853177122
416461103979267516862592205173379480031403598884514824234575055839720635454 3962808368760335865757364919783697514691324731075631220451088830435128832
358641704623461772093590072943700310881405401204538653507911278404664061390 236478879051927439053382151663178164073399857207203747141375154092420017127
428745350769468952975461072448935493467010822274894558883386450322100378542 210831134134059903311450517546326421852644527933120901904803853251057769427
344121977194788782854422213847701718318999493788778070925788936431336665333 176805786020330731018346229727312002480538326907515886243091935405764397484
309958024701689732293864031856787996950652667659077953299237842489477249533 555584979985095839815933331647588878672208530094564203474786411337672126
395601774076001524888890681333175218733993638559165615047039579399028864218 204399255058227981681117784615922813223948378811232127375753051420326410753
305737862349182126777773613272607218061455381425947951986127849137611879306 145779730482960438099627291980354637039330108162429146211839953083009879567
373012787288408624111229894199484543429866058827899247001487354942967527614 34082167877047179429111433200772397606442674080437493855383531148967944689
309227980767917974658138144939796409178177487587646528594988344463959056506 32967284768965312189170203540946114612663093874251089569777360770754315734
306257817893611961593544647622135837818429830559262883113014581987748335620 156960723861183559676723455252158918719866869923861094164643681350687451069
434517745640062927576928787035726447888704986329230289682132642800050544812 146716229334708125032550795918783139185061821378144805050505021160428516581
376610714974651275851779873462001772666812829130031632618690569719430224577 169328351445347560533420926004806963696379623609559482471304731685934350705
438569875545365595560320013484386631440919105971510926545079993522238349182 121167932019469343986612548850666191176829980717736777478273123439266525016
483511476387350817581928858060006261824268596212107172728080931446594953531 202822945759788453596453673654375528770960477500371052305269112676502584242
462169678338416764586091202745479646547383436125981241228957149363105304254 67045963676767061874117451662793599064247830474174913330683869094440390269
320837508963446137087194180658229585795593757887003650440537994402993834946 174973283114889132239957970617348304316773242617693202604620663405369872167
401719726397617848918873500237153972062306874319182054082160616361225862356 174584739794695036945948950666105419192883058906333989625789881566935098816
377503707614571294920240064479996980979073672500927691770599510048315766519 154899091170004949686516754329413116431974110167945206563044673645374597555
275451160995023277912998448087002889645770775347593115140086870771613248339 186444873545988876838166339837707857862215422070774842177042792650788261461
342464339993653856636148419295342832422477300161272637625198389337950901521 188996447261353392164713120272903914495407069688744879113636069118726821395
368978658504966539478608165212825108509525635658749376667232876207943337055 92993250728462190836228824981310938388865736101332714414966818837201855911
277555503204978905268550475829835898995241562501298502784405241282204121323 95910982875214452860035662146698545979287785660807571787953148939235949378
479586755451307993616660478753836993081639765749811101505869581026395322068 78295531811849943502278208187472698497714436627946269919584931426764508611
399230524074210218701250852237735608144911061461488843824181599082135234304 6830198682491712277064867467392699964561695194142718984055145703974748709
392652102431052627052684704049172178152396476852975284151173448112295336211 211368600910743668695455513678818191419868189086349766257361252176636042792
472902643224099092698660539310790805314968959758662580167461294978518206607 233979401687425391780955629520436190826011448128971400269260266555401836737
425304206828169975628644090277079145615731170409919870453689012960221685068 226793732451959702002867364970702120473335599665349245571529654651688300896
490989909443209837376342953831142602040196907201184867171860492963622444690 190645058488024631447147706443511757195891933001854505842392972238978756338
399542227741506121383618578448250953072912971011084013455107313342939205225 20715461195073029163972700052763210499533667191936515321410004367765507687
357268208186042754389863954847766228304540663400087468887642058226561208864 116659848656084129789111148539172686433268644207934468548487927625721324358
334973783090569075419901544810902419618121758285307024320651509170656755977 181009276707497757259551539728926437187584586291097259849473201130416492055
434324609280723616199035410617538372698134336554612175854656658004239983945 178042359841200606959272590545499482612685420245591012253051233075014589638
437089271093256121312413349171158999842494630727004286804687416319413227978 82121787984625738386594197507324508633446342507595582720479986043776488517
279073794979705575321037556566533755232428799299780588653130428702555680805 92907833780409110530878130895942163243411141330953010486468007825117233003
278425297114860212872491974047581246707485096451137645461294498751211780685 62766600648087872976769910395563584456156190489000070621101708788007363354
315139323941284276442430624949801077912040251902059968236115069805619488871 131641674031542650579032422085101376248780351963676684926273320929429123001
310935413482368326165933315598286532266999184353092375842079812230789295201 993382341645891010890655183387846080057964567112801996069656442472997887
440964344769410028542573880764808548666493574748810924712014060578828190347 66307737163864415355319515202675316188383792291393072636215722581378879240
330295145185800888059546615471437233658271523019969407974272904653888027228 66043638862620213939812520195035878766351190056519101567579342651503058772
417261493339030781050399069981763497540860065775238385225518478233510400152 111003253155116677794529986362363855880747581320042437771949379541044844302
474242770558189201559110796120297394622859979195714106041214764523799548364 119717253186128469927921652983175520727318668181434134873740108876631105875
493686749989799733765881357662193503893597070072043551189065211640001506570 144265463541040080268112777365677158317121995822226582818043272801004795005
425858010902706973451586863075421410635914848834091090788878620522213175026 17652259490465059838432817290709015375430797424815312184051221566170067227
340625069085434028883187674901915340882245558437705731001361814694751242262 163141141033857787609592002349483823190902215729632177275761896747828431811
293346936416812963743726904509669223122542298991168004215910894975639766809 128437170455683333590247938739051794558936384348539827900767208751834125092
408334945209908028468863386913126379387309791655406094977610730408039998892 36046629060874988678191369573172469318075802884464390224789200392622560266
315966001096656859432397771724853140773846622822196918532442201873361407423 44331450132403258674784044333587738649980939401948720713941848014380178761
392336383832888466389729720595634843201697616681763324456652091157173716347 230130881853405037021175676760343291369066015386070739501017618515229967233
331218592038703995684958963975863858255914177327962398604811951354016791615 233563378734207493199083269606829416661088094711757721149428863894297213397
388941602879221781040293307000256567411151853084543270510828375848127879604 250790094896418786893656074707770498917536517010754159787604289237961055130
445064627728772258767819582368205220224232852579417097249129677265079423563 236381554827333342244272871916693155559949379883061697699582960203974608231
349873811370621611588859983245599313608025260628562276150015780551901084076 67706474078983351347010263297043576083505742804748699510744385115632191619
379715253553747145094165631908024235703234962670264172677227201569944229702 44250550922044975802344672869037384384112423936785482962268337865746727939
415000437708733123097379415550546206570246125874485537910796179983511149773 146352349722729355646615074220814492918987951790868946074164165558426386783
497061931168076349585537791217016327387592857201844868646457757682333961958 192464683679974847551871974023881237219545360448119470900990100197309863168
348574937816082041366268209592598965742023337161361174880395152379367149485 21977022170577752651067081404463751001942453348188861398714230622486615387
265387629530149181696094843427555030470774880708346801262975731343586642063 91210967174008766182641448294697589999089025944418515828829420253189117240
422425432789854005002872165543636819965612724136236125111470280092248375177 135124465544563628233243679060535056757914608456919383226143270412154197987
257155639343471915172238080040838938721076863402172739309501715905226006876 95163666772664441126954995065369267064800700580463603664737877475104393284
266142124461589053453660010113040790648273608649823449777037074786138499430 204037878252810447672532975268648609132691020960109053838538529167845000211
258759635275941318823164708653144499349742294147123633891034973617917642757 168216700781288478731570565061144719183783460869944802256005261520934385840
262462810657312813793226300683412038761880318825378861839027216724240977492 152623508567643909291992369105130497995682051620140482401909587297663272437
437831899854967893107066104379338091817128604598888177626388265446880548618 170101656113269643400814423389609985108012845752258316630600536090657519738
307139267228235816948702853308886294413807917426037794704504555402237038179 188815500171286349815493109827181500641579530795612778382045614398879236307
431736819032776991127715094230623080873815930729232208124906323223637091862 59430837002146474911694899299477096586689591986804377431771435573411677380
490298549355617233459745802282760029101959482906842662446887372982222946596 222101772553560534873276994728109489307065361766369508159416884434391461955
341578783266428696781436162070118735114742254222543408739649301810812516061 144214432840119008810989705624847461088104800569377996992286941042465652219
404597855482420054051096258405916377931742744011757439927622969437315538159 158919261697761623218218374391016942525908754164639152776264232404807234724
272098408276150629620574957311788690464140675990363348140179928013024843041 163273899824055050579883433309495193613389429206474625048628757595522419623
361210358028072453763116248175006673091916708361999392618689749665041663460 69377922388561691799502728559981169425155081419417743136790686764580607253
337714953395717006990059143268026257031844687000833855021086364678800357850 54588829105835866402633688224041434215134690928329840184854164126267904665
499419764144311879880084559770696109359784464500668975445006619604371324931 47495934695446860746844214118643991543817252463419200707007096352131147224
498505633410674996588853957300438009398009368113477230295174983620822847541 238629962921489818474681763689594431198838583538660490934501587141668225152
285941928143081553840236333499027138041031779210288426384469819723814389898 243746801276125245704003623787301626002808465867702599994457168349250740932
467209796195833101404879616780114417368981322191116932416214353950314265530 68683050632828048879116759865438793157931989825394486421149056943246278711
444212171242749914476649737452653509178809456243552111007601704902710069292 207230623604786670052659194620999221986289745931887654365491783677608900066
394181051402000064614381241397871866615243964159605494805886345104503110773 12300697549187794297696572188209031256647260660313273752267637776545653944
295510342534544547030607679654735717731294506167428180874970262576542638123 204257684582188076309760631199548163148461350300925002391151683657663035260
278280345739147304094017365870342309865293003305310131601293306026142403281 64188396971533068889925401971718772369375621673310222006745916634581167680
334047089077321006488789146857406522732334080871978314397252083105335923297 219445974223155371490977132219337449640974996306421050658472997800691385447
308218405726785631714327778004502198310370410430761142921714217912024870575 35643875702789072922844504416859934341353553531468142648430202025975142765
261833015074552139538814806167138975825329430976652175472139200754929827365 5970222632616499099181230876000070899995549432418539614189030930419003097
419364464827143347198757394805266365513475234480246175572554015034547562195 171665363980523921361619839078354878068118279629481609265118282790563234180
489074709051522037843095214663132321351098189409909342685901314112422995870 192693475937826196488086331286004079923266312544946832928483695293370622290
496500558248465495904088637743547894966746500989156383476948798854233314471 42952574363838122389376779351846942318181306708476733560657056483613303349
283036999034444355442914625135712732671804055392048779552424345387423046634 190954035528132240473001003264429588372762384276579486124560020492947222700
276557668201909545626894998902485772646907129737428558511232215219160750176 29056979096050714811802967934674886575532676682152315170573868666012895962
306433165229341587077014439102348395000754902842944526421633975462746285003 150919297671380345782607730777578425655055368360197554090261906140708477014
444240468857798125086243952656588117078403558039527215134525766713143453069 104262912720349556931030786866846372173801023460132507756514923924987159852
272900611941185226588334434348690528473016136015247198724447409059368590365 111566906648745331481042007129828497040735949914977795568254482318547568096
454957173271703158484986917577198091558900523300949825108465873224272137347 92634516329861196175289440555655028036847862749422698429330711204743443139
422171174483245493133566733528762723479321615232934922074142360416072730689 171690811900230871466604407980532740545133480849437069238430090646469676257
458553005660260820490021975084288573806625368818076256745155823101628580074 250243620129755289738461041920103701187550760370058715625925145555945931428
379995142918451201747437447311344078231700642116272071585773216285771705866 218232527143202391418500184007871603687244765208773201620619226035029793757
341576692608133470922006868109598014853325838065221850975935067518595072304 191529972476987152663070342286754661525380728841503437515721274987533763656
499198682074405279502236881020096264385732178408444307750754875207295786318 24868660051535223669865501999614009238066670399682663904344793801282461662
340534192353564151175341461758047180178372328530170930501243559363184623908 18951345244245214498967308239837549580824102617828946726527923712706350539
436231964456341045907952203736931580521413269631315379972548545469701103531 15434885107547478153556841159678218923187058316137723307908820375819105168
360149935585327492160166830920630007158077370856880881955953899822148506755 247579167837974689188363659602004363043712048189014044318734517225131571520
301084971762861862553936225455412390636053357702887576015148793299873139546 136315477523965397620945876853796252423910955398780361450034158885441890492
474632915445990829852720653792359711414945577392734164765434222895376209740 175833048061302693011372957313810062528551778283795090809930947214124882736
282008012006678125876052945818636899316764513345305116615072006044070000217 78168749015627773931914748316863287354820592960730332865782161187206647421
435876843340784522231899399083298847293491723187653914174697145160528745903 50511239023680174331478697099899307409083178150623325610714596861844869079
383152534123404254943807856369279409978877870265529585629076109926071525672 105635371191313485228413984572455501939665562573570912573202397272003786173
346718500742088549300054336846613116458917964649633233149711517514668720885 155796625990303963589070931879156883339526767547664298277958064581437246210
341359514874676856469390661808158880709904122733042837034478690798134744969 17020944845440970998657606699328304666584742157606341823858794039760095319
461935844318998056087673364182447577547148507875769890674545396385556222010 195540171725894386855155771142178234866805952263750784291549772196314141330
417906671263372836344637535131322013552410125211074432061033342524793433943 18705233345846278483820879027171453515593854190467704779834784414594032479
339620715677581001142361952429957975585886462921008082900059278693021642821 9432105611613217312248981557785402979994292217827903780381728810054675794
394038519326811907399205568612589892306251844671349220784984235054970525506 111381419782367853658677134530560045073669951070430875271790102406819246298
392367578631802368134993496231942536904101915609370567986203339307213127561 228367566235759019154243606071908585112072533135824563961796011774198722371
470808798105325185701973562773279169782524761790473155327726202459678680697 211641269156025823304332112302206932388532906582191004938191621534364935042
421344229027540808848384709363190860355331855020320342710242308046680733261 165268488348464673804999688819902835630879947580631493198345401411500551563
336412030825595806820066818823857239659927092780825842640364715930047215285 105599017479176846898932368339691902768632827479605188717277829042611777173
481436417703662081537311726349619572119440552023420044167774826093623541206 224232586267908605155916812874423443611310799988366447387588071729089031878
479596907070781469235429384657620788312884687630056468324831646217888752162 166693285597836326007572703249891695477128520499169764385543660348109430268
504745330231817063640452102550825127400625481631747102279190221143207729836 200473273606158054726371697852731681658985368674926015915186685055428703600
290177037767177062505625817826669216153061445934031460712756879069855927493 194381358822508307885012221761893475676724021309560496056941212390669829486
353925000694941872038422779787655427591793540676410991180076684096086450356 152884124340064402997022821976347257771838369545877612190711075457208350328
381470049266558607512554951417716932958582280768858355566470372913972185310 62621563957864999078423808572252353591437664674073794482368611110843838439
345411783303409278140431696715620225092638584069203779959971623799606720553 148811948026183247220329481606508760378610367724765541774089085816739490767
387276532850539196690236516588204178576964739630171908694436213900895204264 28576908709305765077688917822815663037083924433698921293118491804507576184
406399515560606138831674506937472413588690045214072707102979281960677631224 91671270491320471147862269992084646310982448961635045944041869211430602798
404269067615838630491006136533303738373069190509677605584264133391379852385 134006103428433269566332539704918964131391111991805638075616861013280746721
298766711701743311543769516061972947063795045333468820877097142537541318185 216827219610180832069993941651592863565056301716311218938493824070054289641
318468375946733941708648653495813294090718024314108657988195755214585839373 103522958451008592055381025737136551534128519293690562596268715302161843226
291358713036697722164198089634637913930364716047528468969725687207646984669 210089025102943549284868422154447953783659487234098261303286793965447337473
297894097825643874922455939980446100201253003256675194830547268474133754798 80276530091164700000840542165703788650076372505173105361956528107399542329
393125425379109069775896883330195162630983544637634044358066308962382675509 73141767225902817445131222282815964419113784984348557897259596912325056454
367097973018334012935354524030024754709277353398887096131488424849688732533 177132106305041149391932446127693911965133928995506388636489356995756535190
308306154645446789076336189582930068911495177545690681646903761586769781208 211843408336760618039493229415837941041118292999131611717798547410884432534
453732548085503097740831369377964928564001917256704705042132536790401995114 54276975944943868484896652338356420482158748471928936069620348935991449968
402792763576994019189760800746153406072668970783053603478635333610927719554 221012403267605606343247302280645560321234468569656811557494875587953068676
470398612914810981376058010572628600848828006744133317923966375468228872958 252866242836663235147144752363581491488852638317417880802168730800832861175
331902683678140932202929235393006446205758232217511891337497821354209642956 50938727307494049121642475222135492157019564247412029799901305964063289672
283740193687876441805642133526204199729184828173514528891025108197004363179 50820119864154591706984958030382841146250150540094731996674112482507160120
345011002128674322817748940935173682679443917295300983416061275979130061698 151757179701743010758981571900913374994053930023967275317241286443488717738
426952922646808658914385905746476109105942295817705289116003156103500533715 67420303321719391940999097028940806784495521392633006407552227095109148126
307227365395224925682952025116241727903604867226472658567479800248334804227 45967732859312231166044280983461706886424932961247217362253552799210838709
472007237677756230399096621773677319913637274686363113224657053614383655780 207144474402959627985825068277780794844017672514569742736473221788609095046
390976815107007433763799446332913682594099181899471446082600352659479907635 20646947433901974694687400151418166457539236669767055579131328049449638070
404244560601314871932795367064608888407967471349085840942787515480344847559 34922680580883097456231159240675340594682960460400160398813296602026205280
509148158507939504298187096825452493747616986787397566370797448681637287524 189767097661004688858954351258798158405641998616464359179992431273449621589
405335241573756855326806818089481609958535454213273732524500488884722515017 194506647255602532585317153137434076083845425906238765187160140254950680682
293962529738437948672141099652060427879363213190532481048127772315153582102 16753740583719914137615144603782979365253261373309410315334860608263766906
374357867828056508661495073955614659221416798718969060140542141693086896586 93407331344949861339079349504724545614907175409025321421863579108626161114
362428572577466368410260556236258175935133162179785381684788323763871012601 80680100877718233913359686993099151083833199848059335042275555675607910776
427674323338757237393649344585232298409166210321465384959823561789686944677 101820597655775204390642979238059600329015447740556931562961026474921682468
377006534287113753182194702223485511908971177971849702608543400327799465647 111826781480275594462278030991612497819979468759710904373934289440491685361
256442339477249347052289297831865767216316467259558142991982164501006046387 231108747996319740164021583927469676855343165110335852461992973823201105317
281885769425517315416881575361002455794395131726248921306420251652735266201 172004959198667988158534803221897712289803722291839499720126056997376171015
266722488864589935234780294690308676129073347464890679815303164948119011705 133227502509005638057158563016301332871714063379779534046341181308468111534
500586891996655376326406557006985992021770254671115384078038168580855947145 146405362782530246271741047199110005037687060172812169310174822273142564405
329862667819308619275571559037472335383567851635875897751364399786322435237 108377906557544079192510238461276393468393599941413583655771543273719307788
404585551934785246952482288956441744522126245644151141196107312078694941351 156874554497405984852899254033746488516781475243463923587594119444370836742
373214172690497749679676308869940661404138780720628617760210848175931031789 26505914758207106954296708525052216093165982199213282341154057301335834461
472487552946770783415041685409625495515795475550291864163251930145096594678 229135334413866551262464073705978953479229536267011182573830669016145128594
265540815854171046283363212773381609830506794908050270472893993366597285166 51253984030867261555392592265224428601480508520023434666533392825341932729
295432938304563616450743996062495037445125747231441713211413685869819653159 59526002782930134761945983037670874849002451392209012383461311658093244016
378737890804633772994399530465270151177238527464522097119749479665748311158 82052875093578407804749822744304480137674444970793502226228838170052737941
353966929420595650996509680946820962301195898071194843279499842487159095397 99772225284111357238714176982049046432285119741293131759701237071428539852
482855740962574212736504942438667981254419777189752208083539807151755100564 26550675134031850907754597593573731960480652050837460085430342971195715974
449694237516496421510024724061708562585946345146727418639298626236970949843 79411840257034927916645711750733452745692037480166084100574952489052728956
287238655130277627081724429009976747676584261904561761481044809222781950921 43912293632547695499587183234772060161621146457358843467335099125535687136
404713836927357520386194743586023387155662762595921911844581312754420583914 36962418588755436850000864572765848037888779718065003728800859490093630934
478904324813848244064007387323297647377870657891810340495392208072252251382 230539303632366904705377012255814453572909287536595365584018835807547635423
317374119725089856905537142514984078871059095237865587152790908999643117853 238724576305073598067844296851745600331861279059794964585947772806129478079
484510233287701496006222797323042059942804211286153822694822715777292256799 188174982069468334545048478674469473151347148600894826481517239129603999972
400928440921004245653037293978054026852384548715396931066645276433717708835 127399128333353808047472227544877992309644160846550121601530122845410919753
436144792979270402461213820970602877913786943694865554273523642618004799463 35998525920260160773846236146405498787345324199998560853501619914240454196
477559316682691200155172531402616820921017614483598503657504408009133435029 204842105103428982384446206024757335695876899237552358813676668246680763113
404708876686035703554695482118137928304283307030300358415366321340324701231 27234574205850709030820704894322349798297396795052240345139923054427522607
358162830638423350811710976517486378055805262310406020869988856379438617827 94485054414304349658774424584238244823912362203089164723745683717210291079
466005757698871690783747718034767092486945510878253651751065600192365598289 188550274119902955514454700760599853092983178003111388699994093329401632524
479407865794138316066171818315262840039360644283625673633584240740887861426 72123683796739034658267217443959794064405573233514133981629480628335113087
434616914501139817001484662478590907402795686483227776516156171842325554193 28592553314770457593569101772054051266202558785555228147963555037666407568
475311943388069983427710744712730359911753820438635684056390269176149088397 77884637727632286289328028266147006667584697865085948605833435467977022088
377093033922583725608898835103054877834857388476007849849634301477611873701 184115709240340100946239931966328052352711256182931983668331791802312283849
434872646414802449682158582012215210605326332827132335896362333655040145772 15382136867905814629080234377869940840608364752780461212511630952464888979
318493147292274352969015334757072494638463170970671563096926250535329088240 226216936365179708496515658648174032069985133335395218628502430046964740738
268184016994027137365812968671665514218930807322175620485402922048475009235 30347767397745652922901414019868941076469762773388136839674088112439711262
282552523308631530190119434115734644789911398984620481435611434677668146178 249936631401248266881217574264702091483532220283218289469382787634386134772
352820195576049179750421906261408375460222123492473347255230383159994861910 43260310786172058000384728230845682246346156132406088685550184105964929683
498455033483617790664279472355816563149659659482411145250898756597921590752 7290550336144162475178875562312693152835062679013211005252017017554419623
379835101286681230985289218921655070579688931418722910744841988026737700384 173848768503558669663931734248070983824052485710270756203284376607606015889
405826651722606097097133838664927212998527358179480328950009117503749126470 201442153299480283652622162831246013717365134776871331356767462921363362707
387335797322060257257236522811236305703158275370275288384298347900525083475 226200287126479042260332245303975250915603519639812233678716665370425004263
383884793747773415876269872660364540357638516927329514823327572435039905654 136756355873969956187299156886312632729431949532097240666223337490414475113
358195628894473590816240985863183364881033628386263370185725634603060496748 93046503112279857613911065470809976046568731611205296860205738792396495751
404419538251300356121260704314276889761572134062608690908627550796167176153 187090661463676335040164786655425806828829052738207974799426269340381498489
259321363143931232790505779051213610174715948581608726086876381759737312151 186833845963772582458943747168734558209852644725231379445521526692849640069
414833743664507344621484455285447528684444487496967007458550242263075138677 77503179320710423850782750045503482072338475312957924443387579414754117367
459522291086911106653842874947254272159209913194787260848209164705658987736 14847156565030514639739480954230048279846794032625980102302554422400124277
360409288005460418027454475034463999241007982003058386707661717990928133850 32523653435480447280057275892343234949008469994143860205365854801987174754
453709700344581017304610474000041236641217911422965109269607081885013385577 37747540010079376183904935531408176840541554557204415597974317079400591616
302836381228366368866963941261013924237705730447839811521910909059985529083 208644045498837540942343317644942543236180874113567782546956999710395645817
299661268037165560411645887613590853007856208654242601027207011010637293188 106711876236848279893118436534778415834988330474824829224636052984687760286
317103366178710324693061523228542944934924679780313570374695469006779491489 227598815952162641251282974138576265020898385391737590092859389554538981801
279107228981342997482948613469864868028530419720673107095608837172595931262 68847711094023349042533317174639250158592311234403064096547474734486480106
399572416144840362163782304453600048712193928768938058865488098394357699126 74568850766756543155021955943898099374575067970308505688519013470394905275
469192754875492861573598209679771081371881709590666062412923667750453402780 240881959054652489788275732593503655550786554448777272347424493944579074310
343844281944113719578739391468772649709452331494130842250371859946127954152 87062782384904782932274771955229823916796023722245467705439865097973118578
287152229657970167082390234679947962964541899510150712259621139886007100801 200291848258397264987357465589794755181594563203466814096446454236658724251
420527511898677992591723283038458464916140458642615439785436235643545371115 238734985977393682625948924496789937919849834831696514690833250001391718799
258192743054325595571144918805017457366645731608921575649101884397591882314 1808710892976290801386683639840181091622054661543357487137130613805495035
406579987195374512066805960015593715867575532606320049998381933711192195194 226741560558431141204915263623227946892557362712887468839358195178349189137
502658114820386866481056772063940282498046712279552426489935195862971770630 121179499720683902959168597142080960874808316175005217971411911185386618480
362890542503732983282735313809067109622230447858995670861187437324625322227 149976926977108753779336725194750977317154010022909967615675783639687030599
374617984915661868057243222827824030944111627940202187814599008170861905047 73256337772704393911163524599446072231769572341404374141751718931656760639
326874209908939510007425086827844245278747115660242498541185363368738264808 156775899350067715668198081248029317594298535819073664515523843565795923399
339347067465797176735240738675215228126200157340603050507377821067568041153 126793417807128776003462583540610349178565705881885611760617675358865016365
349652273808371069931610691681464224574968072691485145630641275044585722428 168024200614136803922628040751877763233794610699152152946517347222677789784
453795374308942402197139373612405527009876224046115855257012923795531272536 68046496838557128729711527866062136912609949863745669435691665416540244426
277632242108231056302413362762840958729838474129497323152857352221937902791 162474083853102061619059494223098148752987475184944001492274731414985134210
441306487514237293227739638350908117069985918161138832691537466464773884761 89368519164408313616764644918423384604817923442715012791964076475847908800
493709258802807086577670119812642872170166113889794065091474530574691839243 79165756305448331258246303841959043737293329220475354037587001351013846191
410917208711839766650072876773066932886268031586276384030230917170015413190 235577534909446934457563045634908307953045412665428197687320421794725132437
416030054055614492836847124519667845525012633076337937371916148551835402389 169588884824298568318037248558811140026185298315737190150240245149325850488
471764796908046935504346259003402845999736990365438899864688805734411279778 208991863705898562478612302757402357268349301338971315742904861514595465225
355578187733225199517248440464299600954491090412821518840843267324920385337 30147842540049545896366712373883307364839535671654139613732578284133193138
481219460269915536416019891770295353111188358553442561187620504863190103753 208953012331366636807651058148577526962904689869326720207464865380335108504
437234429840762220066001058401723479141010032594905951022148307651283193364 176405668490629500973658768361415554201616587299360687213492567481758718142
333048107888755993460315113361617478279409558514113571102051389743287700461 92490870016693134194336855826089699296238016564145196352357965526383647104
434201116336646591736126540187852587988367912983154024405621507153748792488 116061955293674285922370382393950973380145181246200934151293938699714727940
443298610491061590719893840042256690379778165622517428061278609063439302326 92622776355029727710623741587616153882997531709244962361913329508817366311
299522252204352771909933253107496616307661936693346725031684498577671613223 188870359572667261242993805451548317272450012899292544975312957143772946321
295440521339257892479183812086811788684633219515950585241154948434231240047 130245083325026710627769867037289101659551711350342166129150188453999905902
358245054492601486379779158549884776268478927728459045998982251097839549859 96531159532856292648648479704873026404193353366860134243381602194479329339
273800388218575851560150269005568743474382993200626793195379767873640952550 37031509074676366935278236959282420446248369864532872157001523659687664507
360468568848812489665383149646871934278375961271756356576795945998660527900 2203366732243697637454793103133674355125160684089044382285601330716862642
417015018368557973724449239792847109066263830927275918003169565336488872835 206629607526790511958638847610113385834295975250576456069196228343424657265
296457528454452440599947719629292760941027469511830158303883149024021140618 205622038967774820141322193595631804482051287482136251979259782338777053726
259078101055764888192896410109829900469302015415877800883411779153494509716 72217977775939947581237170116404103587350168838360220235292987915198464884
299758756489758365886259677394429564456901644627236590284789034812863220706 77394280338524404089984573409324716109659214211297725173158574379201526224
459205321670965847933514269307663608909197904419606717976141238708208800533 180862415732014248361310773094721374748263720829916314992427745055168872813
474513695051845031333545186387939687221324305587991881960263935417605036467 63972702663941853718885521352529283695953190251009608613467442237537062964
485601008953233117465297725789948449242304526575036519610838879639875068469 114240551643567319062097400641757086575946683776112126848650162176337072763
412850701904415938100633204036862977567902569316684709400686817797624679355 169463656342196867234349144819155308260149573214650788385139356426857836862
348332650586052477286830995794360854115977619239043090064383459280542259172 255246502729202374610436062291870438650050419599558659933902967397731264611
493090511582145873036935708509891923683076159417705445083468574129182572227 252637509545174653627650869185940805692752189629822711404151000847720604540
401435434795566214769187903174639133376630839736410686652510746087812600519 63432422818377956261147347653621575717581919263629221872908113897166819642
423132959869447929268933935755964373136368722119094895839535417548514008866 96670245990051627356819465185591673037934332764837411288434420703319057041
282406836690473198768331404346409086035851997272394606288743353654706135534 42562046168583537502857410904943346329541425794353517250625605310188300623
374773268667189637050323547752377977532561044448943117041157138279685850622 94080657938796318458075366274632280047361542173919878921747063275640305337
350239672655169258452843682406147529069878478564606966139443443859192995686 129776265715316693152189765669121951528855802516931384753200948304077610069
324341135027598899870171458496179905904610181627124220371047455584775261637 19889962457050139023840159049159450662455430446151111182729878524697412731
264678851131999229323092222942651017354791397476396201241526157727619396475 61436170261578096128039146254052865397280001805763730270048953101502420956
393034329034638128968201900234634587599303404529366229297216288123208944846 152503243071598506681986301712557641228178677622717774534923498763013267783
280666152218331163497347330588770620445623873430208062111677361584218594987 38344034169313240369192302963291650541888458052761736692855005530597378196
481845358812016684112291242462990681205131117328027074346118472320616321210 7857837852894549246470207853070359801556518505728389532984643170854067056
345959584813144521528992433579933656599082668234256027946117686239055718917 154095103084245877272460836861912865641704848346341584360913708355848851771
266734903905308663671796686383123135436602974033336263657067208262835848965 208095836141591842731438657196712136318344567766570677626768652878582094719
387399998477464505264025294603523303632666123827905302380003950800997036691 172883709030612595048375505599049282710094726786457896616051733343953913721
491986336004653993746875084515021581442597597790264373661678425573178459561 105697359593731422361574270007917758894259456383124507680845779650697641121
335712740121329497712608210290322547623855068611163600993117355054636365904 2492805610322466434363954511364220312084008562277934544167723956875287017
318117279775252748586364553209297776027167779396691706290767360688011370688 209919720688271174518893229168701903227318855102400633491893555503127646100
301390065922048355524385168201210619327989311705731454822413435658180241451 166398809389834117264850666179180121776960799564871978455442261851815507141
291380479895334568195012763045362158023344217975380405111849643192699727107 113938682664127743858743711431192695856093066261964084804621370523954480592
371972741052867025652590588774192818412741126791846868160254535548017210568 232105668809368793913674457733333027605687721548974841801180988525899622567
381689957973491231269649191779980305816781107120641799658443053487878516843 253068660502824095872467045974377103703502921281856838399112758429653264426
413151854381152071241058532920048474474412138043628782217922815291738315181 192485315916416088403251491739072226433519057223739227564394330447827522999
340456272102321208780197412336713199085233078355736522942185790015882379567 40938595229383467301343734069526327861102659997409179800455839389768280956
284868235584262603269145187430511717857725777265609178860952698085421659899 164737961889858579790730353232649954739936131820164921070076087575618879614
288988007334038904251271088835295557982951605186933397988482696525437269809 185174958923193470653843573434048219334603361065693484085121911650940452540
486116201049007092823124708003027793589814562704055459895803385538185929752 237005348355230253570231140101108032795510792204358560574671804995909147088
465035921246459798194185449020821893101825887371600297198517757616669798842 245907572456642867807752724102677954233574369396740563742552797852392802255
461396866933002426090166331447421360553141012915043001139057697933831981593 44794893284302593932387388795737104450602904103659152996262169329575974487
337307730468177661494146652564681800148515839621697503467938266375233718332 32475199938910591630742677519197161176630605358549317593695567215165127770
436397230444740003779699329141048907226011733291885650855214868402165098044 243271390377078308524041652094478960267822109763009595646207526373496786787
303102189247699533935074166525301920424841505120944793650375647378461799168 206714639406714253856621231254429285994771442013136655124753709916515336464
353020689885028558609996524643971891516140902815193989645251523106117115171 237383673675022076758999712644859031126909705238583439149940173613531654204
437325113214576730502949111509947067566010537265005531061946316180950624878 108203327598821640878899229339120826716709518063991564053932993832967800092
443440775029860948409417261095936479643771498786783527412380428673643919963 88880732650908618642298764223829972538529382538642505404775901577075722455
413106443780798198834574338392544835153491883367814405221072367636285700021 10446595705865048992374623137867252557302834238517325186980862839149368584
277475001396453607992455385571350074111109490931289621068140440468634028035 147755593977210553307785926075503916324345141434376837378688140628745470720
401650955457480788974662064816217372666138510091841681100221899361835171835 37537117427314099360950730536308278584915055662586072222149701602151267301
478116490335461925003170135376445777789973763327430178741076805447661232081 30781327821720517996198065729852695526533515991926092601463417884098791281
258783464344644649956998031737175627973305145285886653606551183689576357001 249795622298002345390713034049903381091551156635409936743080034264598772343
469222965321757438751567241776497771069270637139981441331620973204305434669 252723357302421381677053404131896620091354194800353308044915461716012756207
411625612573345977902580303630482254615704836316770795306557184264745084174 24238502938902880189459296327370824603280476704022243884646413539441674939
357994285024332807925836103210811748725432245250723059533269786019642196594 186755183558967890742652305498869158036934606452663257520625546257559999819
258912732374315241891086994571012690024982584183256349982583509603196315135 140311939303191749802023641262009810617589762848062921533772687765534398845
277820859571675240854979110879016968207263585397609392485077879813700453407 85518384763352479439291281923013252717815451228861572991469787489512491121
331536753903011752300228934599736818714080049319130153386958535081345723029 43127478717186116238028504696536571935887283197711601457797556727156957017
470310391923921573809251995233018796389635018607527679101753929326120931594 72319584676391416539163186305273457020346366848666697030705095444359671673
305479488484100249338108336078778956712635828607169813087376670211547057201 66257352584863289249460050424116931248817174388377543308079919460761286461
466193060921441085005507593357511705525447026042071586661103909297504220561 223299072994821400391708544252353351597354866259461034814706369369567541110
480679125701926022386704611293224460960665377740790023166223354666414384020 159576080235907874627562262080679687170020983968748355964044783495551402013
448941596900717129533905964376233778325258295938981434575515820199427257811 244500785971053834929026521701172883013506758620277536032895131507111476063
262386921407740500474089383712965162830250173480836028214003390702024490772 112907493005601779658282850387904008877201179281864754416663216258295981963
398606927093548745350493986486257900856781945426082796094146132495356431016 50194418996634078895089381564025973704146738215256251129034302071276408615
379848295836193843109492963117686778210612572962977466360380789552716787628 162855447886232969016409603325409425560552307333990076132612808293890939220
334381088465341234983744100883062264211512529874694557724063320274531381422 141517031505541737481636015691564233535282720726088714615729175442461799100
379856877883714712266549036304700406647180269102662340230543172695469535821 183292607360367565485089221914706967863208937264951853018864017493863363415
301441660051265396033601517879272723723823480833472281524556256231998505038 142829778620517317099480556837290887105573421499582051275133498103056049144
436469592323328954897751996104110291138772413607523557095986665163891166660 243750023919871494376278839815982043044926132984925500130792408760208357937
331149916904447351683284173260668636164803404973605567402560127316821124107 67831950022220128428629191042455337263691065899929386825368438715234884547
491972979882397445072972789018768221355256504619317001054651464694816885251 142682534770157751541332181888194751287063981357937650587504582815742276315
271082922221226938091651318680801847870524366972157464317912303890401139523 254864822101560958016713030509455874890674099144010585503452530456947351507
420466167600970080507700137030087915562717422655123020212926897504638293501 208115985992923643003568744375103152954552423178993799670622937702276440993
417849891406848494579761005206607281582986988661481252238576995529285879371 28769883946753404648114550251885595061557302412459298965675380750369620522
301488387875023348455028015190889371807871477099175343251268816104740618720 68308774639846878657615029398475639614016352076758051949504346910641561757
439429455792885173068590334185556665266175726535887687042209093810962306173 218468603469127529814483431519204341060274564798553227456880374337187125982
283607163326489638627810148062524560796539066777665702697293908978259763090 197428423324198451946264675486131547205082873601545318414691704072131374675
498814353975126232454924657438330724523516227849932837151301123245844862965 10145375492669052776021941449591296317308389625446605843513787602436054930
347153385919174718997045973246420402523741371573196078110333762441493291956 167832495422385398681295939139701581885120199183718236656662481230161190392
260940605486343163894221913038924789654240248947994587008691768129573260900 8119913883190853752088205808785012545923591515394037694442751528108051121
319131132641433592867697818201711698005467731791607887413174328920730442859 12997404298778343208887363449222473148327654218265914811086839668364678962
444374622853158439920698381788194425909435637340652087568088451464580870216 216674413524055936547561437208230192447389599712537906508433581610721127018
269938480615018587562743971881225834169381971907264013967301827795186206093 23297617185018293978486942656744689724106978072516290215970207256701954106
429753040047914835052706976597574346442691659209569095993838819644489044664 105810459563297521872051455973382959925360491497013962056576579391044226740
317444443330475843475465135405785047368828528974251661017138743588021106272 67492217522489383198509980820341645153056401462778179051719730904896242762
444170981678420409995613978919199521882536767671881669187487489997320074616 246254916012837293673306147662478888323736548565013965952110944922166489287
289998318680055088689121266494555503800667565166997642793050128276249104580 16520609780404440603971066720759031759933030850068604681629895365462062601
468307846761467306101406393434245613537966633358248530945750575118888945317 24387350425311925517293552234880892204659838738263095822024781572233590334
436934342508017583899025271945057601183929435067834602995269839423810940863 38287621620756846658907569825993999298597467465665227143138960139337624248
271734619832668022646785875374412178017018407963873609630875436964489162976 117995547496129964771042818531015975938157111564853988785556398501031271698
287453966382782840323451914226898584722156286198114799906569908309125136442 253290135090301632623025305316757329194537618302031230249934134121592473808
408160210743021623042471677556595869220999877084169578589818052623871786742 12422454621315081674705924482568166058185000661302642765564163196627413893
506282428286978665862899984562027723107261838645636843069702822834729316051 52861594209546135885001376758756477652699209280729920876622609080019305673
323422148528460115665929127053893500582718178713042515414760328262631229855 162139921503561511237305744260008195937485805091196903607629790614820983846
382961492965968099959428983977763959576538923793947678653506531983842421778 168837550693740508597253100134258723411704901756062753896119602272791236338
311272107617459591938961294213257798871297363015373538139943381144454256698 125983474725093738966897757961148806752050003789880102831952458293882132391
302670121915485077791349860323544793262131251175535023250235813134414243094 37385373309765634250846848081764240198739812296901136086342996760510760126
471573765215804395449010115582058522236875854091022141073494755493969174291 196096672567182212093602054017054918871269674590365023827359338962940135940
255897112503325352991764205401982147052750934211489690962583436241803402796 61321439833783102524540207236004717096024114138785386243009125237972298781
300015233736325594615056155684284220907843657448210234088773519406130581094 233037642833764001834005865781276340740404294355577986517189632757262147314
388503675190953012978816061696359004681105549978682565175757281898487788296 130204765794849468360396693556193173633010825333227481172348835260904836264
376722141154877619229679408838594589710582951118441901361309536522130976079 54157680299993927238983358527678604588280130959035556560545614628693101259
319973033822918979428998848116877135846746010174854575115272497967970631755 72155307220366212663786380737713717795754807043804694105678035963182957183
499290799962714480247694780629647649724301641949989479154236527374197221288 63229689103573505363509273955507607016557584639844915062205867163885738076
332292875298099832771798133259114310855215406294440284133404404911042634274 123426709359458697952896074607141649381672863845836821145299246296115011753
492091663352575521945733123566462922066410077761634288288363537559989897031 30704146849921699623269424505450205319857090547582382251367234186616575854
383749494438920072807978149116594538491554728620308663446238773614975616574 185192698661966062210082198020922514549255833624012811535631405851098883731
436646488666078962991017617661693263058420808344336005951651602288562740645 62105726944682005804978430068184985760665351516973722933164660366353671206
338297477770019174683360917159232471728654795268862023808875570176299735059 204714586632664905569998453802479897537696883880436351694897901851246461505
337570344753442430261932306978580762116697791634060285652883357540307952059 232801540447363736244799915098472300766414956108227655916355808256402577381
386714394105962851302372137595581721838123466946014646780490616113556943816 60756542365150101143983480779561302706894640407340142246708429014078138401
414217366789978085202875265828119996474455318744466381483015841102804230778 12726833363608618813812816374708869339272398229988492184657944689627095490
423610913979476751413358618967367674831036961956443664964469508797019699751 236440913192394804479482263549677139286950071662867056028531128675556194132
468395670088501837773564103430943568661169310818422880065585101521129693865 125741510924385867794726256990252615417409106767571879041909068238462775686
302547490551365935951003062125531729578446940793174421299976815682662911347 136353777273931846684907553701590522013781953543700828114843121403731712535
276627478551723916739956501341283808281984611911870625645939979445531139371 20130833494766821995395376537758804291952382504482549972382684936164518760
403131139479704334439681076483535065027946933359593110152207879625660600096 133439503641367104144805358961353866038528895161133663017479968844045198098
395611538110861443117431659393305721993736971303213820627918567709758556910 2718232252812667558126683502369287993183433560399149070418126273226010541
279446917363044985729780078189156145629083362984199056634609839604749223210 34809829858607659830433445542194558501237454790522880949463519627091529735
407887140317257655958960729617635936227043134481547121025381888185216428366 25424658767671744955924269611127724395619378696331852299577723438600420344
495374009185364560318789615602371453538592114316336795813012277546245955078 62911787087448446650107668939434060102411814033683099044958116517579539069
271627979011504413195717190772803560911943288686793360438647648606821842221 235542104889660259446022236760510774454464711266998854495331550725650302223
302892207326600349135126145610380142781541768706314502607200828014942334800 216956673158903788317753389515552443970273006953867009226196724961138498571
317607559450899082523635512349331817509176000707046253550143498270323746861 181438341086015511116413119894390165759893384386225238053817222538443998581
367462762066593190439814966403353130562621156669854529091099292358377838463 42584233391066849347180950675812720030869944218467641413259551697281715096
298379653619179576481130790497430858337413745935805071804958203365778394637 181615605210491589867995789703613641530339119018751197593431081541657585822
441767850073285598868254529940553344077625423564140395699599242721463161524 180789292451791058803354000419706806481241829187834779893102982047142599568
486209584840375569375095102598393608141750007021510856473966161074494857541 44710766372671593267336180560705246120047367247736621012830229766534642018
364987570466072690356705411104918603073364321705359972184538208532309590708 19232056118404107401996492442274824314806164739801361733471854850956081659
325803167898699274378338691195236383884102061126170537262650703028747891791 176221359161413958560576019008217038086146166360496756837449227485192875639
400392957126153705994047139457943677273140994848159175200459562399451661467 147423596775412859719632609768656894460096098379918190655348599927840686876
444634058236637822549754734437266078443658730373859047808593321613659332020 183867015288201689432066223550197047409604754643923699366415603908141393618
490926908882424440955475837158706084304632877949359993609167175105441373583 42423290958928019524725051970491892061970316107207059220071242045732447437
377647409817895878173882622597111242671580952891332683042085873906090188423 152724779243150023756222151117482091365592828851951085289281849638453851185
414005658666521363783854703011951842115780038805084706885424776758521647651 174071722948279579386414940808978370653127655726940325667834817918306848785
458485807921392830488655933296694964235817783884784802755611869995048935585 246624959057744282967090572943290184959384679203235892668804012786998756422
482685019935737108369025237925308903765796106388054498476884736182431094985 113885506312229551939591953846144442601033187564934816939363395401649934022
479004721972965376533789749494148798189367855700265476228029462987353381005 80458379272052414442242295487646900672907905888526954250515927565806941631
393732405814325349504755618634411697780028634149408533272994212544195427083 99761746791630006058328148141091092702507559964825738444295167264087781379
388665626843228200975133345630148906014230798673355349546363873462244256997 223306975464057258175744578945325151681769774102183358934460619898264716308
274151214583557460620672370588378815861795988707134360165019384158184855810 23651189848744632535104217719794808163085725879239165913264126403180012054
316291110817080309347730612409029514723628949888475601692406295754020645632 81257296000764965070834276744312844680100592934966445904529147093324862927
479283225479986748697360341806090650298892186324694555892868314319309788831 95720478561047274573593503900989095086907335121513247179961842563264311933
506687030799463506595067325873457593347801519877369984034985760927560290116 224335178520588208880353859014872102842080526574497230364287844334469999131
452383916930996145405375314194782414486816521412022583085366655716757803698 16137178807050083011463725131645307543301731550403374049576547338101249821
357902179700600696452506732431279008339572338147025779142440277028437285825 152612111367245966225834568866522315151067753409071032582061904504816319185
478817350055567193339304354250364930457801409460534442732230278730259432386 248529668682363056338722478810955148166349757832593103158331211941576262040
315941768794322660140806512495751997452679606695214836411370042204138292735 116501036356711871671876810227019162488788596916222396965557272971252372044
309734572069350512725582784763116445411329748918873841893158470049341236798 177129362690608092954377814301171443725451334527958642460911182804213547317
321205000282292211547268547483731063104556970418515628392441576058768042281 147335836945594358178607273251093116326602755948836563170154013791593253899
407810267731052745560634668964136330064893639089155074809575709126525189346 110029300541637730654030867204821240144489362812029423109981776263423953300
306297468825702548268222923917888713554894679536717713716105267364054812081 63845734239500494856052321689766941916135626301374572344851850920310502885
390578585570627590033755357317720864274852045667595537489322180014654548851 42253240367811758849497470706429704871895238319978766101905249763732944203
356387977592774224035892415397298339063608751505761742450914934456010615746 70112030285661367878748298153085169484863002528735670856745555060393588115
355339052979288023571235136256854894184504591167562813808262825496488328282 221639514376870801930456531250106203014031205193407439996093816906304122245
306718427282190816571969320936999092466571200785058309840841650952177304521 197654770295184111687848054974423110013831499810797931052562276673635783685
265038679654036241184297443333512419254075543673183280998310052808301049288 135041563293470461190655104678181094002354245915610264045089794822214269159
293049706290527260588120135129160676926415734013930123648677191739540063336 61109862734994765342358086767634988109537860495174259869686319159411143692
394627971684252284078633912314236421130194325276225592235707728147962046270 209533553406751890235493394310698317103644173880942589345404186368434849004
443973445019954024670705954147006198255531997419688818145374341423880406812 139629245745913537016145599776100174009068148212837477551312868392612362308
321088776632260424968082613829610910498152213050048185486862993022360008227 9804534355365325179819901250327903890717642553002312558793894913528722556
392565284152993175956753905997164627359834418470562287901317355424224884238 49008791328378477908985443492934878203554824273787152438796723769714175003
352465998702098178517794701478136565305921340789599150546724814981836106369 204923996968597170308812330026504804477583864272558433853786870009927880851
485814395484839925099567571337833520838349552111308370129718730733586974020 205603444164819503112889102399806501851161844615637845306884858627191448005
481083506402551524344626199243654964191662926859079951359684334662782159360 144475471816808041799049880738292190629711414603738463341306468586627543217
282513865455424862520642163715727794573470309961433963237250172090828252798 133768461821816784961311358245108893240483097182738155949138823695223533487
415956814907725931767008136301990555786005210282476877718401153383632912464 61799688391751715756037372419509241602898107123715844901265523938247455495
472128562778418260326795678426164636843127123654380843268061402791196876733 75328371354586346736394662817974350974959876712393385372280747333797367048
310114933746173315006060223038593613997125010387294716504272846912524677285 189927978426870428482948181247836582222503526505782096811924360378349320071
402755115697640468200366853575456838257262620292389830228323741974900664856 60427598460901183254140851698661115470363475342919682217901440234474425286
476093758950567663874716148433123058466098540193098292076748736565739327527 89713226904264306004941100754760442685103412211396892868386662147110577515
389779774153851258653128637889515367464035827403250178773813481825026310398 158881798473418000665806878386416538259565399115530703300356485185064666528
454292256155820342201128623039943225877158776775458277452277978808171998659 199161948548428813362055627795653605634403945247364600012283707275013087157
345180066390674634513233224359775798669501384932889543408561256295554274760 80631053877714865376276729832316599266400469336651722613808657682262386656
391616567780240413074312576581837966618445468774739331128115606046443585077 131276009949262499481975786607101753572286832906127935061769903134995142343
488820449370474339205764030184932600235404746449757554405255245106141743638 197157671448036598194607172542827077162708181765593549076298556800494659259
460892908220756693260724971928925550959646097391308316751619246808220307408 45220317296215572505139479853725013665280828169984035730675065514604528501
371137766857887493615161055972492131136458267825791601920848287345946841078 23763461591777186466366146009897604498316949040090099458657590831128115859
455510210077895682579979075694813274530456977645181118236258013523424302204 205267997044774835822193525032478931383048666482571919644130358804902426674
262324206378955873259903199752399881418099964713632780116224888685330006829 172000167316298941990645083414135200505008063206135148769475360145177551486
435090555295059743223880716072332849205416736434830883933257487517411280463 167748560114109718870997501046580063245265868347678836965010852408810860859
450245071333577253458702770375895198963098187594067941261041428468658496927 111851770099013277610316409375628837594598888635590952039941038939903944756
426063555704049013582589447741382993607040457646620752693697515342515991077 13990143406914711734570140695159836794483531844834144399449670873896340929
262265242771391790116193013728118379191777601350499421537369612900410942206 219434814775948531746625820446036406689307693538220569402332742813811018601
460085336959444087896479307196376329435871422184342489748579300012467006462 61260268857555019681770107444652094706297928254391215016994002109539689429
325287789009135911779079576842848455215157573476114226944428477808597880579 167051713236472642033781876944559473766172695723016045255218032422276205912
291997556101262362639566371124316427168994928578935373875264573505442301570 19199374433070354862304525703829679299206869021610215510258322330940321551
472132205305294122283788373367443990932433316259255938432476374545290779544 52012669336836916992856361028264775774707327419821157580736503350621598268
340537181673601498933355149592520009786680998887472047194966818102683906388 123859680845996217980607880872973520321868680710606873886560193696963574851
367717271569908057975659890278977012443827093810081270596652871642677990456 236918751153505007910284240955843480920396623477850088680768367528838938417
369925567128306542401612637390813674700226553600603046928840273650985537778 44331519518722311700587470718967548081010024841121703483033483465713115410
503162300537620334073468088457607705714536597554274570956962133503828318412 91698243698423101965667712510703318154751139230893729314167153583614165989
372888961128823153876993705953414381825166368061014594403346028313356777623 150775855555251614663845139711481066186141837497528859905547281602538684546
500346763073896368240065788269549623774847086958989018606788492935330590546 34819309821132242933759280369320021315964553648047112033849458411428888831
405407650861690570884968843152701742829177712296979624788414020374805616992 62298781659785512486408180873954232404844082080463500993716923822860234632
440877670562402424739158968531711089101705458384324400035751315886381746467 99163940570485099592937600518341904075515917473248284299322967206157844934
413233758380287581101593487697248011328577113227705198318889515013871834860 21537809078838908755890277727733281380902679960300129528557410127899200334
389680710345523074831041741446756188018967068190789321126117739033156655953 190878084790655703560672075641706439451487773960021529626073065848835034493
428567303109715962510543513718750023454680706791992200234549575646685866837 232531192736365242946411365831569407903966759919435315781159118752114063673
458362187341475894811568735474968164346982749334199869970728193606555687969 198378625721479559111280895408023896568824362154102645974807708100215179919
414726265858710452569611972115697910957393544949264197014809838905989934619 13777582508005875605616282210967769530704104202024360662173521598529539992
418255956159269069914434062055584181954352086249078927532786775180734051773 199127183951163815931857308278192073469623034301818693292372404187902730261
284851472166797023180063890732641875150392135652075612213214080701390976382 54951894174630552871245026530153650471344844268643283161285736892190707416
328179604395458560087689930952584086063293526575932247503776625747914680203 180935387082503325901521032704343587430166702671053639114513315335674198572
380909114534130406143656386169020845788417420257740439762229381051080558041 174128111622685974082342554314750755722940542796458434143054282054677463062
509131256582272034589762597288366398203479772739361967903555447406618171330 53121533735226834090221564762471619551755375842978204905485770335786603082
319525705064982359748975670659127067538466381054121290095939627197587302767 169288072415348953438412642557619761723254789214599795067316519991988203292
289669451234739340757690454199871504793784068954869159601045705989849401397 113973660971343329216954279140997360583054729648121096253479520417553000572
445822411850721250835242805902729992376206324197998080507718811112514943478 83585943800105185476028541497741038817419604965674398508617226329400001246
301425987949269726342641057362014883242369212014495529676747661209423663946 107830314085371699898882393820754088015894483944516379567237509756190905660
460959045373544937794107198964211366562642106571723184556105291555376658160 101487671635498433916197524897964564761162930880927142231077505652409453039
461137601565722895160656401390267413502533672999196656871392956441400757735 78144421779655660671163618504373105459813552772502145335749728604204291299
286094988288713352493504202196603324793185389788958136280907667496331525731 168980434289458182915740703723293240718670848196176409852519641691569240787
364357817141582423333245977141441981912742733834963773735245639327232444940 193832648085905430244642770242991289258632332924142646254040359200037717701
438488153188688279763301659050161679010756704125286933249793411148309202887 118188390153656138643655840958666548177604926946342994258837828548062396996
378091847439213232041731818668827963018078096070266295914914734704441728008 233109173912883445281164385282458907188786498530509541069344359561775996485
289725235962622280661334480239893226519687680963314592820294763254404832002 225526426815703296710240514264193443123791650613350161261931008811759464868
400368665674924887237880403546943105105350785593598374044301663614063032226 38940271351442587154651441211653044044615512832017211609179215826147917086
321621262870097797238312510608784243751328413274556881357571574707905061607 41666053854485217753292354749393054420747814824344518369810471221769063115
306449489725986537603796695269590809504153136092574419796159257358797330108 246107089734537183977903080240989328735836697568176394054318589833696996870
494153548349520795768381780528052558590708425047652606254935741593360970458 55307261657186904625678572251814451956538052850919977692177552370337681265
470090402297308557316637819359129637085086672379019559038186183238984172854 78750061007566171409928071726828962158548327962412446547589025075289574046
388236068936906446726626641897414186269140955397887674095476328752898894981 31584673270015216719553419691941442990289842188965377912760269474597637990
317119453416807357281720972002775217426965797963420955323433027358308872475 125240625825081265007585261696298779632592769374492281772374973604594916282
448150624598313947865028122459934755469303308001640881098921796530870506143 187969282021787453349799711991781871136398416236207388010910606525904662932
426799382863820595717820257749970569914809239848493484105057693296547336942 46634199027914134558620788174050908291560709647219725837000074230585846884
505287749179253016969872184528625539306624356517744075661102542329592387202 145735060860982522437375891242531907962748213582668892576006404446496707032
328527866012643716056715408318320917747255316124777171424739698192963878297 240566890116489398192995494598384784422401947500304244573321878487138361928
296224071866740633341150592044421501533079826395588127949976408975346926441 153235668196969120957754134226581371342005195856158597983882288475909189347
306124016991523683208956257243391642286001595332039319929042313733709057708 20554555581471378320704803920487643045139087015419030725494407191575802887
473989851417237446398845001223909450490511437045601551970583477424483786808 145857057230306744116202911736524861680702231529589353070827792794107806580
420523358994486910885044157947120129375731762255381903709209086774059892277 79199512350782344384001902029416251921032724471460622726353688935962345331
496034708179338454559145886335268234055062428282959865499961669041857611130 88235189232952918820471246720237283488346232475960199855129748152434278672
322206302755348615600255373568446229046059880832056033597570815886759139455 107573595839480840231931796977347251690402543317949611174423434920420671747
351192667129230438495621506937229755887510645762147549844299293401519556846 174223677575616463548897852149713316678226556026582022980262610852251601674
500789793003587159918568474874344959461459002808701253563094664272917948493 124461688346673554403373706066848335357058259862188446553732527785241795681
448900384120963965998183097892611882084511606711553664088698091179557430949 101926836523542081998519205191881204703898567160644721624648786507884415932
377093119310730488902607476534139254269627404054205495964788654019183146307 99278440200484740060456390555438770063436694888729324828374370756604257641
459629859356822774208048968830092020765738519421086664207938797813645509338 53738524512111702701299686780459385471577452066347986951804380217174019412
263535235926085144382661401515595492997101863456992248900664494213931967740 23860204439941159878367901522042121588148161298370325074442544648856332521
363797490307615710179861179613650534113117404223320374803241491796729947521 149638013135505530544218657901435538036807721176907566496501163233100931955
386782735063615190264517740858271275307801968065808380715817606805604817692 224684861217127236883536337799856325454636605743088517111818571428859341983
470251704434575792406821631374949656006381999663963202145560287895327808649 236243943023250403445622471441759727208084179754616260101036575727781480292
301325419510036566166195434524814493878325414502923888566487454796490666772 186985713235633826486604395033036663206536467213205922732997702117896219929
507879422381970657897257994765912781308747400690890093747296400524164021742 156535627294149997211706513994383208969464966226449515802100761934267076252
406646270379424730654591821703624987463543356597121698781570534592311870331 78295209994628284373749122365385196484288072506951725651739527575487125259
259367330072002514618814258026013898156826331276450983136774651147115041028 71133296982477907304817592141356627251281076599323304789887442002860045527
332184167841112268849735244494719770117209775883214511624745426939545490150 182135953693556990386249552181094537288196950474920006726303199094456760538
380742529736946731957332781668088142386869611827337205746898693847271971059 93350777499049421084057957152485583697054579512218371428402658060852746378
426636835923709986569682219907343589076135908775574435247540392751103237881 65516493772043442731815822829453807550921997228801934650356021824983784597
309635002074911227901271912681982724173033544856306925058415684889243092512 223939947203724121379098407922549999659019250185266816330722972605845164961
375617807455972779578892047311005953548573424833444468717557733706505338992 75058044434328570861984393247575810205982055607182553845511748870038824919
507556175255505129831720285173811188896349567401531092858056966592151094859 7028364061935524528129757920121775928844716682606743535518394329147991880
500987263703667253316980356162109941235324992517225445616475256862728792527 223915869526147038412414619696842542118429345954978580538944184767201984189
473428348749975800709332482297336975056974677698290225511578918319293538976 152813299736487902028678954081398274399804119501799959778981059704492937132
264209318674507495914665865241824783572324453458643841973403701209953772216 133780657278259572633401856696733765327216940116003416456790843828010926865
327149076926875989489233298168805038802399851865021914529421606422884000384 57346657928521164493492689129462825222521660470734472743022757209131160558
269380056307632144222203255901153329456358057034238966875209313853197324437 235522065644618926517228504695876636457233179707433612051758740690364177948
423107591156118711511234046817396590558805647570786342780140803723725820300 208291795184641900897576789238919503958492364176797559253989364748554453075
332334994250664184611285381865072725975923382044853443382410135274622065904 253302333420549803752696345208454227053829930917097828879271261793936405639
291277795404627883629415866545133208468741717713270097820486581455583705181 127234696576216711647813273715660159005628474424503648488671972797290402175
451439619894340841303684987675334652740292270016907767302303527444034795668 134045304277411890894105370677970374870094551216133794454048898781733260886
506297875274450045163583294832007048517840763146372996795408350963682403329 155600501887203287707808306880466482402338997406101660269318621552774866177
457630142239701134585973232378366222300292137785767020887876102632977666698 30957069262466290712006011762618674738034176913990672631908748427931647608
342976969170198295755505043895101971179207098403677408795016865998534496888 181515120792111989980749546592741143061441998310587555481392128579411749413
288038559590576118024811210447592153900216820784281204004695021061737697702 255441497685939699690352856562428392343034525473229231778833728162539572869
270249523068235400508654828209355101596544454084468492570176903710523082179 173123734681579728368728100198974987450668413258430929513114361127046075700
510174583236148350225563735696749989922061609340039854659084588330981702169 128491348132069765275681176609671946076297353312999234819982323686328044423
374132782323888028577292366373373202011563520499563935641074486504083327952 250676084469340371503514491405867056304288131764174226046189137158769520026
506752306987307194757700858420802317816018203243300950846486267964789191962 192014617982545900951704169523526421204783253918696101785172313744234523859
394765581223511794926345824239037724301835541923694318339865387441605690848 155308764082126180158251587277570817597797397348918803853038694648408752381
507349051768956056178892064215678144946550566598975902874489664229198024230 158301948058634265704312282975725118589183717689670198309965078447942886344
466182812972128207683054888723025820130205417960068787722119751156312376190 101814870401291578505399401844451020795301744691034484769213357921706281001
498704483848109941098893350355856388901670126342044049445047971580259894885 32373751375618192250725767326884881337568235321724323027728899518360707008
273451300803519203149867205561000538440695930258020393584348708542646169343 135221049690640081184862726286902755152133455718669381796676550608827418113
384383961857019861114866570000129145031656819468417448230243164044494932155 171365226438424226482293357537150438352484632230514383680540106081632891452
472500605991910536510118178954949448702075604397049852402239885323626007159 4389267057033786580702769715333180227103124911033229128689065789868790461
261375068342623391652571885583094298990791424960437881555520468537778724361 141334271994288651709403519062147065296024501065932705700629252034442772338
262264415937574379606256545268154056048102403704123792337426666035068632476 203835458024042951057803246954575722875217930765627592910219209074379698077
477937550060624223909958408051589114855678524384712205789698895556644269648 117687586364209488745536369773841779714068429834269319056222172587544924659
509578909839478255813646802738328667964067009515065831623861483513730591837 218800443582796046559321827525337017125714397624656055632662297854796664604
423821323781802129766894409011794131365186460925727076099315417045177824789 17030046671141565384215383469543027679777214792636596759006600420150164713
335394298183276135695212392110840864486319835073056532893596559814355329359 206046509770667137225851454163441786800746858729482014097481337045016548027
426219494291458375009938307930858194783902852282072681190455533175611361663 20572735732446361126681271682862063858106308427561558040803472304711064186
437063697191396989815419718219073360284404391777776165285719260885824661221 113139668460161118671902800474510538049461340327766577057797022522868100230
452561872721500588508901736805216227055036740063157668025351969731641973296 255257567881022116856264491060272341204731036146669855570808096407990475858
288420013293767275192794555701741418882854709625223875670325506717428939503 212217750856529435812031213091807642771708969295310802940568546099211990244
323394665284932318346798521907806294124957907486459444239001473624093437991 84811372308669375753839770762317306018655129029106989905297665708887102193
339812814052681498635079834828981497464682758351784964651883396534358025096 43475664475915182582430127914915140628682273560216379023894571314018091633
420641884733069660334022587825065586569291470911312912202063602609175384187 34824016692088100613074372015887501976428855818923687382967212434362248469
477438137775375038951603142080756422557950407618303969517697408564039785841 136886693637439997083954261247500913162260738039961879628007857151820494259
506703338472087180000529202464799350496819562247592626121872277317078656292 47800017755989291393124504363770123498422367489908845239738379765850080539
420791986549707105474214567360804251478803101753790285365295400912104448093 251600127225477142751058261914679789980540073562860581586544890083511570982
304537693652313190884102859690465199627288999123464154825545442163433518496 247589978278637498422754515810769170525508594143517040486490709675795121751
415542285907294566226804046728310421568079311993480279933143196870502967965 142092743820812831572935038259044014961173837194791255289018034410543286312
382350070663253428312332549166810390292163865308596187377212168182031309859 17196949683202417886141673517888430518895775283043757770830082702521288595
303943371112181712974577863325667466181937552651999012523236915250022508479 53869163788910459142920057895313942845533742790868846822707287620605526805
423220098336563878185231342934294901283279568627256322420083855672206800968 151930085844517221195889453978136678739952593504714254413444629135195261809
421641627128907963490047714432738855376375565165923003628573413243267977856 18717465271495395961198983388220586298924352981744003946012257607563167802
311241229942380808457788654770364123871738349814123499532134674616703013930 198779144690531475884477290677221379221771361528193728535085816824742285642
320872728119594574687775312649068593919736289842844835109044095744594713661 130315214471330889209118616906560212967166109890161402760916203515279550099
407315241676340853299270230170455425844790177977267925929396299582577798616 127685746352356954604510594077982948790054582451601086412025849243344331411
362839764072121568869786181553833460429496023379463316764248381104724090862 186777858927085510257539574708037752517745171776538354505155862295115686606
396573711404514408452575044735457390633211507078944677613983765614974367484 73559444736745802399296831099182597661366769072496581140522181831729549194
421470913441422199900022237664784719130317853723851861571592608749470826937 14235111969671909007646513299552837974224358487539784899159787344690471384
312449565240533707470609282849116089980581495812454425318204553675758032049 65098467824786718684010504280615981483939759046345087727591807705306923901
385186161486323992088165125399030244573142791158334826692996210752469962761 215483580894348156472471743993261855912149330743428743487795181102567705159
459140178044222753743759673620161877747596737355604870867446735227631607458 237645755746289155394465059729475766563467349849536453561800044089316372946
483439609197623632446762969931928590996974706634636264424192963459300116399 351438841262494953832239482258168162325366684884590806669444333958915231
369189253133057041954550362351158039300344793857921821589115014434296896228 73745600792250531788530087463989262479714811248777047449946933721191052244
337964508232926636376484918103753735866156488205078176284392751306667066813 132406651257490445142977797881581762737619163114809121286795462576254218611
347862196767279535792905238317297609893153821682087271060209989835941892873 179380268955017959520195381765814347376031737525684782937240958536944479273
309327628167532146238902662956004240907339468740999235949325355880350582866 67771526873414194627599969296332037935624213886506199110537341289210768965
268522969261749079365042717195831510464998775885164545042573087080849952136 207108952347748751570880952453988765375426679165987992118496895313137637406
494775625469195809056500937943060614862428010088275468963431736923413294852 69481591085119539863483500026494513692911949498187744141827302379492556888
345630370984171497116576962133127014343048449972726174578724291531023409493 57068495266252774202155413684070613169189752226176542514437092861713642756
466739020121432111370514488546144922044576006675423832475522082000647736784 117727522936792724558884437801793262633472248310881761656889424442834179263
496395310215400925877178847409690037598924456793901525655848042561351615417 194231281824554260943913995809247157707537359067441585141987127887903949481
372616967406887440120310484742929778101838585202344078556522605906853820856 226521644788576382505261228640675698250742778289222851142494752879860225745
440349825124490450096371819396674028787841904901464332206462965185095437026 142788858273516768213678162851500956826740396287950270195980444106634244625
346135462448227114652070214463655597800670413663324842604529224200432833008 46358423284988528265585203988247601751413747418908810743769452946015159451
320283004833511215254993630216486562239214351470734690699472481012689096754 175298286582991115874622003873682334610745851607460924792936345162068267848
276858137357275702415087972802704963025237938493359494637478291234864464088 70842966596840143027370909650658441423245053554372054366042776287978025543
305510203061966613290770180999752857855511301720441319808094084279983352862 85237586186427499107635944466530224411954497287604713426261366236279435783
366106399775927472529976878805055591597731050182063020653241637522547826061 203206119356703565500012221072430787809903697882870056272132184565234030921
298843543376405132503662965304380900177924034508665910764344018676580862026 223258013664768707998358023564157283560850045831241785926530014665840888551
483915315343802595845945063093267709494707951796976259858564122776716473639 196024228708150613120295695847638580856958925368855261150019641651590129575
334490054462867403652921210100499461105234902110198050685778984546010713507 164445920237909141389983836216520187031763690692080010177437793330703300521
290554031901868491084019814716367193160335111508010043964786441792378495862 167420177634404542395628619558736883256602753239313220640902374413271235035
316779448055050784544206652633481621365778671283346588538812859783496415029 64181440847168710413923944534799622757426050406944821819825961807447701551
463770862116487975809135456269796931344892826727950045086668333311340663798 134104501465588357220411984483698645714952511524261351611296482948824025206
419067537497974900352944975474431407201427415825136466162240989869897067076 246069596190037393409720931922421425741210892525411554149088028628502884830
423138568812056159771632843453653931156705866365815174510944964456246524213 99320451309898406595161133255120027497673697173681827566655483744029914482
427408930837028603869976247714872078910869064460008623608811130865854638027 205321887278895427808534535867912531371320049738703829127173894895175128361
470752566953691514060694227111430225176376360090854415272734495314909637198 217311721658088387293129414608054382885791062153554322710062364874992221767
453429536553567662069063855586237046726502218590388869137236573618052614251 84935359413117654832311818707207862210376837671180375372470695538492172360
261087943075910279397058922870890030167591746176413440582976727845048113946 131823787288896286486223440824708587317346532669783400867829673850075913644
302791633454732498161276617808562768037832880795371740966334615023355765025 221127654834606556326516639456487008104089287691922371263321318393871274511
488231140810931090911246755084214455689731095167101003475913025087165425828 240318918728033016107089623724829170436546486146541460276598752802146452628
370573801383952932165118620541639220365127605607974168983938184660536949341 119944611608065615743580400666189637675336663699643746706100348083013435461
496207738237134913405139994415600752949050739207791978030681066482211133021 205383407323891802127840554417206248775927361376625007853275406629458574192
366162968176179136909041620336881339772667368897097463699814599820426667260 182636139582118330998894263340557517320064879425974283355519922283022234546
438112631845189994429934639637983408577624141082597597262537304295057465466 222898798407114251074799932798335749204108066070739703028320738888448610687
469545837654042002729758757987135743047502154372093683330901590731537812014 136894432763046279640165443451128649499906250325427327169534928218789180554
401558360764751304539033087633301787176516033533302670008537598891285765377 236496357094503586106980460223438602968213783061887082109498641945147092897
417221880563914433149630314133233917595380038011173381393092516852830745282 226671296658613050538409366293433151513801645860900731406985115465234138332
333305823886973529041877359296336355174334978110682979762765769214852090435 245797583081425202213924495244260570968962006598963041965503309726490565991
510845097056528084964360237240291486714705958789927972370902484403816621788 153890792173465995882478894364000332646368744096439465611445351801299906964
422863195452882059101167736868970642520535947892020130091916254097793633982 27144670155538259278437025089597235232168282077756752775498076066809662992
310851459718527359021055157230886347222522058233192466596276930485958772735 112481215548460274764264459659053552479003579174729516030854937246995427214
430953012755403292578327123539934809970501617005921801657139554068887587772 26405210669755535665001040976737462269128989152188942634459962959310190212
281274416636106202754065646468900370679770973759829733483571265422621699696 250543088028669926199997091182171751934864878574852728167282465071951953300
439085951521133844237780728674066514473798032297165212109586524532693569474 104528131356883904793753048507698244259769624855786513893484441407915052553
454074308343926223101135097641432526333561993696877852903464309954821695057 157692351913980677041483799179788787986560106314616454382897096438186384451
380064349696447168128770715704638182298593079759808217897975261319733595059 15804922074794806263150493551062717471268137179295410191553341732839557555
475024608071348743431462772764241775293529090194612892809807860664245620596 98526352295246469757694377749730716577287546714649471537079418562137806440
322472860925123773663699562894104614929447034817216761017218546759940264817 189396698923075969914392767078354761873168593650771080985462716680037392303
351850500714876938580355957877716646022557665689163252256577552901490061223 147792882861162090831688284842231481169139346737587438227781764469238059657
299980637168111363955193364131697039850516146711019996363611659815940314201 139738121171841247203816884268467384136840220000960701815900879266696291821
470516816079956256281458161209358321422750028357184218184808078435273519373 205189487247449481267056613643847458676591423909133146071563325946251157730
299453415351240578066439559929541613349771891598737230684774411153503841206 209692716407520487833096878612872800505740906051118656578661571937310937659
357304259022471496348891344750062995678647553021201804828785859977166407035 225186760421885984977325066035840006905254569553077144025807461006481535508
359251149516702710758111288084202759226072786535063845159061507572859950242 105853023703687703595970587483843849520696973019988062119490247911224694886
355784310273764463456088626957738722341501209000919156414395379318551101509 135428144104013998910492839899471576535712799994530969791208132716637915434
418178096990923701294377167239720579222759482099033041629882150352625004530 8738686826291054310297349491140664072585864109274142926285753653448813615
279344039514732018730374650050756695388114626534175617917896643790290136423 224040325628106701124644030324807882723286187885435726230812041099098334543
425263254626706859288092566137082172220038591407369558764697939014782537691 209719939898576911470317332813680223645781413683960548643235625344328791624
476294256395785232121811444200166893160346969803539004232461526869951993733 193369459178940517854181008805386088766137887821920914530019702267684681454
296816690599585227776706247456813096089796482967965948427775379863438286880 230596617372688423887960167337064942736974846969503370426791429912806957505
454898393881927373077097186456348659999225635322326138276331863046482762358 32187838361786689772406601878444722128061920087736577675063229926508718395
485817211907078514513274640267279285669747669634710956361298464504033747615 19053430009706482955296593974274278921517422769859667744125823260466216909
329176621660507018133414913532721110160615353905317470599060634337905116278 7991232574444691306631536706018488869724155897801382138938467070444226824
384904432417266283441090029386776118854755491608399942756195719041397529565 144574595178466393719902260396140538284654637228703611829820753407417997490
381018331171507112086481843451391540190573532650020642421532359710504727453 23989559017162599600585659867119973644666088554637233513460041491059394583
508319160556931871874055674080747332932503608080092524084796983418930714830 89326813293687055387360978323033228025490191227055679415367435393345810347
332395397296136911239914620002498701939120018976800639877262832789950626404 213096055253352303745916567779511320106713979860642081543483604216343504884
292724864610991165964689876834979020090296168328683608530658917785023844851 164759937885319860327428575188284591095596658734493068679341115023815961188
304289474718878052663050091750943748583913546375344347296256362976337304097 93695411200078867408728691020917672886025017664386402314576677762011535090
454874946525186846151427420804867609084216623177329073107586622544691858994 159560502751941930958207702775217775470016914653373604027224123802602063222
485155358797156521538986021384110140808822705226189889070440730291673005497 78047144044206796753340970851207731175711425203668520598523441138078680058
300445572473822919368878413593181827583422634317803987695190732822755363594 54421822512106658206491801954785294363109601225459992459195728871734707238
267028935478934131103594438911532334582506254960354373086007239944197433017 177472372465126393370206084863792170489976664974391240065137930830844071730
345155462292002851761934331701273821059806189413657219001155843096348278500 201212096365984587292988419912678863648186137546260307714898744245154423041
478099181832399863364436031461406777271155893730771083946746630918506172832 228149219943791743454280349018246080961915813443994650353286849765361550076
285776085618892365591718254955685937045770654669692509402383177839244394743 171816032673876583792111151045581655113574416415943245399733290575619596961
378151122973838429053177276176739347217018033387719565808866363586493231200 247603342550958436585863158105403812277208421086301902113003787610973351264
267442327217616816763434381429577006747540325431837962615900064651560394199 204797647402916881786394414993586481466425482559051629738802860229142581510
281805803866443964797151121574754381953145888422012917389017691307974609690 12812755854003772129771525073173123734503124489681207783576148583642182391
366440081939554588902340100126624732904441230594559971179695468547087339763 156830484557839529339605898377851673933788179869381598865470836418882855849
321988523422308855108070813005016424811612764958017885679595135452015320456 210979975078877863009522171730678624085218473687371512858293473938632970936
369697745658106871693556568076572801603078089024348084063040263094023087710 193459032267437336578911148486274355852799165408517703977798698584744989054
309956203959469600313203422724962746169965808023185009162632774127335710957 103131346605488307744218928579189397297396751670846644623194561638926428645
489743511205852724259174542108320626020094019221051313497138830633158554080 218934077643730389848979074657937050578321002066899956817263983558894119554
321911452849061427300388685498074988861892509232385763306731272273131301829 52642184023992167380518937537622432297631957947459652549637001200035875176
387280735892705033279848577473914116195747956029325703263061146066506051668 215137816796104980622006300192258153368518422556410489687205798689263538057
497471563955445830691533564162451736416403568288187002645344615034231419210 136000285899716847355079359012872763597574165523791961903550877726714554350
298662856650103429227825467367530682178363166672490228164994077777889883194 241125561361193323924152223707908407753916268731989500372681706047845287303
334054617308520935033921933938169825691805401373156931251105479968115792726 146303559072485448892290973641834496140835779646678413098773727572099590397
317446921731542147506330934446276096974954006294785904745420315992206892130 194088462899136477008068669065193390137987409072732475674593837840636278390
434912855832200352115846007342482675970267929534298772153055629366427569213 115536627117828164147124644847096737905896990563695352408365949606210052129
382229788529843935469206860117656634733665943433247997761178755279039661903 242303597269116917403652528967078968963487172972378923626496672470589802543
257877173500491629160594611520351006476520390087967792012958634276819716092 48579437793514222866699798120194040555820435233417577123182938908010107802
346677743539565754636349477669850788407992593796592717064190068284904053654 217357668780421025717720369675745614191740517210948394370981266966926962628
488368437419020697800761752796496386246934315898685578815963669544739761011 101541237006787078816488883592945073150109896789620284145684722746800208299
412100589974852457150883338866429422767336525154254311211724315555642875389 221623654813040665868297936077073244153419022956908459628087706013195878248
380152920703106672190203305765132297049179944691108523122308412659247441305 240554343337064612764326195336190440944689670383400165879372938506655227143
358598215400424217439232906626890709538791950302560823773092627541352312958 177551600015411803665804872737272843193974671024619630685270452937846828650
466188944448424142979008840551866877231110714922815847168571105815107025138 107949744683286141207561265215914195288452525070672859378023511957514214548
471503833529609894652682156810891296855209109501795842552578789761874177192 21040602363752806349359837163332341186476372721800454172567776791834439074
434692780717693962434068655021621595384749518925840122111754625021215818083 94362899972170748376926859491922784330092175485282046413282239994010488417
415558270517776586955511833484402173122525951806987364509856142646843479793 171568215072152181486357522504861702354059940402765481754902016984454206982
349432173430033184688076089625107193523101633027962188459958635304981430289 173292474749202309224633310945112557084595222857646707604234372174090530457
289961022080988850202923077951495506319516731691958960930160029748471048675 114294880056465062685094812833819341260285478738157226560146074587023726248
458341762999391052291609968114097495197296185648945215237599677090969747035 179344272406772714573455968523687650201697887952350350170918206238111194013
354898317008836666739425213185778661536918596231644948201163953174077516390 17330737029604098181117245323318987364360869805940627534316819945126314049
344471637268272326219439945666015091358327381596783325377988184493623971303 207774309329009295259680849454388298988108358511494289470439113365958820541
370669751963061968112908847697449476121440880455534536190411931887028294468 185342436089323443084760671518470341268108507812350875905119517078078663331
324454141660410829837933858484584229816475474268021727335276183155111728261 238660358295445702181578275799614124620275982600188062079584678863415992244
413260728503631702070006937823245386685198836774480414738371870287175723776 212025491909754683722162948074258415138804168614941886788707468843593517560
260971650582834276590774107847355853976998809050474333298594906046192050906 71015840297934615053255900606947573161828816138566916378924781742192111541
487457755753143548706352275831947753904427488278786897646041829396557169264 8936232841315974158369260909240223532537424937170004193310159873290790118
261404281011416062359465039708584143851289476700105269957897023132814300903 46962510419875434289203220437888125967826925162372650696567707187563391315
380001246125470831271279523299158954968887362467696620029428916648114279078 22362620691186004394357878081823962085643966134384114406890845399349849419
509852125747051081363245488897842281624993949533740793654390079015782030243 137515302405654370891565685634448640201967302257848132562341136439097473493
279865110669419450127671671399947487223485814367094757849937199121927866514 201028848404238816613673109741248906724342936467127279883005891494978847970
315802156316135023989065577713231498625937284959608432580314914693054445581 75477135157110464397244212522133781190468971962668162190345998454053537473
282175366273108024637925185576745331965945966897868557869683479803731318216 244963230568148556524581033007072492431457211540202562568657772608934404432
375275568191058479743156795648237640865145072575713113315131181686696134888 183880873469270535698631909951079947118940747292875360595722847369201084667
341278782917265437575684167730642617228955219098120578836487531026821029807 101378956006418177019939834602960908062610308493478155966342786488550749273
298900592670625159547918793861894856033266129334733152647837278649184743974 236707697122658209530002826443712547685034734817762785933154466013630101880
314967999364059628629939393418439908622377085004672334012602759412392727500 241853559804733099039436909375027927030831792639305713538990516338148935403
505161855449220743560997391410638256501306150391773694939438340532123400899 176060436498608313772291787975972226086223544116075209057863471532036758501
418390162089400118877630767645112796245585382600413712325289507562362886296 128427015381816504279708911688051222699571144628151415677981895492400373071
491901474365578595351433331024459089767984459330250739649019737563356554803 99738956106473305891273751086306968792706726811948292989500889964988342862
277697322207585567236194240993879181092115314622674528643400477523985586324 151087523803583574755369488538854554766827765971797664741559186078496052103
369152243639044223455526978544695702449335569076006595300490011173656194921 116839054642851305983321320933484669910942739825437958784435660397868473645
420031631422105973179334386008764704607008267367504411739450935225909063092 181789679208388271840262398871213457576500538768120442112341175526830049111
429169652056595784488886905002360690473582900238142877741939301721604829447 207287942875354224725248147890806328288606973572962787358209969387810523138
313583512589563296607813368728869596404063959145957586041767197481715787538 124802017477487168853789262524606912308822362970418102348073058752330925943
504890192392744796166583734483248318871612491950895183837167428751141216424 252084282075353681636089758014605043558206154803861652301227390155280873917
466725735490988019627801168235038539822683149734355716645214513376183808024 21410345369191232280823008703879848627447783282452362964128826493198006243
318242532025229187483847983552948047660527255494094994487138454769398929141 243383661324284577460090947441311271463115527880337641045415700914078215566
297268624266475718115138936688953491094682878590104905450179306833701298866 12685691688960178290320291337557970181977239227107272379434064125956924231
418131315404476514426378051204238319318540588248509767512130502998837277553 110363852411597493950082952270284013337241797232901190643260621392998600546
458331130223703717285493636488471413392586867679925233669028254851667111649 167226676784513683007538505503544391131842365013621254006740449696319364274
461118530123163816922245358236229878126711341992701169344904337596146223671 178231532476441901054173006078404648548582630028963573259750281799639945405
306371595829993574638178052598712312127509785057608642057514644449522496677 211250406218203182307125673749788495589359515297812607483149352112146535308
412371512909090605405605015594594827635016557053193121758254031187237075726 149246143149266302051238960221137457832239489946994513636961617311901012729
418470226242296412189262187260993457413718529826788030215306679836068028169 184099018937853973028160283530424698711781936989858096539801615244019139275
266531742288065100113261205570059626739233520962663936134983904451291168345 196378256864152726325556778221405296132349437040339302383783945363921764161
455151291204715897195829009744882933002948343462174005426596781326491722331 9442015414804969862291759325913766907220195163168999145078172199246869439
462744149442958964926246050189150523547664583627689703075399721707073181870 242003384525057550824822103389528187893753048797359742243774777174870466552
392028211181450385783309145042566984607198096627509028358432656684919756211 248791836049180522035691817176632560652108773558220785555420629995223897100
323661786478621145975583175753424633274673785807996830861023905502319742511 181571174801818497496713355419107213019230942369738815083447111243053081952
349121381763147209116890914477879157285738124016372885511533176405967038247 185223342524412179101518952975280467293580809061493998939592900359104236354
296593392411907654003499834574351033870543767809561241240537477049006471698 16089489535605182211027594692847858677683714026515487983490980795154462242
457175776341424571711762115841683025762776761239428450488671912122044855147 239227975537245582519694514291217359758945475278414019153985392089638130684
312519587842062967273755933196494278554071253768895872927968738804975738726 141335753934976781319614377147065753284314552693098356197752640135557977990
446937806916465612918342729112490821998985338224557652039833491677896223401 241388380834622517271532871694864144170898294458140457922444250306503067432
363205375976980986600550540093912311242230046685411033557256114568596412872 220213109570787681705263025955688841221433460936785596863496755735344212177
462586896087647294042729698232874581011146018073529669645490194294492463737 39773187493054300651091435267961311352324787576240869505050563578366254659
299561740036348980383731593397743206824692001853101877568834956053403741984 140626842088915985183683577622884217764559157389150589882406745949692829028
262612603966589634710088207857258757912676689846187767595530204187848986892 157976976913388887745260637298313928126437860095783087675974181241371071929
432486332868866924726509382746038099253936186414043860379612384930694299246 149308157835727628854814521300859197410348269364698454885647371462673417382
378068972891514447510556758602887844067000717113624203298603167938172940432 157008212480528047939505319965546174310360969370537070317302792212956325217
332849852865078816412377137341953632609606002683138940528053655638735214119 13816464556094911388765945998983643503376737815575815338725713579985201983
317537230272937630612452941644501788450358789491876147408851268367738603443 106035554762039955590757478395318122425109632662969396970895460005883818115
334892569301662310997923060344243700720433153224901580437802484218396187259 36509482893586984597656089193003238387413068649952669288828668796864432177
263557219428135621339847764116678459533933774080172979441840628931572338091 80328219763808385923471638219543013105311800634064521550246070561005347287
299131550426225473558793713386584807968591144549166275682632869197534815259 84167397782870541576637391730067704605138002659577429237214728487369188715
441596560535610074529130653661473465061678253034023645401858330376688859413 23436153379732027940816556994567817064037824287806128827920502232543372127
364583560226498850131673187546749712671192644106106212491516300021217830327 185477652275525369961196745261371748509527937921180279223416848966372117229
507842778569541017609189534700276599485094605863613482300335260752604797110 71380121718077492906746222096362343630057066432997875873094263451581262935
349286066669139902690828233011474324433822288172964883729400612341848729314 188580715936066091545866162886323937809749313250668569049471937662775526289
411273056318299026785551177499913394455771067264760518446276362480107819404 237663119039878222718335985391526853996000332107783357034581934982089266504
320502186252064385815252809220163027877905520694072594799175723338944337917 135558573763025481072332099691501266727609114932732035216759399898779155025
328039366174890652607272081463965201160102784262465210976154574252099627784 6173671535889468215251621650163075215225619518377245112308205331243507562
445604331229701247543220987087610074023239277846039409019332571074821058540 95195050283190859576611975083115032055144992502031593534554137544743415874
367008909388677765425859444079974336006924229493525925346762786574908277898 200177934398526059280935001532140538236234874551706781908338149031723478120
451834124284332269123600314927521406723992317779537061791408003224274766523 231038650055249444953548538356748188104224512330077193444290761378927199444
383355078309883453106711877269382449285767242098256828552891749914193490584 134966117966999187310419794000675751007128180567788006960804659238139919957
262258423851846808176066773701467725440822043070198605885951681309677880734 34794610814992779133799153080824355195260241029515820019088422280577661226
398312977305939282242512844903715503685595174778348560777947025951789165517 239408723186573660001238532670663794445136334664305951245124204900367120453
489101686662403117930382276290422648402176986897679344446640331836267873379 33964268175257196560097198534023279229066426595302726576753321099369818929
393341305687321879014058390155830405394061008921714269106587947301637518775 151706217716638244787137558349249222896046501580421605749883450156212111658
452030515416776050132461402893314830481049625788027459293318086180492734002 64786043968169309161358789371862422886770458992560699764404381678570084321
405512155443932883298025621929906038554134002877980131207560275225465182826 167231166651298574248395668846409493430201434429462656435288062809658961613
360313777084998000534364043028309949518658632653621473466567918843780204954 218139005730031754948621258958111315772061262713501852965536050375108923142
261932002425160406235919224865328684253509853223332901445872181803092562895 82645993094034749151717360407147320057219216092328428649364575952670107357
496301195683104452015347538435527735437164772754422649996640444136301272617 127514980070449847349982845302540218642663123265777714497009167572560318419
312609202523994672154509103739335576821080124992418015331396420624562094175 113508086317545159556763916540029460781016199737674533494784495460800836949
472233815869986830589918378356757143990788922199826155819166941654630753611 53818974391084048268259758903581404073000113240684845590005591074039128014
491900149248471682018607119128499313687760468307046261352368638058843605482 73651915481436861298034259755096388323391280489963179485684465658351025078
277708456279686769968539267802460208985978914460161698097615106660359142076 147284470474669974553135841773382394978311009633086827510874973801271335973
315976082767948527683454376698706037294073147207308872463294360698973130755 170012096938633719619404921490747169360551693360095122174117678229899765559
509561082304442473077547027255252269247635301237713171853231580457790258568 94923980998481700200574974611537398141236094783834340751753440583475981094
390937758604079807029175684368060317549003261034668950511282892932750471315 250089508856176457478910920795037734305928026659127329658527379010042610462
271966765104169441940177897502854224764670914099641948238933814610439950333 107317282904983312020216742154214898190078297479613217971982934094307824009
508309970220566638552951403435664386841281330491203361809239542531688529972 143501162953223754968065853405608361916360358797605213610398058002025986651
337451309400301889304772812785707925936705879888336183823250579600194153041 25354981390305835432917614662443095324563997907037725853824056958065014741
335561943392928199143636679835741671358741986103593633752970681775234254171 5109073821747452814133312186294619354652475978693600402689951486275531590
284583336304689321491742612427829837942786268916182113080480693216421278666 8528101794957154481349888887070128205151121882474950616625614642601023936
319033648699553997881072639140570100461784547301895770409198580130824097390 113636876254856331819292390928917125846331124044719922977163822615082185704
491435351022261869522339038928865164505441170697490875094859915671329524353 103237585512985292934588853046981537230815793191553445843953708779311108195
258380495242608442280719740995908434080559838043129914331853725998662120733 93981016779680771629617958592095719835187356791552720387317525850556342121
267206317799433518803155800347572595575442435942325283365058890315205908916 128627696356124671758564082355496089704359477847791101424937551612433792369
440887822495018689032839296726214421536066288200658481744123067218398979903 124132836066836251986091299103066865732702421368705282921025232034237295248
275644685153297033297329032903227282664534347228287454722621902915460400745 183761908601466492016890836541892451555567871868989256989557912280088981423
379102230572360293726600942651991081687888945631238143542180435871446806249 221036491439656825233753594866458109167232693496365273546208582271323000916
324278237258719616954725244297588415023388286659590735619911770307771422251 201725687996620786537715118077888887861970360779802883061455060253520389074
344217475702453372298189800806463004010507875621939633228734590454665636553 148755577820117945382719084961151099173058863321445753527151946818851089856
483856803212140568981689924194292486493630653397319173792943673258762475666 126880356194944789099458355658772920515782721332919068338383955069020036065
293530277407330376098118378932577396300099131785493497355405059311690047524 215925411232673052945331377547189644637949681843504732298539428832334246700
283524676310905863475599957973800702047847830684293250909844296158211075674 102569128493673298097761289794652513157852154221278055954319049030846810996
366718519788374892552320510896499009001988403921663931684914522213932450555 215086210971766573790372423202943196351946174467816547951416494265916392598
500821920400302823234578970568470759495920185452159823238816923552232848502 149430739081719836780045302207715117876553940060473651035297185580435258072
458813706107627459724208313922382175090116122904305194681819630656897083897 55446005919885214593572522063408984603026633982275444175760950069433923461
365819899905738472016891167746176465987105450679167851334705150629909153590 253891090032146858417615689708718839681132157357532401697631214017651760749
342194672285966360296021692250696902616127588524789890278860153503603698544 220090324453008039120957808238769748388312988699235151961249531402139038753
458637480610452645240211874553717728313308570835692550166132260199658811070 221336815138922353024755924071555323756385985359971596042475689846426037551
314218000349650597708692956976628682767733632773026287195934735757041235982 64476310479413179010006740459791546554461871445292257960136049352009571110
449491416613178739099458284648003280719175144057292928335746006779693200872 29163807841547039409763958208166576831665854117389860984558501704725617491
438328175621078311056528389741489565113945153223018058097470138441591544500 10860154238559808137476795025363461120513777561878500323857806704886107901
466487907847645080404473178764297057154449362379377440280361391226019535799 18429292385825458245164955899853563840530239857953236164895187567899563204
402443611628149488000923913321968723878368413917578579105646839268396644826 61686961702547592403907732795890136300590684811297865609862600092052766084
312491400396136446841165996804562865376688098836501932945714709282098479757 92512259331594243251826946721752837168329656032492863640985748205558957927
263287452267934198184036471102438976913753245536150413851371199495060630522 206622286967069467998217052876823532192423622319537644268644868708609345465
482760305103226015290121841249374982828148104112623750602381047874331710614 254228300464325861907068620273420940018219971424963040038849216609838558693
258171958647280996403614859306049959113022635153800176709439264330248268302 93185845086127242988556719158487623044475643959096481926493554426317297377
278309479843827282883747091627855974195210787686165897372190754101968326872 77250567511044731266793314723494752312604379125864622966746213335206536452
284590449183162833201070268176189786402410403554024355094889248740544494835 16645598726941893838765862129890771291483474622321004520583837785938181764
347206460802466107688777444642891443531520054571922375528096004482506660988 134781060269769558824760616610958791352069524946611689280095856492754477254
297987546775647641570276499448484891897373219937915252858795816372793368958 204646818795282102749822309109693690326179410171231296079743774482921666432
329037043342639862411196207997771702637133131063606819082566924442885310506 25512212637450782115518358769714882740600834619680920627317549343377995146
393091372346509793749625969503510457285023867478865855707485246996941038198 164702805980042677841953554360477378610309718745756721463676454390077180397
338860450150451192457685276169962074499912783131283613493848137023342333892 141099165767063241121499884275268193380538672586788192343913304483108023560
491423845532120870293706221686054783201197388886278217984623088641780690935 31047378736112732361856427969744375005351566242942153578374374930253019938
389546084651853813864897840213800545920681363394414547344724963636020376677 45911325590654066473289500007263783849397853611094658662831397681116244973
293761099446829558804337225541972624893118507092367432892946923513685363266 32865324497573242552227313110493034939336287183944492548312788553203810937
406197144561156760539707009720531997657344698581856120154804878083474439671 53340629658630358432700977153720731470874792584564110323533555830663131780
406993032067929795682817263693020843134494517597379063133041839357869717524 182480263462420142327587716945767806467225644925985065557950301655591088705
293984870303690094235717628305374320974930809241518638996965751329956051793 219519534894615030914258932418285782530061494380204413508641428006594071141
468899719185418623379220499325306051391278571410797879517584143928796521064 67978829757455446209852993795760479242209676362865295841786153583413536413
420994290843537757158369309319598657623407413304760328801342731361564549149 86721194559410379253776398145249553043492989668360434491098064021459736846
378851769143951441205380119684393558554099442020275954702766759504337915163 11135968458035989719719236259316553981815309210092061743372129864266813038
357033172119305551354595563917322858187208819734691690209097394878424864223 160708084655919410264376593909897915643447839138521461232584821892115100329
468017370974242181266822525147430390825946122707044897056203465716808424737 65397296896635078011427629188962076162950469926365168493246739907278724886
274474488874845048588333649529739681177969969444489368100766813063515098537 75014864015927429399506334237801787449848014530346254019621407649341167466
369819724262857270993909463970891588512831599145075085431269445683252278378 222721218339206886162176145848711220521531273791306029971335721735111264812
381751258791244517725857528896588820448596280790858535649034512855747253353 141654748264938573857871610926611168813827172247763157424751280002170365465
454353240843839360903696130533290091253914981523809182252163786727629389365 210628727183117629417438042062209909532885507955197743094212408838957649056
265491643441413160901366734343391268930736934986813883090563180639111063430 36609185294088980551249647352708611121672167440374551032223500372279062923
268037145476269608898716047883059927019006943287725381474691333592579004611 39019101932953722630090228402974269050493934163200453045384173792137566211
359919951923466580659651927187832107069999024175915744532483557039249634313 115671855019174591331804464648319551425765391479822006128361183567013970405
430403437187775551533500536468741402559356001259748777212994014201462110561 177669398611316997281497469574614982345234883819519900561368982207124466500
463439863559116522925663428943675255723159500470065291809639170100662676047 172260617998810202888073301100546974418447173920554081491668547505283452810
378418331048114626527789952790659557671558102930264882105028937856815642437 60002909603142388992903000548829963788688734368784695224603648518286514767
370750235865853671901030623926133020587009961907834763939536818440495683914 218310269699846534931488016959828569568825080300632442882107493780452299437
384473620077867417554114918102277928872539123801043864206076146517612392220 181050559496343023744479976924571539145606754304071557309283817234552994095
481114480867064929916386833506217082270153049971784430219730946189513173164 178717662688023463002147469651746691151825434173095833985974909557862628094
356304214066382293978225277292440488020639427428635166305254930747411292314 67625509636345684453415969809633075283019990612838266085646073920056302153
463985501007231805138330946602672217369410558125937112667478149229360109354 233600908371596909976640404634570928717667294832597288154885055455186780100
349411958907384587163881944767236224960127211660026750482243183353923339163 87838313394915359377632712301858796415000482470890761842148945077351332721
290221595201622162341094764523948647820444087395749141698215017945087613342 196789611275767705229942718695318675902083143568281702064232545168179918118
426877713304627265591399779048251394371701356654603454997260421829307128399 174256625293176396634803617362836501901362623227396612312013564579885736677
452326677541729200356560421867569597619243636006780913401346286255157246757 133987857328498774713536343892831190426732022668172944079619546257002663981
462351611791943378137926721193201171116340078879968646471874757541410326253 202291575140561688578174193949059790035662654353313718223853284727502802434
277032546677389637130020051199268236602307637721435276977080830049377513734 104821091048274490309684828783032796491891416155767566235318405925830477333
315216465322862401707074801496841462997329384879248796952270034443078468129 80717909302032792485702216532118200188392065638999031887658057622110620023
419297606165622920975574652610651171564249589674732446633006311225291990483 159842062788890492171292196599247880105575235110973595224913747249405198215
325187995402684627116064573631611005146568911673060717107217308414076535766 24314848253303535212937618512741184348468344609381844007940470866091592502
382828012286844579168901761620921909625738826242365147698443183752393546688 181007808101601595811469332751527487022412646873613078411836793830164058978
477188426996651128370205447327149399228299382753186441862690373002494019663 63084657445881934353694267641150734083503121780347915050223771641704206697
285700877113428810219365626123287528427798357421190591762488619215352642036 246183280748681180932576381986959413811286783753403649390419553369489416799
404661574753505257976666509021933196498090712396408735581376847785053741136 189853438251996463936529322961224369096808917524681539840471902524108212998
394428301705398019474263024082271406693136512949940308498028315369261020023 35593844102805117391313702070804763540649660834758407035273181509761447768
467125766995274802665813417943260139905397639564629101806974378548003564786 240512153196823519633233290401901314774274655485748240517944132640728653596
323314742128745512281129649941370426701137474812839023991051210562682282190 123390371489955767634496395024569725720701508639587097863053938849533988298
270532887573219446877639104094602353544614889062308930113672142447681450235 75869469486024810778878226604096481355844069542761862352480545888855726063
285182736450467152882629917602377810347209742696963025717760389491100574468 204565407671860367626690030253735864347490663211712369340424171858525242053
339763634901138497527327283728197126627594999844907565142120542359997864527 179030589166327320435755170839897213045845569031705929531504945576292544705
319004037585612295833782233908096348975511495480908434471180577889514013404 224885690207772354312569587283931216306637516773542204091618143165429117205
428398918436066630029880640018425305445998005706641818121313888023969366031 78809907891445144139967895519017738190741528377124328782880405758520184296
357792709559438798972491697077839892192206195621575759456480555660798162270 119282482063714706636193327465912776179762880322367381546288604521754853538
275543074248542465197731771548450006139080752200429279516534844421901435077 114849582674561638007414668375651504562487197818675536847376703591705000786
360589435898276941193433704015704707509745010014568943262251479382105000199 157289165125057365371848945431629565274082563165995836071394417856545536021
318225834114594411365607408102080399502011019531532506909838213966235567699 79799303387673375900120494995608437704288799580261042235574885212885051439
392506021166184372936960646021197499560631987865307335843188770308889337831 26759918030760025102513532147983912836806622012104783980435924475784697209
470947382218341237970659403522239779095606325632101045777409428797649555923 119624785426208547644165818784085727633713740843415740769960343349723806090
448267095251469516860353224573150045449895041522772717357317828975064749066 126024170541055251582401558574286334245761266244797684711336863988151302453
425278594309216264193275504451489443631897012494592148092760612285617063129 113444140609156128633623990656091447889242733421270921136199644291000544927
347551017931879100826681371681104703776352468871628967282473946415011379279 56726078399014293525969324622825716533678217075851473735182488103725564030
404251559320872306455513883834377502740074679240275093953594218753336444568 53668582962255890634313256217444003993835414846980151742630008330862925344
464988774888277323575095459643129938143413356277904474864329270862252115433 61067099314556398367869449706252389839400487146271251592258143158612993453
282625422900027606832050772391962295073895059458305976321532969030447197265 222742363683565549375595964076623297251457411121437323621241249263643292428
338575660839559794442296892203404078728637000099181460571065499739722156307 52333642494247474322745281459745979219727413944077572983665794931489047269
275890323515060920770720306348011007091362349111488232628083958619685937227 99549193541169988416354695144385232499050055808540057415586819018886485261
397590285150282174645786337106687790982760718767852749843229554491644401073 205797027800653400361809613658140429788787068533200774074693011898003887466
464016846730925544388770177058990735039709024835019107541700231590556336202 76029110702102292002840701427651708164638747598951767747214738325532893173
339969338724311096379739562676550670503587389989079603677158896977076467533 153862388335466544777699857215081119980780468581883511155458548114181931474
402011050986186631950600393038426138807017831155571628501879196295611740430 68552957564219813805784765354513411497889697784383547245653762408362179984
446475285991880061676558837557055133865861992332006843633653996674620383466 134841556170708291407189736277930784873523674678082665472139932963528654590
376945675072440826865829772821117614242359948841036494481153570750860550038 250724856586665450914471081206188608654217729662447055307302333525812589467
469086788598747443729438064580756654301876915217455220066228071205185732811 8969730378390205614717993964969920268666709632983045742513128594078993315
433184544004837130846868200242449889524549099710487513261411989611518431319 213874975296339181563476196155651336193962019671138387413105145808870281696
301769447613721591723541971050291289955693383958470665345725255549761444373 81350221159985641374526774084831301394786499246542087007741894826788854849
285807535919399067703674840560766225162748259164672830688485451986176594280 250370182470217936395543632844347171951805868716156460693925424261474916097
381408039214400941217874366371182993972401037052560624750946589227022218226 231527816602773405811541897010774699980631408789324927001531746260662288114
349237125197119988991470363460095575878459852306515768155303704057475559231 35162228105563992741457589545087108407361563300584189779309291068149868425
451807232569752716754704169856862996236416914851611695298630710190662116720 165659037883891662548194371927292842977967888612447930132856613102127535034
298765233281895911728643419647817668608803920031527502183814582927341772042 26927252939837909405162393559308533204862200730949769836436107923287957788
342291881531282982728325169214383529763695547904916060475009636346533808043 73797609706376828441543627447609963322816901713762598228096470755740067557
341538963234056722121801622602866637438372869406483977169049575103367293657 216302805338961578335113966800571303155102106235606175589543626125896762235
362146534871211233032392575022256179907517436659536755172796670283488528837 132186088414003934790741857775836619073649643369124039212776731799303016252
467981531372642638194115177454874020442305156266518755795325790921625421814 17993205469640139776374630378287867876449206824417498398902206588649306179
298666562254177232322884622893600146047129313951123821987007086682816318167 156304481022611029311424756117604697345365631143168648083097166274037265553
370589433860577467004641143209376134637355253186916021628739477652728051301 252796254025086155532494611053632559121702155037757331679678563453222006815
345835820608649333148631971039857132337146006726312558628736282786875478598 38333768964054956405153006800808483341254922445626743499771949052112404514
349082583934433874876749539684260026944902948839430335302032132985969199493 17682725755277900393678726500920382761882334844366380132485579248440984259
263217868021991568837247893455523700706055398262080003237834748044277888545 86567424297176832494174404118786220183752076470881769532189605881407542499
314667938071203169614052395500712411304689062589308465577245140585205489953 7238557807463879027588574774380519056610302948372877430230809920723708701
435536079206579509898393787043479121702045591050665892149732176127743615708 9580839105178388990576314447611035579693092273712341794461824945686579510
425129874255658657539828054281284698769624019631751829425381294665806595264 39640576208279128443116305152383088407260322376355168619338453172903725650
469744500459513683251612982063136215977739172152022330742430161861120786718 54080428974046559190293471040725406268695392644494185976589969525924838885
483812068114799104006547885508161136193633277917722026434176694929646872340 154739534455727754089683204311225969544173102735012931041434995270589740144
301681458187395274246385603044839466955604467369102983258304878075593591755 248830418359586087420821476466153813350349434705554335197331995340640461769
462086219048940928312577445865365521965060800914663689124682511436439166709 125593016081192187060967856081181063274104781582718355969078756384122970929
364244152986259374413333030908604258408054119170214452628486381211434031218 99039195654614658329392624012494114629010232234183484251884282743546661889
423399410121673416812295147583713565941423870646045561750002472056670886634 193785915909888656690650396032404964494799220146688530858582859428995084872
347659330948463246123034349044698508851701372645060064991007297269376597055 56939972867566717245834845706903440670796925366180687604483423199884081004
305535196471658425806348791373959010997839986315928515425189612957727002761 82195603261615891199142995530297861766152110964590688594797462367412108740
258602179136871769139169717251880698635060474328409359551928196422530060778 10614413117753649884491762975170693537892023891245148457331450111607857214
486345016996059041891347527751947500797261445920341780839502921554975347169 137507704426874197850656121417832429683172612138485937569891486191271093789
465323984819164625699598577567338773255358501611501107728267341899978736635 127185840348578854779023674076012688474550787110284732910718099031194505793
289507480597195182053664198197166684151587321084468458648807079361403633118 30138608590987481963085082094011619133764523625905142936343888334062510837
470714262764492631775189311889436972552939776544946340386917427891470950948 42603575116805189244111813184888360447695650027965591834492455966711040977
398010928963037936635957065448742616403654599144759187750569342548055191616 124289327733742417333221558781303398190042108907810489684309315210772673437
396629515857428867770608503783536098266664779859475851381397483649127968311 195927485148478186542828220146428808883075907262805137246333182701600579661
452021837278257884637583769954070782814904827312250203115899449323826136682 40591945528169926373953493975485779315954603865711664203673473624855433837
364212447155218065082397790887342984631028611894940215834857008980394093563 117786483057634613263149671971997095411904834544906539217720985863133629823
504197714323097992279659241607759480246902016177712589777824404257216120689 63822885787323678365544169072381899479891703911480947721960152194752999471
257491270817473908979132909098625677885913256920320692541830234007034681404 54657354175520902006639512015583635136303359596780209780380041071304215306
275901973702290046715033777033514198472849776624372160936908506189076340708 159139645689901678031479754151214233383359958191001998443889832720780234901
496803653392484205241836439948984623177607692776218064688322303324386420384 169249198208099649668939114900723061099115067106972210113360907648751985949
360088261992347006885330149055971819570107174295955808742760197455625998795 137139435497647826272297206964781466371685803909812522731484683872308630207
501449783228729998907325643815137925081421519486886922757428154174544465170 244221676425232300569177864469481538016883946090874805055091256353409221577
341503572983121076186603398048693901615611133575151028784962860927610120164 43488407372765488492569440703852940800319967037753071271335961531851489534
348966371371714101544907815943918970222231584504190148107668923957080826040 77500375612825337850210709827807914596477099866307107569604225509982901124
409082666916031319728132879088969531108263679731719511783347430872469554874 12189691942126965887798635767404388583993074644157031392694671337553831565
285784489048201512481737814614061629500115371291609550647247548939747508972 203579045110581250989619935054298884124145642601026910095479853585747003815
413304497859303669008395313823495550902649682697148141349733139534947174467 200398102808652171037252412225607345978558247998237386733045903070241309376
345678403142171541426660646923947679110965283358008646967601490903352895454 48306716315166225587102065080383855315912527757124340114429575086505571893
428629480538032987875720476010582916804709793973405219742852447285328810296 24363250021532914031064387386311095767549080402289501494465673362973268870
287134394733908042533060665508831987022443391949509904407995942384271058552 102418301446880732882781024794840119499086814213432637832627921641196835494
356584362804807106460997161595987567203291057084896099606656440252223489981 108064563991563789415566371951137912293212126857582450043232052610420182708
402762386687777894720949362672984961804199219601642791360957230940129627294 50343172273802252647627547770380744018993771910454195719685295873584104885
415979605091106664870453624060596241384234568333740856671506065857163059622 111273774527943599492318035715939979455747408121557205872907918730791624967
346469899791412749683524147713135030785019021064475237294978007409776228237 19002440489259942539600410896914595113945924127990413036594487207831249556
439373881256778262319870502299895543208039237265763055052656028383527906597 33726396086475178676011337319998963094291378334249558762883197136461031305
381369329133862128926796171628299445293865370859585054745093233334740008517 138384335198502060586249507838595888753167015351366061553206759015869004469
336123838855562762583346486937757093777367086721518922288869470202682897700 160197686375928403712214927122674929246516980006074547105192917638063236341
419929271804572944448727404878685852159611779320840554981092544694510279685 177000660181326223438533865318182995941215630991854129666255636056306839005
404508922200339886101084127377029806776468757418336124738126027459099969663 109505046951042624581685158800742787452497583028010092461811663208016670474
280303107790345898654959470732392789143480828861356263797739053958843759489 177414558895729765018527071829283807228388449318445233781421298112006338494
312588344257763094533119294315391801697108920732645715683982094846315347811 42635407379573155608988051776257098261417937820354471063961664395227885351
395444540631183420018795031746085724963982786707626790217596930576809671442 219225992958205532278788693443093117567022727957107408903552304069399601069
290696996571434120026004097518629211811402363463944867904066657022458395865 152798340942087714731420665008530542942949860600892239824428916091061837098
509958871216778985961877858865187562773870683765671291109361269718309466991 59013791061566358460347933102218762492548363328208130854989459318657661901
509308724975732252429413159357863953524313154447757440641844949930150727029 151862516535746217361916979150755482303946453237202540995925736905972345557
298093848256427432462546475757200242498830629080869748226173927898572720114 70470006155616581823461880714194914352986133940938811926310219053109371204
418385614904071106944886297237602044456794851055908849168717385577074240437 193271575943181244129767881918742295190632240527797542974678699050079120885
325690705868662673929453314010416342373005735121176580151104080187334123548 12493284514061210393137927670955624607395758134014489594188070533736804142
342716351528823230182880586739006342662991851777567316806571304543822712646 175946785850575976057308723827604392056312971769295305927153012056801854766
496013517267219163944089223744759452019367442658179185641763693784726105668 214970828014843030014938663740511432504864179693083794116369124407147970690
446920794153574289205433772493231617289965621186242631252949516557680431801 181361499144831842091478881062862212855697699283788814820726733517038577493
484203006289684744651555255084264129568237411399209961019271887722354866739 79889636525599177118840737984616411092492744239341001657912778298603050045
382599454601550811885641133042301732013967777743151520715616174317614039209 188381127306898765696933287932643396073948403675183749139974726225007322131
501506243604176297013427795651724241376003311815865426174941370328144754209 181971362462593728757870456179602781157413822183260642566447758920835524512
345701177207363723444113920703510869403244048959841056308316843448621110163 174139732720477353561973850954743218559496296732086325048789231238479202955
261098178342535205518791335470999089588009712517691634914180772233673618232 132599092457720896057867859296191771943753628044353143116727150874739258321
409025028332482451082223097427783655702880546056872598371258561669150443759 242289719255020871978758722162651140751614426472745278271533615588676598976
501072121126429056899795044354379405403111276020991098800157522294044936780 10014944887104394790687541215551109567687932430484191955877066096014801564
308521350789013473604250592452662932682586969514353849031423534577654472803 124588130879228639259662305480251044989683848033015628943005450004673574709
481531764752086646587001028721880999945885992620384389700026888424899169643 28634573179289168187040605074621086543792756015168636153611585086456730159
386096405289883586545441573240726246866538989011378949579416505598690063136 253285111142113850295027313286688154002876839651859182732895837137285551838
362882445804276154828049086051417533047292626367154908525821816790654951593 10795372446565749828753451820725346531061551076942321796817212339983129058
432106698115755188927288922801188758136633268329477789023076132370142553057 57577571615992371650974079165692075203506818126543662894650551860523592279
400185003789947833686206435307536244089863925416978963819966769478790616384 227737825059770968346851659606679330798865717098795243280613296598078390173
309187786423583351516465115421644373152139309026291193939624714540560990807 901176052961977958904289391099434548135560799796145136893249218513870020
491208993639171004743075567469647947933768435565456094048141870342164699603 23940350146428682084643381276174973304672997155095588319704558193850645109
363160780042506928640700722658634049903361691114971570594045712837410365184 100773452314086983655803010633907546786749443220315705861455196623661610079
400410518665838621160683757700171102522597877343256165419886204360524233912 149432288815050730330542876428435197048416290422643628002202409328333512127
488913910973278726359776234377026663155448344033409451170716124280073386822 24392729633942502370024349913859820674028940480198937670619832863764035040
437047258034574049934857142016881807793638463903882717016578025048307073075 129513943046645873850565883638122314757162293296428863070038044492267702621
333860617107681610228562265383091242137524333262266199152064362182811999216 81902905875229450691116094110443532094127133964844440325411207645086850881
343755038931129148463932150296229256761989332981542086000989590634243696807 223297090812139867558801017847009739926277353455265767546310902821319897926
485303861955933627084302203206841700187984289227017528524221676922154339698 16451031899003453183414055726634585268360113924118638476132381681184611791
402327443225918201380687841861053989932407286283170764875604557401738628691 2578378463057199346248381644200880170173366696522764700882852227239555760
272055901450138267906360502354988499766405890070529051541294446729602274863 57268154146837789103648978460838210100468166814842436738258120480576695202
474493462485399340700800379158528808890322977687085102649921129504197985581 125276270308668749398920820199391482187771917495037177699096032478137734145
475494631478589656859547949200999774184503189184011230836768785288810923798 97687995983976375320971848618925756136607507570551531534866083422703528844
434407170756040202485661507874092573562896591571636843769897121344200818310 100243659483745353167382896782366275141085112493284735439297704331484919406
323044163179265613899195665274045175299161402789707065253654445205884005625 17588214181677404457345720948428078595617879528057494871331347363664188033
372848659617606457092824826677324421369645323813968735675982213641990226324 41212794973216336802740053257135414859799415711933284742999293960817051326
357980424761667461962729553256363224281901403164969112848908217424590649849 39149275699968302770667021029494547999310749166891738984722846096401200905
302367938478029900265704788681917373661075555539700351737504538010066141865 139644210327944732950408922724003453648387208104246760633517435744930134723
470957973216133285190599330227510302832549243264831908206938837986514970884 71487571120909882767616233880820641225398087982829815697084147661102724263
386864928995845707753032868566279666418784348776007199585639163956540032552 72655411483726040870464984906754811703871893751649748235635503257682825432
304608094879601560433757577138907773550245249631499679114384796892146402313 13760905436295391049924699843836225499783471076937544115717665409629706264
259846178873603567387375310191310700180122780228195710146551965470972279199 204961997583518943245746556399372309189507778388921506546112333864738729521
283013473530513241679130016752569245729786072789739516327276885527877977981 242444505329177078443836697324507312294815572640727486043841279583853898252
381431740808393688067794402792370328471896051071651220730023799708482541148 36982136821790969256813783175422561388966355067899490898825404941138113720
448018685301364091271009214214059881461566351304057803305726120563240071672 16781556669322972741353220848308308193369179121458983084831631434838389336
308428342125103472998327799794221388479815023367433268144913167315459236537 203675891926281889164126654280906098406194179047576629709217274429322839479
320044850681650801774823418153394632719631075575098657698038203768791681653 144700173645465273687539506635262070797357959720951873517058629657684996963
388962148501002783481778879213485049639292727871609774891084702273202312340 3299123356242305452287467904019460753088993739359467714849016935472706593
431185240132405888743673739191637230459270950871924867339997250745723721467 190820970211083546845556213498349585998023416673141652855790168134966498749
392819999009395151651176415820772837363321899375273085724450839894345547477 96041329589303792727077103866140120310929180539596725307781286566798776275
306767323333205150648253205195853435464435411335179362319215815518951671119 114195155021645955557552991376616481296694776660841347037559916730745276914
307303800022980220264681592923613336107868418089006543058447988751422733559 244077656322661298808305558881329289087093622175116565408229832129491002566
356615740124978151123033915820634108401786008975531756410710724879660240827 52884402026793425918773761141555324787685611038503416788819475999305884953
350142760585087373364663757477326692531107267699553519430769005888663693892 4699550073630442953236793489819348364549307839663059206718348663618250592
312260362245737634614479387739902481161735984665067058920985800927530594067 18973713928877309063410954079454595557377002383797616023333356755157157436
434075069261359361528151410952100671925679068496253634693318643994439503589 114545724926152096946489243290234081721366616845426379906251727500262546560
259998894388724523963429920061968719190663867794174991548014948795258225628 227880883173542168255330990396515192050821661155059888219833883675308833732
403858788904879802060690896867863604466123456306237334242543527532447230789 67908557666773882338896183051771353497381520918560239658562834490517680422
490239392279256470196596377318169075403846337540758081529970748440486562367 185066560899792969957125700096421558045791187802640981805506261752320137690
325433086309102248791104911015907261071214180045804503825655211699894386249 80810882339876974202108112667429731206226449786149907725492245505301686299
323728804744808049788800357647427027928807694908603755955992886914208106480 134566448185049449688150162117472734241879039952619976460610406352751882787
400604413232732069159636557263865969710464953401501497938162994088577645829 107112043462977961332570553354208971558827955298355941277307119946117814696
290415198418481472086659395875076417479921131332038586689829198141916241895 79048784306440387810704205867347197132395045020848166348431414901416073728
315843439535615526538810059846103745278116434569399846723231256971810993691 53266428651825879954829763632613815801091639794203374030755181166943162011
487931507238792631202136675421213873411365251379846377059807156002438800778 142497043312901139123733275151247427081412273277575681132138641725208255932
373954468213940267486749442420640685215250602081711553266975123739345521208 214380257355223077720714930664545952268164237944178231273118475102358869468
421102436659160487264500193346959370792000598832421585916346263311906670378 228757613063520244938221732708361796710007022667281480837130462861722302386
428144584564691675177566978122962719792154889582007891111736384162310117223 95524016986589403843360969923496029083031382713197131081871359561971680872
475792777513556638062275803984743925794974701831687998628808066649925484446 104047220702102504363829304779944349787113479019846866262974487531196629061
361109125378379398077632799620755011125130451028645176740567518407089469968 187960866269907687174034511860060153758204296879432437567202328023002013673
501620222584792846766148893068715664033583551005121973938253257474542944275 96404959822411329122749997239793988301923244276414208599421706250923375570
282528008738198542346327277442039174827848189956131278529440360459394241627 255404278211910958932546741256284441712534422007648636586663222842904377821
292727331089868807238710212452213692466856904879650473206061191387001829962 185985570060702973034692740463851526103759180504418504251633921035340721192
431569076673655369575331827616888603795311293495240649486874808271663839895 204226818748291826544150005438163315050460437508034254713932293483673492797
348725987797345135429330057919599112337917249444151330839174955443587255082 106104136997227260362176039213808623650810460984869764794284252463907422067
401618864501248991859829104147654638298779763368216776318039318298760259848 79564569735838064062758890940974547516243546779790418498772407963881036596
370031458909092168054605585798375597010539004813100474404054374418768457915 145860361261891475448856079526894758924308319033206415123453723774184372306
465302859755043474273837814092377092010465193627356978257990133283665424224 197092526682235260083568304551335848664239092383137780154576499811772002248
302554490425482059402269317336539993451605399718265087393379480605347373126 192816230142990302344625805578678103083972829382550353126561104956444512594
461374013263809318002317306229711978117512552311425213190808032418061857350 57755925918014239464685817492870384486845610950491413010120299556575942815
330074824253340981384396600473077449466522058712366148172878499171866114327 75764647563347700331237980496571117961681311130499616058095916630689702024
481082457884158887780939686568110884114820600696014677260620322583861507183 191725353837161642434513479277666882199321277503507949345266861944497562539
469863941308790038004152540907816239373150027224943060401010476933484285594 252404811113627854808915392740366044685086457075093131373964023477132480570
328611994301360073677062896108149740867064738608548695896701285908722124920 238963314762831946246782548461033481600168542520511306535149650219464997691
474394170876199452204321760402739801721741676968706773751941096471994323291 153358587789241153973470276719888778793569045746681090586411737412559509302
434299008602201699003436510029903140601609804017110482789601661676952883856 5687465344269058539076506697124941562284484075486390164663734005320288640
499310132573556105608976839653303998504552891763232542793146533654503342934 124328297151133056841637678437003859124187297506011619298342259160075151319
487651328584634975604584063881677755089037998079472193329211301842347080207 133668245315542007873274501546170733054194688299269892642624876158361199901
302361312652734064797965784504855266679419365107136214663067164633613041447 157970937648526071996777931666584085848710270468744196952175433989036435565
480549930174348766965359734163717727611850838162174402579840018008973039292 93119533554872300086019949115725296425100474530602987856720304712350980495
294224695549164145756448695891276917889095574491851332979237518396991306392 90666895106050780191776883561166704557271136565019895323203872140790845111
329668015308657020638282517042711719828924766621518100726873016405524203780 194281290621246871809855263075874515591791850758209413550791006079480999979
400321942100065924055545805969867778603311441962868227064854691476939587603 182177900406118211745613549014380559255276141661439174908340557367538542830
443184686038827713664853105989829215953251254281161631556561218355076852503 216652404717426956262118646171910105779216311101276453681829946054574254226
404462486924669732990560992584537121056071138688866365757819625518152457665 29427309129267168096646184084901282417074157057630152702603246828741705302
365078961241108116849495205429877230316899805746941397349416149317825344419 142125430135769815639263736189135999488460436973404128497514099012241271731
440225186084743240543436332815318414902162434721458000870403920664839732070 196971442746026792107727751297738781242066545831809486593764828017915343091
428995982692894110952316148573769647945046363619856213572094919401236233151 180648057138443115272265652797543699695494294345964859915993228350509484533
270949701799755539812051152008591738438846842177440215281876832661848002439 109734768015352285001095655845679691880296421342356899837632956533605090717
416993712682768721299199463128219749236442947863474479617422619396212659225 68306874374121649359077473014568459719688434238241044948307971844365267147
397816637757246563811644497615253025920418049762514650762085751297916299672 131795875480396662111183965323421071064914458239641150857041237245648330609
372813411615696882987196411216657332001634506907093896368522566356052706030 3079716349638547645560652908590620464606291999661089400848145772255645378
306799349842291437373539992476353844796404805378197433401287976170597679116 169818535754753994349787778996372085424497138307112957516624079299191237347
450139275529034531247262754154702374819529695099911054976842398670202829154 123009176293771408105285945700168505122228404225588161995010998923766523510
396628457901472252123272649284334486178602881882367369378738550886121150036 82480410283244513707837331121603298084362212354073086352668558144317751861
363687446614892900528151254930356601925178356693619099545312039378026482716 230702917249669353247788909660761895184618815023930711163348651388417675443
265404804198810070536209951904046236488180720394493916684213816874016328759 245766216624141560939347822726237984589213303626941324309943883035059855262
493546881470155339491703708748239019806050213660354414565499778914953648035 88103860366080527827688650408059450537148496284225306141750795625252650914
494524947032396625160462155419010342794349432079075791593099304674307219044 131157548595025118420551031796083441836696759084027953220968438442608655717
406564637007599614598901971024273782530782721097938069152384926863617867781 254344498022906177420122068720037621275509662178226507051078438695624124968
398372106958152177916061939924614164161259824058687014988010020454559712852 254225660286203905148808205881815790546677063223837739487790885856451195154
368888026525510492708887285680414222287577368172331784920270032108500984654 253432869454105178599940125632642402228325079165388265835437360756741962215
453696725255353592877156222283623688077882664091095041690117041127641989209 204474605955907271367902668528251457910862104760399041641737330514995889256
478860573341575971166846899629732013616162170479765969046277994817789392902 272347880184042959784951363655221145353715419276311587912933579633815167
462008558376620956749852334885408887766476539727924296869396149342086509057 9690972873268407465843999893727075201849857309475586124205548949928103880
465406133332131105655721749636581201656532766325913496355167639665061367115 183270907815836995610458539885119861826982085780686056075363687323165346393
330064184470452276413413145437824677361952212463358054869237800824921764922 254732250423141540184069774186171561273211774715264576733768896897912950164
264812009068238014158044052130870580484229673753167129339919450116612990194 134121742492635340048495652711577259756958488402356777617008722802234251454
461539092425427762064222346610975279460854480575065570776400354850137776884 25960963832296790365222396322488034660483597916920668770818283923019282992
434512085009617205088612391630565940570299650824297026868089295470839693153 85331258387419500395331968822130098429277387229080849218673545804561866873
426075375330489862305106066556470813635392923792517088077691407771833887631 83175672802386160945364445940014664012587827754881149423798859634513220934
443097628092606368671621313708918562764009043072120543757774745575540960844 46382194483539458142034795624376113453615460579939690655588033581116779073
280630989542139325756517784843037771846108173877633657396100983364922679149 120701950356875909149582646559802849217253502887795280916201391854613850926
401823729404849852474057785760989327894934066320097054683817046013529066591 182891455536769776199510906368883971370788605441224380057588879612433621560
359174708820325581543895556754304135453612103276229873226447884615457596589 179244224725735102628111296304155328027020902609441501538317794636444588274
279167578481185030878086932198413220744893026261469308018865295711835912867 61234320376035553437666818761276113687683517903175163632522662357250854040
375062279845721994279834197974972195204682429976969500619872108524701691619 67200048524803044029419193009486307505857598518234905134075699678161961209
283488777363395482988480044317437899016359482170268527146187871943113832554 79830673649059548880127399173165127484176522442584438367090008562704250470
440353495684096571119991294835309300367358859509754938755986654905776505140 80644625259743493084987110510816002900984655411933672399223560316837832723
348164003043989490293620253168337211045402019352908326165356938134222329877 49652706565990684609164823081037010585314616446720535886264306383780597296
358417358766632058142679295798984148566604515504741021610578811187700042793 163148334244837122666540558148352521936984901726980748500259528825408371164
427116272222173826276043057068716083185846401198562925819950475191277993202 162449750565897048970494928491862561821022410162297765988623645827103362258
288082388119256666550676239512072410263423366305330134408679281244840148567 250302471270572072005445948278839390908917665333121761844932891095093628836
336266224567710660055663486573227952946167365255616537006500703182289134026 67556576054229381751129733773546501950619531228787397453973970719124696412
324160440827939493892731135403643932644245940242568437416835965276150149356 184423536070819952434993230389466668960325182671416837148299768848065846831
346229339861589636871625720417756290861378907863191021131061639891974769089 243584579461959614235612221943487239182885797259489430570220346549410912097
265286647584354836437278165664916022485776355445973595606711583308088639392 199535045704594095613862681389366785443493609227710309063638190435229329198
416913382993575320492705874398383785168916860883978050752433403590250499270 195142927930840244132170427842609759395905368569778760379340596062733526906
353471650633789620622024952900944698149613835730011928750788548404134552361 12498750565868221070262398991910516464638256624843839327761790236943109034
445177391277166515710125092422382947553593202295861442225135668498969055626 176861565817873086510570706262839705664174716042471984513538822608387968606
466291704414472989032670696807602972612078525031442218030473361928768580881 226943438101421011700571051745848351525937020405975214370538067403897467677
262865883366003527223979581025863067131196595684424016660740581801580181675 12469697116074059555651427623837312053629201288684794381564573780832495558
349626833369807061477577569137937046083723731653628083802684781970851434930 201786105413355248254667871350141652147451454676698190603303566981777451966
268026987877714754154210984421172921730938204754869323239274128170560671785 55159581588709917124436103064899804214292789678002259451924894919142660057
316840709509550752390807280971432808481902361493832324852056501143268391172 63751565207939142839465306409804913123646758146751888537179724291929239518
508094714771789922633870092998113129266264970607668615660472891197326621896 254973264630184501908968559267444160622063870031608490444099623230819635818
274530019357707280177463064755003799486025711175364712441405172285925518408 120473722882622128193823510678093059267969535300777675210851377632671641804
507569633202795961595708587497494572568076215765133646961834663802860712267 84885263327849635626840071197460042058018362859958699924957231543125377830
327299153322537351244237739214281700258532882154355245215608677027424412423 214068137385984949304415296189726947677237451019236307613305172121548184522
330269243194859558278829710142152399101521709535383760055479342097515644535 32728121429960371865633090005933895285225053774195898342514868131595308048
328095083446533802331010962664858302112375037050169132664780644100948979371 189977419556284514677880788477139221047236660730052730689931311238976030977
302035607540590524769904318336077530659010173672618090902615576640883190443 242525393412095568857891114441542074515613933627980826836569924309528374569
280574826424883120777376191437980327488327153495126584936604794432086529636 25471035976086494455989833007790354692937146478231409544617317680686399591
396377759419153073093332966149213722780393872701867859399209360745415179602 20565128300417429536711940829683795187002937730942390127731516098266945238
294790121104355026511954196700811712605205824354114645684664182185539507223 182694736677489813681550880567821102695809935482690647146603838007000515508
419889559991862195428177120791872122064129832213944035932508932992382327569 215622951928247743066964470383042183471670428424250616143463373097449294143
259498159690978914249276468950054514012895163801163762920643675000522507803 184377136209541408912456015295606865889529820868544145097873343294869573498
305019544215019075242302028910566081082695910465919410847562168106839339846 59330278206657144795047649562744267074744803973996411824383105203859684024
285033826930366394128424871852586689193892986450178919179420642130480349472 165834288563502912541720994104340757051495643351677770463248855875181895354
290826185107582440520027412636146161668010367087337749915452641247033791769 106350894092472371325062084297612313289993652870012301180995222684561024274
289789951981030282663320763051359771727028080924046878483923438316512658341 74597402020070364085743884676807456228897411582366154800026095191101457526
380969040579779253537682484157279722412383499499649452922431590289453425045 105132648585963504022499414982694969968881584064707400998566606002429634026
356057212414543817853472880067160864059703215405139812196619746405488768673 12843146527596601479800259256615344418525575815649589528029334264658890669
255809372079974697095253549949597679837286850823402223678183968972390855613 97453798073459525467180330178410750911335668775890912952887667741906740145
361514451460748734226434537240038858549051074599157102813731279821481688995 39731570870985836811386460200940392541079541403331366615328665134658221729
279602432957065180011595608949320736394100288271220677403672887519597509390 178597805248669581799048059072836700304510944841142226111913130037505656161
335280137518396694853782148216905466665439554228767520552661865340375885130 153240536701878355796807082890148459522362398682008964341760400575916501089
367822999047260473154633600076934330703875524776987492771171461797518932525 209510545309416997685123496919898009968513766813932942660495461275793467633
382199936937364720419517684019265227836784595956843589349424088219022765579 249479160578794379601434887051739674063226581620213521242517433174849998865
434268066817302906769306763898928410042741262544407061332914589754354750057 213273802475422946651086688850864756504940939006680940048738561265551720508
509848588451158098509104051625605355357281185594838781291780389693078572593 29722159740171458570938180944515056720316248800607000825107182647999415965
393961337582994933501349518772506096773009100430467526717902353733528552620 25365021446674364723079140132744923896448262796218263018964978348356797034
268395010274549927525449086269600452756238622559517277076253932532009142837 213101704918649463366857186684706218527391838964767684751154095288092042560
409901966218156899998942899713142107939333473901541348164410646093078363311 177191505826332247442119431825490539404296767768114229835642801124267392355
396345035281960436588438619789024691668490555235168652325811532267239760590 24869176430866284792374093339420027231120354680809269193257224801781990735
448846302570439784664996608058571209009045808033446697077421402977853455703 157130099099670128620859309054476898639010085799502882680649528647052574905
341329711307036832779613584547216755157931687382887911712377993101094128682 81925984187415100460096724652169174606125976025070471386182050035270223395
400099473607723401015994116257864414413956897150775840101688619493256510521 95187768724677790570398893470212034342393319481884757469975553003690791527
381901356171898136541573370188633488198160902897113881154949438227351991732 42406293697402926782583574340134616911582704231505938256995318750680589514
501520187194734224516331209225728892375304834462365602670330284600847831814 78394425808483474180509201503912698820069901103314068118158165122675100854
281827910304751260879457419141102447742767973457759257486727518303856575430 215691462421195971133373703275762533450291789167282337739226149454397035451
402143452579530453803321450523706124680838303326953672475793870554838020906 140274692289268970548113242498009519612192738255041731902624865266887856922
262676410116545301453471789537606753859368700111129324880973266954195436660 79068105027581546204341176573401028426282744371825599754930406911725834512
307908288205399216537178259646587322120941168647865524378765916440057541122 62902894163346826509349388329384021454092595949361375533142661663020657274
477674046795474495032385329646930657294970860459688413110080491683542828415 106683888280643220086747443659285419981475032691324243929938947347555878669
288150396891648939231278131837795193457515191724671485700784557885359828682 166234952698462814555142235017610805286211572858816300079659950259588044649
308074040439216612610201673321122617753846330251935301462475580024603038160 239543450705620260243309448639290505959632151329172392357156166832435551081
462393649486522515897599461388601458553891668296861785401678716754125298736 111748087955729768245493798645577275742585765544921388605806381852281390844
276705739782528085867481540046334548830294334505445682255205461628892773480 138222957658489591079141251127563663171194225129014444065789167912626652731
265790941966527681752547558091002319624414195051827674583588164188492834745 175983701209275196327499515395026716979421725302769050688322527889144578500
273970949169850279436881845788343995892991447721165050384978245598687585482 4277316422266972177552030783159970245856968443911915849442745975054938215
456095430377421806630611369797812558636824456739731054969303386745468778341 245716209967630040807553043527118031268648551636139387987693484232651385475
403929957186411531389645132903043164027369263238082744783980229218896930089 68666594896104716777582901782552964059658634932997520826791373935525479895
384415237204534686675016748883400202593170865123415942798428451805948727964 23677582059971539372132819147487910691636105923924390534959869208221152627
394897407314270867925136954575774761778702946203649095521282026847448225164 120843371771479959494892294577121324292734020577695895250986247867889336287
497563085823829312692792733744424841995676949109893001534024402088450195427 152810715796699476552678003236407534853535587983565754757853203066040696199
483979943777163725306484589234817209226949670555390354085941000512971076670 28758838235329125493455076711208163958469491819226989621866927361168385663
450300165775153657504605412045386568360833047303877217985471240067279686032 65056058679080422711663150200750953059983031847100919288404325455705484150
421039188547845838525998452821180957918178074974565824250157883305301867053 27224171819422474575033710032580917619909318125561293348000749643613545651
258254324573465589249293344023091302881970254258926649679519280411076414334 83649447119553294613977672410098827274589984412521234031221401242834557611
420406141411804581431526408325531684931831142477760757580732300761537790023 140053878677628632448115986911063289966213689173029198619543960974821563250
338009139519204378889705258661915702379559704161958486209719640815681336387 117270470457654274341869115588301261386987842668582265481294065989062694262
390910686230645973803888817103734883370458669685585075142380005280853872067 187696970548165163046879280999216799195467317942666070914943499688677049927
256482535220330430209903285505656477785182974319933368772146171921946235357 212507355548362321053504453795023145949752026247179973210025119147383628928
356634547653587253996583344260388247055122974523527520670171821419234911783 72196747543776380936623319032503790547858821199801003735299198854327829048
432547767865210117200322855391150288015386570131439029733101427012667474491 128095343742150847298558412717880592431311951909935025398640099301552156385
367558412160459143551152018283328736960986357761101981477983898475618433745 190849773255270262465052221002272493157582947057005758958002348857737733679
451614210361643942896554294651830506851055096739242766462555248278529869481 190456778893366040858588381505588667161568743640189762737920270023670011952
325181744198280991306678381351034688600988521219960793007736817775536054284 30276372449461656318310530990357463474640905443805249724679397325039135441
280993507605428740128375073026088237104473895919742874497733129211043532926 139642550347302229216049175652022530156490939043724045419751765991619639943
293551918906996459720804619154161388319540032491966847649090868577303617882 17464961848903851132439431440681764636383941419377078923156088315245635513
473635582519613385318761747995994470398693727234349072646053530366081909443 46377728262329770117987473383833831899904741802256503695778088088481270610
506936642613575828683956158964145364360207633221395391025940161855076497378 84129607646140173950479537682965778664199559464099468975815242098571352347
506110321046992677205495209262248439746414993343468424718947993607757477916 228800691954895700825272885445204521493140931624010252573777303941989133881
325254526087044492372639240578742790477510463990024422157341334061038510713 215715794082548393317206203316513988664087137917955602789504306772091481045
298731380022141903896826515504728269913598116899920806177749624253652875361 194458182900281171253452097909149945421213493313265445116942554556374988602
429313361471723246220881495219271164796457010513754414651495906572892804462 220391148454544543252740706605795818237694410411147644005648687251060705556
402898194724548360388563793183128278508314340010070057613583709636842765297 93184274337589667435265091568369755512247930721936286872615152797654899587
376988928558200062035121266311472299743571832930327783354288760456876352486 92387505747835328958616555826201418183237323971636583742725126534880418300
367742847604304978827215437046190098970041918459261424754744890617038811083 169259168885464277600857438060105918342701870654135903206573973425880001131
363696831654526967298736809398029420070372756995342063809129806915788440214 114538122809081837904914863657742097563822977308027507085153353799208942432
488125899706926251263029317616620143292938678048895560863871302705161467808 162558440666132650450798227148707871872635494621689051590474052739567472994
483689968719842305582824020790962417552695813294221801732757636398330380265 164139912939550214721895000412695312044522761743579183799776622926901915004
302885078114657147664578282842931203788030798117704008074185008947903152794 55883684535306174223513181220156270151032740669950007435634425387028242809
360357648217994035986134844999994570028070638347401375815958901996922131201 193404077498495567830731743940077517826843967618472034347099100590512026738
321700621231132769350798546309086929234342702481487734334398752407070745418 96307563392321145644792168956980967763272378870932385136891051952455929664
341667517554801390336132593949025453399138328564247542907664359187611178783 172997844747919571651032428400363406788976888555659258660229802573357704084
298811781621684821938013717111183988041377583791066598009971040521889430797 207226331330829052617724675758869855383514514959275797242906827171014728362
427189256096153044544794381187577372752378251277819656853290493706679470615 15234849037666097196847276342915952468378262656880773151618299048319506391
260054524045415696417258663505629195554458977677941664060234285353152519439 6058213975907102672009182215511583807359594347161463556327802623204361157
288030546058920328973741650843596901634516385992579141355775283242947274346 253840798435094795477063214479054827422271621950342553738283094171789297599
423215098573118752474369409761443647757436933753237726041466205647748446099 247495028239132978769994003345113264327665645881090870591563520937056163699
432373022382399779925810542627011204535180994091757236239437778879871571078 20658910706801043827938488416215768476291592743340286877564052179170525679
380040546101678423612317979136529406727518626049019269721966935322226131582 221235526448504486619709227934179979610800278429708570477190589081247310164
441777111427153943762864345601385891865516980854272334421191717810981796136 109341246979365009385302309551951216365989301821780017436819005455911491495
496904923493238654076190140559092879630645546443556766355010412525134549894 124157974738416011051445929987215408085971590896546601231567844761596716811
451303940328809413253155848369648475223503382596382705997140665546625364650 14143431684012336955009041186411069238041473116785673135654946976995111141
498473195280127745750024158279714533499387866997093195572961017450247266305 87513997280966374100059821733280948024558023890213550676656159179696911403
447900559454476699088401679328012948936659629637997508115697787576666067110 21419576551413474206400096280141278643327723580248836927486752606403408818
459911406804975708489811446900516192676370278877690714545627455817300100292 74167514702023903528673964866669182331914783827463225373306992601225827985
469156862045888079889889981291720375068637657621633119352279646478089958219 148183101986834882160751603220383027827666327640956216179933243172935644753
373506081690121924645329682710591189982784729754911049561424240761626512736 4550122812378273254881197485366723443912639949214309258427931388018600208
461723369613021129532710890464655594175599595777833391359395982667871422188 217450040833662695462733563805125162646445342408663014233790842068934008390
375594799253736965432020030156603849800985013062525671973879954141350212794 38548974721778425789751868535522303544502607124838785773525060385509004311
508968630051730565258827402995371589025450582747578036976284891165266900731 73118977873879211222348663928739783891578715384787342849959978696811257937
423651259198686804210141013084054416378501734978800358783588390743394433554 34796051844332170083738212704898438608916892348347405460458587535850201571
300511918006152167974359601784779285522913316200712809289557204671284597516 223406211790131684721606128314934022213309561220248138221946725238311897256
320148118511857657176773948590437094643346428530669034346526896463454047295 137226217345348787439526747468945875593785973400685446272348567087282176966
327620338299824775617776972525800187230537655803768514799673643598470163401 28052941020853574132655880290637369770271494947212455130702192618153228853
439960963373017924982550968347805003085599736177201594154203475201263772421 62653011540660797284136005970005615288461058767101545398829060420680996198
504817814714078702866189208534993630531625896551282448366591783998830985440 228113747248261078740299722739648003103142531624715298203211774869053939429
504306005477240812445653883192597105741573521728186327163083318942076636430 229198309529212189272048236050240070980063329147493142893770564188072390963
298177218248284243704063139360123272598851493386206289547258454984838444543 21263982915762028102378635381471872947659646306518246898119273752136184549
502009539735402157127770671074199336453082034709595502447787699579389545955 118565864731987337502845974532718769570179833719294722914252185277257104256
441450278259987395198371820213304350268277170978403401557553818416235374477 89577185307199353772539850042558868022276654074339196367639615786100038572
270250925618406743836671338423486562727664559854246807262320023723092191430 237921382773353829164602495026094338290161387288344541094139225403494732910
328557949941168418988150171735572686078320057295766007213344361965451987512 74707675391030906166791656629961898696498658161839785581989760808533175721
377854267167536560611311709278531043637145247599016564814164555322910114654 188647901108535840930000838926710124830018610673413018858530423096966603673
270510935157213768815874618702241075924602644329404908952494633538366754356 203683115934526478696155647234391633095445610483982744949000871866566864
257088367759508512330378801733715607626586659419113191622001692994943436482 47214037646930981902957747869966572024429014184959795514480272345150077255
267452949510889471761822443150543634961969065939563945839159682972595621639 80881177076039347863831044645538754106544433437854664359836448361210581912
302707939746753650113466666014862058539176317646581307691553062129683619278 227554710020983802799877221752432469339535961380405652266623316560407713649
256158216099686985218041253574706319996243061412685262080213623375472152175 175870036572125950280041857985927600550331560790502668350278381522854460494
507927614392549908825172423155475176385925840644180031133398826557871805690 48228701721202916226942674841018562619189031498703487994608773926316629101
414789176811574194046776247138375134772770218444206805171828866562828899377 33130559272185997071912636033323475846406772749557499989903553138617044657
328250010495586448191326257483098796969043368308622616431512021558883029496 18029102341827423144779192644564067672551511811882472044822887600287617202
271740586794529320292189059883542161183612368735247315852886943391460375964 47343694636853346854968126673035377858573242748430515381663481281240307214
289707104186109613509653180898454528240837579532364372247101113086097394594 172400390250988989610515605894601351633643398857539855288180492113905338731
338797050910137553421453674360941430142459940519071710887913637934676834300 213010322398229737980602324826010548160288564213461022726945689412301038356
454250807692430169360172532306269764336137874192798246611087566794981051259 127216697785894948617822751799044787204324312432894529115210439961066965246
425001020204048183083839082725779077986325748285623901512231860117593633883 250015145096193484805976849574178360862258000535423871048593852241597708135
266219198891675696771857877841290674327005144679616557060866253260490409037 207812867843682211926055379440056141665311383976502134182125664480579175886
407153523077333491810380705084959662607033167092193627188507789574888452273 185291359871132460006705186684332480972562125612859693771343217760757113567
285737795931481211800113903214784185459262731430603642690514155030619350597 10232901115558794255199361202734932934193763037997863705289420490807093618
263138776671829843309728771008009905353214447803046451401519790804229984213 114819692584665248466577689351592573739820952048354558140575601103425566043
291595109807350832859734408323905067132657231897232006620535820265559656057 247437312949477584908592049165291802480953059167261336355642698682409773855
370322214838246999482559518509839066100191017683346710574767324304437914224 2289979322228701152718714216632575435853478786033578975149135219777316819
507521638864514847354741768698303177607317823048306894946436116398957315864 223745707356706980924742004452642669482755337040244320745128596952805548586
488212248267608671576210615660874275994477183936048884588442417555442859217 208333167931892442093234876624301020680208721255705666821958937296254896618
477970575692936566715580626005562448154269371478281313162568232413315447191 121775604418410648149598424874988097507778327224134325827573867734993821931
322854538235339590328717548260591766040286137743818235626522351374540693895 139242186359098483411306646918152908565347458928521462805642253759716258511
294242168796293667694550658528295861573033280590831222544496894094230782372 226797176004028465013971482097962297851373416776177151334218489474888852039
308294017903163806520510962235635053816494418270257328356576643727732207120 116509608877956877901241817089257759512847876151113367052574513032584544823
411419030633909017535623710370400865228028938307718434043701620957773791898 7505685145489834777793380215802397132575711597244617936480528266440311963
392488025159699098045784951350285957192441112348218884609066088633619056867 242530956655974823831855480168892659752502106894024045962866218872446215917
462869612933774955393643305336286046529895181226580081309278354088005895207 234742566449683615328889126443029378463275877588166541705438114249506775072
475218160232206235974444455151598046562391270301906694071713660709916213679 248938636615049654333710572321080047420886308665659137086113757758199141253
378488747398186203913303089650843395040384804094401600612758441021074457527 45244034317677746989211274433113440587431423831911210080804994107848431769
297413318456684190311320320451468907254712038042860586896461878037431286125 245191462986556533089280249336535608708256202865542338250769553660153698983
268124327846151952357184347202296450187663617054701777368992872921427084088 244901807349552722354651805385519117907397030219594716971921561930173070155
325514967798886240556547585036300309749458692530075326649948284876140516190 253305891320296079862945785829446720905333912241561087177350396951788857161
407259768188066205198032455456390353185516890600640327245494028629496501197 149681905198475251646278889897091896250701253570675087231801573008926144420
457235474624006613121236066448930072011516577830633460684003337276693569606 132746687591997664012967346193053609979194259635429011064868620356800726155
506668505217805700379353329015785102406897727209147848929954341913092164237 181820153232979357025285896900424163444569439416969940096739473428829039153
438430872220949451916786734402094178953569283557713278971074150134051615839 152494136790498455312059817676616831898252730072076132738356084097199561360
298361246110455309766285397468236481716079641235047954366385453696375262520 233845994149717808456587771650337540293435329473864305334531517309604019519
471114239102978988001943784870606319893905343807969980320184064198296557586 6537869076344154761370995416660333740429911399964774670432896691373966177
310858877373824486608007934075980211120337785856772935813748397257266782654 196503746610230331095163945063286007621959499815088933548131395938727490118
427857133543773109436813521542865149300433740353856342154483048269478773407 218076088570998318989975170070124689283853875087889488498138241033610366552
339500126680233740401254252346304220975528926283555824701720782949614345165 156337249147822130302285844677034951651468386226069016762972940206918700401
491939767014000805292998981889479129401659409447557599878767757695853962676 174775116137170060746014090626727638778210020461331015161368327765732644076
256558729000961618745181082772739576820649333280783071200178947377913969808 110151217640551749712782019889777077209546880518325358366456072441508603085
309096556527418663841236325043451882358375425163709111379416730271266541479 191307596915607267801111822859497862025107580262691075796571037180893976119
465869550345792977847612548365922088080327429682914531753932056901238099701 115472916964532048860791296377606771174228141891817526678820667154040121403
308014112288133115541218401488056546108101006591179806635861079026094956258 132967064177164947099713806093494271084438010463669643523772191126464632143
284035636693450611156469137733575825070236195089761195772555428232536337573 66144433764408133980440306805265617769384924997799292035916632978446703315
400198367543271662161455951810238954080163640174745762394031771260545545307 243728630837428198836698727877923728773812897871179349509085219458758010463
492173287759082386896692329933565002572675889477014031461396553806571420596 204436089004156599977934731998981707046993012821264092216353130411747805910
306574469545639606511481468473561683584204383745784764273643478197066033898 82135335324048443995361404855701115266856139534914920453612757499719971604
406251587059425605700092051163372134607208686379625718939376770803652257124 189041506638524892370918731424825277958350213020726610153417966746539534885
271937769059882367579864714403554240822337327245962605075658925291878599517 245576555738645109326084423971990450801028327642946930285515533949786598302
318633321380727911553192040090510356679530398103983530958349408016079261607 38137910579206310080486483707862730777108762352474780331087649712563907308
319188008002562466195150432629078194306437901159841698170507131580482575254 171967885480892258701136819561728625132456714070528851477358831669296953814
283018670006649417020151706215199438957181673697274766307491736227659832126 127734642184708494815316912352255699730334264174048817307811834027587631738
357677798368712749701023433713963202326867267649165584085374801612540631881 138539944520953859773458063966089226997951428783708087028135339740239560482
372787753181418949597112677438076268418525418737896184042820484722093074561 197719309816666853714532263074996077545865215608121918070760921083364958345
299324473628968597523097176892508781858040955218008073375062402355013714707 140190809925367134770542942853168322537533389177374169318565770685883131933
446091694462780156183946624512957410045472752220325080038674319166681982652 7773776821630678633069190010878612062181035098500694027991792422324827673
298707611346983683976925762543086559111840741252222106922265774975418894975 67322325499509937450766869514593128723461017996604135972893685734691895641
346968979830911404366156585287717448836478036090403183670466536714602146908 237021466785484230784093400748877182686836006175259187445444181417805087954
301839729413944338905200893353943075313794041290390560959654066830175454666 45041039941998082194426413384676085450501915353570898143539700664586083292
308535796702527787640649204455930910710996884676358015474814770382985921017 40064650560911973095816844091097921360118605533772528302061513993603971164
462372322436947004890883413807680783018815796482671396223685791098863079708 5332450577830366322316289885114098636352537076907456012282201261350345477
386488951098924901890524479315878944437031305859743210126923087013226436933 139336215380079539404104793155279986837623207721543969946358949044130022353
508992825633432142383563206826649348089981113385177914209090858848209728106 21110847592709543155744611802407222784841744395291093563526199275836563626
353572716746350727745591151064174507555500629868743124527622800899038226728 44962445360970997002246746756788415189883490411321544117325827384444806381
324341044887046922370190718194198999143300805738785571307213377405664103999 56962511498599280308801483032823527522523556807480348007518100975492145921
398112806228739003908920709820312966919468796688979558705167293080778093475 48847974185465397743237251624307002967689912382751799884452706636459462420
265662421814568730077298018235676686883548732218239711340927031913008637758 62817855746441727072616809863236374712076050202077201560151983406911743368
424843498379224267393007216002034822523413817212409596970126009258748789608 224658055927721221490592111791582753967834098340390730345652167788854407973
317772399902864987076674563128276886002348982970694756349194648734240040747 31705930698091108254928173514159007882366621036546658829154848694506058551
335388340224415733750667363354116456995891359010966326130387760387617474630 222773821494541476024028542410329077064362848212050323371769632743085589822
332158248220496364011724489171945886487132966342623579632401184756203498776 60202989884380681508673009115310446201265067827479250588367324507806399751
478121438610157395453541395517171006069965541213283205561481381793050639329 124934865901769620068602100996292601336882051733196518948943303432102472415
479803451542605947510124071063197921592372135872912877417157507195100742538 32089375262725310827035227360683954080603028582355462726848969018897341423
287573888625705741025787175005007908992533906355622843698886372921641930744 145876617600496193224130985355680224722573132320689147059576428899474471629
369385719744073861051699896234490925636316732609056325544062064159759840445 251833499231413852157535952953277257345191585915735433902745345849065545742
340986252404262223313265281787680199995887081418434251996778831313380108289 92112302643593375663239103098411131099163709619517399688100300872051032220
404784415304758278427412154965375243792340782528877888904156701992111624247 205147709279921144320627689756135943808684565601910366768176832841600688886
467942003476858097144016645388563080804617025385524791160647595312368394291 91055675075659085646911185155079422618586307029749854809068998207922374636
317369149420963914563038801165625293529879737846054927914932734817485166938 236563798562671605443832420392590005960699583080690111780427071621059778624
466734091011675351639673851375337418876105443226841610987407646674078601895 92608355496148511332890295677697593648987417716634607482445368912724525314
359926146180779447812710037963066715233431343188056921392978517584370593891 17793767937701617349776504654113272069487718701822452999354613798331776290
487658922195459080181008701615655620094674507254325793190044661517169490536 59556206772664441182905770739141017445724245364788714747116221892254154501
408350288272263009581637981007185234727275049237954012651670717843911708795 248205615057537493685350863939977397826687210877315744239491784546208493283
399308336826905300440196279332428888638428904840720100254494938452526274578 9763511116025591858509586552302053062453546313806456073289148618087356802
414231806180215673030680263884203620811924327131831664897914529705915668890 6503201207730801754966278929843130264262644008548608524595656565546325067
303038777489326004347442918058475861493923272699651215020252263728326297519 172131202765535322069041548486306021220774464136551367714751607553403729123
331938003195844983585392894668136726231479432968169968332058556554608163785 44714067964185959333206040343764339648830482597461840595855484732730456130
310060125742824266653697729635463909154177188940693379544895592160000566105 169289646133273679418252608553740375864742547335487285705300200821789468297
315154989189781774965765189287601748403729197840184259891438784895439841816 186297101168590011301192082338010907124856054395102260936988997564062888668
480065279985714710881227087538225975640637880392971145406622579795484445102 248083167484362553143331311372357587707915872773399412301789996841448284931
305277093213297939926253070297510905625232411959488866628821280723275147629 142493090410256786436916474127051671242840387775342186410429848533102340250
473638518046992218705540217736213742434035219527139386841273416659050448050 158313197583165588991112600300299582938505573747188429444256930623443465421
477280292897097663424057532709300011610088860739527741841047306646234842992 134577157797625465272365545849526679720067896178089992108209014105494630283
320529982274819034594681927403834948783463730659808682619736492965482571721 15581495575868893264181383232568773011057554985458627271508160272642106160
392047364763764254364721502734062597447867281704208278401457692669507596170 165749742333979378628424100995534602757449179369267140280466999010443677998
287736008960281961110352046720335565980280074787703619826836399366568156359 117108107577724718528960137753368074460467581528595781048043352186789031175
478887350071337273827292600369165553639352965485746047631555432363735111627 40631405192021822863099885419861843629701423712640140242655361775782659720
475690195378604120415826309467298461140210971858609392047046868209163883183 122247352255569023569180094939480028834293719984338808910908732875308589075
445481934092644420441121460452368023374106933839461964100523892028724650002 81950029064258888973289896517357048680669642671234709476225990537617582296
381161533775599326256045774024253704428631620984931092300858637826776762308 100140911112068987996161386098831961900491694180842287349579657573612586281
303128617566554334313000246395348131645795040590014076720841940545822996310 22214703981863818559819555693532048972352069384499820309955108423458051549
360477817654240458397972234402411557894139166129052664368818067484156544784 250856685137261582523071689551168696688122254279397900043166066208120293998
391317067767167296907187532921806725488173945978374600620786120751745233796 180328433511487849330589910008471396015837816823642199208677069284961812292
316232386358214233768377318885408707432997331503741506499010339808411948862 157380380924415600849424742609097984094418306371629770893674609959906314793
283713401995654882042958119633138841797049746823064699666834042593097820606 118984646162709504462937765536833615922427000666993959425373995234777437382
319402628733440150800721704943979388689448413865500272247479629954954934844 220907057783344436594651447942136316794876935691400653026421243308483618678
364637328162068344027142298169939749198234726074192428661178849169419203899 92918204677169435706675169826690829325556967662314085821997455778001994670
276160247045790471735713623275153493170088846639763491797341713827862655463 101737850856555486907705883810813208475460755566591157806188146809503731365
453301234583766102046972608811931567701170889688166059329689372353180375674 112889719368780991099540539595138372395094263129737332268441029592103593485
310876377153742284409707582229420533826568749667226577443909951143954374174 99633876189539010083183010470494209091174374360961459213470902322398240586
508013215422562415868366327310560298556147015403489553383543518742766484357 67796383674331883143107526120923774396400175243155905738932613608374134800
441494697874950544914481848565787040984617153826617619645041684505787071758 173370951252149916609007919692204901065566438207588634768794509236309784269
462024890917334657908184164358287514914581165002906515247596769695649440486 82998216595441820538187428469716197212260101680165272562333864059375030284
456303361259874062027971402975314693087254522356925202861976428473314017091 179699156548519932644767454583899550809159553927715818384315669795625641284
493318903400974064135532000609695936326944668632552027330886527041329176209 32948683230615300625437174989564971273222670768947988740176996652491930102
385200605846529893258755453240282959402370167794091772640763922962172088293 235089262100340632628296645766948712055448789211171634123530922165681256064
285315153067486359784692773660486533638487130030565964234994878175651444942 124304537133352754011153278294461118917548810474627539617537878220873400825
350064337256551715499324417413959609195824603127736357229037495422084692352 247595662141653366992896593980421530645790688138806298911555033514138161094
340857195844771941367023461444565573157503006411294582334052731001338482756 80718906400492013121372140328055565403388314474727580819786874250104837964
320706072785433546411989727023880313366544368378210128307808310700331622144 212470119481187922803900680236430989321188134054937810511407897997402236629
344498570152535784639521564924154081699459694495641230933224292973324470531 205398990095476757322020693267165611966029057600655551832273416418765510062
311719334853415991214813300565504387641386736242815026521617827543758379387 118470848796855035827533346414650436018947945690396653510575499802633457340
268177583049645427817412345358916278605050163064307419688778013947542733461 161142115291859086022440901282662153946296147711757146579772528654776128663
337764492353142496250128877411755992207460199577795731066000783477827145168 189475552375464150195379554061702404431738041115782799197914582390624519410
492058978479154136344441115122494214926279970393850505384341794148270871147 137021673269931226498199365726725197944215942943172561155779487359612752619
431493142356099110234812485629333550203689832833103745206592011210799327378 99745481932909549473965960112019820203733239098971405105797034295219271616
307902179649338369736883673285573464889947758002025888303897795882442730995 181717630128577014773438868799314459250466702319659696364559402218917496483
271497891566141230712493559009908691093411313890332626925273687354768692160 228476024173817538237000412327147628436068129676533964656786105694383613521
510136764612798440288705482878180501539726747267212819189188712802407015877 5177512007097463347944133528232344731235878930255054907718724921481131180
321449816406237900469257292645025718263504441559700362195908917912862651160 224367960040715385948984649060060280779807617877025770274889652505718921597
388490957421251426748511800178045796778510230171373293266564373255311130352 214056338147674177920900729581701693265028603278775708137905175289448218069
314760065950994997563972989804015500433637263540596950222979191216078014536 200856137866082528080848611771999817064544464600376929919223485325148840411
377154029852490690297735987388278468601953719149995906351605009667455936747 123191199311070489896329610296693565896454681735910099586775009097756584551
438526797624446986633907213961273586849648199680019604028934961410656367745 73985089709886749192894499860636985238147086290705146298530828026437997971
507595960016282997116555488290970648684978772151522751144852636828032614727 74184081378976315641978044854779134716589297070744580794434012088900548277
391142493774348615248232471774471508731677771312836378457333773186309088827 56079884189566594141703111053780978037122427897558818026854151658215748275
489462625220441682280544461958393393411555504981161754843975198475292074572 150700044516335502724493702142315923388051370986256446084254327585048934987
366895511584644514626677901816355075276395688237243560909501148651820992223 35033461463724339182069008165054009431802116706044625047000229566310609099
346338633019621130928347592787466414083160328423693711143080987696987188377 201554152145400587161878878756214704865444255783427233712895882289412712577
278842982025950152478225448309591073073514249189084232592625494214962482863 44842272425802275019559086596878631338220796024480358923065441371654164606
257399822203965250338412743559742480942893412115798883470029062668525524950 184339504778199402673885431915596106240348563309431742760597667395809049015
427266369978727446203474802892152940517469669554187455566272487967106868624 4859015343953608106973699216865357204974710596249316640361528093263167109
404582060390910938674322708057836745691770340427040350304488480659569717815 156626497052246444189976428539638895704452096832198264081307776765872832841
451549261877210760060175340265175354068492389852023039367971154155622805286 206636896977695830200345448523207257684614575591939784847343849865645426542
278941794017105227621069220003586475120962309261665363839737316228510213167 88704588594701214125031947111025618678410172803516792917958474101358496132
414607189429634917174703205329264926396790618787624806927114611543572096016 238510959583430057367460942636114126771215435833044373551748852223346175513
426184140780770933039948637168021551036270666422629576245150589509814669203 53391079287523087799279034728449154035902196333273417430087237217951249235
386298600305608223613436818842753539218001421485314746118516828989608604078 44602534782862565716014705917653365511978714176997874617298587233542957734
354797627434464844313146322856979021766441724022137830400451246092417027741 199571037117424626826092506720100342151067710893808506491357551687332818318
361568608570076059624618571369481863115363249156134434186143882550213134031 133133747052066503398613821695634562897764189359944327808113267785352166318
261647556096729194206462837887802691519130158565425253094120441217976503466 59067531202265800840013080468868520862271810827542027333495282670548860593
501768252908645974050108850458233093344928766915839514451632850306437166466 21909579808761603977660326769856824194710177929815040038550558070587220376
404422853321427087044025530583259712955148618250519281399863700652137768747 123073466329233183372579327232363757998733470403948092579707585298648447857
397883993700732626391400000991048574490746063610217463898165268694777388319 174449861487637452038675949914715613413511035623943450828471881906769062025
477274508714512628188526800138649073690613362204518936330475257293773913495 161590242269456488990455822924672609798002524867587451163660946954292838617
271207889590250930714909764145736898025292719056868258034774922774929404043 252519941222940761571700184006454085854837413269154813023004359870986090932
290348496046221009652072067696255748494753034033443008424519296853414932609 76644845230390303196537458733886781290236855873326481215168200524522448649
268996040426877845643460441443503699480893373971620954444368344797887593735 115156073183012530825804772645909951227539276701666450182329286795210969711
450994301980085239821433348799683849532293450214507094647066566376419287924 96602649958101296074086131840721979609751929171274787054752116593738380133
454445622755924131291192132489322049711041588992639162049355463469253878381 39668338992001374311507250622370418622912368213300564191170851421415923310
344905527132337425434323259170580682486730561324360413622742811894493535465 152341939467837932420650052498790921632900779601480036630406031002010870983
464785130085761413828720543387058379833476271524532325554588640891652272741 146029490929714838831721718025127324545921680120776596511015263331398168363
316453370515455983995288654282796491783159693079410820691315218320529476102 158365621605497984869028078866305423123350788930375513666993355966670836297
265209220245217350069600803238296539774846255714816848810579790625580183428 229173988846472650625312004825548598455173526077059735417862406901176741774
353355758469030788221104115341277602612177620585250890346416268517267348313 154615631346918745400961283063552168228232950575119981927542080038949155748
276077870940736764267148861628543861520252540572280369754969331439160880061 64442075156945187003354364074197454446487705624832133059266991463033670980
421981153058508860317024768806177813510459147931097215840301045904510882378 185371265342965671836559786559135639535013055363799927318946573862617280156
448268005647317434298250896709148756957421922824812587609398064713729749806 251419605788240117254421157040358649901744414676347067486285141823268924327
356338726688963735255575176828935156105742539792930543101092401894135383649 44460393203038627041833941558410727983744315219794847100224257727374810172
366796195445269899174387001962568755472633256358664794895590072609013548334 185370607835470718882759719593414464545238611225257696995099687758746623925
282458558872841982065449177580020064298572299635019566617199023827116118902 58720032518528928221780141226703727277701669392208571849549236053576899931
305150370793358942230296343418892843035084806050936811513714968215834873622 246965235252175363025843224908535108459273740303377264994783125670225597827
399791687965786938896615060985052156457942855318233163273329379811500786945 49382367159739524894672335553636524032824507113629352648534238100660696573
322691767337304368626768117947308047742838671621630746779773378942065006058 164785412440427378505038158066157656958203323847122412137512295535878599979
265087878977817822975475106243824044234560948004721587146464888005497270632 53717396573503658880061036005949554563566864464478539816251090708263923415
409561282167597804893502487285888653546541250455520836560283201859571387938 21756068926235896417037172692832030111587608179976612466705467777699629174
386257656245314649737309939837037299074126041287349462855086595869268697681 9929284751047332817531679276915617575453148129763272262180424308026218734
303325411826222353929120520281169455001645894772022441441554461109479895061 12442270904245132561807393540432408121435883543051762477477469814688567900
283671185525545164147705199532711229634741260174149017318065618399167902181 68499518695908417506215430847741836225886254532717214747801995085291173965
354979002045385285280308342683900131278758369203541239281824583187277871756 27117508982041335577938410830967436157842600464478595437200179386026568917
339506726116375049337660587068667575335436271557661595298565524007245018840 253448207390256739328493281210944755345149902929541045765048368841211631953
451052974718109258293255418510635907684208513249789735965024713402936977965 247902056362820932623154106065240625887949847343049798395358519656070099553
355378767212708918534122946948602152696027061047362935600249751819412737634 245150836147768372026434642662461041191284999825632556729031583181488125844
368076668798776746342611609424066820419416324423767997372331676272592101294 25072732725753561657494478633785911965184576105991835435208606955156506589
508563413957785056395791971936804282086762006920479165112508653058647908165 183265055465045243548698715150988896822764451692827617626641803601242674688
319752336381521581439978870459379134056848041094591131478451620945510222745 2680831166400828134114628488054675412654864028681135865366788710699772679
473588178915840298094060519574823836930132677186576119435566847475169563323 182807658386803453471176847636888073582537655571609447041678491529308255455
397408039033738375957879856977844975051284682455573701021895557731315433330 121763448705468110928116527799809638375302616901822382007670923566147793162
500883501803040457273131563536688257800898179816068619127115117601962380833 21465898875443959180985787154034118515616972408694450404194504793930712825
502035036493877066127148949353441948402792203162073262654439567644862576081 245710696367573991796411976606980808686784688376694942550123062092108613700
278024031840446991736654771016185982497332053984341184009030485143007929797 24093972902743565105270190823993786148053061060337035680885358844174823701
381041050602601847842034711113475787335873254916124943349509907281961184415 254367708556414651751757494159786587184132665821691571007926677430563453725
417357906323584777846025834502249293918407748329725738723635969740761036047 195126578105611701460264292086476388505596070307381850686578881410986401590
385344321851166231475965476733543479683719747251645420908860415017959984493 42557018700474253821507179595701166538089211383818435831744662743625566234
324419716495719887278993702366920785918116278430954285350215198800494339302 220989701947909826349869403825919614421665488244791209869491752664036501288
500780242926851449904034400146694348414172700073711231214491740222739593712 179659039173164507812278843329634635922967356850717365327426189515900334209
382366191689637425203360204310615593330632863570903859263549428257893185053 103440731857957985244040242317482694175875037866119878010314681877915961742
355865635116581872034409243453925538645905540191965267001434815372373210057 179669030350385338837957386511570342050951798565264666216906421765959783381
427460279547129224070360629318921088160687021008324379847841285779276535106 73565809743766118829372771763439868425243791064131769237882518975331138913
330184198295942108922622778177284896026891023046018307371480562242582044530 228582190619037222739902163097069949769216778961155973484302848322354688780
315328601735567649623741523141524447076396622004547691363047251165965397392 187509574160862712271276587658131305212343346645478738308576107800778808445
348158312053831630287678911876276501168930261994613996710499310256218928295 92095552472104878009972424168247532555272273868301272306849730892549216261
432398517246999655944986890254114837656046418990169773917475708247660502273 97239841001054487262111270855436718803681845472787589756509069994333833239
340666770091318942605654119163146134250676425227996754879796016233939303042 171910378113738745749134813933265856007112317503959082221171574581336911690
296466116738887600145408172905358187596720434489350706942353354492728351700 18442239530200669249228324090459533096934073689106261326916172099883068877
389805468996169472895333949659177361957131500334975102768083671644716750942 185430761074796160741338595486068660308388212825692505941854425579903236020
496226550779140091751714058106233413524092971612613498387273672541990310958 130692047246243390444832977005260117535699169804822058939637278768531906391
357488084514175581207051962133816310919147515394502879244116721430027314286 194236648086361458997268904085058713702543205091576175844181308841743432335
372620504560424564652505095851668371582279766336601787057736326709886732625 41020702208445153167301335340899959757150996624160338342650602501853659700
412979579622891003230591780076029353687363852908599477035654779044082288695 141595371480249947942464975832710852211672973557121407510905941776986874972
336806184920476047447088463178356750068107778707916818370275337779138536757 211147773577274962620962134613262759867304745689158826020893833717348671345
299181270864848696552070211202809862646414988651379054035409273381096033433 41812523560522452443687196616198462113292843028039546528742735041704647050
365123191674072006948316584875774737875795943739858168849922812939739629805 28678275150005503170375233502604075090168383644427048118814557704751363714
435887743165403863821309979662490309351562424315371445000657393699354041488 129072558268473140705060101055424205990687907242036212455464452770965319569
276344916167862883703768729352283420863016273898191630053478760497168595053 227116559647744138205090246516462979423362541101506115095291146590835741387
468095310545033785466198419175411815265756631573995112856075985479015286657 69382961087443995837197371778417407706506623072457608110705037407555264101
394389402332908826304464093688755298780805003206595609318066568471332278164 157538397532637263383406533511514955660326475568048546088294936948701578460
467913338966103183657488320420038165535666376673228198071397781629814042030 163432120036654044687263475705855954221860493554638644538810583651720162462
469772732594731179039413876446478399077820852857193223867762422808306356536 159419762930526771436216663299193291108123271366037133762384397457082685117
265336290758604284792779148882131432873487333160557500667153454797388109996 167121053144222494390929116749624880451856051156840206417337128206458168166
313186887974915283673543970606415937251596410374303551812472354667214261221 227555784971676690199711511628061665208681414325818546737292945313814280507
285728955274410195189604427448752934199070596261097757044654606201626585544 19267305734148931437144431496244791217884065675462732875571428674233057543
500895155630301693489797132749108758083871037086998855684968005898367286018 154705047198305652538757148958117967175068664873097698233810580407778317606
415107980345280950513201997337110961849315954920415584607842789198848543146 178062643347140581380744204471560080221787881736689118228336878408558401717
426204461769280256362293789231068118132674587544534976381500251100955661337 192312555182488277920676898530551082185749699662047535923286619457986777767
333021057711952698857950370071636383400397003500958890318802375459808932283 233976008057114973531329686518909825544625863281780981579961108631197477036
442203303023583248058148937164437015526199970117379224940545145831154856022 118656833964080516382811535358868426299642341820161860667607429110555005259
299313765567225023586723933022345125164702714178145390270951715617341744166 175524889305514282127932341445922782252365988961589953536177015526129575382
271109402281007153465344698404141216982520682311063195003654943289145833063 72170419067133555975849567452965479224835380014151381667853363251872636418
338161597499063151318003930409969696151269800318023527260989145112323367010 110921033312700806845445112652431893266624014934310922566166922488012742490
449810075998103599465695819164070361552589286860573208637328986157405791714 110624945121703186464608436477363328758897244464272926569716465612454357075
408362580337667083300501494856754132815222551651753478917858986929988595521 239307702291776628179669484100724831080311276055002984211555711564117515736
345375295101503978926726931087609920822564981512165380828388250955633504346 26105335124840054176068443523542146510267061124938853299176330439415619663
484831275219254301489826746716193391793526707771587883879047524667935922816 110678930043341388417774405381106057596239217764694849084853378813173604602
427547194610066613578419535540050089196198735184536063957125508997721545710 44704241386296422906120020799889491168806381389146521534237759583671196910
300013657163601355671470363089830251156891633978046471189421505480038174541 80877401778449552444479214386859640855639602122884386482686755319315896598
347299812515542125768920488390051643327935532946172013553771191809282101254 17723164502505715925787483100157069753233751818359412454856749558492326011
439122010191827504838867590525769096753413490429250409549756854126005110713 221421664749465413326485556751920362415625366624227115738955434469487771676
280795746917421350180597788457342865638652985255547674950668205418414826894 174067837755595572562923812416926322025192414522856907868971735222166541419
383337426115739248220582312286279492891539904092525752535400932502411750114 120958701842375124010000525408225430312559437523525981495200565923265053049
349380758712347268679723306001311654621952388396298508834872993324216225830 159034828104510832323903834231942603630620317605030985734333682234348268701
305723398918971132681743213789032167995989739534875605794747039356711045319 141366652115349075657666710711583852092685242198964979489179910329537783030
306544776936690547003619443031679533944702367717953236459187269962649308650 144490319246634814649107245178796705878473331759736717034351834813022000164
506510859182447914508256170345078869685841458121208844931304776647332652193 184867046659548541752757922646094376013826759524738177500079859198848483237
267596537538679514028293736627238262507030781793809223823397557769960455339 61024402946067705949512574595084780031993828705917715904999109534024189542
422624359220901856360119650230070363343549581775948106773925157675251011784 231003492654249135480284340271225172567376446182160243676631636614399938736
490800552658201545107354657455354093548476317841938001049802450791554283363 72224088570255909815491360246781015790153543703325730037624236724714793150
455693499663386663601530884892597644422973867226728867449105245312369389664 159747721894288004583343814663629850213556721651477568677129429561252178044
376820545271398012247317623303345391806115337157297234737154584789059910695 252802860006749805555664780958673364291886960250458543865164085971338068109
367908669411562847616294641785337574054837365574572373239813940504261101564 201418393908189912578376776702970186722302465464985750088965883923508551346
437520940960698396175458468777204978601494019852377338195667528533915086250 68960042676612970914118444377809954842250920452038993106464455258116895626
266501419786609102035531410670670388488614164543146781774002950094898274238 800415245389007446535371518442878129592725475950934859898317384103590335
296506793214084096375484367809949060875656436173247321973376110939501752906 37052230018339291884691154134673072593054854529541883513750500379728693227
366324985954532572522725117034451872990917528990080605667142025490001239311 55023018492108197665910601869812555466547454598775526763153965229333823994
257427612113714925640839483255486917905758123649213866116296447695533499701 179264279247589323857219999073825115272907631691161166921720033681932039498
470854959042120374092098459616149055280921108498491628037007036751669439787 52372030130281321663421077443644155334704222971047092107584785028443639541
324129100193706561092391908193029295483589268010264313675212277266247293197 167160569646398858266958535198698099672647127787652251212119481049152542413
441517069408561449639797824813167329964149839744610379830775446319315026047 59300075447513024021724018407022226600458533496972169725606575255776459865
410296013031978452292310977007600311021240162338667156878416108320453218490 223012377631668220015191693104284047972669304629617057608611691101568406227
364930919772961346017665376545531722583293059664897749874782186061174393101 107338728291488571330483874810335251986390503448487029484183558001191112603
356490935571734811733690994274512720615933260294658905230483537508199136387 215672209854179916065325809061413128375477484667703743106761078063480119854
293629846384756039025079625621244006609811233390601507138413763255003286840 139734566973738566978126897536291991942794207710944155951648779055035796902
263501006304812191455703803158871985479037785560784846108610845952325391793 154656666750546461074514807099613253561967803808975899497823932846820294492
363278409394417128363557063463057552326014453412752714948777323074831848078 63876346396027435844427860720041513306649477630019165953847898223290321922
411748379070093469173395365170638590821258817455256842022931342960972459738 45595856348667449984243938518450651384696059617738755310550411295524667382
431172923347793118964203087220025747982398513970083288654938906696412865963 177737011747429925271054845247203825625156583631386891855125740563842039730
381918611496078014468675213757019858559244723698932386716296432495403013102 46692580576820880416803401129695939977381750760292322018709191378565692566
464904746890579039328450782701101638082167641222092152960766051722114370571 82225914387786119436608767366795266881972967343962098849391883962524263687
430536750099127090300314779824211390577457537296662647579733555567852071839 213163861446065473257590132568819969535701507932595075978140269055350130573
346801312857456349331447866918502436876329020355628527237037531747889832050 124791313883354576464651862656736436656568574424039585420509859099601813131
485956209954950896253114534250815513835751950291453568192653337906501594042 103842083509174236134588912429848801040393327038648816194003650772535388525
335820228827101184697436466852180580553193003760104832490207041615773065620 183431651590791968918137298272062067093290143197940659617407329343327463213
276910881259388547582428726247575474793885804406647108952063465073278535875 132547409480078500056414200620937629319954212374421541136587384221654911103
264398142632665102251865372065500474940103946746376138295939301478088637924 170099290220514802493361782786132670820872360232113865743027673539758725552
387255815198603524305178794418595176719533221139694262134038833720476332146 229253804297286614605200013737735313065424342695110678730111981006869639369
269614410733775097815210490105601592653704763879411311337012055451458642746 247612814316571886533030702247538837266903759265463917143439135818737666072
279743353350447719574623755852874602861838728510983565458277173575351397988 247613403993987514068511618711418463365348343919034041206515169928216929379
354331982185447881665695768884769184543821745111697809635744182985469976846 83708515245253516114863847652838437165605490559811228224822390209489387892
475669443657258281317500475122720705889039498259768073597859105667242483527 66308692356561143724181527553102173561657666680664629469465610431386579333
435967141841464089679649949989225723253361599459342489607677034853949377730 102763918794559026718187541447630176166935467980050477716894810052869221027
400558354468690272865844328489666165140846999356921113534531449913093199637 67323069121694939627741671645434487983926286346202187135807647210542176549
507288692174295406427749480274932650580250810861431454778814396598944911933 163536664844902544841078597164245543153887583233568946741781377687697057014
371434800620337704614914385018871160431616840987559366642584787509807950360 178855445044404224022086417186648228841354190939736051139262204445418980753
388387382544829201704087116850823433022278269572889328782576480140764318483 241806755070163365974780488338599168096126864932755362156471432826637950435
475429400608826208949825531903173036025664836626900293155556746108341922162 73410635476279545574578427706444952727004114905064454232872852923548525086
349825453020285613689137100702369454314273671767633088207315316843924730804 4706392604821004596690560013809892143517432735682278456753054105339353388
349641452246507670891400406840418265495113944788796734912133157921726539554 150842950559060122017030540590049941101905906795895357880106783639239750840
420341770832651995238592139609125961597079415949081875129627395572785771637 171976904637675641514254886517101986361328730933730236972845184264134874120
461303023191255736728735459323735063405444661303568614278962083615711823547 229961554562268057258917496860632088242737467958532774409811402418579439812
462908724600712329382396866242325761920166621020673443691923757665431220396 13845263540935554919043181176009611234387661565298010554004670877993577969
436030207874649996003913827608578582047741113897411247108276935318419276170 106146083877036835247748887451363271726540628332213721211024594683303406519
446623137054009391473803917815195047781684541000690964144014587753011262709 54532382593048352648797920423197101435971107105876563346488078727597821996
297898468678200511285366897307628798133363676777553181866364918452744723733 216932404489508937711675538142537501731652782768128018136880435980805798383
368134535689693099590084677614379654142148067361190460752099006570706180018 57922444836477023574144644350108004354525291272766371331630271932891694412
337715039080941404320177350785761515252969548141242071626251209888662975802 99064826225499545084271419336603132874725393550297086354523600418852176776
264628367765640706160216916383932068289956136643414938058804503917786434229 51264316571452291264578126180312814556264102761877263125929207167097845860
404557213041345733343787982850629239778791029832406788247637404123767107300 56338510799128449542527493814974932728722675959881036835558970936081776986
500322434414464632874984169551400272733520255870621099798910467145669848125 250700450047919827808062688205711934475077309174293100117815011476455492894
390259567009038002522738287876768613445698355053178181334335336217686948172 112134259332286523124473832033878125178071103661053165628202741712413376646
394746440131425963614346964616020351776462390239668281490519776946336849510 191252466805360516890277667511901356016295572067326937416924224485444760535
294343567800895261479279962102468610999830097863934485764042971914558455271 79111710700013161012155406063753231595676137622516465910070026563465462170
310513511177256086497324801787914339999038536543633473796013542967654378504 227629275659037528026335254986908374536392308670322457920892086631003157925
470888528776732929768016883742643085192451216694934514850680746686397686123 36789897257721554641460378199165339234606371890839742703848789828407692116
426159795403791347510798612135239854991304880706058420391727427495953526789 116217558873019814408277048961674048011172237758327950083175572718687837555
502403265694492792791038062158707749331100224745316666120153094743711238808 91417004915035971699071578925498581505898747417829656209828241428986107205
327784300923433498544087636039572412546836103850836517151860225276958513232 83666105480503811144501953254483914175399403218709116904680207532333113452
491330645748668304699542895903236939104835476465413581973114413723647370851 8077960547421231245933377868624284144015318798536589300445569956069739864
463635995263520026566450218767010180852773372900810102768783539701923014396 31215366904241111106695160303550834640275089143891263775910655475718751924
305530658931037831721904888580886358567100170410710088152390840115623262169 145814409016458454587604392082807805287592916153784813203673877087689511006
429590253003730549956085886329663645355766616258675348560474878133484028441 48634892561405172930827754101517078107029036928286428650527620422028454672
498970141595855804633913900783759751977376957169256458737741338415847907110 164308891723095023467584384448546193015670922267854759088133600010878117556
295319911520638225230715014236849057253708445748525848528088027857977901204 228544875864266673839383372337959493878433932419574225943612509108553287261
317104171109186843693311242502449852012362477943710199157522475868471986522 112596462956104447984730836663790607396332788807232180034164583749001125891
304480005365699227626630271832912913063095493421561159083422637398177666831 200688386935960268565754313985384787012528609103134836301637115827654300809
299428589162557557400778709281005052843811591589421343865731337351068259894 76891743199531368112269556776164031586425029067957445051808851254809548534
403214358566343979460515237570605231226298964576321309666945257525015721512 79291722675947195048440051602774271474834957691684056635893467341894110556
255823078913594431988842216807594708391100654705517415327056955932992295486 240070283974434179586718686191913159072207635637456067353428386740857164366
274834886316585659464968232203391790349412578603436476180993769916068992185 152575529841611479013746228650034233539007027412213554425389464276321522490
437904950357533879706067077718117674880467441170206354399410191761633730774 101954476490249561682436455226250799492708626065658343320567076646008656419
421812268067908053539769474166053187491028466234370002772377914411785530706 61765961695798790323982732935946495572215469834791657288206512074726365240
407704357204108712448029232123868797068618717010397424570680373468805439590 83923173501521076016954327504105467697324158343038285551288230910905362135
502539173650762578926249742183913391348885830106307833107786634937611042449 102897649013400802236800555524744100816055228929959630330387938709461811518
360692624907668880471030768780240419214912496180320935597474214972254013353 154036784567033315434384642435731778985374666554377360579502495562046062619
304286514940454758341191885795255886417132172330462954627765055125542487046 151585318618611693257872059871064190513104173834701981503703916776069821472
310845824183575801333475396280093557926729406621434925369979626468893078241 69042201516855010401331414698759804393136036396561764174324409273088242368
264915434206590688330997635770341052211999527525341098768911211094844748794 38005490311172626530155736814723263424144300409262766481585838673441407329
335473347942165323412331143364089105469518569034311267355315938224691335896 163883694923172835862279741256299289028801072083993848147994847015878932784
462759324892456888865466935130143352121609497715616330261007583851920907214 182036739442118222970733220120167143930729978903926242877104395842869254723
320893478389590105353124880145023758313846169191604481668891125389461470886 253021831116757008411811320009512336736862684633999302891464620169114946987
310916178225787329957565688440611621427466529883039636407922668699362151370 294471505632023089808244945481862630122504988735031205082612626422274541
471912727815533601537285447556716357993454313825685711511983468155371314491 84231719594773102832738233443954812135370510663448165591794110102025234227
488868417114067771158590892244283504533492266579052742282218744332564180488 235456104541531177965854163461328563250760361619807914997858089973713282568
308709004113591234720412565640851577076166792407898996041156942572057176363 122382221096386094281514997181353546649907366956079638177100306240538129069
372756378600168784894532277019492912600575494099217650912638076597246243024 56479247131784361943320534552654409302991152583031385790453283267167353666
307159078054321368632257883756653250993274691251626311554582976371216810949 212352492944479667239965833096673194427481228506796521835341717794094991352
364808253171517931920450429645636701964273413599637230113301944934774839234 201919540429012641694726774143406895113236933830266479517989221470837520091
280693710287027670614298141890688735601080719008778721040237583497600651528 178248726964442063833343488521705635357140185624733894536958956343166126207
381912060253016711499485647641583498232635842674799487511741802046106299510 173233433916202237943023158542095966342803186140083160549292342460798952687
323022182422769407576413159596378878657945857825540828390225935324997193842 129460763699710350050046341875864860955936694205644552249455210425434599236
451526211051019555125275868286339215329825184497146835262262443955300938767 88587615635053013596088267779690193450101768786102055722201589638147285700
379957102892559509732356406902774516055575144478805642468008209808159557240 252230719361732107232826304322573749004508142923066379560576962687393893098
325266015854049108564487116647653537827602744914126665924661421403411500469 68102786386616707241536743657137753343602153832751155451317083975465170535
484918421875377407390635392298347798473051633405967001029719819384964001786 202259362652894194720907213380600661373497782762499466846357145808980592768
504906033512023220848502911967665175207369807556252571583181884467983211051 104990246859759047315403097161056211235923831938725641607007335043605740764
264421659754057722259111276715870329551646021770189110280728630109638345243 124137704016800317995702324031554247430396069714336777144432754554044854706
313560996846353422376487421795429409227459688467847830753950261497815400351 102545834697848930787238346543319594282683608371006430718364089422211554096
342182911643895629411938750489178873981417573439473870113407526686091332895 1570491242596310952224995101067772836113946090003428797715548988117511261
389355012001833414019041909224448524164435914277461731725122649730369203204 147055824665133635150663858786668332774857316120453983871664152302571525744
261272941301067764015920691427320734044522764274352672124880393430153765255 145474964742776908558048586011499223026546270851471544469228280342953339853
465010832236735661606671248672420084101051876858967854824495196359520491364 183195868437666381064066659648516245364109085201093347107097644353119794955
315728107505554435278183494151055530825321225743339592948490429581391571004 177894671432069179428386959971874628724815383147759054213094479175134952117
484365203844066735693126186276277549453697633084817072905549250193318293544 210847220277630651945469799742308192306118591482475543977961011631721728990
406914212506303461330948272966745232239546408963566660282583506817196056205 170154836629214605020458708035060351699383658295519884611595176871962725983
385681793404696947731011716829812293201634520627958190218710892886418814906 37624219051128872467936166339708195551214020326537247143718393265139723385
463051799713464338976914300113954056417821891322199133253727637172643837447 39781853007891428048306470930331396359265366138941533604231535890778957075
329313911381692050542124864623598626113464232340525071595616765093260272468 196952396972790447661161395994612958411028268283985060668828146161747947273
285854763311270042248940090811698106052206262642439660549493663530417956433 130928222742727025135124710265864750948447029653211740707837071818420352963
366973331871633651895749389709758138180004314614721866716890556955983943571 135282462879625098756151763597393724214518913874259364864220159807021293758
266664552512607561929582246922650974176898534788138874947313344256071863441 45661645280655216634212705441978142895979120017646314668932381108592028010
346255837757532401130447497495877694886837405181048113436934448483577078593 74995311002645958587959648355818276818700307945508834996904187639881735383
434944875962659121210350549861054798106654985406937673915555622144321678477 251303524377102911145420432126152883142063134978455331131170697465169008921
416246883489705720851956301192162896690327411525612318841477148607027204836 63472391652295249170366597950454819351862171607802094622099880825231566638
345663391406982975522226818928932624375162984671517371185223657702421278032 23645504384282294076838243476577229750179968656672099902630788842029216054
509528705569995604115449583383452190677733823896198607043428476537400262124 162963613926039219691810194657242101555720417790188073259325724276712863964
390796099262200368785352998984604002462160350755176334815072399704463850776 99715380474433136608510866683177296216691580884654884964784285006823863489
459841694115219782895809179600171341286750228127230950116193544024088474235 173707419015327347902050386048604720591736208549351222240351996710054144182
450414564687743563566173710636999524380274978279107575545588582947408791767 94441124368071259211367536638535871056323360362710943414915651226374942386
375312784809831440888978663475972890879122630528600774457892109338018188479 65341414179293869551315211119911703266137381373988846514676590713150102977
391883930600127504276100142023298628577304165014244093196850933167292482732 167545316092140712277822514631372287516689666843250590846920609043364133237
381508899471369464728362873713801796732536261860149815633223933961870555441 133608882585756554241937045559537805245027251777826142255306258718589825348
458125664728885817828780639917043310725833148611098057433433355873601941825 207301292888716995068511959269186033251810839916382511765359192323983989231
426273572714052137251729236074243857105738996976026828253671458439028609153 191223300081666827255172798878020029873452154521067733834536665193551591199
355523300435060165500733551403918371376977174160297026975645517362701770637 35481345244840407948370754630054561970198238840176270253222166510324474560
337346462665183625292777840868518229596773335250193326975182071372714623072 92267672489178486394644343965386551341171381505695094707854577406173564838
446925341959134231468404459421935118365483245312549243493147776487390176911 231413652009608252208084962074717828591619587367349169054106162705294162102
330898240554546601374572692166796340617323649667082423209531074352055222568 23612700281329225036593157364345856844900372746463295857387717624204371842
278237162077668063698761646891768159075818894310806232488800600889382341925 223749418904503603292749940040918349104355318007064014842777173112652975312
326370729480012619380538660993998173610528255478839607010514525299617276976 203135685023434379969214253228574626407266458030698370352369462532583308293
483716139133120009652057757270631824536652285719438718898298855266479197262 69551507169726360412729949612087536921478410867309863818303189787782618364
337048147982643201995421176711507081258180881972976469813238317451520482041 132264610040920249480044103449573946051853122940820671925198754294407056975
398008130202278699121223992517529590011087075859434349853906988111463867109 178888231307928336620206878319441925758473020441032620558737174503931726210
490630637758305475682732253868674007173157271387522077517292108530752689737 152405156026558027096161382297782020920009003585281267187040613933771211698
289492371158717640003890199011957990304317800685079813684406650680848084308 103604012664614377975109693631023897945921889678386914009209831988450764566
395839857024729644420280017529618979025384890563577609313827474103772442780 202462593006316419759251240050053859976479098999963351024300398146137752547
300892232943109678299530527105758164094176140179188196320442003235606190157 106160686175116070547159304122184709747884635123334854911874191581466131222
300644654836251057407450569592483789806865470716717067465887514101692889456 15413265617425131235235203531137863348242563562021099324399207026401781214
438890557735947320765290755483510242111692104568562441247623194032119703038 33499229138513801718145219751988632992395742058427096137617228703878386776
293419744665749089273256757896723745063795763978076668741436389515546006303 66658462061404801370587468589854298436355891988864441925594284594167844386
255508645146743152936082816463572108333716250076697646288027223266000184305 81080942902267022670559184607525339345489584847562471114582308283203106623
439259159260737480214022362061430029447077182797578103246463975398012943480 234282602982291616775311959280789206455074161747636703837601878886765734198
491387781587236785885936803647747642733573332166953515631128264213075757940 61822340895318132260932379632356217736230479189579881197844937486140468659
323669619758165244926451696806882066055827832976186381103041083516700962781 184987014479828956003794857508455278721658829049687254225622137322948415221
504223125049769466665609764794864678764160729579266238094053131433635595979 35575280367934114020953424787313074249478958014406835412746530644710129631
296122371822442820348533788568990647959162345724508891270872457973706993861 115218399010407813597413873667734820046640404520226416944015401645388739503
364994930847632741584821572100325379114565174977428519131800517648025397708 245431850474725913526813836086375030158499021243739157522865239733442842549
283084361945961700538217616351944878005651811477808007642424171805362332093 27827585901443301963255551367347805439232337787102454472663426010146408530
413629153801356788432381368292123898831612027159287187555020965070232485062 147953023723887566260030169912059418144958916747716425506252894789080231320
401470370679911248193458857489924922372717941869393032028500941496228667241 128385281960285905400903686500346762028150799646160308223286169763791561421
401534183372202226602486550275250297932264278700355062461710558454256047044 210246108123853500628828645970411767912972740543474836981875025951399539368
408432754108457473947317164426699973859160412228346257138439456119589364804 215866390172244500352999056915191743909677908683464313152615450250050910956
468283397485174082668144922950492492777729996161565310731280353918323309996 75234510458359525364948088571253533985189493066331279029393681147700875129
376774539890421672039427536164788697074288288508576852465705306266159611892 183402839818720382740184579508404750049775341537537955080243763224262769186
323935026333943466821377208040806170302057886926157065182382270075309868095 237292970635637724303467658631619777642423544875736095018450476229509212691
456891678282571221986388720432078276188010701587821383742095857161830220927 73137704810049489129107958624441619060244723516798660560411802200861918573
292733864098094816767637934849412633272279521288563950730747842391509764417 239276335798769561581998002872738340034047029041178308036215791468959686600
488440747786172726457747416422720316512853581188850147971171680718135437273 252262752616880732983028929951899766441995577244139455107289939939018462777
503845490192990693138801510996419351921863958634326400621457685327171824371 227826386016878259544708804432886271151096614350682043910070127344726126512
385873688831391881414102685174648625262961318370245789386697281834462242413 30464579309390559400536670571963498284015115426626432220558338076355991374
327844043196999192002813055080355280967216015488545500182055659720712557258 247538304184275557856180579006302074288061865344345752709624273105247020561
335130635714036966980750608485122076512495422925641273051253389549428378829 232660121255483344484576031794706922678911843858279243998834612479872756225
273032775818332935579370709542486174184579180734924875483966352068980035715 133142488240381966685203485171933348462390611364915661562789532124165103771
355508515484313557841859589964962531612478179948702293905520250562581655341 19265744276475008813003172293832905562342968861764663336506391793732757351
473008035093307583359683640185842271864227183311144905134753877936790082020 210900398315342140217621408702345608932971561286381514861095126565282130817
383899329087569242273068630654718531298710822616605069077399697758070095365 227129185503112944345515056393744839948019912506237894839297710783859422094
332646426223545125890606237450222762610056453015304419613671598393724800272 163097233118745750324663650470829005989256538828093906230159895024359066997
319054889897336962405705668954354414384843326529637401216485851247771431542 207353727087532906496448089196577542879347925409584062066385949583104915569
454922649979410276549267257484894998534996030172597944223037105552877892386 41767172405034628164124135007263049437107724188060527050239803355257642473
323330916999913777763309340784997066430943566615794510296069743963028945375 199920459785987283412671977136601463458169636052165647694386149084629060780
456853272699070030640434256147860192605448984534081579364021737205176961585 131257033662579256162398056032656947827329507978803023248060154164466728081
394521078846687907193083502610384208603746136406514772268283273754400126589 75998841176512938751015769657446674201839737595554266008077921295578889672
350720168655367691960151632685668711883784393138390909237616738866078048757 7287413087767995718558376387208519218734936488706709151929343423269780168
266471870535492098681226718121134242823205834124665311608059835797721328530 72973678123400227364202973127234368886649267178181345742482020641634812158
276757906338113420625798008386810311709330399133783595070404061739333355552 237142979029279031984715658402102946335231435413627829902277810417877432166
374157058369111137446915798958334353019870692295506133109113871694130549012 115936991766602081153034168143615207802744298160649485218082720470288027062
473713502182986284558585921013037244204829297082237351567851588088596964380 204868953836702712310721749522859357867109235562206354443846628532184939311
436256704799949067054748613779912310782283561514050328288584044768164330137 95872099260673942737919887983850607937555456205949061500194642845186557769
477475677290237328437693924729498277000035288959229426011660451806747247087 193436075055510142414184785538319727096268715651150726981092710595826507739
484330944002358279700848233847132380611086935761697982067148815678235919998 82887413061017437778959559094529808598458216214690566765308955946459259800
383923997798342949504869454190973321265422878052246954897502572332708891366 109814266476955057338417668071356180308037296772824928454391845226135622730
387401011043573634954836068721840236286008006332533002471978815914601487516 227265893633971607769389332137080988003812889295004912422978220909148515632
346840611143838166283612156193596430450527033477365587748224115018625725721 75648914428686452409240919821174474689475758514320235501641862612337505853
318919735070127755776116687647871477732160153442202608727566711564600755139 168138994409013637689867146554098146010890652880993759003502436065744347889
280382348248945134415708531990395411045645032841880307449084044202385544813 181863548625597695694858823052861535735554266517821210655214173431433471651
365648612366049702396775311311118211957719901772492651338970345931812497877 233995515777322033194091377406452581598692279751906965347977780325586375357
332838934449021752177285882995921129289015522647855650045217934096658222059 66023927267940491153999288442178439645900635997281832499830401141127898181
296467516039574766964137946016045832330254824996050825143938125562990455084 72516617209528481855932093973860938458515970065036152900143190649580634717
465495605495683874565820338738007886388308476385951007027712266112775866477 63358687238334759562670999348708868972128447523863054229268143221456735713
345974850526904837922402360073672794794734846569937597469946572405286084328 55640921883540253729830025724550127309167997283920515182405402272643673424
296008778374300176588716872458076710535803485609407487541393132442099288405 30854295087539556543889770932302446126435466293868217063584282069639250691
426673403345872454021576604634295906746423019177891694202092954423849862625 201542098009524906663651945317206933791665076620115398921574084492151729518
401584040632046712457857239112423963753106942787708487267517100097342400839 18938521386468094805483507293331206519847770192420900962449888457056232892
450890029231217211970848538198938214734322162975647944119971943079507165313 92988546483209951901089974067390829402521631353443100041544140121643539595
371088826187130549565153072293902791486946738644096203941244582592516029607 122888973861251427621403799221008697733039925882315319998465673549438844220
284221795700460244902228990684689234670272691115783653529072450075278401039 107488702771269055366931999930221999473899689704944596413271005174236515761
508190525987730998713524721692584738441075567555942987833135581498358615201 233324820812514119720148518330082311603172307104914806289873522437077917892
281395190734747366443624670393609845873992646964847153374081840126914899019 47140051070163967435907672979850375232139266640766017213504125357649709993
316377676166925906713297631997991594904580546984245218354512398621600976960 118141900419248456776053320050471790224649960494610367765685663885589264092
503553423519879550177274020903672747976704526841929060737911176173398303212 95295932050030279820488644354686244643519579309864974179285580152630278179
455016273666167600708721745847386371539232487286061231661955055508518228791 110936971348560113872413561593713300082446756255221841448452787510575498662
346817391658520222650680546578902917206496840636168108540964462955740703621 154570411770715800986680516132837250318560618711252991117209140261777376201
296905513330288029795029229276812169276307464831053356779981024945803044075 136008134262802025119477401957891102955745312342502974442940266931832344785
290450270319332132093172516764126209735240846917416046748506983974581178395 40492647687302669652506549021307005661941568429931132524692139828214715577
279269354721257410750889676160993169711618742415705443462309917928655222895 98699849228360262290940296819281608277623099959331175808221209886592286519
271777083331602778236673975750503259248437321958856038866414631653539792388 44878928860186378405647385491793629494902754631857198862200279657140837599
311798749302002765716920602669101413631135992244999118291866446870468465013 18778986056213847149457280829954654735296646535867990064613519619908984676
337622490224845619188576000159174168639375354996551201448369455844936936670 39506625304898609795410146712208889483064794704681896720379379008096306926
330956288028524128914897069112728010017522799029974155036794461017429719002 57851539479649753789543870169163703588590559855589484158821657096149289437
509692903932350084156554359798596169563580091635582698193969318408756685007 94302206950741552928882915573922673069088708277306433313790670471810463534
497133196212217391095164630705985230118892804559209308698435040319060200994 151296054476926778306946156671703334816293707829065871933141034862032015653
496067492321367719923393298346277078871446711510133341297302319506114373194 12867571149917916968463715876373366680088529797126601432343542715064989255
366627281102430710820555778394480976878424071659366179456814380894494739029 233045951624954512202493733989100837570501314671428910479620563850073666563
405470772899693487537985185339847534538240596313774264344846932170207326393 18232330156130760807397733092355906266143964425681331688192361286253863356
313045164463619310262472616427367893228152496731780622304573889754219159777 154426994197796257720312500070012523893820450588135437540793623360226588200
499368428450210200500554163791241489047031991225041388263579219685378211343 215212693895502276763386221416859563160300437086820506055360473413064785293
304690322198802508885542722430768984565747842859063169942519252112363173612 193015853451335176602892488866687967139873994990142816088270353303392192574
328957565796978016165034505607249441343305355986713828642834895703012926738 62809769926288162684937838176497027733859373231998231441844906797315742536
294062555464455151656890170210389272260044221806366701057974300049714135130 105099778965535755267385719847942019821156387520831005689664754519274050481
436644270151048017959399746758067693704387609047667708906699838855478987321 96280214846795814362021095564954523490349341103448783308510860148301046521
448480624380737439192713099846940309120328679874533417280891888555518272899 14997043417436819288289189805049071725432796844449777623927948554164147664
415197951710011295484351593813429194361076361203700799948851350895488385440 172887175775787897300065461094857004513932583250401842685936686346792756651
341996775954285707518455469342382351731937376324507474634886126302536238393 113930723701093280024367887663440160174974398593264479636602486038311012467
342638100519903598079650665584105880766713715507952277426289954904029799381 43546027842438771806047420876176573232714589339136372318678660272710766000
442734658762749224714582318771590016957307508128977293662475784206112960329 218824372279379229384625855383601955962648541321339980700678417892657060166
393589878005264231379398023327815392729049783165105301159361265562629659234 158505869142163619672639819631805153812378950092576487858482724554372906989
386789496877769053618450148416990936920842454413477067553485568129525633616 31096511914337270238276375726177526080392130403542654891774458204235465299
492911787770040606579197427144012887576846045405287474211354622700848982696 48409635844552530196524629379632242374999029372165400624713448878174720690
389644660741909023285108558123719733696602941988371676118832725866483058057 132525345699148020189859484922811528903501311096720360850060403910506913845
432256795778617306965386424173367978598570133337720227603195975671519723204 186256836484944083506788597964321833213530410404652028381397530324055147447
433062627430897642246805758329688656909519253533327348128669410147997748563 147853880170211127864490259265604366564596111161132240154575602279814010811
309907858659860660142120894634870704938944034504982632938027617914779580513 215009122178280218122154513609574275734348766151511337218092653761832191003
370904242551086739471243354051486635929594713252677945023585655372453065818 236330865633948545285953912646346052881987230109482004232856513491746254279
458425653791740371532546490383738240032070713189853390079501229639046010730 40381388980709091604655902761315408649781849691576532709801733976999516159
424000704635062783762958137817837501244300500254047515319912278599451313469 188777582645756483749384100404714079961945281465438706124236019406580509797
494504690387051403902728374762350311201776904083111329654978714958436413567 239503007644749641378059131122101138498500808028016708304346757574683794069
476216658856228220200070741177935378196616010957698510728535945225534401576 107871819062624691665879141672356680941130219052674152318032528640744551085
326441666234917746008340575228576423520638872326910158817647577133572817649 148798642601998999341797715704938239109761475256671656721251208388163824323
328412975589193999423318751774193867522659549292960055471758773988604571539 95975220282101248514546855261365376746600948913855588640142479192959857063
389809074284070596855710737860713644423583951101773916736115877569016730254 53056179013895533477460669077502626724341299974619398250466735282448532714
426660220341456687999488056733246281388927021760718804208171223533293334114 64747089048355304773645234008983338378271790781954035395367884999723259429
495385392747882268225179737079007109128238181493010130619597518736486066991 236270291195294645863001095330944529190136967665993610139930307062923385767
486063793283883390932117565471631731778327951855601666230561327240399479783 227619120656774109456657422395901019863430810908129335182797409618870781131
367901745741090916464214470670689484295011049909927160194068899475913720416 132623090105218463482504524697846493647898973311971068784864844070048340170
347532608681780587992195414477220960682480113569423193811175493935231132353 160959589539362560654861349403169515965781919081632662138550022853815651706
463882388360445079783291920125149527696778743305698901421635082765042300827 57626442861019786536996506537308031973154186181473151497364653160444287030
410535603854096653007177909212147351235487636270141146001298983884877551954 90684975476123190988503585802798061195406798920427862236821073470060439310
366831508191304531342074029084721626552451551153323600585375741958021630744 220482463731046566900446555874804668719233161635925767105730430196494588968
466665227128677205294264079361081628184052264250755208778665971267358759249 196181154824198434661097723093645833998909823271740120337496579053913077745
429504316219366822791633254347336280052449139242502268759437502777172326377 93639754002347905323170378679055164096537138705687490323692655671596201004
455001326384032144480057149033172440129743875224330397973318893703996403771 116709805263090939747384105956158543682635940030250680038031919302691832361
502441755212016264806559190612723137186058239723622027798347207739749040998 248507411652546907285994062261602267210797206034029785461757767916406847230
337391188438452257786671409138073617577145847106797809632141024825223153306 110770417610322827032150889557108511291445179750028429919515099472922486305
273766315271802166481523779679311606204661061897628147342638475870366605483 148723539833980126905910056072047915220183663961125173704516372202943253991
264133796024677123466418519188517899816596022605541767543667910687311483189 253385865715327756844841484151424745089997487591369029842287540849794890175
262406733519526622543395339475011022716263077633800014330712556565058089923 92502578969780699799582964061518867722885054721918940412373601319645110868
450166679719563106914088940967100682085960187930790062917416559488329516809 38504896172337470979759237879437020810244535972992642093704780524926878196
432060993535257055798396186957402021657216910374277205823419905575584801236 29800752215845870249872078873123104466709172810064031542197568820325794817
349644165964016989596851968528657659911961854714368757666942457858717530449 85924757853579690248471238638856619534855068160009968535614233053193397254
461715926017451269217101832678281388514399260620587545331651299058864758237 128882787881229241342520510177471532380556612435334481100194593838775469320
342622977768749865618821568767482624956043704760001268795435156088646567303 20982909401874779067489888566732779923889913519352352692558491093297786029
328263799843713587137979751611917774288431752542536533654613574484752383963 35667096849229443125252182668066567349444630525853365014904473767171898787
398908345666799327955297806739510440135961074054151994100868734588611840297 102239827499698643981312743969143776313664689159865838268886137056522872363
294613396807865680024687471817467719659980120986377191360181741841482443843 5888819665641895912556673796631377217557671515053874776908257112403851804
375348470421082699014401804098952464013723059843413943435773670455096993184 203651358530378373769701380654725888482607203312911891139087680332032719666
293457832691003435372342395987422310138789393069765390651189503241478872123 233718208296174548684320603269840227988797917738956327671833920953418669086
509345366668665084183484225699432014807867432991468859934803921074554326365 105115881435168204149437647402553909651490906965104215671055620329501025781
503744424730596927667273452642272012329726727767813076881992413547208076210 124946314494104408527595415017855215131495845759144094919540784194815063771
401899788756790534113827574878584654202374387294086193653045580811821644437 29737659861556815086968654454535100781379454973270441890507111638496797851
413263460360209282121468028577419329347048964538996746700454311424252397459 233450209021506279548696094016091449619022868853020288761010711951440585728
300048276392474316426082079165029161631241888577122808026135474726795847301 81974275641010706750461097703570564001963534036605950258209844569405391294
445772900520109303609582949005027498944773181814257858431711063287479322110 167272856064417201842474463172176320764172177581790421708731784902138982675
296476928550422011009569641651788697263500558007442957276419814983945169509 231270425422687077179337146910970708569439868945378609716866183134073769724
446569891911735683448104797230710866147846075599588156408079657322496049660 141952221782697000935212290528742228768732460102524149182327917144333278608
294789379558844923081703946913264448071723825637081027530318579600990912293 86255393229828182637372835396793138874731908161435385494678066121166094063
440779191327458804020568896043802907994112061529955115297197369909574247259 143970192463914329161656333090243857972294035810744654068520761488646605941
458345497740148466519219923904063354559005855154418716196464672937458976430 214290858228930144872549899626447521858731221560489080568169934675096692982
335246681647527944232494703033176680790471273677808881350893021169713829566 227059995175411391969710606136506264693736722727799293901407204587102345811
453238170065207819052024263749791673772900398266310769243837283414640861950 157086053940968141858743885896915784942592688480430259249183952643404726908
428659702186988998820121534048342691034391980172264796467555616216640972747 53493356839923417104855956017906473447682531872559191035158393065302894322
440744935116240939978003769652658625354245338889812247736867363895429216736 237281395417171257873309124918922445975329522933319340387629908251011595305
416473146679934049823695535967217793653611858810050063119100932064897125120 240776718254608615659251431013229951341049350188340944348480784314819693157
460343050070481286087394870181975955284072628914140887354369125111212921195 53867024843831720955130157559290818073699821067720065135711618657255545516
431632899836180083732733394723977675290374500341202891502008236595560611360 222038899926750882314886420916279244900950963025241562331297403956448000716
280138974956751426209418955045790925006235197099872943539829162888946097315 240149435073822127542676730659891974140781668290575693523732017334489490337
353068416907434184397068136328489720669352803007936120692814788786853357206 32792690854027548406557769539031846551230196930217747978985163060698507735
309333873001582771476753283523910530082958709755280242106655286390413161483 15054683154437932690043086920596495067095107515542872213851434586565309980
420394823851226178025948284772025319422303473132690980547307789018951372927 241035329868873000046151363050995421551105178021328785350419672115996599604
256238279188872734292132966732867727796554716202036913501512822224203625406 71819930580591686612828539413465146517606824732119841388240836066373353628
489994382399498398524143619617038413400487618739672132433090771963137750950 212150497390757800380726640179505443709602961877469584227142421325622383715
297351821786273550872532002977115663310541300568387161092405143587099804506 68610538118868562134197337210218084766463149170060271384574384920116248968
268469445077068931666047238531724235882840999050768463777717007513964404064 172001517518281466839741668096176226266238596343822686170641900932617970806
451110277975239930857308092303508267088466994211841618455436147745166548039 101238853740414123655395787559082530703483007408300495341825995933290401819
257183026926813838533267024270570455164125744242799973754697840625436650670 138420940512499982064269734370587267730963144674837072769635459875177096695
263607002086031462754685636205648659429803261355749691892357584794010317375 21771716445297534820312744692296227481168514185441117051379884590582285160
344127822137769057057164689186333730166696884516324264749777518951703815277 176996535704689454807256977233078531196433381155392405254266220843343745279
343317388940260948779976112458438126825603441695141575747670946196112879467 79975789611748813330306963087704516544483694199615592973112821941563113249
353598452564291669714237693308261050529205133132671189175126403734262353409 124488866051276314642403530077104019906831889643898951328393599814948389920
417605209114218943625846564083527374218890739273508727632673796935535364709 21531588709200182839047922024319370620431307559190382669627649935670596370
277464931195435715806372907662555352216084439687834988825916408468527610300 42270962738846136529776065964184514166200275811518310257777920747524418687
488336642479227557550805842621395547976698834023772432179043697349009274189 179121816133014990847444251326559620320704841885533696578526128794599474908
268974550676547772540230534351227666090054488690874936822449216712932747654 146675625358940789651271597968125677412021931039914550047323559445875005145
349990139324518506417167597434817156530708281387267378045828511401849080515 252995446768123494107413801082354320649927792008232152687004262758399090042
502668775373879264391152098184147899272538170586710249026339056502711267199 231772563745636491643827836150905876837669665911531166970772723508231730287
312924622920749063223414554787426615615084493183559540537991857918793794521 145804135172869385517240721121974101421982361498381365983312287725436559939
312374109224540625721052527140109581196368865532191811345194576325842596272 75250193150947206290918273610790387292827581845999580016970680570749160209
434398335672176764078289097969348465122662145660509074634078810534512349209 168382960261563775794139913851025559401771236506884300384740313026403170255
505232618381489542585676596955459952381686466776288371215218617412418015177 158436184296589569328176411100465412493238287058776323749036201963225397108
306686516738988869505505042756788279756677847031932092136654515204830622945 61228153592789108438619237435826434139045732103775364024353822648957819963
423220956704979749597913367479513351290627327764620662893419645267578267256 239233163838976875453211588321020810281827656518383168373698761096941848473
414360271580048362447675433914535649551941836179861438523902275236006511917 139311937553681527747856514234882430822546050701339432891547673219056335145
474941479564242876989777825892902880249643888749459835520083820191900357050 49335906361733203878061766709182955453757590621042846245232483675353491859
311827552833779326796517631147475203661194721730775507550851104366090602493 201195489234831202948563000120489285063159668622096218868634148597232261594
460426439101100945589067410112780642827824487361046241309929065955777074957 122124939105314669228646334934979286292057574957423284713041496694107094216
344608602962942058973542624804012966885098778607733154768446608873077316987 159762217536742619565551699594211123270065642246082261666885791207329497750
455133996654347827352440371291356811344931499021307347187787882096263027386 232691342873989598925869875325611049020210697863523886275789274770352053280
467375316061888505745590579494169333182650172414473687529888568825297525980 171112543723119781798136558090621846573574232675746668003304802350178600908
365715653681802760984950819608520616876709407557130970634746147656963716910 152173546139487777525309078002242046131183335156982568191933014590459638063
380797527596044173315263372193964913588389084004009175072175959349451653967 141123187775072502073792600379916439723599145196328110733379057311074844290
367486271855818132358307529673797915713509400257542930850291379726815467345 138039963223935496890444296449820101352255816739570612663330169310401086312
333238623444878727509147613398143969660909108872145695877658774453452370535 144148155032616564190801909999025845893432665030846119967089105482786923831
495302943539980232045359985532989573842480808127478690287880422765815831932 240538492823772506277921176443165047863189131736487033283779884008470015468
399012024232402487841956466509333563747577687069146481937248761135736762154 73988864017429118391558655358530827093334161403330311212126057599862588388
310407665197596356657176233152257488840310494018134279496476128388596490198 200708138913308723719444371858028753122364573239743159937535816943371973067
278059370719478067991174696486609206124849485722593196533803675555439974518 217030961595487958212033519779343095932742751776375705199255988901750007831
394766823795859514504369925166634590996829448267024959526830594477573785834 81406211621843871085314539661106704194809387403343815323463567444878631796
456138832762430283852512665578352577714362750736991874475478715471603279905 25287458910883084343477844356116744678945815646569812060851098900353991991
307425465305526854590301436755522713147583758320708925545162304226787594220 214362106246036033158658126270274713707788540531871199077425594087300858955
327989692002857402099509648342507485956536847674425872688860276768352754772 34826100208822917957928842772511971690090788516501750381404609535732161224
379602374251242853592382627604600664418726970869401190387667618997224356226 155310031981474964734288116993777516408313558715729298322844977943068856556
464266879389322543613483920750007480866461227126509926678784869532927765333 202213070183796639414993451811950249560975384018788021661079030191384425049
476609116390746479542146228825329604753942492730762503867837259355926011457 73029599019432057897891188398349420490553453954863882093519069359196448816
472223422061288136361453142742767211916854344557675544340042006756827382182 40818050985981816144910967389005128939745388760157377444784838844677228081
456353287323648312978061834167577650680347658189617376924718387919220209052 146738179338511219598932079204808531599696855749916637232412363331902477737
499303688857456750117515136804573011227384901971034244786444103139820008768 97214490005583788899341163064610895907622677335791135814924631996868115251
286886022516764080911280309627551443650369284718033953100876938035334508048 21609595442525253962144527593306507606996578362737063869338535914546003266
337734693562329367587902813248321774632724125559071707737190868453346350359 6006353009962211261711163462910400368533776195102693846797276561723034404
294606452939514299784933612752340686467972337256873942124809456005397872585 174690924084124328948879087617038136225994738964445847901156182108521978930
395207858552015087862491330571258027309450557565468470505050916819517994924 215696341893784241133853639913941654121972060321267786451088969716333475823
262948428957230079170742340892922536393427542372829461405488788399717375272 137635496950638165036567805601403029980995098793771262252581442509512852805
479824232143919103021545875762769444159538883830502398668495823084447795222 113973825603830804157812384939653876494997288034736487424079619491795349884
329598849950849496264397727311099472495060736725807219155903351207203283348 93694900243200071928359876819851942183819541432276279332007112342153564469
438474108851214466881817833548260265383777029688614686909510578073855189963 160254398351718242684931444035569960667446015829681379822926995891176668976
488599001585404359601295433434613923475159580551623730849010822066926679048 123861329604922797785708836521215464349698419444786693895330354988112543486
294555266257420172986961965076611702182297548235300508303229561690335354917 2852127830394591955008344257882461050756174946013459254608621330526395141
402763715118260143812748721467998436145777321890092311072648214419000264121 105249701530463899988656933380608871876882148993181984464541693958488410569
339762035250262337919270668910736818053233465710584542328398886183841970482 20905570529426480375266415166749702933245412246593878817674132032639833768
378352942137891787371904615458036175122159001791259086797159205544224650847 30537073311272075135700801790653942562555208421687749620699911328906007541
257271947310191462577183033768011930919710855715191485679585297242162908568 18993601690562540140241226919170052874355796199236113184913102135246080353
310405510314092318568987636555222924304213530666492823985793840425168381065 176881578406078201174269145172825530114370584810914047295885496726773477712
374240029135428909234612099226948563653361443674130354105200754019487739795 100018743228446159942409396085725060122389910819954175521429822859554411906
408347227227989567957887217557352705356025937500859236446404551680011728321 248237459735990219431554013523186680198893634831596259071575311198713806150
484948155846011936622478857753110301627931920129903760691613843899808812318 226980087836012562589688008665967390453175497628859725485716912346090943263
288435204179667199228534817178095980618684271300221695010285540280961489094 191597773710728226413414565403833660023357203004817748558418289203320355118
311981537816982424379031978827862608069697079386263401023063355788652526313 78786395409786954937636748032804670732047572465683862471075551059229780680
372951781496366046557851739817876451294408262872359408088574144592504379139 71109535041461607493312379484928063133290213990184628046373581077048214346
306164296535422006751961390079872755523497146495709039427628648496705096430 77512648120101891016645223836353210657200063874250513475296438093685861467
307029566469295218172833235254989970505311338075199485339815808888015293743 75441555755391274869249999616199169998896280501718818121925990307568304931
466415944262398923446589476967146552569973807959520076358737102603028017370 79001268668650581062508591112589423325120323997249739478259621033661833902
412254715910931275067680391929268621932029278597514903970737214894324025660 87088019149388626460878610109748670398483890804359302858943336936242894055
392034595967767365621455146830736882859957315382902044032864300553753212352 901670079609098232033455255374780419420633358248953787784208503237613512
354090095851050644849823054262987499978640788856944907352642740811496931418 222586329852008811377164963791156113222117127210471904235922103874049804760
478222077408448541377728385431439046307026920657777639711651619981020692752 190199789007686129776292292287797802637233658429611199404896275456884532881
406760768015624858036616877878624685369184477082804244284954811437840120034 14748640433098379639914319686923990685435937412320855917324539418123220128
371675480711442485570907239633078098386566418747714021699776109022502866366 58554266751244957255295880271861720664120962793370995271411761471985732494
468231184367760058172630655537166115252711961336654577849728699818513000503 172034860056970305382648505799727920954623760842063526397627829772970412652
256111341193656507215811120687987157969111862693601524190885946979611954018 49901132074191996476937138585617827249423371587460431624641458592880720101
394322628967979610190351906541484544022703652175303702518326860285993891278 119613670357744280547270763465679925874603385295076013133154978148684174094
421815636477693889015723511467026936675981748490603179804974491574512276286 43108516000760447911591759721166671413771328942195275232192202027427225315
500343058357736463113915733877731926852410227544053625153104376226944168262 41349103987666097138652831321925043038348382342193660179956809214599782085
395987949835141771240964167607824355979977926518603857701270124027850962263 457179356782116092523926206206572326289116302617815262888797775460300193
282104456604623440233250384853453889829371184239895460382667147621376796438 156868291380768369605432824850762371252211767560415712609923325479200659089
425039227144683910265942198084790640119687792416824738153955180011955200990 23295245430871106726382839271473802263955384701317738992735026340909045547
355381163630118118640002584063380861636213250286759927214844836780596471006 223479426523859091202729290484531540717269071270104424256643226013281094625
288955571825977487627477601755600552529041135465755564854161871622528835969 253923920577085723167113995731183964771144644706469279027194523026810868258
314701123180176691361895871884989747466969133622318711024674171717958931092 18065185823957368499532525730590502939922213981523001595261474444668707572
289055048115118457807311354389613977952595936459927388046752320605624805729 97709697271485291954011028148980027561157595408769715411991104487716901079
431689852547560213832233009542632526199951531644170536877519492508175851698 79161877995682359124773566964570255355591639593965190122023000132357499969
361472998984724825638700725970980361242061196708491094680811834021533959424 187446993980414068628828476683578647926906498241275057949105271026773106814
510412739540289685872382321057907389790749417069081329994376319272859346756 106084083739570548635716752306831049239968675506952713091141613162987646181
410354412941097790667137146648155024940845710528920537138046119690244502871 23567081147487649111635386921833204717667886952992495322451452953628301753
494747159893037092572979871355110915921045484199789393880358691129938662514 45893021629027414329122280030397525371699825449564170567118880679775327551
402503130808349961536480597116763450317079841289379856293461933775154168918 227824231208697282341155900504454226108229924466190185589612610877427806013
371712638632501109291299902232878882306812701557924993204588408475440465476 5905300466606609881126524700844980749772652609333426728717491106241594821
469187883529151185910926293730848250068230730400825149152146439376795233579 59082000468578995689275768771422694289154303367598817729327890577055461711
266557234254962829269960381747448780729329985606593145653984423418248445250 60693962480648774661278352453443059149407067165411676611052953706020538093
414115748194053752584791831617390653350895396233837836319606141228536226646 237897362885423946516628429876809153197988090590182399727165713180087102741
454988955191373223628330989700471870847035202087923190589740332398336251621 26239471748410545372859912105392705004375686952318998455343592959005104977
488167779307041795009585347684233256152547056179269642474460307994690158933 28731007237562465536417043330690751537613567015081663913280326451760837392
372358814232413506768928209050433490429008589157785044276896119892484272565 26824071193998057354990296273988656517591689018080811997953934655531940201
473435531577089628981783009117576645800426094771256059826943193582084691102 222204158597761509700877113915334022349768641368873029173964382025741061290
405350929741716919092864790157697124562067589990920068078308493259798113071 239930112744937736279714910828599501409205558058095269982643382433120510206
304424517678133525471492526910054610325331518054686299852739175636543342051 213893968363036279434523449293189011363942432997494253453507640918593752306
306289953002467921966690834468824368248240841924739049344142278996186686083 173621825150498479789396784181288003540527309805598453140674989188580376102
453191692517640367599094743173448719458190244576622474722601087253853070562 98194828495340962930170012880314507566816827039453800295343752086053054923
358015355895479754308511814493572976515866859897905255953991065002005333773 42940278894360326416976631146963772064894517116815844968833299868489628061
333171671873843886497786693579254240596336780844621255432937683669428912456 33121322118926268854379194802176262797249779833867563075889051087362129150
434152757759312165442454915049717262626535807032978211105185289140875962938 64843087244249198496881290798800431954632331428709042807299925947925625049
358177890744113809564365579946545523692213373938407786385668907773257713911 13646742781360363687112637588813270472411421113683569850372084824029967971
503497194687542123212478832283834648069109462745321582457345674995940261195 43905748023288351187119719752845093312175795784222456597605403738104586743
260604798938989513613596219308080857571652564929875414912089856338829494108 15003401899294078983191072506461027124552349621975176795837701349091076908
328270352845108769867259353687887665673726820240927486024861712579052916462 22857754323888776970929660752929897564907485656380349492898290495823115784
259765473027383145362563983091709158359192679337898851287590180026705897427 162933534307343706197715206763946801147644068769317286528692059169267977795
268979540333313332786031282580112061905468843980173943610555490509337389420 178346465526588739372677088784288462520916239068559485148498616607648012665
289165835552239564105870578005090898317858091373626911674089501063742212242 89895998077227615487392135702984070049816768163134381999947138767696679891
478800922824913362386716820804600790908837804698418563879606079540130943452 127726937755043418339837678573842381297083969451486298762923711909792771333
408489483403572242169513058921759246772090247477956083259923036831520681234 94649821055297115145570818290260581279514940283447577758814244966329481436
494512111943982169532618261951817842465195617501503578456917469855470156271 22425443986700130326637550980313307102665761267761086688339240233568533834
436856906780167522691812428929502524619438869724377522647761368562784809453 219479645179230121846547675402293466513549506725975228768454449535307663560
304462254908639255499560080117030910828252692735161700412972687759714652997 2021928159946159255947074874142111576476691014914216926096544655277746189
433289379831780448468864183629524916956783042893253293941440581273108706155 122355153733623779709605930857342922963158040499230223050114950610053082813
300031236468068897496778623336245255387668977096385550928581436365766937769 187727275880576343344293686470794902653557281243274055015432545054756146412
440922403284567367020033303394095719393681245775565570577233439001587032154 207173042798980865590104060147398115869601004664638769357382418239359323835
314813903190821740489046133981936469749495125669311337054496386454030906225 252424514291098829914560725391020632580780780677658504335130679053822921619
467135920642310532947532712608615131867016774989159095514931044101590988914 112001275306939134510120814985405833990430583033505460201549305846270917076
474216795913907996935824520142684210257357083152440952443710029070343102265 56217737943359071581035060796927015422259905734295958068769770643694928281
467845743291764419292527477537009978056248381821735126911453707698166442543 140029193756091633326288841958024423865577458080009944827748963972376429524
501231445818797237660958721339723233943321961103419313432150647345213630473 148061663003369990605658754698083942964564076027055456757482320403318182151
450220220479821715736962311154693985877496302791869024540918862026966675197 26916428950132548834397517759543360379125633750097965757464006257566471051
455591380061205916288475384621034567978459053146010533599856653740753647858 93446704899613306352095059903569078413880583200263418555547385021284942633
344358209021059977718288492312928273299597579735718919047403893906735800779 29929419572898039099001699783971014565851484801450405874935569653793248299
332539707783531878648983762043748360762650461555389383974462856880249462519 250681528112727981255664617798219255065846695787084173791934462125717269436
494875245110964183333063083129882824509147693938706173136020006996041979214 42720033987468732830649570360451716680944455182045935256595496566366537885
445719490854240391448000552942967016277122620749400578281355835604664555180 212469770909658940466862131706071072111502044655166104334348157488758202659
281960163981602977354788529788460410611215656124875157318554067446480672826 50604747075515334541072404916809831944677949256927244858175000203536731370
330547736996394856693281853958852160226676789464272326635784342882399166059 18800843377613252479193168743094216375889466817782909336776894724531381415
378813232969080441183794532146934979214358142473961349967171426976536160103 154100621053903580153967025018618043409211180761692498241945697538878189067
378155991022770943945302790911539727929045887284791561099752472622967941339 78614422450546933920200901048452065160559596828069619922472721075303891558
321984425768152745395231948099349152216456179253949303027850512763775365778 75437818984110724843395781568674519380596407349779688808248690590823194017
442618824163076548607813652951670552593220730088725846219988530679125808628 198330855359860686031871790576084305127251969964237556791939046683748312125
341289615526237061811683652238869597192600577450052871170969702797672937847 209345579080634513636999427915149981258219744321329400146988802978069312727
462196759547194255725669823059709730341845559390814069886394817688827299247 164775611245951965406276986486339279328345671129784099657425192227695813143
499087007058783474875007487989496096837075411562785003657360268368075458672 72999693149156012165587599874074011489635250142710048660363368855722451978
389373409015162040066857413891277782087304993039609854062388544648896506213 69667568408122898435392901634123824092943614462025254588912483317764548135
380597927370618181741895834050368095157865349247562252228270226844540883429 254066397304817510150377418319759218066097826936017655768548947941291556832
305755622233618366724041545275098116852341844465302676355103085463631641918 198473800501724507812250641796371111472802367280960630457463814811859549698
346962514241318996530875089177414187711604925026198681958207712038277441153 36230455848054370168367717092598220394003845611039090771801387398596609193
412756697105355136232295154759805769901900508836477070420650270070929540927 52092498338583459583188476534376687542755501731287961876054207289730906905
436642287701209744457734265625398049651997269541315451883536878437313169819 208018301369832843056671545342157976782404768927477938259682191499935773003
338170777057543736159412223977392307868736283515159754013988576893331658227 12398028746795778570190297328881989127093011401009254464645992270630728077
285939265142602833970462337243692942817634292225190255505259731338597520881 163386176637849037257784197048015957467012686981661702838718270799538141255
339143780708029996653761574310726843292341033701871915459682365853400556198 187265217652539174775237770099205431423358281337690432228488221013658559982
493042873654703298396892929371823433869866602254850590585495364984857824829 192011916873100298843594962590916646254649834354291426329098347887740071334
384320261484574999083592068775495780295197688280302443408727842661037934313 230876344254672438074233566342074240942894373653219173417679973112550537672
431661105097519795264676244736094784220150060091342519402375881528627901851 39197871775663476821135888310137318288186315668900556200416349578716046873
332083298929868891606737553245245504469483774130382987522841202147608084310 45359498060807313423629185925416600697559480072834170130423485574647801851
375333787665749816085125279766833218209340916218238437884768670467578563508 56890752594945026703628406949397884787703710218654222226761682773128206706
409871672417639519121305168088890134412113172929897169634581585601840668528 56205785720858224213137571552436883706268674830914238058426980695799914130
310420710004556482929060359321573694650305590487473775325298850568924857199 48585637933986208813747446863929304002839724024601194848997392424884164160
466079960994771104303132124848882506781185431864669397097565057486110973986 127239565133163637801141780451274269930674588659609251871627698788097916515
415026937357546748861662847113368789834620282641303604415824102470256778173 40006610444732907197805058103753756822218581604276208404761984308968358222
294695049921068272020394085039960933219245558188060006266894447490910221876 10530141444130941249956161724853355816218042237822815706074724779718591068
407466297116295279842414006899691351855454442172125597452648941223142869504 47875220356109352799850956557368603193946205607020154944290590140609053097
399513734853124975266329366466455614876173093490378307203605869092005368858 182133909861011592419259797987807355257329472407691792746543130694161131476
304371033130013779165839617522199868003416818629885067551848390812406983008 159803321394198109731259513938147517190388014920396989573663932434029559108
499893492679899822913282302969698241712671826830855925047284381528448247382 124975059987496253904710037163379037773722199290224402303608709316651521133
418758080878739583055560452043501295770189347649219547894276074997103862044 40931236807824187819664913889791338326570340513968483458558614670740347921
346686572790919369330750719809739374403743789699352707698899174808924770576 198017985698951874634833814076217543404014790272722368018150599115157468809
377447587632487061215834509462572075609152971710938632134434411411379923445 67381161291482574287566508457872595984129660621652758020159615909178689608
489415881126709243086324849481303846554149727401590995359572238124248375273 86023329130312607692410087739648646489431382213272054810700631420530433469
510507901037650164001508394831082246883238907152877634283490201393525831021 115859145856530023938903894659669219692463338027220949343366024933704762423
269888117170387680164546949805158318993476860888320624262849628381504172587 153357856459405448455323815492010717082581005260949312114166661191435182780
428486152868747053968718735759939554271429854142163745149247606809762328303 67639540983823304973404174402865535671589141711942284212626645969576121936
331130775099257065022142859902124906914961878299434143527417887062976632681 225301668748587541106254670534866308063166391145330340562159406039759246628
453728860938866875646172814873856359038512623356677479682884685732164863818 168250103433082817732764211135928414506050965328857719037875645324625382381
404624421771792472499992089193015014057969075727547212336148711646482118256 23189408557568235348682921028653407593627828540579862402774221017025587924
436370612789214817780529690152617196698655436902650181035219600721658802363 246134226869282156053311779701989015568672150257051443316177833460066107129
292397564832923834074158404681483797564989979131141915025660175294241933841 94706290415927555486019753477078973517241379855619144596108112055498560209
426951510463768057013637935049968824136118387678421400947255104458380449290 54758649447991475591571647677635452440007437213057645027228973219839968358
474461604254712119624757131161277879713039735351778378827571585780158371570 138220330803281678081158076154213317201198335360129469634520735382328711356
389643184723116443950295682136588263170439388889124621537766637007293434742 53179725048730338992556563635506086415182235063351191398496366073478525760
406762995296425322617025393720739582655183063472509508145116726167737236467 83416714511813003356357363376953254416642102672837736404617102027617265432
301409807897318850989148737887710762849223492923040277567393601250244123299 18743135218107868119289665641266484452948081472094630675816201576298549190
268994307869386168148773752998037091165769800517511656664481435339446757524 136340573489587872911037209583975933622070143270653862557453327632782064932
412706523926778740145675133731352655710471466305598603517722679266099203779 89788491924719031995354572089738960339636997448927487968666927264594458982
469388082931279092707395673840324187067980550606032904651082925762191588382 194880515750449491287828020372942178567689475431315702015625844516014735264
403746285596214291008645773339805074421067233471005942486708362253757961196 211781166652671385865196597016480657786067620876929006542001863167842339407
435641236949020020382909221194121055105916311127984315692139853320208728250 139846831690152056834145375490514010433163787251645905632872562496915035926
344334445626898017024803557819343207774304829051304898890410817956031249937 88785147493444445303313041248152267963998446447996586136400642124004515091
284621392796624588731289174469744254588453777562966660105580858022402584931 35074563960081212669635056699564921435243916766991140484293459235144165466
501414761495249050189671556271301092462513221655038780568998666906959736305 193845278014304292955371478023217614418815769152998929931481976142790915780
400254685227861932667645348978203260421266381258017569204463221378885769669 112443387880714286718171944647999493439358843474353247249674981113807334454
416584514757802558127100939134164418403283875478213130546863202018237580154 123061694701389297245229281498597542720895416616536473573272191197287413143
293447495064910892783823527794250414853458881647463119229474979808202444943 44165545895764061422758910728445056916358220697694968922612820931558655209
342779742070453109074029283478955400229479631897860891177319062525720597124 234427135604427184086662950586531520723848268543994861229237597009398702393
499360826715534176898747822069873085903845427701688037039661587753241634765 11879372121770885790167801529950484485940650719075814583119912660659267494
259085853325164022216124327001955370086963500749441364801485462125601637589 190677583322071414459166214978910161229310906824178810266443285517774838038
278609621413429423927964012794244899387814922224451393373893241471999521564 219168377663517103958371598069879760689035971359483707861423368698764624270
292516102967238306732030780169378109775792567316149385516012068889935458370 184468834521181833540235141324973708325771393379401673481369073100404531188
284580482991878543557592379852029928049814316824322454073214040670928181312 202154524500864261179267701397673528091046302651910182938056429204849128985
494227577476395604201974748920367478520410379134016652334137093908755337512 198999965426671227616024946252770083781085184283948184423087011516927505964
401379659097838162737608999913048267028287094963937193677331592790478129680 252397939460106930798255105657293734260832475506061072517900649233914675130
395754766801994028991475583786435516501259108791743119040428178253897835580 154592753517360324856435439284392620980207873285698061253958465992661046848
440620949871857837527311573998939556911958662201247122808530759343927956537 237155433553940127026030186450462555606529776634405522946536144417471488881
319832152645726285367918263660164048689227872442774595739102183347763172413 145688653458983116464538282176085139323852652180005048735467348974246836922
498557813573185762270048881577493347189994156247638738231669093748184583340 181622181369153372019689785707747757873087206945799596990695334539161589759
300197999466943972648673563656295317359357711938464336921542631950686753195 228802030590721297644360373004406771308910145048518602761605581622641533728
329058920466956347149593199318755631953165668577485351532472390576508810580 83160510014225290906873042652965189305026529678576565337460967836693754600
494814180104055019990328450472587347792776208752965809267115649467648408133 244978335572660672575961016954917776741426799508731909199666871363012103828
457432094520214177640707691845957470418577168413690029586024198634511089079 203235266805845898906536090047446997762138275994714530083074376482221030592
471627602748996996337537888271306448307269643635843382646975819545840309737 211933803398572498105108743627450266910494251969505060842564487099278336638
306714883140658413681712697310261155373049618215329234593331366913653912627 254444642335911227670452063910936187291303480540804455876644555241848922317
269810625262425265301006958233418100903550442696094286057689106152770244211 237248782953637686471318135487464854733588569746987593272686140874934325045
482201058600861919021826384129503075804812148106667200395476208103961676680 172570423349527119073146780921770891294184072390980884839313455264840812644
280090352131260799474810143390198178940243879581778318188028427268879624716 13463535732515613766112521801841558417855674622225269872541092784832547944
356548233223033110261728744493997620078537255113127582689580981355920944488 147302060212183989509710730978738989055548304070204813995381368857730739344
420117384575399431453437770784150626030677397885403390863693079582303411869 156693937089738212512925704586592893364095180866945674439246563104924235624
409801484283167841351178601160469434289674813585997871752373303521203061953 251558764130474319871858757710392832823116796117533727403722786330098830861
357818965965157638528482836814165591528120381928093138329821895055004754268 163929837406243583238798012571139980993011685568094465909744892911955464469
316692028111071957530571923804553503646491684987307110123001357875235424624 176001939383542164879508778458079560479474942759071159782753438097844845253
334076826589914327755341747239258541007051555385172284747212636577011699463 64015133651267076715908465350200960935487823761288807164504997750778668684
431121844498598117658370560417950008334572514989598568542004463151464863633 203076353339927677943141566524714764885766222191819827552229415860269857437
338071149600181110798940835597090119136848321466888800926985471548301266640 106665810263962364464083739099820094089294243248931113446650307311743408893
260657309086514395254667659768153970730792213779393895437404108168247945528 166509867234115854986359863019303381252781304869336521820939199233063428691
256551054683485329307087349290459811329214609519491924314536578712226920488 198951427127096871468557895039117391706337396370553883143293941504978371030
478096924814003184190944208697485920312412526366365746782553796411935459533 230596341752686769401358196690815944582250677639668309055757552328886724803
446078968908524729169138491067069293204479635867498768970494153689893940212 15894572738319681953537120775926923923211407788626323958143630973236677029
307306009474568556687138764408747301830305819476115850858010364293011070554 29025934395224325380688566862113841327434324175089780663839793700192135383
261635668369600952404580199228911245694900529086287309168943932570353085095 92670577104992700615574632862191971889569049467208747403167653175586554257
503754021900098918251397043442053854890168951985248757198598641120544851669 100634865291973740400148317524493557829727594029608014485505463234547573593
257906912325547580641290323231380502627420366944089011661888504792244871962 174875650479835534877039472216269189295488997120506232812555294155565008454
509485889924671737287860297310453360998729529853038769383104332716941578413 59450820350095383484228037789549324129330955559688494306990824844395373395
475715044328619523174356738649745763985867183640628148478435133281250266436 19413010575568699588038976668903512198801188086349944022602009782984841197
504295853908125385954315297282389022814542068229522749754090377042785436637 216470972824356166648231803349489919252550850482852396806301265144157828636
446334805736763271128597788209072749056394756464255694040479945965356126551 61976271069844709379836966232230495204153328914053820336528525847420035612
365020175724760501609315223934060817298877821590270924981353142479609807906 69636528899624936551192659097524541782632537483514869072534485206230106138
292421658186178077955099123912320188040964292453176532375778726595813143252 22410986619741972554431934216501033323478043361892783353766277953750020930
446278650031726615215517358569789815434650917640465013702834467929843440105 161159257190682149126348558112308899127537674826571123889612261195177776382
422730128973377669145225383968114387283257183018793592520271620372528355338 1376760818399304608491482394095901671620678897575055605718877303753090469
255867729377559825243657700190294990687782254439380255421984349144435647227 180363686082079719136560786477308580586882309042296551137336641576877512767
256455303632991556214402230600211752335301010097534269630394271871408443298 29921094602073824789309422144755855230167501466444957342355456450925527059
370408819529959401330605096069502745062098866708687886294995282996671461910 56436832427149506970285174850940503279088879206772734950090057215999950381
309715442914518737590620903602644605536713545628351827231885087883713921977 54151584315787977752224280103861936669075471343646100707159467558129681128
347217430755875580810834868828012601430797325754014863443598998805988429980 206588272370959870862055514038901423513939301258238022628948696475081778003
390147852707919173200133837373637150293874563636927594884962051914518814047 169851610577255617296783958818645804455694220108175899097703657948126419447
386211252392513079952282768190093596693705190719982210073297371650911408817 85040266092820942074954849065075009065443996519055625641619213124971249937
440187622656361559238335439639993335380758391717109407974139977031530865897 107165609648209600585445876182347115679302491805368529143525908750410594995
456917423700587155689949688632133364549120559252189530837529257803459541324 68357859362148714946107552513304334289453556595144837608024076472616528953
484796581396958114039226744401184947731397212931398082890096725048515890271 193316716891640241643090747925818204107074268666688254553456935984202501850
429497871908362213352219106055347894268645672894058233228984367174593869537 79814102389279574118611606400913352772440527072170108088590455864641943074
357305770037050652276508019220010693594168728245713831853122297820684437357 116399425869290528224645634195487646851179118635382676098922330550061319108
469184676382629247688680046237264781479347641074506191247987603700144269372 255184759292919970529207449062351177334952674002245339803939537801717178570
368294675902282478784624002551206449694937402317372344828774614212309821253 173102257378467943619979463152708065110437493337968284499420240324878260413
437876802251572932596259323703468108514763111076561101152194312567474593647 236314457151231645308525756036649955259163898620049458644570355885668395773
297482170690137283128786424556235672577844261526420593861583449384969429881 211805019014992494630866906185749029763000549760242572234829877725435383992
499022605340746339162449813581869357441039660732256322622873824725223375140 120607716412917248235689466292941708293230314829846790075673583000064281951
315249009752427902729876237288094572399704049370928092010880098629727551135 87029774654285018100052449381137034922898204323369514051555226068297556132
372597071467582044483207792352991530354016142780599691598463220229484166561 29114008505915841709807561313847794562828914551667294475812965489444739390
326815025422135362478473971142298724044430176662135822538857492500381117644 43381428796344077872507129847738575472665227242693598181751225525792422169
328729152107236850289592563176798094972156161760497276174304887561744422862 171730732515705764618944154310007455387761533050194230113903059900589217077
479952929449250604462154100320393933268960304860241986008965487291839794504 107555592635589743163027168584879115870067027783067123451792856255525887834
356515699714288721543483022697898776929564990463342146540214335662113066176 131584157084889112038088003216863214165072170987413562855171788528112064968
422176393040547272469860727039721984000610771317822192815759301189027071131 49656194850514622039808199842959286395505569774915472040514466160303447333
421593117304898242755588781225355917462632245853129383635532479773703598440 121041899880684820691927204362021256259050075820311028764888791293387523794
388251494580329725715215327788629797062997867067552128609693735069598234971 42644096253840145259762139639153212274963046096547514877736885631841205905
293885994725996279358424500225204914785867891916677291829752356447850866734 118450003038856034725617926811173841101582897208780445244178514808583456406
385994882693527485305624244296619798573229770459442780634420386665334328946 62866641696331710692114074919498653706784225258105923563166391520341906917
257968323005756926734963325363719624304268511060249627600306489843011555689 22673811563661374616588766036061306721753138792027041993605928295129002873
289835299090358466153713556868548620658542783804411265682576440629139009294 179180363443287943669335984179796405339838265453670763521747917489294263906
349512985809318483312752895829039264414134923532938691021038322215959494563 202512297773135155597632934484393878905053535052347702966806506393097341517
443676355784326391845028031433996489917990446036067199016327845265134666695 144287843310479736661697306184372158174583746905717705266849901816170422889
458642650127235444507439917518736051718326503736470676313443141574798362479 135486184111493826990805208934774490587447004436660463752144731257712707593
260044952566171165194307179846711185176542543353825675741558706294975783796 95797654979076426483164486720256049821109271695219267829111483620073583836
413637874562034525786887763982817916665779069980064967524664775649169751980 147410047892754799656708399332938137636832391806166031439010986404931271849
432060548078077698709561719918566588026550505432047472426761649202385059888 30772006903567139185181773690885246074009648020813470681991955296623711239
363107791286961495460124629627436667092645611674004167605367209411217783388 133670475912848906890279579229195696144168244278259937828007140647447890730
442688274536001826030986435747176300251532206618187660326589882546268563847 228076025934293644613415895727317627210849186713221018646703649488650600673
390459725869891668570905761749433208043066145238979184624935105634385009212 192581158538084582848183363671249282448189165156426070493195540689171875651
444629183046530601652035382427944658451092779018778625724899826758106497275 202293220060512331030062696357818401714740084257795529480871948486616921662
492826763544228245420672168930783775260812654052678401400149193950069186485 244461340013410307485393618553750649515118425038337688083401719693324887050
256713652584616090976706395619031167145168178632328265470378558770584461304 25761697915988645664577873684783410028932701676297307566993252859842358496
265190673994893895568613458034668730119772287660528103598417565285018925097 196757329802181854123837105193629975262104629619410224502101245986587522917
302105910743540699923067741570459115868160522125119388502833114835841013054 216232816128684281040239828682899994093108398423408139437446423196410560373
275912054106604629187649967342157196055024253386496387471363888010584991947 115525148240004319873815727446123663652517768562384767808303153916039955640
464683759795325905854125051953789222033736559504238459889451851096729144792 44103552306110646148920545390561424929955537083263745912417575760632662520
336391451726855748940304593723691831837175446165170433279454732591516469594 21137868958255425501584593933749047711075157242024560072137989087514285896
368652769711374169920424265149948081228727508425859251900361856780483965013 62275859850541646536712606836489342735493666136420097414069159306011440298
264844063839277373458335068958279499113903731964902298700739435603325382165 160639308230011133983969496134676657150473362216095714442600286918185047316
322630737471565830142665626004707101254324250390600740753034542950814863283 97765815220709182691332946481054097942093246873632034143399235903524482325
466599755508893049573810249340629920394211603491244448883951200027585291220 94626293633673956448461882048851680681304363044434531228217503454259302088
279866488530390584749863265743911056944872030675097490817686231739037901494 46412075736235416696650207548255679712398924160391333136310246839812724594
312911982243525910639329237073719023885803909590480109359858399808235659868 151667450925775887897195299155325392573191063638293927822142576530204843074
348896028873771289170915069202822469081212504364331807334776529152431820939 22904550046552091968727125165054625003031149710748071517934045599520514990
414610370554196338238933681601832828512680697203635974377115560857055367963 28921024540439066666377639921491037371210352514536232224220375394246708526
344926333674777006665243276465650563047384670911880422081830707045102505441 183887453319270010047129597372149425384063906804458432569371621449862647049
380472931314516972458541333195887077484226386547337639692570180297154590091 51145089544079621637672420572157578458103923623331958564536538564500951447
438195660791167472042201598897418932910624490104957186930730733211099162266 213744085764348473333164009888223305081695262146633192480569853549131244483
431790898553499152970219104760239816443632123304714606430647290428607140311 232637679093497962536538282787854459856198748987662876868410447508512750530
446126352987938320722281536101928993592597069818195374573115615194331224835 145299370541476143800428633592799355153563499423862448761722686454410109701
468368695554678774385781908312435564960489219547669290153933307284845747144 207616391717485317451852723568945229131244343545028292363317567312338212024
299720149057017873448536713206610561306839613512080677323704339525562220204 191735673608982591921112024802543573292473364510706068313059142194835944836
345287617800264086367832375285356839709235795739515085356494484336986257816 127262677965233352387212594084556037229515644772105747073419736055374032949
358639890376349524655484100816047919105029318555445063523639558412346603044 176910042865179280030398247677384690629769218798253191871151262440433254024
262423176414121549839306243593320944966480602171969960252208033561197226597 112036587039886421301418012550590218430185097097662557986161610516710601511
321967404805144572119996733327042769915674636117816661703310115354970291639 86931015097671325624574839912113264907809679327184624724113319688912831814
412105580575957024402737970563166348492565516510135233468713107338037652300 202135779050112717676418224061141649721948200192195480068819110849435781094
439577545410178022152902664342590763282171139443121290731942961420378401630 24057663017783938623252145219538275979186391319582000276628576594217454955
483938586878849923862783507344702245316255835511829858289970542006923741961 250516215236506852282382068445246682376506387040566423905575863369078119935
292463527363234225572520263689552633987956072106650002812641537230436764127 148141321844775272711294162763869546155504836659265061398159593160762576211
272405011116781315355946102357802838395002326767434427576165943021313194137 241313933480172634570984396243174373422327891897056361065966527920073372518
373210049472202477199008731762396397173186333084635030703582956107203954545 141469406347582977698413943069644840719532830694991716974962444148010334502
363793591863982983499714863619706654197945535619035623339382968281867298052 162163050463443676681878589980783058901925019647261762593004093064723197264
471585661040560169203337079799444474248203727677819879187143115010240626213 112679080629660425827983681967666997938157265839884449095301788517786001392
318613728719322767103030442691994799969525181259087852018172307007114895494 231574371076132006261181003635602848795021855627456010212575228909694250469
361656618620082976778637144090639426374737802950527261584787864354414931369 252957035804285668455602255879958698844753223688585007669116255263542710803
437728870039652169864961066532558859474911818803473404822660846694639815596 108052426637283848184266597670171894872821247947358076955416414759887272050
347931243768606891234812729711787496304968277523911409238201550415106146522 121724404633384685935688864171096873915576798086133020827172571452595244664
450752669726835034280820724321259194867356164886394448822256417227619468010 139727387008442188759142034633576784350150556942727791719544680799824070278
307410529795352761374689605609571583119795554211169172855371115821667863304 1405716353889200249442014241223780264674783697957142963962825760809455746
416236990591697151363993865947311743346896818945073047193132860206115317215 33218812525816660022269352021778734884987807656453211694457669235567792664
313584603348138999396508860475813256231748296116929652255467840565604219079 140023678432305407383211170754198740437376083728724133412691471378472828601
417864409288800558070169638368840061476841168440419184803343621240872209058 95650446987435519129175897478442600949974082830910641871839378475969518908
360678919963633500270944347461951736803970716326054955940197868895183215297 29078699980306637945999957875194372559049187748696080622920687508690351355
366709365072911720251490154172142492464954925981081062658824128623304392264 1232215909357187690836288555882013809294627590376417589584874912273426884
322962673575650244891252547432092602244834633647819580874501032468776830053 146049315784708933272010873757691016310899503636363113224890943413746667191
341352767855363072582469955886697871192754642637730986309745570154207569490 227050526316849805271746991622597089862738013381992226508250327766728835210
384675710013209308561224726907882833480802833959067610521629540756594422508 208095831593240835384217304290447854357341797274824410082289263123467166874
353179351376713373478910803209925894825328661317491382242694580280689278172 124763320182982823086816847408979324914752763924060722873213987707357997467
280051253639820479032866015153616710017813042676518109995590910495980344390 8146408174860327427898543170535061396870281333318057560802600889097068060
434590169067982578036019904931453639686481665684549242080956555973155938777 214720214116735457173751932444394950819149516591557778403052623425155478532
344413859751173512926835956733554893121250219122223206466766532439736228971 78990201555402446243197973026082638656024235123634874767606193712249027613
472585324994947490159790943922960050331214198983278510516261627001466258543 207189690929195980176539477052518870300561038750322080636633233858064007290
383569131042974949351016881430366901951197009175520648634474419603507117828 147697888984380706190101061584904365599465149584572977977539826580200548194
466973869491229459327324422191031765494909060137095252031309509074690194178 6682493717916652021033974608345112386697273395993622092162939365671950103
360974442697433451180873295661175587707369256530786430281352657785578422528 81265456475644650456413604017372348656842782742721087337669876567354079639
369044353614137927701208212778423290393074898511658178933919408512550449870 203269491394768408138579311376900631183225265390406366328247099271341048567
469793202885975601081771103852682556898055045483301659793864373075617725607 67662145906759620889468303808805697652026380519527106097824492583679100186
294098038052882981917357980644111641713561663464307275220032372219349614324 56165571202207768642986601615859242722676613086269642985530858531664148851
495072035603162691104622919658988697742513583191802968311881108624550575304 209604465537927544217359376994190843032319244863041135413736695582069708192
510852224387112531257421658650444397461513876087174407335270171136320244751 99252256029616014799544662706042245677507467632031747441406996780213291337
285963628305892492310685383522176807886340829876977215499243208933782994309 3438063199496800775942834589791790018172977123924094552247267444468088232
491216268408196557381202186866316253275966922224618002588345557703532195038 192491834955757894954515614082165754380708338186404427831856061171544727242
333257297612210493598241532551271915362857420835119287863968120405553470374 176193031437669671096138478556906576441796884045890084107096173928509907230
480964230009644299529801436811836470074077648001957460913966143778106867214 230289858798290789300929615609738584510977962491178283104475291956995201039
367054974587354829999266459939571266616303385390759861139783970940207153935 135675230184494878653842767621562662178308334591334245724073986511378635910
404856239774333309006012549516264477113820119489209213413512572583789089134 241483158851535855807759509013121300025437200466464725045895171119032997991
339734485848942541227206835161486888185847728091040805219983858026187589155 114246738643615291871309293079655314759230199725410254342610715911581907653
351869813033284575549814459771748314656436060060197595736730513815977750645 206454521804836329171808299773367026133408882190359625879959150671395859697
488194194922862087098533483446062965417641432429329202695171182838746055703 88356860697148848375554264777252418289144018165340284468413368733956667521
407476354387801826722368913664375429774082915497231391411436702654642417481 24500183754851837828970324563165195280742623536553831969006507223021490612
467521510741083988216752626443574835369906914122835227830220990890098772103 28325695181551445954788590614551463975717027950165549195472627674145655477
344603228520082420420792861387186100062263036605392214306070581479331517733 22145111245497198394848974986542247126127395503608365127074600862884438505
416397392005539093585576382788858402280485629949496097186702498078712409522 183094577889517514223321691647191046585394610210696978112638793612175945188
375206649492142701592255482867478523235832992047117827469528979195204075394 142993324839878253159581353367642234831251537338309227995893262837770322631
441844282728700996571598123203870098595847608141527827129571666455903555370 52808873694697091498078612260975052827278414988694921346420869795054560518
397328133450746922156280168389220284409096953975085452421012960164860670380 46340272011267027628493050237819781890337288237535448683629754834874682372
486401557862788200413953373179110492323194731784559303964001237358511278964 170136355370691175163546932203593500728234623468474346824381196759208220808
383695765489945188113421983194718539258525665731337418056962512233795215341 201539214780050296713626249093778528485884769248927701980297273163832467019
267180643272144796021487313088943353040455753529448950800942317773939692552 120649734774133221140110191595190074557209497717258235639440431351237587796
356473495246379134341320087719881924087602052560278523970470216764728186555 21460016262229628639295649126398266089830215950266177020591279257569058297
477738445145027430625526176908549643002927494739600850724971977112093659534 48920122701241673095909158445316121728918428442882964070949336514005852960
508135992278196431003673077207215681672544826350830852897834920954528055733 73588417315131598854680000902973529347238644745024418309632273307997785890
350572272574260974982580860626385588330443684863663323229737480218674584812 83790743948973448472084049044972983446400622912145595242901791979096978015
432501772584956016996334976710220519964482492013670853256080700183638732887 30535336391272521407400369632340676961738589525064975832362681724419159931
500432037216641568548065372987889471875453149048235053599496935357142217079 165465794597799577874168512878365237310270027014995399429026654335847472358
403003098907747285686829500769875773760303447621129869660812483186519779168 43291114561021909164260406655786263709106741976577619405544597873767921929
309886203358928165380749601326686238528905557084546642348876012835992892518 137468313355823620090448609637061346297149720493318551878856206877109154062
440372801304426666124015028732262990494894044673951479407196427507625803413 104019645408602290884336220958423536166584367837785898939035200386468239083
263434042242110503559401063518554278858868451551323185922570784928634085114 91933166926001867660062538652617159751615940960842197826313222820805962615
482094249179660378938232920257272728123318665868307547203914463143189678632 195419790253973878724944933738241642073122936596411373375362890953784691860
411294465364704540698072620453266388331896948317159756806756246582544428731 183775372347736963071644482837923346777747569417893802019782908156897034924
504005354646730100468114594972845479256406610889668275443353900198098717821 29044785322635982189418552544166755211576656480037835208297065491468048754
424507600843001836327246475415745341760010249877307769664968806623381288003 22566666279188546318799359664769029482794168546897019854276890670130694971
316221410237923073744366849834718880133582645637784827967395369686602747601 65594112817175585770306246237788553364535600980613939565250854595317081597
482852017180615033056940494378528863052388963513684580777145495035572521939 92178080214021740625475027613277578313952399120302950370184608919182972279
327934776944066011867344306715983521228880679745132496582638589845117368971 137380801978808432982227893327662657149541809994464865266857587273729038863
318108285483453222907980941577327759834581847086015555975866225040069337012 29903119263839918159245319362055287894328564622234522815634387263261428685
373787815572755283017984183273424127858283747085362824609244829953401225476 15920253638454792402393826810755845679208822994000676610829381913789242861
282184698142487940882143615009536579746533995972058650351400100538642283149 240145952540099560513591215765201411235541215852954171137550540652126569264
472799841482430004092660058053727535802587416548624075184404376366088126303 154435831558036018940240313272708424323546442493916363499789893494259755735
335133198693780063720508379068292427542071092099919050534160525947570023901 192823351486196966337562799393086721732285759360990522944721206643799969815
494592368968409332954230427124480188946059603860005295014667379382444786658 24752379514702253583819783415268586594376094644091697622152848251898685562
421012367644950800252052825941138581947473194342906323991092266224067822255 153568270758030145200968021519449975922006845244212182654124086718814048126
497686348548763069658036965303072906493705920490692959372833201589624731308 217975647366012537214271969976314739059428171710493243837393312728104913189
413316300536840239344676797582002254159841574943555455631625173897995078727 69425623798960280383002336351040018191809013403306874141933294051873410510
432481906980482847879416470011936137492075453258878779003752491684465446184 42901143681293342090503592489834897056141631823039519422528060501323945358
395533683909243887094982405907494548158173523667462210217515359954704683077 247206130468224138763547873005123554109471915534801386755749097388048023767
259189754238737380982708056243690195815805141424519239904458544839186356285 11579578985407386690848800934895420798672014761486336960300462556801550155
316319580813591012071282171608497515579906965596190138372721415747740141540 21612565429825845139776245193499282984731839942153418002589858418538462509
370791755923968671318703494604229271931592508655372789419108571778021206271 151225715754069866157269401098707279486979919105173355411148198243877273427
373453759544486812734572226493096692691947169270660376472668065282841890570 144786243751962950290219763022349997587968118095221339918486513748074223462
422226232885101294723123306964729579020877131448161956129537009182634974904 58416906173729141863651499703375460910280889122343622991511256460355832828
278998173426721806066735747056769942415935513456276611683125701437546409457 54296036586766976685515238277788081973267113239173881896178425115284098470
444009278533344821692932650848016787880327492225097306265630504440425094475 19789334817192082703205541352329568594816061123273012992850179044533192277
425102046298030681142702059811172986962402391647398141334195638068940887673 14828909895090256126680186987674652191477037496322851829363921019263875098
266265596575239918977031795818565098618917898245069433792304729291931388223 164166385872812988378104548545989515006560443980483639006472136712564765093
324465378260887834941135203449272264497690445603728707329694872531900799742 138065785385610132318884497068111637776828131585781735277457526754690449113
417560899373193703084172424281402638127549260584949309504990217275553292576 87707160175538761472870009292696799590507869596705790294929296861352017775
273624151208048741773785172888179845546845678594445421328578532569859445329 179489422034917658519013419981187642300883611354682101735608524989978201251
378107040730520520215998890048039327059288010347014526158833924617124242397 26374614574722633891000054386341028941352442487974222400999503812651118108
299629904978195034384812645670707270496958494299661743793671209085301435155 84538139025154514951735558522135187829109215516088864909770968428902276464
453645128762288690632117668886683838913202138784526561224486044159068859261 199684777809565923510516737096648461868247386100700711752554043579296437979
426876408043097094483035028232957259801962616352874028231656541881172264239 17905778855524490967014262473583925277466471952196257280754930848093339470
292961200714802798330845658597857947089913141243454238555391165562761259036 48574907216184136407334031717446512388141947799886362316415242291118745179
439541224713502079727842307523025713668997081030195141486107732270300157762 112148028457360360386905422069403720070204953516289717807590530033080319571
364505799909548574308975693466275519328719932804016887742336761586239230139 222099721982739516914269207330843626561729313302656410676797860386572537323
299391256691744369560601882753361620179698766733868400044363014576097874274 15275412286547931316686111082809405290870006918583264477564015141772036415
466220980336687440019938629142013685290518724545553323586686314939114110905 145442910194305947550789006890674470856477254117348904156864293194474131033
303346777346927692338613199176907312889294938245821891863063408089808030960 205219842983677324757835309076698032106477728549119763535522828160303182286
473508111130647983588485210219426692990580358114880289017616626312573108840 170804977827108190758280057301722577039106099259001133789490443734156556911
418845000388439618300603988670343190577956896044577594276825865980071892486 38927857710082109588158988613544996141205997672649188386841247173814300289
414994219399644288690952001537653584214256803190948254679018489700012051395 233086316837720565173788307587066800834073160877314967937704966341320420454
404288202736171714968892037717843727502101147512108963686436073833679823003 164003207338995743139302279304723783787523964939708918902577606173595223491
269627514337495644396863905769412732134334224796167669887503326273717495657 40298902945303080696438098161424127184137699447241649390526562756117282179
499557116180964182898985497601601808311941683593210122094981812044815945689 32263487963754265579561348736384459079228960354699676047453816263149627843
510244982939212875732639071991755891168503045099316059567643004642635714998 116669363482351231560966322526876580958860310959872726055389654322713685043
478996716147419588519556587840957212897725972770502317209245464289687066438 107276583404138062956160139299870533945025421519995248014593607493793009699
375616571777278361074278556667206273249810944323202122560082233662204771560 212924804098147311500554653632131614639374596224063278338805455130965357609
308681440377818097385859791906023173847005577007772087350839360304834527594 23113230973460128742029391936596031183211328338087331581114749521715027797
373217392177904674824074251596471575385948746943384825019293422358737275486 55401202846833591600315836815708624902303980045272489397092188463557383619
486303508082506259757112791034718479626491379936488474133222340145285542773 122238346296409164414423906234055525624097432283230606319640042932359456872
500638674074350170006923295597498789084681909022265674029783433780926910684 55136949018365211050449476807263981487471537105263295812856926460348676737
354469927413149257879774418799358392938126573043927724839301624312107971983 186516347821677592968783794259610867776136808066410656173741835111990842252
400929175919205581458469168949868801774527465523937768830051165504117330007 137628227971864003571298337398422217550839979312497542655357226727941502191
365142928809722834971355866853826044705923802974386817937921724029167701089 22951349943509722979840674649412078131014375585567087096574177364063304385
357759115925113197239697167116056926069095734875929016983313886750835498456 73301064817531583242189296455898658047742570663587588035649680825550566656
268237316097416328875501397855565393493061111926242549921385469245766198758 8156576268452452976021943959289466605386442502655161801079460538087336242
447454661585853394692056611835199968617776298619829858451001847048467755672 137493266751518135540622485931624793760979931256592361874161674545221122935
402093015579355023289026106746454060734299136265565549487774851991962194628 112672139093034441071543443864034900669716205624529758931562975269810136851
340460591690918657063007079720882609971658948659192083039989404299963460633 4837662101691762298711089523560301836283593413482771329652213707425086947
480101021881591778854098778020467956380497530593406143959701180249227299424 126512077219865491765782161361298483310714046070345640785336201398390032907
506744073840747464458566977214438265827133714793047600665607635068715537518 59013638680104123795958889829368702456422255226880285732159094771381630980
399164306841470322719072455837502313890245007923759702581339316333292842423 105490713541874457974483261270418992153698237267351297245578849180881866628
438479903027414918007484132477444467927117979687776812242403949916938589505 125105736489540668876377737270566229452172421311499930570337329530688066923
488990586582452911708027497033047103126667210866772156850768725514418156478 55456227271138993029030552107128651022636093901069824251327875057162844230
345337836638774607298186305765141802772979557097343598845356031945420436851 146325924648556163395532682052196034244703151037744208128664737827778852970
384649764996933366060766749854548014723599870164302366121482312054527029852 105920796940326998042000481312278026514980165687713739473155795946166356339
394380517257407994376268518144275414036953373440842261993568580650529628907 156009707401695805265664404019538058590850917137331228569924329642351623928
508147183476541165886793493824917434343126904046817962032497977189621979100 118605506818901469895774400650181680915320106903470361356650279703465467003
394219136083351937741600204851666898786700961096306719735160127532880326970 34468896768183022566390442958452544078631613621926018465330530184025344714
264018903245312722595873389183934849020106141442377901219609730965841232298 101339473474630380411115018586977016117009062760249324665909650875282333359
447917653156955014883692247825242954127184393042634449434270957218737811367 109116165514852579916094766912753334211319824383596549429324771162060366691
473708601334042665982610583561247097719139363218711310782631534770183778636 38932157836009400004804337548778306643032524316379145057420565340129991576
318847033537845482022621315796395316327169950108921840123155792682414854758 44957657677808609598742279541803500924158693960590047084671829056958011040
439601717655512697162542229050586169819494801235566719863491922338472028238 163744248537519091668306975830320468649439565708244125623837874426028245560
318126968284620616843707508136724388725158652366920119607031800090969051494 78982447776348014109840822578995365443269260504419100464072141491749898017
434745256299457734768104022136195079535530955994513894631165644474309671973 222451867493678971943138531490462327178462478582624840583914566623886752512
421055323435920188604996239383779673805250706465771175046529177190203473126 123845559814656711107872437613577482452361293034361568897419896495618624152
388203705972952900569495036121663113316346779602198121312727441394655388834 141739411646144030855276490982726049838826767709817518819122201477209216456
472981207539369230255397878407444145511529189407028751846189101157072267948 121759988236917735770936053565397194752943599139849287912456928491387150765
500004282123748211427318877894145727792862035155783889313740093017838379109 64119472565561929160021137669226620550552953507341982512429109003830898442
427357751832442181044735049927682650062052998301507477437638996785731362752 33422592725834429250200834598674481151522167592130659845930635002156687381
306452657302384709154444988247473714213056301688483637250376855160607685469 120047789795765043066836023282369460218200512166414918888888889129292209205
428252486819432628508854355647158312278573277949516520551119022979497259063 238498240554310915617563631684397799073658103473468494275472136141860214372
289849337100143002477068561838645436859550213854990875242961657830346903923 50130521292382828674683200305453730508634566710227957773477617497248933141
333705920872038921602427616915338453512099586088197413001984995178074962312 55419001495634785957873533534401753811244467025548246309401837228798203914
361895231909193040711312008655064557773992587947818466716145791733778380136 65953925814814555590809330543069842761049434966163591840595190627929976407
289122230620518228799649609384898269514138848681971086546300503100993821947 2881007429548133134741799862485368036189564888156420524468875448174939533
419450092180454488316481908011377645407035484202578903435554289758068904980 36741006565398462076809918055665186113774437942710274692641477595646961092
298380469753946723414395577900810689476163970141333285837646901123940228842 213429646654404709713451915089181786928206371649224904974014314885645678078
294000825894091637080342323488240482550189107083091698452696511193024338264 173805597918657462552073211692114407229586236921891251450760419881366894991
269622813487079882647749856294404092714228583499034572265724537471007910332 166095118081914524845628528668322491114133955108074113663940676522590277199
506555006957040093957424748431060183847914120548106787687148378806935008276 140276505267047144068868307283498291245286616849865739437690679940142095472
379754593978446132583571009298740865607605012032443234421892066904914086959 227442270443462474081921419692373098539600399401256563852895162567112081396
442006322987026860080848504843755758940066324920206421294772952072183816664 117346253105649792911564264849132187306485174471209144033053415363835044450
352635956544152295529252413835457627579414965849956379809301111359097048472 230238115394602316960076680917773336609202736956037637299515732942534611914
304395149606958483360802610039519063493023176986339678751585754617024753801 66568010518579263266268768287099324646947593944340490526794032335362664672
384143116343549132680754443040022003379518497625020308905979995447188351223 224383314916479313384928937171900907969662867942766279694855007375716458723
337504690734330576147942406359535012440395326760091146773682487178689724310 235052934714775507861992576108531872140358254138217440298380274751225668441
428178859443826346303692218492581359366157155278115528282712269437925302153 11631757343020620991377510085926410140554252351625417046086054503646040950
496614958590383887186728272172807773702946806289844766263074620231929799405 52517365270528131982759088565787112710660327906050509334709526376901313206
451990376983877263838923757618808314376243090645764361459675886470579993438 179315212988822910472003090083528365646584399248826842361117482389144120895
313955243874622568065059102473522371356220930555998451452887162255421167703 133151010056403266740371301413518820093391279926824499201055657425407499163
494775303982191658836983700019317832805656516164999917602764014491922548538 127032452861130654389112401055968851537183583573546094979480869657788610230
508895992986123847343257620894929518443052349599037021440420470484494141271 13391756184033829193440068074988784645816210379287699435420301433840793468
282275714232137497416777313193742707100292040042377647616632633344099005540 197478552838590060067854203690890099325044463901717786590601003010854218982
272037575007417930785610325839169335011366423752449422979792856512349181173 140827116050389190460463517406986559383072390842578930206320988115462820044
389831444669971235975770135358121809310034464238307520666924930970310450533 29582389495583039753638738651907614488350723377241916823063512189639182784
487094079703726452954617977438417969222740126809083276494267624086142651341 25838717782071921817656460646302225018324447058744989498521576942431296675
315510369141575265061018236438979603918107348872314378902804401127132098162 93560770910458377914883300383545288499020726490578634618183558556963797809
418748006620015890001516420173781570047151374296502080211993343476158782830 190437062016390894804903877145687850254984638400985206700325070246221640103
362581550322947290003278268271547085892186332121190999202996090778505607640 131896493426204797620692066125329773254140028117619523125668431755190943523
329460910975320886744968933587854979835032991526786898862431312469986605535 236258143890854031836624582107761417633391392793302352328438803862735016880
418887033472595412852352015877203451045974361380736658983669552985234692424 42239781941666548316347114822098144811918001375390510343346913919137527091
358659634154795671506967487881388683797877750888233450220583347798066473798 139557336180615054693520987878328600889728957867767153549371522574267558323
400474983395434271537822385096835403345776606419374063500927419560998998353 102571358256521025534912382716161428425095363121307673801819198745157208350
390769379396860568403950042358177067242475178145893239933442112414091120754 195169744866296116335516277467393952575004440799233159984473988417164419090
354483268147143007682372024316956819864902142764949282484630692194800518410 12927656467964287589884757538205143634370131991872969089836596945336761658
496516043035532513488661511398562074259148405298011838140687834324971664194 150972959143818320471068410341723288737555037821284315443535117276507921851
328883747202994281643511307734401527810541473462312869871349663709584957098 190063113556685087268768129333086233878606007445233403795354240733789459937
419156216933168480369746828114169468920327596891346758299402691500130577317 43586455784922572921452411944997613878982080909151492841962924180201975630
401232793583832857416752868890252874988977524880390879352584620202416982826 121427737217522210925051202427112399766531581103005230092670045376572396792
313115710997355971167744100955047103874415441049468770151125415862399262545 195152667502012541856977155313129072073743475234651889999358358641621187630
256567465406604454232361330241988461372664848616157128519469241618536922345 182933613099602750871152767625077732853066501293981672860329689884456846576
507173038063235875125202963107933470760455558423661598301103524265572200574 227194226247507134183481657458208452690141093715144084669721416220367814907
385700840547135548935218757046008562366563906183299121016558695496017328135 206278063030220380033766105744923553378190106141842081614179008840543852242
380759058894904049640505237603987367661679976611001003141060442512847537592 128494305147007632164706955618037155980373859990150502520887356232340045538
437601598173137686380865661150367446442022578281630196056892784199347992311 109511814085371884061919712449791268696572421198912177281847167572233724532
284356364522232189104145425051227238867105271825301827810608422455376970747 106652520902550551942541852423784647487250580645479701538069109189088570725
446539354512818980284060801579974266638741755531530770442088937934959990927 150674141715790910878338496841764001261417592117496822882692445836335985735
380181060312555183409752904925143303724817176912602079378136763398005361858 39282190466956415321210868274470721076797499762836443312651886154872723618
471444747013410687469955822968271682169084447008357148722058961805205642790 183657322379848731686436213687705918415119865165831910917418905348883753695
295468177514994491813527521208159391046793222345241447895988329364724440978 199977510825854179493522413638150538349678144148678884913514573476844146647
492407012851990322704313278919567766725277398517958854835259477309301387204 100485879797965173597022754027998527472452183242917874169636750639523444221
467307291931086013460619882939115993624838025585983336659831991511507611207 1905222746368332969132875020838733575559710382677677673236114581819196839
365246928336866067948945136689492149149413402332462500599011484386704823931 73865209156107763308992125836068300215339133047574834331210425988856424760
378681822370658756006535972726855849498331921323451004629796854199313835482 218787076197346555650859048630438394084326994687678518252238192219140041991
366972925353540989838876942109710015966915230161750029342378570451193551290 115929063066831593353255635203572336587360155983742222717354327446420549082
362429508657811638079043370785636907571798771681676844183680205748856023633 235066830560555775365634696875144511306650040003734602470633508465125151454
327265995397881810685349209070673552205427226324450278086650522262305734485 106541216963798287624073215147931568327993499542541232659746125539810996585
296134592037708431015344789920927953313364355769198393422684656952425584400 112489957317479334575253825763932856219784636392961959942757041510400389502
355922109767477373118382078641455387534595970354209942534766432213951579960 13431266380161482698687797086720371919902579892757854137777263663455773421
318561809216280111979631371553694306573300796091570758151100929186693271248 117151195584535413640883406028452296747096678119784302942097489404374915572
382055700066954975596378979423245262329000851029265919150829964024458408097 25582152512533931219304571799833115738575848124091601009045329837284047609
344387448720956381495832666293513103627751211865973135991990066681795364156 211189978938381328460382890471913138930083014234319930448244008718436930221
482718285761077717416151149840565307931117760052045112024582453630854449977 81895859411747707226992412788434485315508764632726467494925059681237035007
425989361830259611204435188417975860232262428857196014670448691715388341347 172453296780466980992109380276412497066842896641465054438693166820319620994
272323627702660680825294715957307914835132881686321493022760639134593808240 20115234913557772382099001135450119617745068332042257519622999633671211655
294571696388647809876875560741737095825166841917937489604230966030227482517 234309429242780949755787777470579660521713016371863300070112932498351915659
351191856260520389814154646618291122870705317872984387032631624606667931814 210851745513165318848212127735743643966050061732422075181271627860090978487
428404943994365952767326217075127465294171795636013308832576181132334588567 27169434408203827353892976480334812446255610003578192743966284214737063313
315062280249569419280135366091823433401912685107041324744508673311268033887 190745709138214395394848096787663585699187575597864555669932000772976868223
282120231829866460675841548547725935932944228084626212831488144092227146564 138389380928683826109248624670146212225360264415082000470652948281543353022
465124815756941372749247180969448611543153325276600732782367686503010413645 244515459702501918721091410276561272654912738448300850774589668885731291709
389443570877763573170404828889840025096324322345031436557956797870765505027 82913771029312464884505201354366805155491150882390416228643940279635938991
488473032105059135545665664798892793233093553538790433464044068097509935918 31697598429745047394548202868208052092448574400774480055842300373130579072
260610275405821392831320617322166287118832747161202192095439902048643243523 40126794196275796576171930374123523207896948202820200948138645855318762156
474762095921357468673641589041517647723343129778563055537176124206551472921 222087416973435234759342207901398846962579974174416750835374524894943562653
374491467235490552753600539031891470870071529876498738226071629632020800521 78754597240855356818619367077856436021325363178674663161433661251837947794
261131562302882426038299892761758199056854863515628712354759992506448859074 200022413455119013666197436315628623579904453888367408718157610643992515055
292894425647267787117360449414807097708039841786144706263543305605879685845 168141494045892092965281146792577758093494155684031858053108570243743186849
382170105482487445317816317841972651435929869780885096959186251478074360438 119760171377156714445914945610519519198596561327367940015270603401725288837
487554774265826732672923951902015190125223255769040264995355754713230490779 128519891804694937787058546540876755893264412652989526897739205328593349072
322187075961787735341091073942817189572622843932023431402271209521101734229 202361465603952463705812026912380911743659442914609930867084949837867559546
413494439837994464760537142989730726315179475048029149827349672336524397441 151103405655944701464614441693373788020448329725120351415549523863838558510
505614208773025792266899418949177693157164547984358394637297975673896425731 232673095393421525146445902385471042061927057210261087581917706082576284202
391425939321416158389470610936963015851294992456827674718900869894963472713 184219986802191673204905791240833415305987533923374629666831909320437086852
270725562225443648260130261814590536576467328478634571373723867208271662043 96602736531995852240031162104314925957143531519847933938275324152298697236
346144001212110394839853358131264136106804041137514374237669235966791547814 102840780865595884980002466727369361038788282760375118262262138975063427978
370538633459600121769596190906563676997872331064555706629339942135054248092 202013446721742594458679954008645182245773584095268155138012059069526827278
363752663207560121950070163424665251390023396436706892866023441891835723027 174920312577768729862287049826853587513822855878762057120776472471245542799
327264341896330616700765416172964042888844218866046727421669802485136328907 116377610628939022741919162277342170531724118429223086774715900456913546783
462022913811913088591321783305876082828300453271121107675514637840531998194 83637967946711897489272626969993912060541252810447510860477327587319955397
267838300723222237852046457857335865591234388111368998873650643466349266933 157732201694630412529839049901368713794371983878960223722116673016145698221
275282601085806522651911082394916933285134883893203081827183776488030927819 98115772617424096031019199638216963583555987382664829042891156452281373155
399138126833815599775196320888008756320455076336589232400738159290207832253 125318125795077538281587497742783077831169688873096746542451309304861955914
289989749791002703536529272744396245956233222117278781857825389993007676655 37443018609154923088640683595521285131886988888474086226765501718357976293
476223755537904142225049116968227775268365420783558390703286535896261329119 33393376631126825424970103921439934029189707868534220244875356219336598328
384043858055130297035332500204209831132658330316068130821116588004739821939 161788202600400113572220156958851990235523791339898030486383278507947746964
279058120635441934346521307742082153054639806788678852638371618705820193465 167053248022106511346409409185918316002224740780208213392456507546236833494
461122669781711435706015762489114798929792615622504685275501780278320013837 61624381440913131661485706209404789507158482231004568230719743699925898249
371621343580152591764349538488057106249627498377898179942311444590588037615 130789482250235609497890532354635269340608402800424604614364241610507557107
414419777695555119813173405140346909509321408924662985042797020232488399910 197615231236217024539879426769401321992422935911713491900583324679627738464
452598512548883067279842556113035440863800254939224241743830038301308982471 201773246883685694239798798113631857513875461508362803859952266175456885248
465698580906737932857633855662533598384786943810745155651521114427979645345 81173650863811589766038980091752147323293829313766807108445045210089544836
408615258328269601621879267084385488386276574771471428876907874679706704597 99954422619837095973356811738116093630702034179984406241954164451867866058
361751461634805670776634562278636643601061797134599374753890460283417281715 40121181018893928158688144489911481838876929198324771432997499513492500416
509029395487573163431171172848347077204670006156228883757361985912445173054 249629290715355767668727957136163575636493320751239861892983230338791601171
299714336024907054020757970881782801945665658387177743046461452208094475682 194149126971802170702374124206480271038794521992992560342174425832877003983
259877081504113737684206294812685346877982878649832881716914689565172813644 209179935019744518762057035132717025580246603337891099199594581110426058376
406478694236708297079845191415692104508869321000217667386344318244204647398 158497266805580096498853408734504316754553982797350384112919039936129102006
377038973756516949931199364284440749171687010724581128454722231239297045688 247875248423134658749654513500142310579056753205968406441790504150487275750
423294897529207327574035615449809680660329981459147495318553323804497451509 78387015136380373283720794155595002562555928850021628551789532624480138574
398184886468194828513006548001601446734572525497287634784805484238561412540 138148187394774304477214863269968244540094657275627128669599258204322330441
408177957869264758990448219561956704495509422885898687099048751504482561572 108459793187820131021492707374657585695678991059390776986319840354890970617
288076786185487955503889930031641313678929296074633815700240573557922283663 200606996726180543030559428250677669485520379115105936303327482621362214108
290172331442144014616821607223486562226720622210068633600255780140072279713 88454964763795650565829353247444516192299305962522414826949537918319392950
282910841164428290134855290074543956832986291283810070652210253387590559442 161922351490039393656287372381407921623584906772420170128413172616577658415
345161910812893930941584211865336782662336199110196776013396973448832922074 86090715385006396657890583388913731646986923117961006756348231298985399753
258933866379877068238855879344071951495986507511827493146345379329302475888 174981317606774036789117248886643311910296403140396920213138243896651876084
270366829411668679123914164957213197378045172104037921226743093565874435665 18054698320456939363197479697027278969759861409165399107331094465980407148
408084811460114430186059853193047718712226271269426525860967490612370846801 109458881414406761549814642660774281889085559224726361811433862229209881039
319307639739805032409482968382622630918823042137241830606030352052240257543 85269600176311194406241997874832554976353379722765312806004113921998433368
263003154664106120737088648431387473545612184062591827832831142459297954694 70316729490738412075552405014162643022918281752691825390544744242182784331
407452243158656912190071760173949636389793043243056223573668439755300925799 205252127552671172207562777810390103723429292679848332812542818193212441197
432199751024661359727289721760835749184321158076760730960236289375586110610 100161382363085868352620578426627568701036836927755745020583216037525572316
481944486656774932869670804396026267526999724070865057754993848172438224975 70766469198341275075002170713285244957771975396077750246695251559767098357
495095977439595494392264685965178992573287895014584882804148169539238320738 240169930102257406749164308623690868938902552742846239950559890472235345072
466476780506374069813645593462049291091834492343215863605420345675345316224 234324550323564358532790008779104058812147717152665073894950247117568800033
460616785043327458670490870399040937861614210887551558382198349653790264649 180284993102894409101510767792308421440145267167053090701666030550618837712
309903222695337863700414087866565836960675065736364728826093907135360920542 10105195422275333574683531045300986083596023030878248851810341835704470230
287750537468871991826738269779904334181672651891790461965256061728278705241 89934110007305368490432571138418003556624391772926228349897887493035257744
399033701317708917747629537612459598539568829957647316549561214918984793947 154267272091453836928649048812791534230399597159500790532815806550735157797
401712142563904765304841869304715571952828428329215838382164172204366829777 116791355674498942480954302625219537029675467171245736313963959657654112840
375510328574103659407736665571145075051360322796395552335912028480898041810 136029614602637210989662735379020147220324685086073154012562697046816486560
313833312878487098649406067993316449564090977274054267700966581073068450284 52705830251222031152403352205456032052130539881955226969784951637087347845
293294031061853467695349669857862354035441579349705951603669138844726972029 74615230648668350174778222852536629673997764930490271730806359299398725017
323312022127597441240665127164840647178608986038695239015834390432123201508 155019857440551117933032918134336297521353031385963881216539215455629564373
451863663464966112531377432242503647052619166235745946796616817688122808518 234644570532367529347356991739296680582929105253479501922766832574675548880
456127008520865531750057754720689319680655804121101492535243573173416608249 89654050918674087591058868099987509372478472359681680991690584279058993007
387554802945354366877257626362277709641565424776400421184910070389703202184 181091807538044522375952290128574265743751644744418399296943774440783205016
425999343544994221067689115851675845439250977181855152603628287496349726603 44361250966078312266997933162942097730584716886822902877314193090917680809
499763587659831383058292262143566370791812339462127880465296251034419318379 178326224341478732302695286806648471673829032364334684520815290050945692442
429573646155671360465180251877971401781771937130387888170273381317727743953 252942435132616415439985885025559544012509666685454764535823881263599510605
283403408504739209413796153371869847713573177715332866434393416516726189107 81474692985589762127929180664021588206589106925049470760567261483216656270
459127387800672728210757781311302855219714667420262654267324357113937692096 242186557372122665084538852069622769760639830027333048060671485001581639465
430563318615127239071915894717146932176995251701817526210754557306860694243 118148924441056479728177765610126024795808395558887232804491885532725467563
277021164608057480607462592835603011935238194747992352689121055465115667143 218458129474686146495612241080050454234241045020518535696355902250179115538
335642255642673587072378417236645650796154861237423018546647566788461708691 251674600975494368007062651123258145168682770979557862684557646993220733116
507961061742749198694681160852462914298725113231306731575707220784365960126 101469173236710250723345743532568583792241831534911227994640075669724432911
344402222281074204175700681522595833265907035005088383451506332335920888748 62443889832005879272316988194805278767298206005350553027876038403772261389
460945924981581273918591810703911286552998857547227673275690652069724900662 77155003707802394408203047966097375012347665062205432536175743026446661287
487967259306432590679252516208475750324007176891386684544945366759380604464 243499902683952508516253125171285106794392799351492074198415074922375712869
467626518507228909793189524470454606562363374532471061237966979322421824823 237458970585505379215522649409936017490077120941289032877662421291145142671
283210599208818656318111513989677246943152271620804729876993597252644951004 250416133699221305833757806507630188238829979376333922661388879347094137915
279161767460637947685518709078573114936474535573208557697673269104614418184 144879203314663101564939989708747958759244193010323783488060497239175597110
354462152135084424290308806216121135126622111670427802725932670392466144236 85221062015669322143597520293692865672510529000107189949484751982082698970
415174698031441884275027841348361291658003161236761468320592934473688881989 181174359207544758368638034907044527386791493251823958923998206419227753857
392989222992127948834434965448219017045205277416723115983217259388379680773 151428552386602965392305766634582482823597196898814863833399394303254213174
504227768619187264632869259109198953408421220164051298427303178828147424677 204133472782970816397168986820128348917062638673039350621196839160124044110
396070840693864107861591555798460549052348365869932647360554139566794445735 18106268716910190945608326114329382632715093283023335908562457893007143177
389047154366332192466450574752170809797829299575505632114003103360028339873 63533890387637684541142408776825525727126121234510983220235979583732708977
444085529092571597201699414729403733611261688575848201272897363497423262947 92031508757307252226532936253258360686069903920210651978165071464208357477
409762291918874343379053675519134521863518347740339641881578583572855516750 129897355221400304154129843966481215135508848434971543650662406846646023943
402199428023137237762089197731580739449339679562223131606869134999994206919 215884457010511983203132378764634983418650223088015063406915601640908729176
426558365298838718064540450567563086306600442388819454979547402725341943235 211089020430014247542445923774284602635677690018463321174075237764662881313
349148545869705784357502915241725278237094810199276613658907641975352067853 185528026359793217605994858921161046324703658193032877454986574675095399544
366248574195572966699000980785677826284878100612421428009208039650914356885 179137348041133154759333984057210295460214061460987899780479149322597594566
439266566929785728451021935968557669411372780196061235268587393869867066604 148519383499066748664227733245397847328227244474033308983628311798333369053
507620888513557790340870273498985553088287342100454120933250883849586913612 43794246128791147452559485307649805145557196532989059501778856708834165175
454769260997081158645845822199907969334926955487926311915487694059290115221 255189069112967472392634602502064543949660533124244657385329627999982371018
446425455069396272365691161691699816302765486119228546893053153853925840188 50712619696685017471599832515566921463767401496823581511737744257536394408
388758158009580383079793699906614120105351666582771884863400151454942653486 34772101638079154468327481067496134538199522981814147981528953257594728118
386902578538671501913349183525099212364418364761444801496206098393632176715 98717209083831394409531618140839560643692649901759649131818803655560619727
367957300066164054119016027212872700239012663634272529833646190347091804807 126089602886254169163058674468637776003394977131804272144580559971134321430
409254266617948156158481115536816057576700251431879646773385917616961598338 48520979003025858480016289388038342821131896278277757072627492484865426061
464972181774952484239292636923363928744806462364216774982082991922052243059 183975703209235181718995595880592927702547755535463673519032677677187660792
377303594853202568088534479436582095230351770965515792632623801868779553506 197039391600801995006168234328418589896867352505065408778881462676617657212
258543668931141564724553836090249128771057943248624102073984104454251836222 165957180858174790515028131892294076159809666038635462014477661866577803561
412845009761618128786404310836428926318436084878532912690869759163947384790 79371481399669670950660129073832806187712788848344747495222370211465062539
339941106212345539919074584496122994887098363459593996351311973580068631089 224062112908910907748168522010434971926561875727045488736018502908877611584
345047488691673436187744873458813032074861604439441845760508814723185688091 7034568225609604857701137956292178985293448064577501645111156994330326868
499465920299390479303382839207596542240369847249310273114001805744692540045 169129153934700832854814275333317774164932157268605243061323212834570070600
290523303421145440170412729790631554366009136601445630219558625803290818080 153170295420369541978604536018313881641212564488880171535330746882008824865
427067681033053789404505877291265808123628198877663309727076885036377397086 229514887538118099830251808572578401280984426753000822295851999237735953439
404923812205192517332633473053547998413451906835508072421563935735572213951 91111835476837478883474152861837405949590018906220279363805715567681653340
384614123665622184727886620998294416756906145284412172428859395292394392141 7142859993145229457410466813797881418088143288389830090655120071658902546
406146937013365181267318901639646616523955615440295115013317188167934615948 50115491581629599279729794844735927249252185774423983547688976125139451059
343058513493584736593754346224838370293633327112846494987993787509598580285 114559422876980537686699349981677164172888723076758756384955682675231342730
261536776070721659555042495415922601131787394903042151756100981432715159649 44379671806008858267429342781904305705306491169824616650540081388024729763
306378603614700261748527527165353504691589524916818984799212001826318333747 4535917871823925306480748470757856304187879103175892617162936816815270479
375234940334285436878447020646074611743379323052669297014709288647011646368 164246382602677056481641381295947018247509180376338798111889299596788741736
446399197424061849116901103044032371369877368003598425474610422727497483440 70191988670660954290912702461705013767488656119972610139501312349012327838
289222208831673962335955874123840543609016318746484847315800344904002296029 213416200994921035955873082879171543687067866323230754194912335213830639720
313834643656902683135816064307231752529239490035199083188914586897425208843 201821059139734111432594085731215732577348553728038598197516067245291523784
380557073623211207442545652987408102698155741590551659846420118364260937342 164493853677535721391567299604183908640594284288638894979144012576421151598
426448710110240168465650180876148963862338371814543959019757641059628396120 35258710596125553424472436442094117737806883608226265038651666224467871312
447930137016174238640895799360868944978350005693691461084946109479732456681 42635362329723205723594444011432163106050817666108188254510933699363564160
393433665666517915938061571102841811512759470207153000957296116935205531302 232746141554998416503931439917668677406252042905390458579991284960623995705
369298881351864374268482251451614124752361966343733256499939167100258115815 73606181926128572973231653468352962075708897829276705870755151828457479536
345179587593361926093526135147042758359880406881334340694338267701353100082 189884814318787172059278945327372288997453858044401777841236918908379691806
505171363830141785279242281345607544345676708313670593608541464502533978992 181843909962765917891434342280372907980786458230329667008922751467628286152
258458585920784817353895931399905311292268942477736336275711124572796866250 51632547635490332381552740415806551469340820303041035054665963688438799353
350876530308824966779522653154730890885802214411222455186029799164030666539 52524647916611188846297909155432491783566359703264650745244791676200164263
372394737841172903914622672269077665533307827532962053863364559515458055926 228718153690834308527243917709195824089002148217895224371857080067378469002
468066390906110252302183954287865305322545025886153327133844791652824867889 174608941142048297607669676382998283106249652151679046440384650591846816725
337047462209639931388518680095425185882334280015687240403890658187916937775 175618236734390479075760069095420389420470310320468307897296649178227271078
503141604606595305988305657069961644124798911249502730327458173069283394403 138880979373198078092145767787856660696899242768533098901201994722598986356
366890860678523135447714035221902117183795967121318165132753923025431753216 26566767358872945683120190405368605352121388089735844220361067859198848281
434833505288299846636453056129985558443066610020438800857451487361943023488 48650919734884350963498031174275851272892951254565526883027577479916979623
351109819593524423909969386218135568598167248522155434983205251624315760926 137024885698855051140935527603922038030117027496879434214539825815449320916
499809288850112847153590638210212174536121972496621475828037695254769606370 7715242557360613082622319558316357244948910871352469350859364998459129715
435862951428183383279096214032649399384789774699821991051126258579010233310 3009289954886772460791601981284698611083703626737940773145778433214611373
312882780724750637836047027440005285685549605602964961512569022000028583226 151625101526478512751402365735998960394941197983956847401017904560207580727
300176552439197595466817247541225972940430459751611882998025923845742844373 90279825307607923745555098036843617072404280120499725679254370179315709418
495413558287571818388362941246015173067045151259058694935514106831966923561 31620762693976534952750952750166381568962180108870502310463263512173023401
437674890212376154602326936478184967281067165159839950766169113503476923710 200194099972788600512924580465750595686468840696589632291306143231061198537
464631078958904389489235239617858205935029264959064367487693103986744071888 252425595829660937426482114083145457171207581042218912570882803786672518360
489942444589361000239330736992214109018068422484589085937873416271519136916 138268871858499947365968560862788913246958558789805283678740738261305498341
327908862234579049008294156413017604275057098487600063690639741961808870664 247038524812803660681641093083517010486475476926179050626124156154594231376
447034726372053946457893678476848781024905306691272687741130198294842187717 229403969647479466161590370910607175434891477221505214902730314585067346235
426860702095188004488179695121139453302647995394857293114472191664752718068 97576048049605640762178717080568505318047996934363883192702922570452210454
387317206386943471670130472825873380369886985772597680466175467759932607602 21722640495386035879780035556476175466474408391242608618158590456482418257
447002599355355052534383233985667611561806671877030064308376652301338172371 84241310209198816846455330078455721512227374863318845484284917129737242624
285849793861930759580108196621984066890500899740822306271365969264567039336 61691650583132009295117176224475112547546451663884798625134032719072215935
273800046126117205755377836187699237944697040689986617811345023925935414976 79421402973106961884339959159342917097401623297925519175457666292181618713
317440580760437799418537275723558773855131682740494514279325293225720108799 159825551591358691543061480591221581299663766969619739985300720974113488658
469910106428455104333942904774022071696219691306696537286063593216757665870 218176969600496013734448364239171135311054864943386568713958356831810740198
436951280209197193941911581323909605315379456993490818568879817668885343470 44020591865724517310221071929568115061172115185999782146195555777955194347
421208503938704660674390442776025931584536266595841196899483923307455904231 241947264833115129618686989204359232015662057812119781394560136140117767501
304273317210759129246188265801851747516232216187693911347238357636517900511 32708960031955369532515328883725416885746114608373907046382589624476607671
374571671993864470321911147809257303469325053246110694932337106361345191843 80789875593684852515357484453277349204006005430839120323338878368745002168
498489284370304977812333740936662017957735040124341702478887643311714215688 197575534450631929499745973239352284521613995873457568063119749621375854734
473771856619345081103396496892947315713441350380205010106427654169749747542 234154001365143699135825920179252486875880415697338567338690175140049058544
497601460969212342774563648142222074557103098774682142328418674328853445288 50840094142652019405415618809621219239574259616286304274060453339249693532
381795178562905533691333157099175713834686788720038316270801793411685467850 125250587905778321607354172654629454100411751812776147784533488189792087671
341589152509129934074771907398283386580273565616133182135936805063610742315 245064897031764774261504777107667154255882611212349226777414100130855815253
396157186173041596437433413665584267943586460157902837777308513834710277422 24886413153416579714865658393000425910523097162379335250808340870195361023
269621346810625953007030257583030508355498577464427997210364313355203623468 182290645992602003646352509407492476149339647611504998863862738827241936907
323946169759415068296479460692566488203142846110701716646321694401986364674 6842080886982796156336619623234867732865181719552768529770210269897663078
416418615231689198435895973560459226927073211244299368723815066302518833124 110432553834680220557584282244674504284380619709693812167565570815717907753
402103265955796197588135564970619143209550220652660141715820680238553373794 210937441268981919171634926483439372201793968954203363318588836620427950441
453679811954191108338784671585023022876159838666326732273333439115683618105 33206578094209883359599827027605536412808002856788527992663441017839233519
355505886096736587251087850597822546422056793400322233770227436684067126378 154471427700827863835402378698897020095279971644598259678593939054731076572
458715215566968739475969184148528423269119712078605553068753807633701850385 95387862851605540819785012829824807235158911751818066341587470167026947661
492816421399401184935596283778991044756973016490781272829911393572469554010 196523792893249293268625311943407821454017182362233740147746899663424317436
471925905658728444103795138603307729600444607201683210047778144670833048245 109939894484637162830238060961376516209662163075337693133034526830736326388
295016974032439271908189045511933932602588753572026447768831353148206764387 219342466565383491332365109059776644718710633198862919815853012455936224314
305994416995384492174646027002695067994831101691917068963902439473920286908 248458857819887089336240359465813018174154241762351068155174658056081982560
394038579855599032462162179678336959800451425097796724500635707838077820794 235735284016642007597204006681989569642768192329785432403794560858062712487
454353256765972626297225664332485947372965976078269687103840667303014333022 203118786839916026919802068479861423476560281629930371890623236923415029019
401534259697131771894519839225858672186775592900414942614058550251877198896 167543079845997417864943007933571791595629800393594124844732313587808168240
455578562601602189927246167977739729790674662744729922784575862249412337731 206928754681329286550171496261540499919773155810120700119331753364799949799
465135778912343124477380616368029231068604157669717459566324114331083184128 81244170053675883519638548202825646142811333765130381083387003799863953720
396961836686493240133295418070228452074251382308266824595926823807075596097 88626799169891260100778176119074088279396965626293548931643401627770573711
381771841050081758104506587117218563745274520392076973916920997158914854710 50785366068815436876372306613000781671924373805919289194013069273865122679
461017973454670396374863279360099868603642266703901717243177051265852690480 183042004885570843940707056846844858186441566675743338630603241876155188784
288555297407544745832031629070427404444243659540811219373845261146269331433 180697593841676066282314748313339086058078211785964156040948629112147239690
383492026789958272567836197871139949176734055905817751209723418606882584171 5293126730754643053512859099881784152921930112604266420266139385337003011
470158306203484470535772508046128029402799557278317351907695657828543694271 247600268026021252994549189383108797368967299610474831811032827282361727392
338468049077581804387498392973151645930811271803449925960646040616317263464 199413307555590879142076682717165706299076926936016080764087759226019972950
316090819048766095108084213796111324687320623155628251933820589405379411707 35476141696415303411236099501424729752011158118476871001589640100603749954
347667803278137659930453670997920686958193995485459145435168310185003471691 130078497106902027998927942524917748971717409604820357346848601146039480911
485435443981593765195717526924987761732084267942511240050958182031576444205 46937248928388155933073897009079749627473926596624991000002693098399403773
425572715193103416012316690336339142091006888219791229987265764326816119774 80300389988015094269686089444656559613446053384616743535519847419210627374
359902522813167849925544058852654865420317013848825525155365559976159229861 56205041130593732485488293781502802270266545207033322165160010987849888357
439841022110934209616211340372160991927130483753131655839254186057305877110 121761454826664608404051170359295281015931419493759098887169678129836671990
297992575122574135881056676928320792853775708059186030412812250150897744517 182744499897862557367205900100433665729616791100695666847527142940616862348
368617363708121086317519462703456210544707409357597180815902244427448220348 3007631578143443763982704118450440921353837088655736030728885394333502493
436289554613745879743276576474389543582093118501722256669020971644200594579 117010120583851903404081777262625106341246571681270172746922447427769368648
374816936560399236700586264821352456615920268328249962197887951627879158308 45409279163853222646957914262941479844320388453840783241359307895767740414
276275333705237651830158408174777213874919153882818180795094704460465044929 167751774206150757222478550228675800247998986403893975381686799161079773478
343575078852154191705319253480758989544250265583984089518581992753908860832 3287713233757678125431418506791038411805596656552344574828933582294095871
366802192883299973563247213105816095920076170499232908981054478557909563397 185573827956253917060626275839610489707490340674032080693724019308562830549
483239751588838062383820133442747967415718963851458525419856609544785772444 48679908529247467659590600875823860088480552557761343181973715056422999161
315377774660487945465818135488905679372297626011637106854865479076183854224 238882749116218043510153388062000618002621985046584979917419810805629855876
357411680083740660056217027254500163188347999700469479024216634305797641778 95254482983816182000322983166674734786257507488655351001293103876341889613
339508142605281524679250090588992397394133914682648926205166010289475836440 222370406119150276341449520408670393058224376545846760154159642768636240692
429616817133974770249107090556876880677048674273116536389104094784041342583 49179297068845817091944525286526729834790362293558340113925934905033699022
482034978629635346861466689687112518838016489955540580118876329594910810058 60448070735245726278957710429640581909228971895904306558293886577005204208
464631493014528844850589588513044943602057080336058164166762613251449173843 236169135324207710063416875822110740286241550391875079174038421254233086060
327552754359581950955881344022882415151305114397258496559294137030219301852 135568249339591178419483113460208021430682768778347296890943908258327644900
496125518447459613227512920821402542550386524452373220171298098097618883485 215474267028436849488506595672650472721475196906409992515010120408376244766
387790300981205182923381772003986056531204092524518485121814442614219150149 235968707990157643544458362441929946146162627135490467021335962843006876217
365260211718727492699464671428891585811981087247584066890549291777009529815 89196986965352917837502140367091128516909205066997629020408184613751364914
264635434249316370424243915637292402126875707278613216573475955134442141150 246255316486088582199106947042925323659979124032794840142570971672485346918
388003539721657649034119053867978677873419751351505699711547095448416446935 10574946172490276266156128590198083128904074706744655469100657890587151044
487174117291262989961492362798732041298625303383570361110723859788715421266 75494362444072330611045158649090519316199067793202057370542899735533877419
376040549877613511769383002893830255504966253495312888422579813406807128393 71880615034968809419915931190767686043312057621199257146551462819593899475
314879602629132455148511093792777293093610999714722721771473808930682873330 150094986432306737132943878013792202294810443788697006314731631926260274049
500083351180749435222487048095381649837842483761434747293624413735077033512 231964486338165130186860094001344446440018191474267900764202227551825236821
415186576925496281669941983136033800417100491604829044318096572221238676439 138450648498842235164043471465889337143078806711046137657150407127813167490
486235004445055647500502067011536729132326295814976131053328064847306221290 196258415611458619133952171913735371031300955711952786144929917767980196993
289269680343483493258948954552386474893131737928039582382292752487795247729 93858844250243304992461473193288629870687985088377502429798967371770585882
503197625086538974803029646416352632758339757503278757576367124514272805861 75117547081611986181345210943737517321967256157906170081639328144867059097
278698270019565825367332440039755591297219673267778037188218157550467240559 255445872368979183657938047953613220620665614136936667594688646213162208217
405448922067477753134702867603944788024147784087557110862516175611490750129 57924511963612350635852678420045925912961896378694542041665650747268828524
340252382523560099468058046809301939180151512831301273496337259602052652265 101727207047780152465616519698696260425464788387489945098791554687335547568
389133913533354730404296219631879506224730333938500948247481849042062268119 16745902244836261606477223928075376282471113810729914165129561038084898201
494379469697773348397017116985734241268266754123706686664183294861962182300 127199035803470653638511282354703096747336724255336360306277318161219852220
256285514002653178261650553417378081775109923773964754980421590102088591073 9442894175137995558354547370557581073463252475543093468865794053261980240
510441210332447373475929682764131133691647619979385074517959001418966647401 5864783778814160482771475018328657878288910109713452124915828101314724880
304478447862551431939275154152853360546833877648816895029037480576966941023 107734034163284467445581713885495640679478676758669704278566061634453814024
354293081220060293286535287451395438688196783281540496980704575659239280791 176785986698996482188174180624922703636424626671521172689741656831231363604
417611811615844678864262706918247538352230175879798556478322901376392105224 98848461806840867642582988279584368427410011889725229904745278369974372592
296193460255908516654463607872132036755290029769397123743347882261355164333 133374113305536349270054879665535321542921686477600902221546916910324944496
333597977487224045995975837921087013764582264762240272612228723214697706771 29560273149845332581905966094746946103571987754623519866569683106642838171
299147166475143156178615980484553052690245828538351906295521948972356964440 4203918830035658706932487647499756844028174597080452972080844399894169296
475287348462783102293748001596893025500116201385062310600071918659265423921 220427533972383957522976876138431234782430302130086925483764276839762766269
337921734739600112819570509651920428754307504316699173540264879535153470701 80675665089921151612075870126129542528958534764181557770620594621398910354
398188911387204766882855389946820709978179118387349178254331508247675778547 99317795678715836884806659097973052588724497219206867816869577695203388748
303544413529349089209460928570781720186760494199686217720700645018456258146 192327887936031070330329466379407824028158183298407048177086277092266169693
296685082189046632043438794364009952994153864693164691171070131668825526931 248618081300087134847042771433812761364019201111670026976200095427392581253
446187217060418776971551170598926109248354201334760684236027528340334263849 222575106999525498109718483779131886092090434586089867037962160716334256121
468540302733578940273162114269134489289632396609594332204368129717279754256 197480012457168356476517237274173860894840230674793067440271547270067903711
350135489556606415625348109501177008209595037713540574049485567019452755596 56716023608535582086639566582849900632138083082302406636938972752738515098
473783163943079945604895095004364372113268478736487325619853466303004429685 201907235100783837650205589124933385575801852390101321468897295955414807144
320676609022199775600657025433392652552059051178579864586086042256147168690 119951041694795495173369291128216594255751204968311818788291525509848872865
484400684411961905729809358647944064648367727962216304354359232250501105108 153728223972118704484532245537316598012956014837319326317725955714018382807
263513966946207607975268303927923904690101132967834799253665267782782891896 137752138107371951611904765710940877130449835432407095155689143122628168415
379674686709055664700386645182017410556767409419674881231345568211478051526 89770738000681791068785762286738227686693986356210634913452768605490238989
269668948764024395343528343128831422258044211715010551815459379126117311759 252467959798111465401193521679636585037555925659835672002225475989131847346
256341452695963094863669204810034732705431159256787207387429817378794334594 87985324064472894529628478272429838827174253678243777571429690038382934203
385355954739587940908432978567272892039383374255126070987634444397425324880 715791132324647554367639028112113534545090274451931677418255330761569177
256234558412475532958960300461466556946164530300745418538498126755931081891 113055642712409978083971777497228801486205842525257928763541066783070402864
334086256692183682151611844966325076953093655529538699789860221265916873543 190629048219346369194883702636394113362703547436382111088497655709960848335
298925116592048440583667291276473717984999663506965439227379190300768529130 136004175016881234601128735258738147647165922021600263575385865194289861771
460021307276690726874100228399835503049128858312055728522198342875241569973 149473721265444750607822373197781966141533934371922474255586195456832512415
358736487933630648251162615640310445672977387174676361869419115651740878180 149184383097879077859951827006169887733240879579724840919870998961721328578
499535173175063036310630070721633327614247791677667510624700590157244419766 59391873606871128049125467647146013056442514290422853380023944565002399971
509414313611538470387126336527403199179279396536333522404552447392141436909 209102177307540091386006836228837587912412127263349317961039848790812079696
271096447693171968282320241019839647976760188917305366454313319533266020191 246224775999080680819098196494225132313016964725669956614288820834860565576
501334620097790561859210267354748581601335376254918282741430027596928913713 91024758091357713657222211802427345207263469714518527181422101895240847063
507752953901472960626504310004612877636622177912942368494874295656111381375 72114802364267453716309198886064500073748897297342622502525451289941979417
467680071274936987587376830624245294972098585613378498517966545623427101154 214057426799498692606652535001575464693949577983042260294841399356139835612
469123098972371891001213127682860154230415831856321991347548809879463855950 205366297316283061426499369161842839801674953786021401670287349375517272868
302641810699005571847056419703944535206693938638758367462867990590269746735 249541387544861077157789785828539878271994608738834393790989491077284124949
491623224771961700200929143728972452072170643551574614415020999438079145971 229464370089612237850372786368718100023167611712540023014825498456018665469
468055594768176865696062681130580255000843387671700743924893347109465781205 245736617226675934691396497537819387602325297871486677386314786632178162500
306105679532342754397118119867374875950404002525743515310867206518704334677 29987290153992756108413881162275468981011249210962404838764374991278957938
298843461321652673074621526622171402148970769737346711722129926509852478304 172100045469087891072499364637553824591217862491525710472112707291668601995
390700349284391277104586812628871607590147005380028594000081761314317417470 255108223127181666106055818009849767825868052780200149960783205341312921039
345368841478658230975118648099265139369407549725415671578501854612826924558 196088023467776264440520355730143930595792258586053137896816738504480787864
255801604029399962200824349898894459621826472063271207479603985309389468211 79246268713531265478226781569054315113458609303947871584841437641321167477
400995697040693150352340282631310137443234537095462457635565435961018939653 189693304307440629092164606233812307227412948915266775782253465003155838070
326049374376946964194120702601260818592491889622552175830549326467107536222 87737436336216770684134615166692370246423818100783300860683806961919598442
329067744323930930530794673202179820382403157187754956713427312988242871288 5851734275091402109324698917094719290716747727827225403038757651249210579
347014785120266276986076623424312582172344017498830559811705545608827337995 185139711958368376207554961650003582452809547199453960835837647855716313331
458637376404412722383299491570214295585583379080507557901923201243296517169 106350645212036864128373034081040679005377611449513128553676251514814089118
489888864977926960352679214452824379136039827659350160367308264520487749155 130596628817185964038399186715341224131581441030960269537810474854800342961
469460779040136973878568532753966683932817741206341956704157693316757496731 219091034136472662965164878146990978188325579248277758764186329209700986472
344597772058683402797553026493029367824224117810951144084435424445321463675 163885502248847468349356789975941012976796774497004182491348520445685636319
373337769284133000037877332994338340327396309637499085516666726652909744037 219022500103483345865509220344847227876808829772672302020748634541425070235
295085806956836346163595465999315505557184500576861444510604730644308923894 104293121883664943839779646773731335284010744982212931803578609412671668887
350892128568910046906765305127615283830746186344588069975715026825955645054 65827031479048762561635957991024419010619476570765296673176629944962721530
365050143844059676368695280667791770415958601519013338248000910088553505769 231498752724517624900122606242990795205786251289659403642972358284085543603
429911750152355430975441381846914404137438373957182417531582356838650537227 20326922645156012239222249662950876873242695003638593309507271744076672551
343938223386822047397443936244704721017166285308627090670278425603235800101 242732513501216424041937575763903791473428862031819620025336104198495153148
343393400992101541059884160300091727945454250604701972823497415914169299948 251859915803409188193407277965968614294869623496824237772072017681610505642
450141824853683265132670936404141295104618925288350927450093531138639078846 108434632678811155588028663621557098692954192198911829823454886970341739787
428839077649911348259447900571139425224830764458649818047848519034250364557 33921016083796153638871126594442819426656794794088323064910682091253124926
367625807714194825743317474429990807624688359232218250988869279942723560033 142215626464039253876742796399791667644128947600748390831612797314656108561
375423182998540375430838464429836656506322447187400784850044694147993791708 23048741148099025472513134238995200306605687439014713515103877671860851083
483646107010308122175570433082711988225682094377354443038776651986416115093 46211070720693938264134389281198350773574269152367965834491990459442686795
343719206631619510345308299526106693905887823655112405938620269029877097464 81658037144752108461147852871454583816984365321654761147310799260601489102
349296229458852530306150216745859260008699239747545735921271559853849280330 44422511457661293532665414656531517023395165463306030445100725190482122490
337273834315952833905526740882826853237557395389160232453769256376446181439 251356611758697797610818264454036612867774388346668399891415570901199529501
381583375394735648425574079881204651670749887832325968301616988347208153585 251150394615984985180873455643459399135073285194151756816762294366187605608
415085600141651724600481753542127172488891195933679856827916436853780909728 14526998805058426204433347228370951281679273768332953260060908034440067059
475026259491916193668345001080664499918365435846237380295232452980763415902 15387818772204211462426011033945581521029048700463933982961956853422094144
399677087877017802679354376572239065238675978406774220779842369440430795239 80997350292695581403469227621816369690009363194579714264844021100090102351
507796886888050319513739309899213167803907101195079390669333344350785571745 93741132019191944531810544735455647462874046204292550352200092029155314089
370141846298947637244844668935264720469931799403832181139195789201386538143 253875079651319469541345734053804006019352175174315854368488205232065003934
255945711563485268055936258982656050050135490830943229259922901883036376184 227547860133784070178119572662251986314666326269845713317135279718663871854
308839264651123188289241159166792106037656502033214520960777542777423414701 215779857258024292855452095936849845178985761140173706992702662843312571128
473175587923513417056930979729570321732132401839862196370566155144363832915 204375493416345120806143092670676902198439633914131279089671375100624477767
317860971173320016880743846387008858518733282526620062753832573478390072091 37385305781563002515412137367064153511481443669488394220762300036410246212
258600133907444650574666356116287781272070935500831686518772167667043203275 125006072308511821263145545866412741194646016336113213002327170264810862483
425269029628726477534900151612864205261267467986558236025807210996342690063 174545697994232286781546910311765252078367349799101240736062529604611040392
284047685955077215741819116229888951692010195492987566449030496958319972499 116122473520013156256769658844205200621689736672940956930311483196551964585
260499715431688451059238427480704135541549121085907646812844482217436480948 127520265471866966051519550698203462805083145703004918004478095735348297811
354306886839162966642879996571400447683845010671198948506249464597190877460 48768311998540438684246665398910889675652225462696090392286520571359372470
419762509575759991129629851741030572676322135571761782250074699273801928767 45632555528768839339314604545556756216020202311065819876998597470053960799
383687583587043708445667129790737489442497640019930712206952910150372797181 14748481475502336392402631399814236554780440670240042191064315310571542202
412723003988773714484406970471299602357446124765787837709170973084780725504 216203166204053153723440203665340307186180570662574897225003057812890358057
392462982225317157086322134506815139159832133412510663433646305340650416296 81033576329529404380627975635122653766261945357402035990087395142366572344
345018863406136754820695691722904166339323563739507733599018260360144379698 167162572614793426210191085609111409767901449949192877683460666421418314044
348276203988897513944569800563012325606894529290256626981957876486771690250 4335580070966404738335160397333557267609516776920507507528171364267166230
353139817663042066615772527078671302957297791793533725675531574900221311305 252118944177587843867614214051829292151460096053496687518937114860346608798
435497585376664760760781170035262779417096033662751312992815777638200644107 157795596252961058672442465596692571522660116180196128756534278813877517240
428517875405854311307275516657591875286564587084921355034789836289171497716 190473879281745709494068037070492312382073607765184766538728182983477174501
278715513317134390005660242925607892286653356552478931009831492696844009609 5200943568867244503205181392747426646926896746854675261603760404246471804
415132335218749175623947432525318631843559283641699088072465512161476208733 81159115165502570302952275991807291320689181291258837228423999701531468438
275421373638863538282624197113780447204427303856737786201631467508991854465 253079777875815364703858269844073019961065976358858726737975451352759601068
404846407470057828949528797386047050526195699995606477010703465532019850094 88264088905750292683473372283735929800731596783665005963739707146660046342
432402801693137172705893769881221295904859083277988012037975147219847340126 44487981132582887319603090141911305002562876242636477169526999068534549366
470432198868133958040830808106718009560683434019012090421990489511370871147 229006402643870296138206077264548811223441607642719783414237123839733242362
472890494549198216121626918876406297344545042875067119517686614389399394540 127041889901178047287522297908343004250451713666383965340361740433450292354
484735244681254349618812400822129378163764670736957177653476053252369657796 43226947811267334707728138829674992234909512566053842930427450231396778855
360826578381127357726811941737454751353843149243681061905340747454465190919 95951918032687022228718803041841200146568146847092282194454487365417512689
323190926157906537889296125562704133883106145635426766408294034272630953681 40206948228523492911154096269189601591625307233158565696072747954451545797
435340279428597562449047147330429341966862744777529735676376470959318591505 209289391597916880078692646600644192995874791561921935100403650310198631119
375066053634268077735886488289832604324503520904199208344651447897256312136 106674707754500056773959234877427104835379059396662182865223676737515129638
374991863706789772895979080178946675822103466854331393276724075480086732865 52011454477750096715190220727539105353114216920252532760605995464706196992
474079183128677198314498409235243882456363323039648205438102532323342670486 81470015099379816509698305716659092150645521692038706916561073576350819150
403367153992231230998555442730500798719735633335502866608334262372040808736 154724656077415794324567618715088370792042954028612696906628708466808963096
403656706731760850746735986539789645670286598486609219106236137559175914200 231758466465539980509127590393872143140466631027619778973571354451284544011
419198972517210032872765735439938364395174262866516458347262363269456795170 90645452029704993790943576835373812201954158818305449956044553294624064515
267043193011124724187578544283470674469650692000631773772258695590439970764 59022863884554969840212997219487069093748770948589550708481510040554720394
500506347972686716399473201257874404508030800160716758558258381141063260953 232888540074737732409874787694036111098390714293834373858279327403512500589
471697173968890693134453829109847655497259889138704677952082609974890443793 8441603124214397693999483093534294308313470547389287407766917861215890062
344881340303381317274885383348523953302332697045385743338254013011921722883 55756453342383998170300903123884264472769599806136915891516332580055970215
267097423806578729724713336988476802091109348352461670604558507082891543986 129600129822005411670877598892299031815038089706414749372776192274733287406
264146102614597501516398009073743539869894176376969474164586568169536734081 13334298785544999361344137712656394796771078149229741456300376739446657230
446535394105994694513526293415947019275605147480483524974820219764931844709 215681284520803575784690746273598850639860306668141363035042227469056971412
502136232269579215349550015763213926833806775165899090267774151114527108519 74483310426425227092240329079336908460982568448516525106830753162563489319
283317086659461411034212929250132927418335450380333150187540426727151087789 241849842460061580433649729954901843245195518692021293972027788438667854204
341406250264006006563894468629069410258687775986973131970762895687934375828 224187503926127147894536516243918495624920648362503545547779977398769454605
487949768380794064521687045975590494617338242816534097475197460610011388416 15725444753537161229099087780238843243031429263173920680576559315979380253
264684492507126193752798678679897701198329058219789681653383163148450193979 251431963169880435208301291163939179199558276466055309290007943711786374741
472065437044665478677345053282496474475550532312759713913193507010294651762 53974681686798366025180267987980470072920182155103720525500173042578595850
324117179086130938398365170474529212439279636042940681537401951536200015335 215611536151241072101693718821710887141326167614846427852770686144321349720
392963907835494564957408901047475030325922943809494206665417243424138571576 69620026079492567227373803280049702752069729300809250332614357351199522649
281384541873590458752321848091594484186923025612723441651852292588535424111 175432024671708666977196616480719800224795215078289131624651030841497692773
456240616602238283177714150471999088426077659455249058765097309202035338453 112877932021640401370681390871027871359075260940990815869487238398768177428
302176423302490610783992933612745537158329445510040093966590501657356403879 42616508169196330138025686667065483936705286188630393560864321173963497675
435420253554890702033418913073767150190834337794702232894830756608454662493 104565290814422436585034333122453166020668984134480965437402587298592690006
419581251818613160074772575592756761699994857393381080685842668909141368824 171475901068369542517258387767329457093990495588224258180451235869314286488
471357641485981922297390209243896513409513343827761346637994212917019083166 29507944079930335366614663244845955483506366706961409486224627176398596162
452055592402057845610623519845341562529171376505629379236204897320051472653 42770639092974820984576021164333082958060837613156217571139925698663995708
352514857214572962443965673249157531984872072236693838943352645150113421530 247650613879130203554779203064615640980696191183637165982262471919030831254
334768390584600179152214971106439187451214001264666594020735932239015649711 63692937711089755080660081031403535386155601962217824854167912269624413871
497934978464604590109969502366789543875346360982986080049858358866255303739 78181134464550779060284433705607788075870627443719539724913557054887265136
423720429229555798897592046009994386118453403799958155522354881812003140890 10526080825507616918566148606298861826803472167420191695274026511882187402
427683463705265374737159743209032401020493244695643201500710219172525663573 76982392908474231115496466247287057053475349263662356925103532854165980927
284517213836617362163804938013958681849057552192688610049569836055408667136 21357858932991274978454978547874277940428112192504578488807533277364207336
329211699383188194594435915675387658321006362203251319789418332570130125552 154609504433084180358696473618332724542830562141072354192002115808577950593
386095452221090322101494367014917007498057390427280316003052702885641333233 127067573204773220721862424893170413241444696649019759249483120838706180801
279868540955051639571507368039504429175182968256548799608517089870736129460 241284491213183147489311035076989417553106396077955439018184080820204371225
321453052236434017658573700977060764304729536748609018971823398597085404364 101856082485009580622111478588897029408880889567893586199005251176323008545
377931150443203767550241359474490492882036946480600292646269019554196965321 152902002528701441526822391558215179723666670148494766232201688238127702408
356399723871055612079042052704655740449456231579901224022656794338399599475 162556734025198060574953738056218384761102507964403954331860576138648532294
376669878572586462768120299355584283327524243872461345372814726145357527749 1197627110558993438015673257399551545680610094129404400014928625848451361
492233645622769960646327177463474420439957267138089974680329948324840214142 99021950240347949681120006204156463752665996685718475212219613031497534908
432695927296474574185587895771859907439887568225571833048719469844714583138 146050980014587890202395375371462052653626075550515086525087757094625113089
414421436674975903351353879890294222550139853560849337604389240593326670431 230103948653842660915557705989876223150483644482235814813645804613153816097
375649107521746229769254365289170286434252913208255602247530336119562580943 84986855881088333397147095969235509901080705781122602351296402092699594702
466837195515309099007027903787127148766866193046841600762394140885542693910 176415918964219413839205230761943430369903181659846216330526323072394529920
352646343853603118185262461913046125522929167520610942977111027213678502513 171553750561848365135133781938744035380657046879799482934078918117993504330
466453897525775497964760673822217695673836324699841188535007535382101798141 167398295076486088883347876700374611390488581259869883296366676269501502360
372133701631561607905660730825718707088673708710285982938292640314179183961 91697914244167956586146728666604731100981531836078390894938753678041704229
475808646412114336731845708998970304576274203752026257667300001171981011411 107501761880545981387084818438897591005272273439601526449161101725109479397
294096820470250622494733227603393876479913383819791967426727681277803100550 125988649996442087601688482695199226277574671343342717272041839713344408090
287516669559789721959918997074757661594624182082345413007789981917564923789 210452322078337931489624061987596331952367286198228745523727697686020692557
451155494453128472811998254537661475661416565042237556516341329637449515980 213625220472037067042885239479828145719823437077167945000143399827611594187
300347565557400978718053667926120342126951983474805332234000358122675639712 128606723135948010747786744072624771545595829205581728833801236759315144446
259748781997456998261928823485433866183588918385027285605208655671895576547 223857161211977526129631580352003292156634905623368105871459529505669017691
309706926639371951961130744639888740824778794282283627043323049907097542894 74378570602043228046954627354952102973625735226747597514779678277541768212
437055954783024543976552264370845049845489896479253118101852343381710158414 215486314545549550628839908649458702523598356548215501339602648748185602017
448101660443221463772858052329323549188028342018211734737859902013435203485 229526533999158934410523902341628977275208652909457573169263930908329966743
307456896690619948263394859955061566959530641116050510821417075036283996901 135259355022761122687338723921991869769086228662992877291089427634265859038
425601793813628961921895180238765224761222932432324269750922671498709460750 130865163709471701585701834120329002263483025398515676488409319838861013257
347871622569339158675363107451044231376809041969830465389866911414514019605 125292925559030436173811284032434623020686763294918606497787809478779407274
314631288138395201759471443918814479590232352948252640400727907019990600966 187881637974397785429681103423240573761837215336951612749849989531310648710
346310732713824275088084075254835326627089917249891826418387616861362975658 10745750623409475759591755209870168589299226072991153826632331640251985686
290973873919936405807915688402186218133709151330768346494405453519736185157 158500062805916881631718169642607400240863928195887865397492446286252323126
420219031279070797823248753998235790341683325580348022041457550009555598116 125573679990074336773656097896743556748063811734961146917424536417692776429
256993107799815257648333505115585875346916284714686892235451917326253935557 10240053933641239997936505553356391412716934814343938061093253369735108097
427738622390608684712441662506158293538227549124444454235306596738759739015 89141016200525448146789720488202008573341691207491382865590922399841654885
412132733052051649882962583300642711836693104278962812279616359855172036420 245689718795835150528597780214578060431245158526042757317151161434180420853
346161985640353501705970610175144312191767438584806208711829140788673289165 98860845287448172608865798579308588570657967968889926317662402935404398022
283958807518272873087963088768980023559800588635826251461773034039226712672 95493954276361357639417547872471398764049649441114741196033036313590270041
400005950727093513600546126937031835480093857686432916894925979722429350667 109011543060215068466455582593871884931032338418000437665254375558023770735
465713685939668317386380279248838631034322474929023961591146090163304734694 169018962695603871716647335261097986648711265337567874830044565200596590197
498706067635418466562499344518933060043910548206853324770140953209658215006 221408129072865914438179465449306373914432590070411200252796790940154444267
416580136969474636018955402752785105276669241767542961015562987988714030704 70285444316409256216405096366762965657114071813834943739790223015485843072
420901747023794447317952794687371652798124346358950426457355083517450540443 164048213089506662125645192510769545508730098918060108214938018935098752247
350058056019023083947636157746509138633072078233372529328100682375871861670 1404483675431237597008145894696088628440362202862992299587677862138196361
262620136785789190057478539601115216001610367271044074312872427463863643196 138434113286870622143319093294777142629474739699814131848932237241775112008
396188700373662963391092253604894135353039483656836265655164885380881904710 25211745832910756920549004362456591189071230822350334972908266797076011796
364902472847224409941720614389378675449875971811095203077045950016359087649 230685759298610806176981037189961930238605733090442911689757146906980555910
317822356379476029078735943086331374998746536240139634918622515746871674253 73649592811205067006340398255986785961216681920423032264620371862828094436
370797592303550656160532858428034065021272235207583025117107608016876711704 21863518324881346381615831666120026135966408969716789410685101067165069558
414858014562357736349090857532798688641301672611948019550268047064447188553 108598647992048517150343612979619910547375252250908589112653173642325680013
280801602901383921863423081056605395657130267762523560160981166074454780471 26090622146135062321428318627993345982837088574590446320531672439779308671
482217326534875378701551671782603397407973312615354111655113253159434937994 110213695871656492100365792164792249953088521225187374834216784190977665664
361669471854291093252610969059962808966465704979693792570789549219728256900 184459953804143132721167339461494491256543027717554470499616244409520361186
320442750001904085521880041799825701456812738578346224358936222387397985413 74784053004375829085659574693393346125442987407952831816266467725110928938
359716562474234798181638985241656902289105432155414977744938291134581581438 166206549823621392268306430108374897348898871282045133792992472023212632626
413269903895914420305574718061298354751804407730179583741078188062964084339 251535760914764158077931469160619862955020004916701357637307970771612734776
469101949692278423732512672410392814012278237131226086718456382536791688726 5347285561889127090038193313589036843294489074724758812204647976610557295
497836832164977852225934135839190968114461132570074702321662442036135778332 176459560100598437388205131314546865943734708906135594404071964163397781173
397022786831820978755012283556717487868663177652395070030272791904387870151 58418962444621938840598422237536393001504873561520918650302751320693789818
386289738307266041267870245969948826602601052126333148896673959971751178531 60807151746847310777428443606891333440444402835125357816271855494949574760
318011806965525660472213057102675284608975759676961754110510713725228261473 88265817131567065741361398089973035032186565817653629126749690583675304906
331263671919484866068597939248642977786258790792166039927375852164212848333 203635923107893896649014831546419291983764767111186688469590881454327131313
423045952334704771514041043190269878769897942391667964105444441446716383349 164926160871338154238448705260230470674573994448189778163038096354900766489
492599658556638274662596004751013522542023709174729252474955474856402534677 216736172037438927468815012730495748124808900258965829028775636081981518927
395997205761703977421421837479892352574390665586253250843710573526413239713 36542925417527198535022274287810236566425252578394349362952946130392548842
450444438148957444571655384512409919459530363432830539655027427459008036696 66835676846482802743768225301430379220600977315338376057748037261701978927
442840289586513998795813608262253683493612689875092796292670098853668167579 151277490506066639795074955808018943751245814022715554627133878650604335615
460690999515836903046521335545703228433243140159632463026465362043206355196 122064745275672972036024404484877484229414722374800554282311071333860884255
429353578110710051222364173778345252241668877897784618433604252800106974315 241696554746100390879636212007734469635244175674786451876413846390771966143
269494437122980174557074163166014198942674696986809417815729611549424213630 42257198245206968491367864512122566576673944498286687298869202174365795527
276580997313637361992307923735305164092648726097880701439366962416140132599 247332146620835299233916277499549083093759828810865094323742895011121854334
402623796410002533556617754115688244268489987597749912039719963660714407737 42636666612175991418111779133371748308369651699668561360123729332587189977
280383064920113276785740672016917243130890414668864240339295551790357649815 170583648693337293166222131371876003364757313180601201510791177324987853553
456673426138986345058023862249595891749179745358923716754975428339032202362 8684633279343485786277559894978741095521005879336697913728275495022470347
312252047084059117707912329073164261146907925902903001957397241042926372650 64252263068819658228605128971736754742263638541127008852854592295650176615
331166192598935560033701294036958988428940990750069453578751492542611537202 180232811761201079240852730823305391856836863450565852698697141205405204076
285393873636121648303428294147177557211356911607444634555259036975484297534 17638469819853597253335587495614224907039252842175173534089202929008061412
264856835911323408209134455938125955970470652501155587186997138753704063002 77808835124094601885538155203490967818445847941241613653168085957264548530
461167402391302945795734608320240870680978872683253365612565851248916094929 1292371006522460124455303087877374845795295051718189115767106202546049178
488579329596142498171916987783761530558052355132212057591327867099298112983 209271955996718795130538797410339257642160737964972857229598762579474816491
346325178226734785189601630558400105109228393077530715607894957894540768998 205902936445030925305210365645313054995687007468127207668792575810695082916
390430854502369663993510904704686831586427927437322003354713233602292395470 160286246715450487914802784323917508755815836464568129924363792264515630335
405520412564944526394397903415723875006361649990759893270082186638945291233 61505195713867359187673341237502371601495250052157062830176086525549016657
286681073519696005145576286343499942753002361761023976926719391953365588662 98987048654079643984081287469807261337727648504540373632320788221768943048
494929509496048398325165450060697341862179938251357554949112568393286813333 106526871137183265989005846947784751556331599226631225645268027569909235586
490913206854939447229008706350305272244863584243165387715730465916396949537 217857267641421567143780809633531894699415865640294061334882058375295425563
502927550351955960863160751940814977809096917197087316007259525383041070078 109065224390133990353905136416557932112183686652181141752231933832043802353
476879596271786142376451297069316063853773224060575850224136600764891947388 136446724601253536743759282277721889137268101052973451318013104820316694203
362306410515608435292602863693805889577283455996885365666907269213373608613 179713361539446727525530370106819738639151644225141411918792300704344962133
334428887343974727635476615812814214078211597729898807462234530126038158639 142608493724996368391605228694326817948169712355842241745712976690643622660
499306178172633467013577514894262526616029494788470376447190660730644747455 174943567493973303554570995782056886421916186908179442227671962992118025788
290322914968052282969232639535559050079787201931224134737025609961260662509 251032680973950499743510011037889981246847001033626836389072254848945854696
440440461614296067054277808178290423674058755676389221149303534192307579233 80052926222028188957024966256592186930992545618851294800805814736352019562
400272905136124551899740029092629645126958441596989038207055394046720052278 177928854979168309961729643825855966258571312372243112667629686532862505995
377580069441094234840540752069526799788587112972573501165036156812064229634 199546295471554447356903519172660401070450108903903760110667947501996817308
459322278689507811145132302706814271640008858553042634270095940719324842000 128198226468978808923179770483433849852995235938686233034748299683601097041
455547132305805142622841763023676073952533244098560839290194418940551863722 214479307708730757726069505769846291844501761197719205480518426795290592724
269335569455135957263033775927127958570612992411821616235027917085820494372 228580887443526954441284986561834975851601989491701340632462627620334322293
488001992828067603364589488696644500871007909204851018856258928637672622450 93656296995640932919452285428704295848643311969413134366316524835595057626
440182342657472947830557831864226061149879440310256052059492019576867912173 78530958990350874942762969885577037578349503822672756432314165475753315904
338496005065356456361849438253115845057737952116116369985864712870944238424 207518078669853536425913764718605407005806308620516181891128221062856503509
426836274847535835033196141521412612315494390062046780704704171441083581210 81021953407323673242680894292874450641561695383825131887957497656865194009
491828525382489319824960284298899542112016096350532879113867944806268550631 175253629197689997698375985236897994779951144064644989874339577608059865813
402444673349395771699755106930944207100419461388680489141066094603828808653 150891386395654542889771640567033214955785926488559131167905310562424537320
509663507980756761235186139228068159169518520230135699159001368409113096097 209919286552998346910155581745043690147543523455024924992759658499980368674
408217482821216879141054569662258845992313771921166044038468678321501513555 133906962979009288489855292340848768671113260528828003590258389450766896248
371086516614188132436874397657588825833442155305340532717959889449005761339 62261242958075310546230480253622821064264491003464036402812168319372987456
267895578755290822599498707931190249003882946045854677016541077822783554468 227100716013287073765411514017794269996508069789031602450115455983880695455
432220462551511794727458330677842371558791445269720150950140028766974686556 45495946919117107585919019322431887482298188387852713843294632931838165522
289436506089834014611705886725249282832921721778719292797435405728420946542 175253214309722964466955280057851297004408606501643601436344145250558666618
340879842177774596697430056464647268346470582626014696304604995007675814207 25302372123368798001181685842364417335584501729273027886566694324391036348
509517560506459825661990103028528401323000605447712198821453431549713956258 134013464175274068333386418682415593017850288026283888049781678507923976369
452355507384967019729955922537431600928697560352353927608536349663582196734 247111742005076022994662750441371384504518347003291038727977575398523554026
382249299745998250010512358430196684553479696667628233919308680527803552008 91730178986425238555540028382832269080131797375005082768934311337049611328
277388988294611055096064189732982208056708050621176448322753951729805963016 143783884705779083222230894336729242503119789414553801596103264356703088696
334029857713689682184735552819088280083626059191713608047126603327935233191 101711515826027225560694455992923324245920355572736428967420257818278620051
338082788101159608426936593334815695376794107883350419406391043238661766086 148296004900293022622559255403570941136542463823254234029287867856231669337
442582601896015725984505770469207432622301342748711177230238369075060728980 35325082176662332183984800260548778121013369746488612151314173755678688274
299337768638657081283203158968981602003621428695809931097635284242985385629 186416815524028102952286851272176233941760987728923610333865676401213611001
441727224273780411866129258924291600053959848975433389588508941404460378927 10588244799841133083883441696199907619447640724789774607696556969899649076
276778969074970249672664849546028500207305272081771681828745522038707285456 254646286039150926416232118517804744013859870588161933058636057668072968168
306225231757690789255674181139740201099841749628191837118346024311626563706 155563041251364959947868915304949657322964101537528847240082023612508775231
415800893916201891155144345102710849622113067684908308537275650623744761211 176149129499306018139148279418452765489034062779685740326689017311733224497
287265754145371776173039666143441601898768543197982695709725286624687666570 88049077182510095615311407144905926554124462856455919997703788877240561181
445825722311877352138753633742447056652189471058964080496506291015223988561 220450656777468663531560794709770835562480708476530188986035596887697982047
488526177092566739642263744265730800277264723025806295373743979363422553590 65517404319087181626036577772162780767628983069888762357812126902705933215
469736429130727033286633195356760185737834525075311309845214557001601729139 128791652125059897548628072787344842987788254871961260575196306020972210294
437289787759094086085283650434396864304640789645653857160217236069924503716 204157315031378881780679151457065747440467891824648059449717287116244452906
339452263185410855144373419496999465017087019173136770682016644884783710574 59768129604486412455925174242772600027854718333211646360601812063141621688
481301271435429978105698750004571582228907077038945009174583639014355954926 221875205904401702276443644342207001466796582871028423595845510332735068014
498461220774729494601138017720118112971868005101150802867713072661779240277 130485688250434165322460806261094994424177239041712943206167801133150610923
380797951060212179567153784384653625388377734883947915746317146511032722520 217406555606015357433895327628648844511709360713798666945504910269071070427
399856060506207446368296463397059546550973400457126961895688203588949484120 141819065048925522280702929540570842115278885886127006525542553583684210685
458135985958235842256047601770704090637678890318996308583428048324213310923 205590572601643489589888618505408841865040710677825361479248392167769487026
349657057607345371906719633901429389001005018487118049966597561657799350559 252733088162726350340205504916511148767805035690146183703035406922965810590
364994497910775990977919000021408618676416603499626600038018739644702660935 240114349268039594653271298172851891238232435988937291642705545382487467630
350261310373302242868016850694436476999163818689463866133693482954875073390 131193024914607891300498850057011864453701240328594002377504314887803197613
438698318317177749487348628198400808909351830623274143434407036103531604910 255313030081813093772927747106813305442408743036356099546901828343312481466
343723995679735098620644823020354629063294900672834068985559129335823548592 212081002511700875406989475466922970950901715214650464475227449999325899146
398920801531535314562109970586260858445182355158611323884038006351206773573 149800473126037253293325415619701513126939614324205619980837899898966805243
306652424279069311179673887456867136269366665815854926965300466012593611084 200257737574031316293046165643758498611988118088333616626865695626687263243
293661548709813885155313536851238109665542575977791612596977353011260018953 217468614887692584822877525032656154195964072350848285387939784481881974504
488773180667994484457156646188797943355750881400702931621186525802882623188 149537706010328615920157911793591751619464783785654716966226682893764209372
397309125835479558585778520628011990016744809582569841831022814357479743596 101667290536462089368908300152778491940674931585078236745267231748626244777
472381740470105790001765870816774463589296965409487580794221304055653934622 71861936224704776891102335949059553938184659807027623128667917562860958105
399794159912716621180819998313433237157129702623341044361411871673114619113 181538069873845435848733334370763099506384924237818407864578355815083821381
293759917189029408802827668190800382735784475737684187633621588487001141919 204663308026343361251303675333753481382697768730593359992456850055742825428
489303292782883531364506610247019441065527985815017767819673438600982504713 1372460077747325033674333461008739861344609596749114035183471004385513568
302044181673309090669533709756144559919633336865012445601291849746936407624 156431858081365316114280339659314640957862005317129298086552626759429892918
277069873980334387694143578079998646009155676598376181728640025656381389677 70215610665228505751322046455471395076237939250192609100855494287963455431
260800117452249813555354896117950890944762854901979294703543083254020620330 148906564419493862031976147981487041679487414267508233094191401815655124188
284899846718685955636238327941261770970544405427136895586049202323564486442 3582195354007763531291055406364849316536378733643747262824000745034529152
314699390628489687356235950137594588948251178526217221463410586630228406749 52589938846567121322754819948030626765912208802724871062692163537344565294
325304790771620402421123328950857685967180288445503299333346323735919817359 246469121020728812147552898213922923603608867547540824024782400342395131909
354635088172701780657740402376435697836893610396001397591450594181056317616 214379519813664859199761901993579270907842615789286632532201019752902902336
476466467446886236386084853978759012935368814781807697092727160208826819860 213326948988163050289439705340264407820843766936338018775674921692183518685
360683671510314645598767670184104397849125054525284562078737595536522127777 140527108743820900380547189321975814309742432007607788643952762789595732145
427117366009017005844774577265687394779020652160857338926061487204559158966 203542252013239256680005508606387245177260271452378563927141245620793241877
503869184368786046075827403559769541559543817385806397531509136143671749339 111430194610423775064310721393447781582419163048677976295779261930360064625
352998731004772737581236424098356830333848749057570124761979211864981830308 196409128055399112769604009544994746040446706592620847281871146017828416733
261604461333553079432883399364653071447494986738877007154336393534347551973 180630304366633945299058582222200340250331579556077279898665823998233988765
280593898215140964615348777701162742021581053674288829921667242252174775402 78086628085778813647726924530935576507498324281494950494015600250969705462
401873283315556365483066849856552288710473626417938895560561762178148907508 165091770845258509072529065219435535383438331232202008025247244657920181820
420647593635731553423152416384593880146721294551656474357266019196870005965 70509319795476930147729439426745731288089374110901463286191061224000466107
426333504075476408412628072257266212036232330735714021416768946924465646905 4629886708529998126853067743276242007179959017579225833048940539998738070
324307812056204329681588356806782672829038040544866335873540936264512342330 233771130213778184403460795016463177337755402825205101879572637073280088785
286199078102601215824581816764566551873540428960927417119854974202558211385 221449000016526322475754200014535067716096532103364693302318954917010133593
383775031000982497334545273066021986230734595696176699139865106968401968740 103561824266106655938944700848526076171447995432959149965540864016755286838
390354563714368228389004321486730197470329308668366504553950891647191809575 29728493076573446247277195262081327651080251213682892354904718036537733919
507977631243246811118183659479164032658830836103426845190005498701324427009 232835210586568310580174307252946259452705598857771186980681128458285396304
399073081922256407427638463446720059660843243391314400086484579464348444105 183989823167934605101449752039313405892056987084508815723376972118052664805
437414612223591171194930929915130558294349619113313318263264182106848695610 97782334229086817061409198150756462658919022837415099593634711218663793380
477951840288769015342274095337527032093801166979775006341564104559053747708 62389116564230091077974317642945729295219172842844346488997214142182589907
282008094072050536499326323130925965932548451182817025359925915173123908004 179661752169946482337600837199867670872975806025699588336958593673520698693
322323837167565553541651608161205744522354313183838478970378534585555110990 64629787992997526846485463428740608644818974834752918539789420945117851359
284638414872689968565893782994320821346357324963701889969406187231324424874 152175110175214399256042999676391566431958621312228966018688522073360887810
381953844281024793690271971296302500317306896194321239158654933146701952699 251169472899211645522515375278544362538073410216277582885404752332370833339
362970601085460861068548404623625258906815459348069659014372363614295463132 150045545763931350990376510709287883678234260685655732917326098655596196010
354215088728869469191329206946620215519892016305735677292089824460077458480 229508041849713180128007535356706077703305589606097665894723447518315115970
357295773588049992755280366156354294050135014537657395088470911981324487389 64750363240736222018502388016122655199764406002795452522948279098642185172
372651064306458275941692242267936061269573926184446427923015534214914084861 75625609110929758710582245671605398894200054932046084650172356100841121528
305316695700625744801375531287458204373878504173657063295592025927765868966 49480184490369017293629171298126537474205567454655538514658180727798914784
278709014244254079890551074282514364508166536403748352754707926771139346711 74951724857402497540827268742842091996017416892133627457687370565840590751
296281947975930069270722967090436672649539941289477255889666200743251104546 107846987277469973771877362081195003415188342681519236153052092259401045226
266197099889149199569823558082389537887861733248391076713566006452034839328 179805484310153876557516508918356626266351005955183005134333694144762166416
454129026061225987728842595901752395128054901141142469245367068982669185511 202357844675096645571303392835358187265649286882971640071107087854417579178
313008924397151001149242782374107772162495299604004152371236801819748489234 205223096706412610138914850995191561896739965862504335527931429205271230931
314561297588553489366444348789024697641242421805630589122373099128095740755 231448396627737529722049380091358769247304655161133440442442962754847828007
452292043451066859043650127193788040166363892244165834034430348901779007265 209133035438799240812248843900905062062505084758644843638887583496558542365
501476122098329059599315699491462584020378065542538489044589277674703004992 18578541398078201054833567428083244074108097908496171171212107599353778732
322228671238538074642007380847223818361857167246588424405528517220352303389 57551231614782161542734940960664597715739366023609533611195161472973738908
464608140766816458284704629351554437082680087663396172510945146952709434104 201758243739951437519489500720959603045223148928700336316230579195554176792
444142000522609262035469136174137759507853908025808215264010205548682120173 228310020484788170227927216992958198907996994468910114083353606382739020410
330156868983116616578684690909533598399789005806541350097519523755177039491 158643115967028609350628628642332198302677838493508384978737913825044776809
301850371801647009053958273524301762700283294536282719820716805427690350857 127675843478801704004879457637705365033013719743470103303205693788614395269
396980844468757991948129681528131408639364878800897604999893185053063672236 65806153897890789166178240794296483305196306669531450254643172257243113895
486901875807740623364833367816152467192177758813745872283736252075251415840 156884130484108165934560751848663470972405296104324796815703471202081287079
355716470759779654369921927987231038442340113165234959676478728237899313396 215836653090267782269907941095411946112645431501057826573573934896028644806
490820450396605205960753236405148442717776523991916944838085764939347089733 170300272021529497906418138616245214968715995958608503581344138481763985170
363122145514852223788927633721278311724888434248220308235125618285289723546 215982195841076733158489543659291185988518344845848899448685511932095273368
457470487760809506570912161773728853895959000298065991250862789187475633793 156116188501224473566985066151230732150222033802993482986268755241808334991
386995776449741957997597740715868249245679049078358037118185795853136515770 218456650034478809197972457357553632515479044991419807444940270077000933880
504140245148596829854341970650685627863487271578477915652890389728645152024 213315647098045592932032891403911412024017582944133506312419477949445552414
335406252866971504449349264665778653921859677920957737684626177318968849196 57552780601860110075518820619981905584773031966523548045039311051330715011
495168636046257206836278401601993826983119423964712064295506170324163271702 88886606448364426124095949777995829117751182274847006305345868974226722792
275422610594162258539082453593810549642948349318264024414249097936016690296 200979367998943467390460248909318202282485361215298409506524426914012107006
364942806997005340958544839454750047482011491905663451372621187553858579541 38615442101553920820759735479510626012679283002894991653449209658988884311
378868144442559844071461388093874664949031484256191356007825645928530451157 191327556859781527537979539504849576976517932369295594902756714087623565870
387538362309530684993624783884860231778641717858766854190722111280006957134 2598225358707387528174173502982949452528006150505393471845538843020343115
416550502303399010064301127459697008515841546084127256307433643552959702741 243730198803013050002874211766397070250107824779864484010812154517330915945
268992410921765052062066795080059895386308434550791909636758138581437266051 83997800595344045068565391564466343858607622659382758160339468174211896836
328612912962316630756485831341482508079000093395853315972636047978179563308 240740496207492109184435629982443939105992501227605331556656565936217016458
300608603114590216180262107818151958945973525472271250789924617004531408849 39828565471519994766175860946680872520500083406467726990159259683209833197
379724005936563795478698726653480332993169535736937759656469971561059934143 212097590332978458049268056205558897290686971909804724820710695737323121989
263011341471583773666127835630655938740931452955013287703059809643725876082 210039339583767006136984931744954787543111315199907279729157799170156322483
439950144199333461780436837884332023309429815737381007271548202539851492152 74819471882427466113110366483740861383673328245997705587434194887662101630
479235944840214881850057686510162607487013007293460099227819941211459025786 245938245548737530936117284517974984516864964247089821135247076172657622282
352497936238100233372714933932169474303329830876646849346193423054333363788 153212313811540894817282028506786252713059992329689042598709133275591483747
495595305354867371522216985116282915572480583336207385275963842572158747207 16687202194670122791220614071264148345238673804962322474667444478179328338
362917507625138110982168373975115305201152829566658574627846586477877108026 204350636253437235919105649841350114587678885247148389343247168335898688079
397320424546095906251219488769155578215151455818111886991178475981025583148 219688482982981068873420798582064295577399392647174502218416919547352682383
330810154333385825807117393686258199683114684114157011674991448875658324534 98613996755659079481353779697165551188308871520248528696828078039491199686
471468281072399959568585274806250703415060171818384628685769286214093101354 209644266782943742221351017647202831202946072862175901276608552272208345434
368609683509579794796611356711658330376449345790216722258499113182529902977 53711835838294186102000626708292492232351888334510244100378870059480872875
484800055636729912211774536127664155607428411788504476653976016873088141773 95328054148965873243283063803512409694779300742609322779058640069357150986
443301834708659881459957152012029808905422760664329518700973151917750722569 68535999243025060844406243776911415228861737255982779258993957222934074389
278756150765248464907584265139507058113425867673273465779636059251159277216 162312392067317858877888151972644313428225283285607291539602501678559885837
268885815098093707437395467218214051715382705121821177915047198298172125869 5950626261517881493491238246915926313783457746231061478010190700315566308
338372956026293301787134198712991698404085820960928083115037561784234434149 41796641407812961915582611067506388436746817685911816240376556823944064918
385223896961313763149266947414618584155481723719536021765166724208512028657 172668401411216949018104578915653797592425733219781433743669128816619898517
411340688065852704963583101268395605269372350739109309627717490807457050579 126659259338157468066734570201140779842313764623027995254751671000646828984
445206536336458486424517917610023086424995110628599846401053367842531136132 236555328021421121291286290128919457313165292304137802357176421834422228172
266670517425664024431361897416368827682590961521912094229322423732588462285 12589794896298276580556328355210710340800921639442494280900211147223272196
261457593541524607866573487320605689478561450873622350241199446339321797095 89114834798327898953283814613317439666716506269444157033620434182615982781
433901124441670517328794920970362680346771431316453275022296392365722305219 185486646115886027681646431612859233661722763542014071041479934921539104091
424710508643339683884957274530036708811217629243511994600395973366318517533 175863764829603119694552810645450219579588861433461175157863181717099735899
447300618408004180543656290376399733781148060055708004440385508111925346341 8980736412558254954323455255038309785730228808634584974107924855128540500
484413313675370186242292440331749733717818572420706378160307220924087191463 223459118395317242708089344388625054301858659586021952696443717076279363634
265773437078985313484253385189331195622095073529966375804892881110423921175 69374274686165452705208628865057025350557213179761826272936647484893208811
497917044904514220875574295847412874358986784653710462627903759865788336860 206672620480721542550367419819043335247662898991760659447033199820830617367
376954276336188397931270330491234215458270423643145118890933654797597014739 66867632967276006507274590725645292891424902403054145817538485968250675034
441750916230777906642421680264146890001699404325938879124028743495064861898 194504441456092207418627333632819677762493095348450726108531257292239930860
278460205221237598852051528568473903975014274341604505112952074454922977716 105643631987018314778168148685170627067806966635253934242007276510346237326
441106164682348683711086810742392354422280613571631951878904933574670452352 137710257167048496050722296825834090705445059425056874203548997322607410550
336243056037256351941307914369416061488168236917699145021189765573066554217 184912135922624235964620106642146297206856998735061523754310188994873986689
383525979028147983936066430023326899776860230059506295769369564968393231499 166257907264712429814073577821693900285071995460190564660674919761851222739
463207372779322636959639537343151863243645491476979001998135791074584280237 227685052628254670088012730215099905129012807510806731302638977320877450646
310898510654661930247167833748184857115459960165834431368270359947995647658 251268791838668196153423598901123954971211408297968724242029077239457107398
358954328826454295032636394671664170956509266123368601994854023138201038665 247971418078444241687672456385674150695612675832266430479039834512222874636
275932290342171504328509741984205956886056661282399397710169739702645982901 109618455002953898564868870594465140501975152037801798783610931128259397034
455870151124258361725662072539797836312208227224071264563991767224788906185 121081009628583841836297216807360346115085041083085813581662203515470085266
258428673067218761178024493719935524635141324230900435894616513589213911329 167064891904636477460291581783464239867626527549588843179765360760263388601
332202428974019678402093324123358603329352055321080850142823462877934220974 247676326022449489827991086641954648690232863970120308662500790835516600297
343503615931816193342130599078627848660158865114303542996183614347199286759 20961199160234989928001802759474507955310689335288796243789829645783705677
294366150829353334245203659150071243589073227965634947053048381951300750354 103798342094668627230210530426933728100276977312476517163979196502186494234
376323344933683714644868781049112352441352732490402264481157779826720063204 221972610988973842973882551950401150792886474290346207299648291660388712315
396529447454553616623399543650155342778128659770192043838021227640523289092 144086172538023183881653260910964357365382222724932536738801992364794878055
391596234842077124472026958386476458039088137303016305504647627492957313108 120116027245787746989944181007293792230991444337484436087607061771807754766
454400624626459930908115922393389250557776460308861672173818854364269538935 97337098360159388366913407472640522755658098806793880645403269407897772473
458656607462455985659199851902418839270117212940488959204282454183814062865 54441471495946348334730216506207988922220836415836560539106769717552147721
460219726683516698209439403785612461187170726230435978689600713995655967308 208564197252447742780203145691668586943013769644735548610969051352565370602
399849868118309995357273491958604311164828536176879861151010374939834650706 40992213717920957225677026571265774523079787182297785637783587006630224023
289597124782115562913416475387585513563492223780668571622152771217910913258 214687265594755554969806566549188694135101351368933291095773153773039052362
300406941809901585998586764462709147933558606080476546093295395424722266135 145710713835218132334738306114954785698626019622731590264347069526736168816
479917628312868706676106817770717683922628749003383918501727500247756414476 28646045899072421987364710267041535479112015761104113540078859387528713482
377212077892313287422749804371278197760387360261343646563200835454886060716 139264459582141361236340997540442496739847976562991948297561970561321999683
440572127187198506734059877921243340964721501465819720731515795294513836100 79174680230365364320647277513251312979193762261747989810290411946163472810
505172753121246148590052356982763340363752576044296457586763278877459747788 58233493595062572531153417126474527059317579108788515949000557333797556133
345061617861278248420634361945405157314858463540710374419495087247283733896 173936582998959411636992705440022848807391949157033921684935213839095256770
321518828094057043335004827726839509606081517392077286680682450573571765644 8117258565052106574710799398741685026189520040169314078381798540077828599
404645560939462449815450722875734388527579133258492339394612691556766503408 169354372119123069546034330978487724301265891232753230106353619052382893561
305997073694534858917133354956174510276259195954008184778890554947927928084 241061002944636957739977647473809636921284959454670150437286655904539717750
488138796894663193595966479368340727901910143172100413736431415968361394100 114080136536400313970965246335370453280003191913429434572680040379826042612
320696488923001055528434624957072194359434472285211214674594653470760516469 107904575207077660616427859387509052298091556837060092201860033890681018469
393619585562044528161200458247493262622620810265132198578159654555891391717 240744271166743417405643771659335264972788444453837788027061044902084501
381491836209715312340878524430589152249005964449313794608657275934073558193 191388981222964176198021168413350762880066535867121854612682353657268400978
352127223138252971765205399652962560745538201034453640892307742620320107830 142794209910084041528887744961912568872392863265388476285222107460318339247
420498276429543414008536032228927890829784630688457031645982618622876216571 20990169045126913415143281516346234294381179079243265454178120726406244804
387310688090368406677791162850630122847333644646919405697259618731743446799 52744873110248551434628718702416194022964249024655317085226271779958150584
275167369629213879622878701860996057008807833072829501573597286610217166728 158953745108452275075587133718626370655236010981613871894589697947948494418
308588644554704570779461138421998262594253093528201251820791900549903799367 134465499695501459778100837425200525483353142685670099676769946281006015439
405162569034191518296620260489957245432179931176034829216904923238222519985 192693831777265404623109183674304822661403525184574735170482109493195219148
430455488729361259863534247400924232358608622287741147962230641153511750118 187182523674449611145532011362596963883797891727395295507055034022849685691
286256261100756572850279776616954350146092543594696144478399086288517817741 125182512885466670846193452577784611064708451454621067973013761256757577818
350408088099679555032224420078832825938136599891267275992708109458308501339 79457759061048558467560722883680115795689948239562067424048646605330156192
272631346575005071583151436783447499760212430241754404976746852012293406587 178766788538134680747865791575273195958752755916821081165077406141680145848
272751209735488847846481797889779324724119234013287820355233728975847077134 171628403467000999260689647026318785803460935509164039998579540692085458313
406320373925487655091403667758286570738235382226722677023458077633511042011 15707352703844541901750871173837660364604466725773333128496050463193524004
346550116209829009212735559496199513905061571589142443488975320285989198815 7388524083839263545469284533277707872230694144366731898878943575835371038
258550010150959266626218573131200152110735564623493789338558876661033506407 151812787955965762619222194784684052232070532215847522827937297084187816688
327116832211467982131532198624122400387118720238184677290499437701763159813 184119352653353051594300894335523391635437720687454230476332748739757903708
285138741473020216176095192361750326602816533876153803169947461088850422095 152532722634374636858842578105918395514306943413774284572096286886942217611
317340695031774925211991558062610477566430169320608197824955265177495107974 80414645907472678036082162855666074745519813799888636436949801920191459468
410702759873662449954797132885832626812789657204925252147216296147152964018 103132183873387089550958983031450628016714080727964772854490246434181814972
495228658104461372832264790773722628449887136703825348847362050291856236387 224851121238861897491242394800095674479845583908280549827772976812691719349
401696612117014838063498478952298730921115376892993917902828634487495284261 47953970251165257494486404125621736695478500836784900592256861909815222620
474550523751522457788894872128916686016293807319317179316435014569409918072 51573761619995588379693015429899080710538727448532268410983712110285651702
413001631983555326103251141453888811370002086690636659377369106465751595618 163762596710532758944616238189806842222750943896575759907233120106082166565
433355403501402465835419139515935506760783995097309033320912146999151821869 17590466536358871386438114726165135472736010328916276286643315719901829580
327685653800696410709954513560240845642452770409255824435474880412909335896 198310937491432167834701395338387143424950219094303171280500067323852962655
286657780624895507862994383193251969160636269361378971242482739277842494401 103803455630934288473062912827356668232576873296706943431295842023428605808
390081228719736553502369165891914110550153725856177942608686612464912203293 54900133171345904691352578377212798247221736180043278236614861516700413567
459435033128638976848509440138527015876755023551449193885744225202389393080 71527124446065577430394298827615563570662136257099747160027109917283755231
366632410009465744024031799105080555577374492562226725892468603518749768597 59661634756799961099115310213963467924979000287927464380202802102352957697
293669304676815560341842144511745236222746367385558918720140957647703846796 130976532410553946900274851389467429765585726915986442823249378478529020555
465670114280633698112132214725574095202918557945063817946030524375918764754 180679992850730924541616347883853175172842734289639277237800008806980485605
340961889106687204183735634105673937500785660885789283897166769960283414486 167614755649720465533471407030972369663060824265012069033358229575941587612
338854543624886903238581882543893115027818452520954521705539211707022480406 57582084760325138046716385139780374701037185450271481826491457315568556473
380572898954992914975984126553921057623624432109348479263070446266306822032 6519380324379662833440134942891725061544826052086198966115008818524075915
271382976637231671658339777649311919128546431521437794167618961648182320987 626957632511098915857168386467457421193514934572973988288313101737415418
365789746344066522026602181310433863204185168687041659924911106601530977254 238962805368930687579757738844200454540686687939154849209298808283899231362
463354826705465448971050013088610178829658645440404482321071460880100338674 187352745180239410842223626322600203829690106596763840083885527406151028659
331870752025831044566721299850420359750040587946434690454869540593302155419 21378799176648058142568189610782994575712158937712416372524142226416673820
456325952719413164491953502182644853787718329766750441463206608587479455978 182445284948799544086878560184747683757994208279075908799294046595139732716
369981862724233218929192008272946232937622696097951473027693351244727894031 12062801990315493091272703374621903438397573074147938981251031616526174897
342356365183378154933092779462671662126983061835812087445689284634539404021 32387621816754948175345392789913518614732703326323277961023767276021853700
312111711629448557996219536329183027293828215362706409313061856088425450830 179169927885414019066880797841927677960280840194389393310393405098299121831
364203759366448120523361356910865052342212625355865790597177411277270863081 46908997404846449582261892384248446871535564199597170513295438884868140869
319287307750957963212199344415952596244893857343311429676963865827341363448 229919115628484420496950265488493165322366474862050653127842621647369193849
479695058996319390969139586123149980626724474496958983101414280170387100676 223017548920107846219823291404096425850539276816134765683413989103911458665
277873118838452021294267451932029678181344668673404904330704106122751260404 76273396907341104255819634444805403024801931513532074411602378147871508161
263544897873833557768294082617517690706136075307236798523171345319525955427 152703233722726629738761559981704238236655942577467360264919053908864768286
313948375888949240249069343481886604320757913431465820967781173215549676795 229576071417524365511363603000308896368933398574921934642410478462400706275
308223864381123468131823246141896374200787501454153275266863260403339422581 167503459029916112780512722507619621733287900573044814378571656561100416836
340185093991816143054696401239903963311870943994156485427501634198977259075 190908146807773635831923130704449319421864563818245997128597693634541204938
357717109896816150681331694357683306321453281492804171283208410234623337260 132568783759139074336425675984489570606257749191270632833432507973189933405
423406412603445683919505605855632227730183668203210881986270981421713187302 200064593714912641730014554232199083606976918770715325657783599490509565021
350405694872754768103816248527234409687210509309972698216643093958044465575 11753425295568870023646763155040025849923727561515764238281365886790839563
271850114258386868431623584584403724194864406527949919381369553182013391748 233515093613630881155578672697818070556026909221127919939582202789063776264
503179383546652898226114805446210066344307154494039336829032637907368535237 42615790684086596937481761327168705929233187663258583847666709851375571936
420030541116262653428737214030574213374334967817757705631689859842564721554 93443458887044232406735236844069149830654323929047246674476419936135466376
367218501770606873288486077715978574431387888080083800830632882179956497628 56361793435570389824230616314587597273116964846279983964967843108873032288
289227637116460393376000754560632576320010984346911969180942751927135929529 233723908402546162199882573223313565778636454291958423322043269642761840861
396817903082931206481068754034485753183182548913814106874690178520676166373 164637162996027986580573072416270518688586280183686472089728646947153943201
268766967509516044478611194899816933711143087572398505593735786689883539348 104763882437662641967707143232999417322412380748457507421563787410548183447
288331503055027318209338833257772637997546933649218098315917251582810650326 31611086671701962310317046068237397954491584654401832005029714984152799377
269318446922783184281569228662587681490358495652227304109293275764930892762 153183507901144726885324614293399378888070280894427155973907163325360476272
492054590465799892471020832598071685633093574536526792284594552866004278239 227042325742249808374147315317647616118678582963169317790306060264773914660
280023154890830299681669209057093097352455542953826397078057782714720971948 66685315080393142054655085078836181768234759706680832110654163074558139430
406808062413333379102139023270907836756967316413243007953570307212182177565 118917763239431075037464595317958617015414266223531506679283655317651639419
498437258524765994335186936868836684355278272176587479666281325991805425693 60531755354616590262138855572717947073601548361714912646563078736284551744
503252636336512135984009360880488431494843413750850724708043204109488572380 22916254700029544791302535911678537370389186002825172347154098409857213233
368192980476666783418977147843767982330710362552789973528966090859129244777 205765677516474518382695874169422448656727940746190923355630488778571502425
261818346895930120350486114642348856529646815248091254447971411569795904542 50290074930488038845954048212900952062387124785802437845797615136784149602
326176928021607191911310508619495274646650919913475300548046639101998807665 199059496780388624875314507788926852369000102263360610034234446831297328160
427024501695356194217788739234222888479576512235355600280676163201848796015 70241702304305315463406966868223733642802426796557661665844990884674063479
462690309876449130246311734557753087863397124718551553610750315898031787770 145415274227252424778384697001296547188870144040032266070382491946677783054
350779358742322071549426196072200330406077739643313799813053365789578288717 77503653239010920510669146339469710597071108991592965002007499700997932094
404457335050512515273332943188575085175379034916278768782012306527824621504 49343026968872017514767341785481262509291466013580853924490567840740181144
305439114213025860018020130063153760994223736383720526039678803258285826415 178681165780291778809897643152799984290397721907343982817295064829729950162
446842066624478701351870082201227417792832764737287084237308726299914509209 184331560759533529478604255522257540489796837439157235271083403325923027493
456645014708356897912320007826980052770036961152808378108385892758454633264 128546543096740935603116338405447192502815937226736652749677392604739604248
327140821322854502380475574057691878313837178847281472119304480927203019686 201865271752730169820521861168535169522217907010254206900658026832859613169
398549325242724671682724566366405617777727403279291461628003988849152343675 82231275855263505086059820419683462244788784059775619481687505308257646979
449165213759284903473531252188688846489076771136027671274620442671350086971 162431429797787135711154621220803278296864681569442624531085656324407031275
449422502973824390865033126505158313810928325665388254201305960369103474251 25354123515769693854893819735593539540315626947429945419521862229334581257
315788027459966800982230961869152847019057906807726520243083283521461689296 32636669503986717351390776518846282323324319873619595637066254943540786252
376613267814194941021320027769419620074773988988758063612655901382471921705 105899749113736470826813334590718287286881079496610912646096297329833921711
391058701993772251556261823347528256245098664456244277301797634429488051252 59656688886703758506657263469920595117205413752218045949841989002826278739
333586061353333417596511275596803395351644359348390630052077844977929813996 130119099774598959142579662743239134721656630730293293048148083664891776589
350981621163989201016903674373029932345446941750212765237470144393360535139 77275757874155739401580138613849303210947585190416620749179380669043332811
496910895174623321191852011954481057933169331581440530846721827528080364467 186645653838667998180476893720207693212490130569475614355554840035791764385
382290213260740914046759331922593789066362604863131502144006072562452901940 95629738594845180968735580540197003775272434503233738344033898677001721947
425145877430615571273440051639197572496454807238185358646806754642517000889 251962609298583274947704294422203946669117248204539111261489051210420251627
495530691410785749761724724484314636438928505696083281064579814457441621223 250990439726630186791178091326885808804591255965251882570109812227701735794
273559262041136281729164814024178411642160315658662908723909136894592298145 6582367117953031223159118013871669186131404106799845942550623970320057987
448554602814042441615479221377008305769927158635940085873640236017719922592 33959404900115230451564489488668214688485889557372283658615363038907013221
421489602797613976768693389163179597199445601378316409357289601542936246646 248803809396942939513646800151646389255750403235429531891420475312905962775
330693594711865626661881360886359628424085645435579440056552966406953910946 48718306212283030019076463534033341082200534485666489444058966493874295072
373892492419942141710653561883838223553399792337279974651703646883696611164 246518901675461818201079172962664459849464899553930122849927779001715606309
483894116241206633612941613525848667541722863389335307277407560902408411396 204457466888432150239394516142057201488743150537339579294994894649558924570
271104886545457036983349594944483652264664779487474602531881885666554976689 14993411214251706312930636482980850081137100997796124474450647902046469066
446517810554354292771240830102964761419192229224276411509601175175762313264 76177872988494814539146301724262047001951843922883735733398415230808250192
484562830824331780495076564788569998234541468687098631631810504771694314813 198865585677271403075251913002977580317263270800522866459201282164237259500
311897905263261186983180096642669487947980217222123977429206995144934299435 242822316316391576417862515304078991738977551057281603011045954196024116374
372430882152818468342049693030363572597100516804061504532722889557463198906 79667174083690307426533347436205379360983044650697702689542565095232858001
434880741403719607484872730619387917452448271497740877640084797505129248075 8413685131738407664887572293861534225949280310411040481448816980464749520
333971674253544667864721065937792081874492891011741990686678961585971585842 232081039800453449938060670142170640651851397480440255654201828810592047125
375083579368576709695612603897853865326358294842360043308809246216406305812 142046998127531833831986653951649819626356017735754585763276034547687225680
338672093704250152360558652964583392378897252592331203865667935545492710519 125400092556071520655548709201110721691078266463762364009031269217463254240
313794419398837580143477081525575035835779386421717682143064862078726830484 215078039054214153670132597426412402175177986829393813924644477869903656661
476061410093500057857198843270950838233285760238424743464778091764226868749 3742745874876846858393236242081114258568453701577160644840254281576740252
356162051373621676657032366392148342776303557471288706561989751570860456447 61021048865738225159165251655855887182971136886154252160740115617269001983
280680318040730228896677668637717331820942937670736978183651758414194011536 248237480154074012822121374430708938767101757905362776609514450006069200148
396740278663799197976298341559944201687823634976931702246328370914209350408 10881940892531155508704922596944842768990390820570746784938355586331448576
406004040724419618614721954056796172578351501159339976715753485263418318274 6961605937490437928117772092164223427582928390543259326981081183906104725
460829210644208451866427585704053814989455650233200182389161116708083459015 124673004239682369362623229200610849921889556902311556516208927913906669647
510885560371885158816448961817645113158534951360919154687568921366280997699 46070735889089192505858114740803224792639343374152749908800156369864601423
332867596592692633570514867056523756843212890833101708919727678812202427252 106212693808719427577928564982238770848574536042573415587635666685179202227
394101325791765903110864133519029541697905318887630146734753263625961838325 233882660784047696019736515859542381149602351649768924226595695762715336868
299637240264911917185285573249467680360802544512681917572986148630199444910 96829733108882054433656844465294388143558073809305914907019450773767133773
504482830749289199512514675677475861767300872697491741113869628643732217461 87739181094804535880302602657325275156443724414275067484029105268661644646
403706146464626484859302607887731133362601273133878117066952540082885068627 254165053985190858619386341534342785831756660861908509057517943789843695492
401238584005750431843203035656781630823999184347796591545960189829397900015 251182357912353228306622111910824005457010129688828261051733866589232419299
445860793220549653831271018467530253735146692793928258106535196347735171467 56142061724597954900220058498040921637867638891760303762845080560784167827
387348272023434355496151554855327665873500582969319394074650997911305511654 29761633559553418066396026973384350637410029353673238277942633096560659365
424348278307214791633939697237064197601329220381644619334158127022305302469 185567154348036136172115031295915899679658470237155538492210436439919988209
257413338551612203244632258617435178076448092603217564299096906742007869179 178465902687217626671164926661423612535889051235018916726076294871998091245
395455101345789285645378346853635298996948205209430893694189176056704556317 144505837185923781095280944377873127549976769560008329613099012968327498069
279927666210370255433698827520036001812653369184164361915849935766935684954 52757500099915126413017329244319555155191973373898190074414260599599918916
310013824537228593491411892922752144936560026516561402617384349754152610474 138475557910694547561219768052235045938328068478840162582116115653485158524
389115701349453641079271636849855358087886710873973506348462053391748691274 146294665337296704223242593981811396684561993156060864767371810846104208331
338377576385233716615535324930458192482689622710697069906077538376686165144 93756474002704043761381724562170717551302518846460763004100690922457150216
472593996549265432619985767901411192473579524755389956837795179316798648148 202406718594971054135169228708706636400880790437469569803669495479530199737
388640609474257284331731880679250300521137915419942799845636429085938632619 146908727458586032045058225938741143653400614303146706258905315147865752447
300267262080066760648124889164925614847546253694657617614441916696718355857 225655630108033614667011030255486334314969580612380562604075859386266414891
268263818291453142299527027774141848939791968674887155673642022212615534736 34033450144472636854887874804330795206330170920441998368536457589660734666
271788792324147406376104092004378026774686763093325776870297997916270434723 83634225629244771577129920472072008153364993477271469692034272186019919876
348951849213846756690679347658015867669621838105120361195847088179577526984 35863050837005898477564065625569658703719696864899524848080032885788321851
453843494963996198512711102504902002364194723039594948691720327532010781026 32652351529868062030701823596146906054755163036681763388877675396741731207
345505968251777637086939521012089297354369801719749025530535004762823805773 24281688039790896425600091209986078699989252433050832115508762681891448577
282602768787619772891798833715878490272375959763744587976392025076157645917 154577409641100536657418494667231513158808016240272036607755053547720412450
373234978977998250822959364104470973601785479530523466744674699474032729411 80612735424853245691384454539911401530745923718148251195413388241504407453
504850015704890757469144152220853772671160348107478432743633626640382679979 77482867771880101638889109092198963333030565458492300570226879125094597613
459218031274447198529184174760330107740607457224149218269218809407097577321 144641538955162183264896603030344159795244116512254605545433622831279205040
430438583314604897665703730908988376769855970568014472514358772598230261010 38735773976902176881258769091388062432397457242913763660615111981538459329
274175146240663568906454636807183996612275942208980851657571678838441930538 118688534219963891047425844979514476499155392984098209559570667081287778404
325689905262683203192963438149438319427867764344638962924550161978342161486 197108302250912479042074418366973746836550105429317220120441969466282139082
278464573269504693295450265390110707529703259602773957849787709447501376838 55987915845409089903744263127974588728430298618687637124411507577288578253
497581495194787193623018423528392659583689072812186231414346622964599502230 113686494729794642803287517794708664967133803951077809071261501777741687355
326295719883027170969046009477515706713272158220991671643368887217274231409 35514441638130993427512689952939642969686585459257441498574475839399730787
364012760848127494494217424786604785987747651145773100224159098960071112817 16630916114119955009572507351203214467820781870998643900231112715895527703
430716128843335000106606241745315634170295163741807314212196201612574655709 198725492656211114847361203371393510483983777430017966249001950699686190784
510287902741191704993584717553334343518602433745917238447804540971525928564 202958550594602758648904970109360507975062723995559340574475954805326192818
337050600148180358865104451932481091648837712621779575330989660864718450784 134714262215983734927064626530770548311653443827850712794584830501072266320
477253455370888131816459932526520342910571455693872597184790733913053710065 186892278420048129942312805024759190816464585816523139129728646841293450698
279066950369303117307123849898461242542960324565076513923978929249718215332 239836599575331781916384253439865983810055135620363120593558073897123228152
412130415666431710229228278238993992968507276520604522464114099546484797158 255100982908328411677842641990509976290029706451160083807858024353924107363
447190565555559405202864226391891502052237488222480220305633230407618673973 199564759632901589419675008234381049079511804388185576605369054348790051888
332063422175291494004744499542597278894319226873417245320596425596446547957 142625742128123070088276601773217527541371420769040303015373973714652114794
302914298758891760770522978300162622299259683818272015057587068582991558369 249685526863242251792822560808399284171192109920753983573849608166445761318
485898516986292428436365869753600322591120800925621157711180017746435752446 149426201596564953624227956962240898510585997454040580210485965693100273828
332651409668399805690511603356887270147658456496671076666037187460249897234 81254049134971373466002452263039884411111319077200093418684595208760560350
340594475871306447520093752118622732231088182557165924636442561568190865815 212628674842528105252966237618596405901871200166680367509319998729878690602
490619919735604213352437895294573535121124792250371614900721443095731967480 170160919935103761001539067703862852258610377479296578357535856714004076354
487223980322500821779727455629466223084075715676965441254262020006029672128 37427245498084527887241362783258935156542136384860673547297838746120220509
468057088092022660947401273768418182978857682001628644471250873384116803848 21607709105060646510012435063126561970885435602559580049487013183732815587
452469186363344718463569165356450651317411644875870515213575935574409522711 76811686757697088600308518061258152746962978038278545992882684847127302352
291533216989910848793114362592313579305498767962443405288878770597827024746 160872406228240996555094995882714219959708106468219029315095972612078124448
327894566124015895450295314516175208967651324435512426807571305896508472322 147660660240957630985485024547286863079302511485082812155191452940342928034
430631165966709737051903375568289440020739643576005847551240986328631916523 106308684397630324437610060990051700033514360777685133587227732214257668118
280250357496770954166024975421072175203433960456111456225590365549223617044 236099218455994273528260077217565119472604905510091388016261230285954099021
378065182585986045189930010949088074874836849674111491410652917205063705329 69269856025037316787929962625313089470193314935914515715842336329728885702
326623279377846080053272917113356491475708576736144448223813397273918906886 126827272145981695772578301493530499367401457296247770018861259218545585229
335957021965900316719800178212714782777647871911127792329891591148944314657 108097261343727989323351964543187837621058347168861573160684531433535546399
463439519583892375308235637936465671139522726401499772665453105231662122271 35499602737957806731393841368702626662621905422969522181164943402555426856
333314737954679338203127420343483520396518553468436136159332670654369488974 253366233711656175045075471818678892143009743634325991070335689018131214218
498017516555848582318390337498620478643683942221787031184796448387965468356 184833699977450014921874405720776445372245030543593187993855671691908119093
282663280382889933912067099819228859299122308949105822513060963900517811802 5079086797170039339380621466680010647607209225697773518103382748019155490
377102843324764885976815637316024360531499527002234963801552357658877837588 8120485788592192972803487415879920158639872327595178507878315791518929865
432418148082292543752917382481281429241676126640310687348539517269489953203 118824405068842164462927126490344125578929919664923413765067283619194144186
509655520463737839206289328890368977491927179552661585705151774998778486003 30327494634209464694551156666759145660346239801529758943887341214855953259
433423021076854560282770667767900766818638552462513497645977510190903549692 217000484950435503559702010560411968403297343967304460816535854114294633847
472144249117542047702371495736950880030404849266259467877484772589110917805 203056961175660782885277956098867904329817383578654199300377081041540692161
285619649746541440434159281573637516740716753259163176653437839355659273134 174297169776028207946345939876334013939509011160037373529613318477590627306
496574154640354559203456842469551504167507844836070033422778261909592798173 147250052990725028665164387004154056500316936206910674840965086685772514996
382826133205901430894828573307034028834497974444557957785978075960103246359 41200913092645166223319105656315789906901664914299371413276060500092378147
440198362851987218108061373631697217902731613915914206160512422688979042876 241986955828889731570711431591500827537663465974585910322521063910364984294
347058457924573634467523646243808423984719377124402455688450641321627238335 241863549038197288230436102427587053348431522714049656530850683832405214140
348483208481875729383702110345212543669827495327359973299765955448002076511 106803504808584653930694126441177174583415218720020412671121277356995337359
338757206298324893573602862669101854838115953568906769230084353948700825753 67510942502075673825738523239138399621411083818620309754730989202383234829
494658659440511211380701529058556648763367783499507742539932216085875957240 78826751475862943660392468189925810126567947836834395682702013053398190743
