10000 3005711
1380432125669209458303702012211863569458450088 772915649215807803214386856591175216754429180
1468019494978482253885245276979741768782060624 204578183651253817131904893436406569926430286
1306084296583078940434332230556446645304775498 909268114933277889354522497034968049038474195
1664611717063275769836919017815648304583747674 185495051453513616745186578567467843766126296
1654463379340244541399762961956621260000975296 165328938752989277405110762226330067994938980
1572500072667012225055622193433265803733735613 424330274891056823538102673781550814412377827
1426911568845616554543837104143522124052197022 391540828835727341370502090988773463254059629
1411925161955174065565757356355135266734249522 691505446432449589491213272263878363490774399
1177683676299906608248025939133087046949508294 566306419184513333023476218116011971480289924
1923679401542672758472147927623494104345609222 584333623712170615710281353838658267122281874
1305693651466049996560661711655422811267724735 655918546731104019026100975762991945953470209
1775883261084699962789592172327363650596444308 893936702255529208944054453088150396220586045
2150778814273047301680794720352921996506356588 1083886138757648380163983852722671870351189065
2079616191915318069377020442128700381510329983 114562691812136159780008873044142718994030989
1483050767999083398411586179757158116068487318 93982631889004991757178100818643907019243711
2108653895589667030667619695135465972822003257 917991731708518697151610614942067970210868978
1782203125827938430060500165064081402365591366 459184848267517286105472487147100824688032450
1689085855334145655114699270723939409880197302 664739748628161075503970571304819241220751626
2023466705121570457296245025558198098722916109 424105911515450817556592783604874211100846476
1477469522600163243887886258251994487109252383 393387217276227263102830185408935535451251476
1806310151071541121079457532673824042459801978 1007711628068650964463616975317571447034531219
1422760679259924177750771698207769890271144425 905293665344269234971037254121434012440962317
1716042444439995269436862077272799521665318104 152028964156394481923048806858927865661020578
2070130062577342141530419964823147487638604776 578295245601393509916946572298671788100862209
1287044164616225724430003297696503571279319972 170649481071825330611742476931194485154570002
1111022289151049217554373176776647308906859214 1009957007624782573366723519515970972285803130
1586952316543919205934474639466009018567038309 650480361523028590378219632443269949099596846
1789770797254822548964889134643285673281465260 1006361503307023364878711723506519441680690738
2188432398593833532660320817167169158631406093 558424063241808685680901597311173358372423016
1552482105522146843018460331171916492483887837 648927591957703832385492139677106509804126045
2171103603764938387526825971038857507467516880 379567732092562246214273058169213485449454297
1126297357932548026059996681870876329979452479 614336952699595608258763827622612989769370069
1714139831999517965427266041141939280724685305 910972219817104670714398054560573038116367312
1986053310876390679484201279669611952991985436 580210971128603010060118718671575646038753700
1516811802672300339277154610459878307037942129 248418308310446855393044186948439386484033757
2118160705044261880361048769756739975103284814 689683987779974099577344784985430338335690769
1359810872159445185120590964892760610644840143 40202313592046562960506659563298861697545831
1635361293019708734497690607260301597959203386 629147883480186601650432556038167667890128901
1807024344878467911846084995193586586969347015 525942170980189200925420992161603712577166347
1155534941109386567829913744675020834696481846 336833610228290575813151346578147664803112267
1628033084307747650944934792512958449165366500 10758192459136984223250198118066454794980384
1308730710078364276360386985113969156320792681 930856646330433413823822455340625871908588589
1321582132963562604008592157319948637420970431 445216773354840717501164140572127406113560434
1601621601571702379602974380056628094525652761 1046432226472638580104665098927008988718141241
2162499902243968834673171906999993538410127535 161545508792544162675379522547176142820009967
1314045826004268021426344895886711774728834696 212060154020426904722777727974076128476291878
2112661387760269642137215082553838076195838746 266852278106077995288603331728867030917581794
1394534347362628817456373410281214367006996895 292517175439936988621596902793392690513648097
1481744853712023858183728892308843723842431128 326497319689459197530083319013737174769360619
1147546174104279121346347936698388232086858500 928050064268253494041796581966441372680345037
1623874357706338406778945116567729491438379479 61166830025241638172353732446741041929732745
1900722966515994357621644568924680156869539710 76843959230175968488712839665888698395901512
1569212001809493047362399025343874028305500168 907357349580094041018251896839762358022473117
1870034534617193444570247546358216485266511279 872036941816352172537490109198102396615465258
1785702205170896556414710004517704960056362166 1096691863890651778809585758872204577946439021
1612722574111732908407361306804504789885776637 722558611846522911612451795926021311935003299
1316460415501232597370540985679657115573494585 537870513988144032797654971129709009800613088
2009329077489070437550923017618239945671166375 727673940627161110815480758456469229532589029
2090260346246346525614597070925560067120563100 637883137693765704531442518792752087589688848
1359214585370306655412845338850971210306606249 981704802691223953192701347960231044461388596
1528105320726995752689555067687301568342448026 471447309826998666283378557969490109468257671
1750239135190725646058000107167870290144253882 24157696013578708297311046678432249456595887
1557812284928896696798394824781107260429340334 209656378880224077254875502867597749631026728
1331606000330083213692972192492121019745268319 1047032313001512012184096919946552936043061178
2067583171301488907155179062158747366089334227 699162705819161586387254019360889738242795286
1353298753953829969515045334803829055326980540 1021674210878992598022494768400277232693363636
1427681046301656298430756982044895660998478540 10812909779369166984357134688067183760343902
1463011967595807256759266818957772592858741718 772969428994101000260819388097621685363256018
1910362035393057811568550582742952532447823725 519880212412857815004384414744027014363254147
1920913613357628114429730172070080442258646162 1061864606039291470931618775269398714602842592
1976423307323070818382520067274079970303296102 1009571885501066630680140187340057223512262648
1578180672454943021609785100023582037845413718 43112547821004132377552111051812199925345887
1566098280738766613666171487196045509773967838 104523269168557766146816482874710100363337275
1880455262555469275444793977499601276623943880 387634303943112151195057476383151294995753954
1995260056632398541865338936036299021363828890 966340343351940900812559588812770696645683185
2015547166182889412393054911469799981406722872 748002917317331249742628022416352544192992977
2062478380186809156596222669037523410854934636 260310604368581795685858981212303452469073872
1483244833798588161935670394689192192430781422 419754693249453207085502199125183038793875072
1642315270814817370414761579037796087721659136 555627282893801832136551673092434830214763083
2122200774549165493530728688896653470755983648 756403900167207637211718985836737407956244006
1292128901870052018013022222426078014685713322 43167987543249119896936361166104844334802907
1900333853946021861359443182716002037845672661 634229492197617071910580685631184099640475157
1221962523166195706014640740069140459452179345 29704133604471704049899231082848314197199869
1229687940849585256074749626203646162048659560 241841042974102333441172835446627484667218923
1383745393454401473605617587666127841876367142 924153313660856557698743081918826657069281886
1580111839774886527309237365882730449644165268 401836983268908409391821484135087235731864076
1415365825572823108663237417689860622250789128 929435782491310865668800730790426575238904306
2148686968965171296327404394682938694725040006 156911184860412140680897762828560206291233277
1835475876396746049515011021058154077940388489 291122664442537470924028142784804269893671599
1113995293164122305135663977773381739078485908 563765502095169065671646861405470496656676395
1526274486838339557951199656435803812952540422 90259789270864917393058123588968967918308306
1643943468281310590568228927649815626792125568 800244090484386326361921688860904981589948276
1539182735635025464517059002301015934082547464 394962258701137962269881687201145311145039159
1167957343370250481914433457304186104264722010 1044888811719605330819860870029525850981697172
1457171990021861422578589973863855291363111153 611669265222549898593166349010306565042803699
1592956854544061234893418065901407694576781502 312342634768660835963333336179085702405731962
1178715304883364343183960186071402884143952906 170850262158365104799019402972429872228113009
1796516276989461483553180181916387977952305488 333236063564831923408885588846814063209664365
2111509697611620951798698750299189420907666399 198926243043509757735979483599758544492890737
1918340370079752834724417029973650638544227420 526734343023108289054014646169037251204945265
1201683449202376556837677426343255386300431164 625399726214432335174686643685148320083660818
1698836067896291431372712480794068677205432664 48354367843860595067380452866362733471835450
1793790210255512216264413396242062532517382991 910776740256383536207781195631190091654423539
1865555749926973389649330989077108868138414350 5704611955747631870359979072496852733328490
1765450221026628498032504122387434766236097530 213895384975356453164316485734979630730906541
1890284075040189534043782699340672050046728794 825508328450582489529178844081364940189762737
1468200073004993964323467076291578453751154930 763036478604983131558040788682653962449724464
1387619945692695857764578565037880501251264323 595134471926628755037101611070188484632934200
2184257359460273612329984345632500313568574255 1081202630114659585340956154360944766301016766
1386120345049061121703314785278503174658862042 585800867240775994422958434238761959779889549
2090302202609252864482747852582512928116875070 110072195156386735632553140633826977025863990
1697868486561057243691207765076725612409163175 814413997794848002431765539608474146414937140
1219333280724670827607947866862388502863874735 339010129972050293341488662679680195677244085
1623748249463037400998805377933299885798777602 1101635209540750007444647754416097126615611359
1652485815459750726655475225050497032368723499 1066793201939990155015287436871740157157289816
1265743182904881137848287431798381471764913418 238213148515147221149846691794753759340961795
1494308331967275178359915401910156748422508487 111067406069303935999418130530718463799097032
1969597576699588989334604368964251533187952077 876933146825785347637298630423807166017952433
1307745579666669710962391102975829884741948704 372040423704844282313204502825622522478428984
1343775626384206615839763788764334336454963904 710008663893249528444379100882730507792490354
1307486978757557214356394428235548612904625591 61189067864185004498193050272085518108653727
1858393990569792205000185228957491684122047594 831310843218536325263221904050589645914468941
1490575739576397231992560303521213193029403070 606040910713549380062625797441114860654394322
1384091879532945955170277491809667923709038785 133069115027312026416569618268785713744778279
1741054702534571831378721046997429572491575545 685649988849608027757267291874790806810643560
1947150472194489591778670687406059029498904945 118224965874683893638917811958614560078464462
1573603725121422688006237244360760247172423704 965010159510590926189008245225133075474822641
1710709850414705587806052092821961404989218759 249133605372885559079830025271557893791895365
2167272848978844184701973501227313821698176272 802122136219014926333907758364086037760214542
2017766618548079969828464274500027308731908932 335649424375749983883914379269971703875863094
1833215084670597344264214123959915715709801508 792728748885167884623985396769752935828108790
1255768529669123050299108237362333262620344941 899743645966688002247933099938378160573711058
1624350015617199325849411266242194793858832963 987852688891248183884290198383688193470094315
1438942911443586217863906398409459383926551903 211823259913460650558266936068573937554902995
1726288719542180804960804766031195264646479386 104392674795577114229632616161437566433327108
2150751457585901838359932957414130236489521710 387894859822988932443520510029381757021839829
1561504204488154198708411261088187810627794808 101034954642657651508589157591027372404067196
1794420744809527521301898671041877718785921253 133688537102837778354726366406460451197297580
1318247885624734099150808368581606351711527635 691855691384481674579579131551506060419161863
1147054488522441072593694449122592628859412744 540109861866541989445579639017789959610952055
1400439154957185908938884380205282352751030771 644925288017943687761272945056673568526767012
1684938883326599740259994436170062886217113321 665325901468827267000378904488449630872858681
1981750259835568728308425151314150773147414897 488727388590512335041548275049532923193606683
1228346083004907814657542193979036686115939895 7071624803343612525289706264782407588808153
1752869957656634387376343151532884209773042261 86612731576469422497983800382078633973382325
1371796829912085454493846043282655064891668275 206034385210530744446451760936615183123600716
2173971030731193884349001353566543900574926882 982747234745400218984969576110286842059622041
2207204102566534613323708644048753311380746237 987211409030167525820851109304836898036964592
1627174129783756179390950754640873538273910411 834945330894840345185794045567962014128719253
2081399123434192239937545664922298568164773328 93858870794370719038360129239249513467768338
1468740874679272720442730700774358260082184025 375044494779305211833461820916706593239201729
1788004236267517456637141495555737686718556048 265199828596559955379916139688931637159827269
1891506679215816225462367096427879296963876774 304826809249889860406089086042656614763096796
1213053025085693333663776846315417627756086721 985680566221482773135781898345482912257467790
1523979843851027300197712354427095562818275945 429564698027650564580717770690649116229360765
1815409771449408949586005914249545076033715761 31903891423773593809341353410244996162715262
2030652225539910313597570911596703687323061546 101389458747217156012085502899860196279413987
2080067700557824594733125652172508267628620934 914870725246050993221230263810795505717800550
1123982972208945215277218533950695388375971100 363123762350804053415572288854656997941784458
1989109720978162471644029286555547732680749289 794091505593933863609736409611652958168249333
1885929989284017197808815065225278318662021094 749441816568816006582544915673899473647757354
1912971663458832656739308942584566712653154718 238283881791860340288805772330387075519269139
1435021826902754017691328920817007077155669678 167561651378502231150061967808071550109791396
2175872159509866302493467913265417122331510682 913884542118893884472330318198392531371021387
1592459761200896370474982987258897349107251188 247744907673924671107699286676628705331941610
2040448795319682711050274974985113561668262884 636517056891040616733517719979792536537185560
1458443266689312535286400487867150475523319330 557227369336857852065918261392160608361197373
1395456204103968127152563783518996656601823801 756609587556396515269273876519699188478359994
1633778625806288443848627066382806695732444659 325276895493080492718895368400558463856440464
2147998883809162449302745005977312034430439622 731089500274098340027469136382577575083104751
1663598057877820191471119938431558320053194116 42778481659374028406601346276906269247365588
1291936397559098929944768049035661881097332289 428274970041342656464253917368640684355001016
1550402598220550360890510596477225801044931457 825960236563119788240802349171503929514150727
1382915035556253757275344010085657115500908725 593809598614834012060403860024656428708049265
1749950880704513948835681694437375927222070544 19512276657096388137151316976938930301352353
1411653629278734603828188579349518797825354882 216962268649063870710031217937898530295843386
1974967767844739435260978301112238628630590118 797138337990477310857305792353827838753598814
1434663895505464659133186658770343095215083215 403335964155601295175151088822033352527840434
1786676949396613887603363182028373940364024567 935301498380881270243781176746450784546393204
1368773734600741478713974613843188275782561004 464328591427632482752450270754782532145185483
1490066696188691340725192714368141131052317457 935958466455536862572497808781625252785563091
2149662307863462915100983766553310065529213966 1056491201691018722540254300013456101059799413
1500657615056733921645621987275517085503315364 534151942738022118758409140963684169594408057
1425893180855737087971029446332455742040209826 997972591522570469832353126941444751975015848
1994832287944155737907199383864935264653201355 473172537962285660228132441478947778215366957
2134143207804452224994210605759022958674089459 601121722088605737759772169294645325764072527
1371148144054675223472847865806721039893260216 256939354546406679706993004181383055416045978
1214306453745869337142459691874830238741273543 1051654095488726395656533936051678324170838070
1297908273222353551803765847377172828466261957 219037176224700410931862060598101219701084209
1975428578412472620040638445299545426146599623 640154221293609333688525519257070055005778741
1298909124190393235204295100291191349762824090 428570942660360639940781977136385480821260826
1712011714326687158794560902639907155572217889 605463480917260101050165421666326805275290634
1461504909290665731946974360435865144392846798 594467024947444771627314248588660102701288339
2084448826882517798544319490205295591013814088 599037467015970944724861600834946774094364348
1964602490949392182732606880399014623240976726 614971111836777858747990960851338388473242643
2186692048064479043638450505606150932687581224 946742564914795739458421297957399377941524175
1824150604536829106038302537845091107723629872 752875698693657320205520547162853796521869150
2115423507092977008207885068189499976126024204 277884247104060975448178335945822990009884012
2119554975371489763401596476327559910738596450 255385630001876299920041270792285081024712491
1435096918308334022689521353839224406409056834 218018156404419578339821402354098024336569933
2108326219492571173212866742391178996757069144 784377408183940250187372492676896170299117060
1175020477381004159942741169047882052806171676 919423081753376585306035511449975792328420323
1647996867686851950098043494355129171345161268 130157824316148055503794312800323105672878281
2172652612141344140803173816865671941164957981 1061320191735704613177059219180093778196713970
1441067295296886797045444018687188128009885338 607346107357289586416856466889775332862012908
2166676230079132997590297401412726558541439507 99121401728124931017809139986737504375394545
1574381769504671967521469280874637764731356860 1071445925833465140734574083937191840519764542
1758872170237097865344275918168151034010633587 546974314168286642864849594353211609662537116
1203255584968723068826126261648620182252392005 751338944708984606956240183207584060907527728
2114983993689534518824642282736381708729889565 945531893139543805481834727908690561652237349
1261094687515517295231358051178065551102799138 876035112599344317475076514964445056501619233
2179561941714446354305116748332820848335894728 105283596586154492493275508189778296543790393
1801816293294972588786199905229994775659031055 36293314063777091177112629370296879223065164
1119047062893017754947917762025155872051864427 5840802737503497065853948780247746908726280
1840052661422694254360891463633064861370058577 900744700301286861451783668829487414021198186
1906957411506284137544181312638863160204269095 797571190636001697982433014152440883905242558
1919952213475066158149078288969585931517337789 376299479479157139359559805000655159865953393
1452479484627428287701942671493841834561073624 45042385582316331765666409136085926539878831
1397340222311075626150244463243231842356001068 797188265722409242030931457086285237119785630
1611149654255404324358739449782995535229812633 720530207502341207584929197606774547413251278
1209767467078314947408529696334206620040927564 538099176923907582585820292224434941072442579
1685504901794846587761341054298418272886364262 738093601717892353616894092762836689576856308
1373430249937157891362840028115830692666750653 310969762785730282611710271706216687308079876
1699366147190929247654701079565308308988010922 1069813281712305114145957726992852352580168747
1233839332607198910859256368077790691746227014 603326483024145272886179670102029912727969309
1324207186626038514314086529736517473540402365 11279583161097246455571496014396817405026089
1158107409534253867238322343347742277054238002 234169411649255667884398717071629121952749913
1931595754398639287090991797903935689295267428 598484343105531684214012330491355005553537732
2032584099418891781447661832039204885158041018 240173846671575247843295805745839757270687075
1373061515584094090464408687937622577697825655 127518920690645285810753343563123778792177394
1248227679064228237463593431549602864085414025 444833550700684691091066135190118073907812396
1605014948761129605479149251644976567185824161 779349834528484936742485955708825923554111254
1924161796314013080636253641868974138057298766 189743586471330553163794911120185589976887640
1696184464221590980153413039760205106587927586 1061254016210146714486992857943867059774943092
1474234794569651000176372328460215456795929091 102596740905524285589763712576680507239671368
1770707851127087411451518773568077540503777181 207921146528813511863134766493367180109425327
1234513216638801716871268260317766599169949031 592419669889741831507861010080344671836008308
1277691913380157166551625582636757395150089349 971438915295859837185800380251903091323794736
1988690151354637572966343757455546980157933725 673490727295087423452745578940234868135210634
1240345174943289389676507475003543478245595524 681446332543204668707513266573936690375859125
1337160562773049058473419558594999196493117484 185498105763128508916734000184999908593567271
1846179247309635398758613937532357388451919316 740510740794756183702868415269014851911404917
1250625601890681272303202740296361070603638846 544747897075644197299546118980582970816652257
1672784822523562198316389719267113140613344195 207311394641452509806782468472123961466961695
2009441075101435860151722858129423314544181014 424774103724336621392483404111788528758681739
1648496585853602516936796532072429957491352880 1052967546756014691812572343874115271572686705
1852174964908648708866648859249113367323719982 183953967904536681282221926948201370109471491
1361470962809886187807509841122539132028003151 28582643893724105221045869888258572452137191
1887241037453440627473000312378612625155596774 841632234179471173731482123454706725073619217
2124988720426165972148838762414571555072582841 674721559471767837098825584506156244800373144
1191395671662091274779650530615327090972488296 752416956517557384128147066069355377590058067
1955372400430443913436804863013453035317606401 934838299600254100519165820492275032624847140
1117317623144711308651986606101019058634015519 555227527279405139482460780075653221016523826
2057431845145007288857768181824250096801215600 993669059354001090587694165977182033167884844
1685424515673645677407557641242086360887883766 333123310709775470072017254686892389836042330
1453953499621263699593016168978834583365482504 830087586571833434649244687845627794544259125
1631897926662930113701881122435690235400025332 1107193241501528645352660380937129930825321788
1346677246246427545987984128133824043937823544 116085140954441754983982348845511985730841930
1599325451324503077582121669384929325234711536 1078778107233061246366524525335035962631906833
1597825386837812173498413031775034444165767480 933458160239523201893732021142788486339834300
2054126990741548414002326683951235570039640577 1038383683503840716115953985585327073264933411
1576582174151601030915512727192346637475987882 937126474133727307948730489511957298279523744
1983820625578828717089775100979621058586298211 944767892636435709964353815935125972807093139
2106935791620510160484818171127483238933664214 487656657916646140023493180931868669154827080
1510088529128464661184025364374520110709381511 600353467658734563345556560441646789113432691
1514241407599142825937289402363622389598890051 786018156116738390920532184593611297712450050
1450616240637606969737955841295957070880008807 288214461909116507024056092074616130153398647
1455020691215937438073943097666003597079515736 958754769212089995712751781484807162558409147
2047792416462192764634035555398871951605731371 269542918396930647530239712595855262987144823
1538286332622643937175164711875532032838884275 46970590631242912348829400567391982989217929
1557064109247843247165952689341929963218703232 197405042408818248996203019095279598858686322
1794530527630972253800131184463638341062812426 485516087820024306543828836684805961500734698
1233811362105581637684380832268780384327654009 925263064531025583339182210143224340669844434
1190061967628579887721680114942518219155549071 28118313093188023160537379458516457491857504
1657220286215476790791010367588930124225111597 534448340314685294591768723641984255580160948
1501288693579004109868237065546557036835795508 319698653981696552244056265795693921149744344
2198602066442600376576642985672439820848337849 312445034341931285605895202738224913753094434
2063846920719198444808263340319447743288142875 1065385631345507609341597652101305631946278826
1390892549218364992860175872924140860382466355 1045661077740654532357420631432243174986102371
1667458058573393045685061964179590276586939330 653875976666623840320263268779855715933860654
1193271833626759986559418849623302868792939528 228591865945369832532769436165494742850401822
2109532626395659776075865773706432880906101691 441441592478248575841843910987294902146249414
1262629905800574099269770058843589306497444099 109625071336222520698077237831654495311618891
1301287574718965412993998945956661442415741020 235522339984903753640064512994616915524999945
2043348765438609628030955441607265120168179787 246410474071340394399951113523884384580057857
1249928676286300615329100009735243800900248782 447116296895427137877639859270600079205354096
1288766619410115460496683263523106322594674574 1076089019583902819827279236867010858931972202
1935109493747372220155218018400382088872317725 46294884382114295856919001127471427922265997
1663455515653740745550207402305232712798617734 567733220461726696865595104025528536816362306
1513129473145502385466154097855303795162006715 500391885426795567722923714225965851095704412
1298696538036088848114263380960201499930937348 580817848474851258996955524291038379704066068
2208848481777075242646011298044544162786866345 739060242393241828542429687141686984935109249
1266869700512755562673529777285924968760188378 217492379646033836852138997106315920089309620
1918968558477637064345848391014574042209630503 591542063127003863238217374068782921121800756
1219431943353987479353760781705732141225623468 408838699950808319167267259756748792508746429
2123086350390300015088970982318099078493718144 411143151999753200651481021006361245319497804
1796020159889358353986835996469606090011850935 482465047312391790512802886829257290776225766
2040325072398687338515088948602923418133644185 303238473273286920823317330263681096609169951
1482840050712462854480141877787237672915034926 230217856713753431251373241570958510548730286
2119514471679001217163567854383583964234668593 442416416688731025208407637764618488522836939
1560065683280032369922967750277182350797132823 1035637061940645019126606956332364622865081778
1529754864245734496223894876185175244512749360 148230712849786337149836338162396414480978687
2082496313246672043198433951121814759276073980 1059661318022939828321557898537704287033080214
1514407398675072822766947292825279130063730447 593398550230639418071439591532588850817915699
1300397132423794120983676620286942930453587295 288538150408201475463356427380558071931438837
1901520790723182655760495934407094067070461044 284984162284316656067144881022586612125380505
1737724417518565314095983749138889244996413359 1088521105292088385173766269816141993233181170
1436098942544426296081088485074763882374284478 403383867339668728223575873194467318122747135
2215507645222854836321455821190171532986703766 1084478161497644913184639141683817906253158394
1369373852271573649488338236755501326308273472 537525487239565270763511573081547569412823426
1335182971885198665281017012442486400542518212 86901793409347567166811687651210705962853859
1343414952143956781231822186318664048901624562 1047817078229009955980936856484875849573154021
2181129436084210306699462363748195571306298913 319143484263677280048986475399377069546535942
1126436660339875973745389360570644372975087905 59058777126975719989830297651358962506950079
1778700701657411175330432779029585990258737387 148308947532138928599666026110831933675884188
1125391373427653862558505907829496255571550948 729468716504180134414396422682137439232895092
1283553186334380174644341945164820443697866380 377520772724881445196068639618066830348382988
2212258002634084351478202541722358324839548179 940360586528402933239971122072159383501270978
2203299027081848134517118834663029190035932156 204058318308635429188725410417753368700442770
1550241963656585265012323680776042057288070514 1002762495450444702507026792470932899957966065
1625869177336454909130796224530489372974031960 355348781474268591354605500946688714724040977
1818646904836382803843152032203864390175580999 517104253784460718340589255211587427246127551
2154537132105454919561702733692419275066880235 465778904517303545060505134473810375692643117
1718340869117143777724230733851807654349891530 24206621184703029007589430204260675785401337
1966868641334067099313611124033034172192931742 553963566399146037476915028675577351492776252
1462330900815610106877673598999917821347116520 496264814656594049928365486541526522113024095
1783975772780533167167958895546972282368652451 44589304584452408157308011513556840156001966
1553434581875343624875733174741249076302052857 229660258961025734379561198664325871046573605
1308083431783350169898523943006128074105281802 458096323902543888908432003837408527964002886
1456875187997666281121460239350770792543389470 531094938085095427924553839787777272781055454
1502447034117622330740265425477941323162874259 202236171127210523125069478824071323499534840
1981609125169423653559084518692065370291775043 46074592386663415250239820400387084968112178
1550394511300197564931679477314977189062709417 74916713101327145882245270423775573071359712
2176496768844182105426335760110878864117733348 571134523512041312427243529377636040510275613
1891326080920599679128957947891511242472158780 1069053118054625866096984007174677095425521231
1541523368947284214775481499097736591972612481 777470102118522347489873293962348291153630
2102706271851528508242764792827219127108456169 112280252557510460483961800433481616353859885
1302185090083589169218064639495682853926356309 1082752795655909381884975727498772167250563433
1618600063496503234942981863131362889494653199 80871505643095560005381587639367749377439228
1448790604998936936941228438559370172324454665 481794046650447518883271148728158766070374856
1821659019223001024176356905999349158848797088 294152441239016833166958990772269840144516224
2021503537777526133166020641258497281617159604 910165970856517151607724693929897149749773261
2073309646127935208181251457982425356236052600 843782407644376613865482450914306841171415335
1464486935071107532163138485037967872254917246 354317308595871632361430610651475147968124603
1923455528107611467828401246290610335938685045 1036423239837669593824944126485138745170407457
1849753349198017278169643314738275763827556290 540482931113304295520554742020858562397441285
1990947356443811838062798356867934762316416976 902114187612852927374010432590093968609493863
1511194498318799001030713453082392133585347918 181900450960369535282913479408931370945376118
2175997360977612040294233278464702261997663974 1069762426090015544476633915871955296828918793
1878351563555447139173092676395260369445926375 592423079909297704292343899126268447288396713
1334881272498882125791897530743785726169582247 668076175470248683477425525510147654795298676
1701033346212755572742412687876159340024067469 875209772641897060225889708218717840509578472
2175680390757725711873595356074473565138443559 878899585853971354872173572549689430107561414
1789942570781453076214155414252591128351137463 553111938698788235791016176942377159252987933
2094180888343801468847683339857201079983849888 756027182560474117876652535717700360874311425
1837696139716762914131442792627524264105199503 99159682049340031479031839016522666745501325
2162940217405971139656199181921661107357348313 412918656708449466637844348608756680551172623
1175132550352067832706455323444957436406324191 250664942923068936400147316159133094200426648
1876777866283108716681025961853733928546780032 573291308298999029363619878013887873230694470
1230086772936660373155828233079396321631117841 810261144819742913053669296063519337591681498
1594585726238579793754208677979017761023917942 243631997514810274037026339639970316896374116
1749687558869488429903913624760510585308511452 1008429837683129070930595317536527949778566091
2212935158224719881924474570102831690340582388 331426553824258615667617761479850934205370881
2049565504620809858599113820067222401627602402 545753847257875749295087593101741588270851346
1139278123217847231515552771606023361583529024 475684816021323759218600208910062644282255490
1289477972954944905066438270757864775466209015 251968538240465403196408214150951050333180174
2062583989595576924028448764658128377499880024 1048284614935736848389812357312700161343682072
1726240689980163598841361210710748839085089710 282962358022621416190982345303820893518863940
2061708061986787845317373330530864840263565790 309581954262667379806821990919290455826780984
2191032540585123032488870783013579451579603666 430443772609448794154700837733838287708401731
1662625996689017978448645860626696227076622488 711404690402535823177106320989108536395484087
1773558378922207115744747569739006216356866625 1052516136198545440587806945042652710866984718
1785390899550975586857401714817309152573867843 587810209104170925227091041982928257771434820
1523566900179170581683361320539449829865513474 534662322743145553326248717926910640670047986
2004590821978760465561035748256808769933189450 657110000903507120693884976847205800146858162
2022511717430133929648855274620571942575463624 647908599960125285576194900720709848621159186
1975481046188520049352754922540520446036740710 142886230140843606309242862607974565842082551
1478013008103354982058637678283928518676146749 83372604346329984925347545884031878034263699
2119601298649723786654487476691902978011203231 661203198110687780348645061197567687454453360
1296548558309058093957604221510883514089353958 659974793982338734876429129044053276234962463
2151298010264773644996313684569912864759512444 626659229545685713336374516402341486333183827
1610044313651205972786593736391388117632116803 989736817021471855049444326031094510910479028
1342186476727763075309844919968387392322268890 78040183800944505631242799209651268851513778
1959782315270441394645221348670037581774405299 226989729807795906720233001827894187689461042
2142367539581296510764770197611399852636820862 1002755031322410067204474038849488542792865826
1131654430400373129945052586951667862983805046 67292139152398044473854739548142799581692584
2191958449060049824258311389323715485148160929 998119940942526088362513672654905048821588035
2190401875584375221729056983363675341674134701 245538756522573085579417324098859014783449983
1314195452725122371366909793907998262479545984 484347215167566094776622325193501546275959495
1799248109146009062754555201548172930592685436 265681958311642990865217750932996302514221887
1554788509252083532227566086031675846463623341 1100495766781911516807303081185763693156429207
1434680325798298726389023151454870382769818939 877468552909476983457191214180036672550062289
2004016402143775391409684405328127651539635961 930647846186224945460629220882285316925953527
1809256493250211900740104878666411652674130479 119200584287896765433196998202197033358635159
1192400044028210910759432514597970689762422034 728547629997723461783509710531966752004105110
2085991418485062775915707609277538565233403355 614808126408121945724222999034117976622581613
1479655294598906658423916133700136361743697397 66484136802247880543597365585575082625476859
1856992933228872058999745965133165148269714388 143617210585289617288100851597048172841091786
2124791924974885129891396386667747456939808179 562124770562299642521049387296332597761737642
1193671205505701413161528435733697560008009764 943270816692904302863433566273149677379654073
2021882074391177602570041187549530268272294606 91324308571918608051563760616501000819883422
1913454382575552842782890919028076399663927794 47199910712846274579317813409668615786913353
1468938144753215592185825467608886697571004753 830361154153980641787648249198251769426191984
2086381816657162432286551624354223789391263305 639813684601802629575237940032188644296310667
1137765006082007634102890538926685044016908529 485665141403231878531946070824717804856302146
1427017427629335280550152880166151787113793508 123105612875640209013651584016122477011404921
1474908748162221268409974307165533166460194228 1010359316582179165283871177985751501543529194
2117007342362892726452332852589694876519303763 203712338473607175793148468134031573137739963
1216091021999494333195602191101034224012556400 1029752228201868678260938229530518435671366286
1170501981738343807445656360710417086729836160 551634932248026627090295302094467643823596043
1652503403407956168647003485711563079057199368 936714388864564705152321012229896083263118743
2095966108719980362066701778425284390082454302 29811277053507861952352981156477542864314460
1169382465827863175137786138687352862695004537 225440259803836881683786641976050555835513580
1436961878164494704295452417817549810931520486 352846092398664867009690371620217564795696133
1486150103949454754199889475718590008130449161 520989235266982543180703872138594987973969032
2146810326629370590037243499529986306482307662 1050040854453849823789817984905778223254681470
1693285546199021534569637495855197357310274020 683309377184306575728183537589231362425637802
1578588393539497580311496103496040456675428646 499430290831069065189363657823688483216583956
2008013024501984782258806056662917498735826710 892499761401604054287202127264809622788537598
2062524128331657101968681409000890487207439012 253858295213521429516761781491849693563118248
1994437320710795580421246783032390035415866843 485094325159511889941333886941433909658359269
1157413554015677986317565951455422707632501266 735367587288082554188059754671217240813490618
1899249214709904293487438580737264754255447327 952796891149743434494258189978596886909571151
2036319707212101494823107688624728248097474298 101606970719947389581235857659282407953436492
1459021640684027521312338056583117868457217153 220204978368023829896550217395043145095091928
1821322061310499331784251384070836846611619648 220283860118756087928650530583495730285404111
1523004350634396166755455003331860148460062091 602996836360987289360392250889906956787383424
1825111905235395420469770521728301953142054624 127806485707651915779207865602199678346512381
1135987755767099380359772243302016658173570945 109015486941638946646684623388136260255146389
1981160025316756363805408238490075934176048589 979750845964077429081960278747813806311162527
2128348675831447568487706311846511414716402954 874969575384133988814733147772789162202521016
1872176599014675943456356588046311937141548580 656128601037519070419075695295928812116863786
1661683813564588278836288372012185095060614567 31115470855130287358488528486055485904008059
1580085103349974842184586843868662017838386889 396276519363172763400680728646154622913034171
2038531748413187281371612080546221339493158467 840243016066438465189515564452622731872607791
1795698625545973254893734908024049656370694142 887170559521952900092110974607011837861185297
1688781968639534188752953949665800037892401592 1094847848404500475778967684155793359918934292
1842962843437502782309894459040614860123218233 351148653650204173971288749854265576652456592
1709633203903813701796355072087107395645718618 101731546702856057308826451849881344441151956
1903690896479993403742060273728231263085973326 124659366483836975293080760174908033282868330
1422447511699274970319393674345583453208727066 474920914006169575384068876587384601741474064
1373553526632038856481864479746866991806710217 983748812751197608794417797844360503404577841
2013793253090546965017088068930343947334342265 806489494594830703784715196934387961632308260
1351668998190018307227462658889016537093492374 954286479264650072756311517275658884604773031
1648870300451884502150106624253114784720005106 81529490054732400040882278820489670920561012
1626651477435538897979907351521787148999708345 824097939244543269190797983495786529833774167
1512004055611569114449811489272177226701897007 319159777629699016945885706455005279645506849
1620109505491168769521067167595394907482985244 791596254930170190941136074727346503245599927
2024508489012731812539320147150003879042243826 267589675493124441988314186166731014356722374
1559446361027146497102546709214587817997415190 945787685472950181133115527701671123328718892
2034908286699983980240368641295121028665867793 764666757295927325325633362851293199768149885
1628467421459763542994614685374286842960975111 101563669807995291070139219013809269941591273
1606989478148103100753499135067092942866667762 440439309306555232807512154942540260847132065
1220973034027604484246374713817656388419381814 551988863555074968848760576993651306900124935
1762188921784124419395914284444686101999666232 993829183334171299046881390026389773869469912
1894599368336673618015266642433899039746989841 1069493220472126598238408922275513121580413702
1909347416044759598500128797111550322409303569 562162389819937717960045525561340600523706953
1737781218003671695916702624495965692238051183 735017224224949119113784404213874303409599516
1875809053879074344663574270936557009783948111 1016674313152310912686720471112098453934564584
1298592594217315244500559750824189278920066775 154841398931278934413118102295133938909030670
2090203355803992931521254478382010725552672298 904474344524844570114632551276239108486092858
1733452208711937943634457137665263291246745638 233091181223377739021809765213690710802884855
1926663664408952905664673040016095788609281244 439060463938388690619494214343667821209207542
1981618938748049154694539145091674005914226642 599633886542124642646059374583037748327325337
1773027415140064003047758591831222706760858028 511413215196821402962227301488967067027789152
1551433415880546634220591164017355387605128187 538606659501812357266044569064979165493997566
1276270512370303208112386100038209862099030017 318973903944259569317847940496095545304060623
1444515267335544179155085722178612276541938181 886101355059851892010836780316897429252987505
1604228941450803871786335224930493282225556938 558176148865578584198720189364861609437103423
1857508312145211546133964273510023486804247367 875686175770521452024231671800522777858628569
1128291406706619964088453523319135851188145936 12634293367157434215189525607938219634939084
1151110408081155802125502602254105792636790382 21829792036090517765945885652881380534434866
1221369726471064734850678403404538929327209896 965395753060380663116874544071185764670215817
1188812847518825261113865482826333615377221052 575779226702298588701154305710514262643554690
1577672502179944548455923726120975870758216782 226595930683394179637683873107320305786099003
2053013534567148947520109965050294107015806836 254391558302485862816756891428462272687155303
1784079265636351967509982661714161987277195937 168719043832080485899939663672549148225946270
1710800574917170937772190007517087909343506376 859673332622409265120453719978502258232481643
1441492233941095265284150602879940817611216820 444443190875071415637249222069597538769179465
1378150128565029186114546032787955496511892485 729651364509022165167264107371010108691993825
1692882976843073134184638273439667781177846003 939331263552938630384239159691598931884638937
1578391411950764429853353085874386025834233920 624157300487273456974472562068985025314479549
1918781033728390411813563046625359545570343887 828831073785218168703472805280817084143374293
1963905678135674628971533774129040188108182051 623559974765033462000568283378267205665422502
1759751814696223985634564420102365998699711092 503979865706215332323146216072517898592063618
1130605130522716655152678295379807169234113420 795920082682275961027148652806598565533684118
1542055680298548665260122306228525754898600217 184712051077524331262308587083103331436532613
1311310803309877944981297063453489179198879801 571243068471854239855779700329064770963343129
2189180015934834809303160232519712703424933638 310061952998049853727353518070593033022781301
1124402422922987935727944090131303341793450388 729096979233701681671102463049047597638036110
1832491755743531557807234327161479139374267217 976395552485315429175747969889101339861387379
1668962095852309933451823627426613924452286325 898958777628753379210491229066974187912314633
1431488094221551847657609563984409996410400930 610429549701736523434630132093014291769665985
2209339604266782257612197779030322636354929609 797282753161733061663804667709282451839843312
1663356092786204994319321251470192530785440140 974826404288903934514823599767613708710449896
1167562807730848312845174744654851467727241786 685594453115990373104744642298389537437643280
1380207232442673171666657495792266554533059660 952034684606501605404041660928015802933894248
1732770370697466533716234863424120139423726348 734756948643593992059176811654481837828599219
1136841066804645911548067934471588523440487884 622312934904159191712315425084886644649014104
1915142388920123530718396972112339327348619171 704076521387005718092615953330025752192340226
1715165733682165362003622677249199163184030655 218351478402973253527543630926257541557071577
1489220257414810527025500641258637561933134155 1032349406020611746165771218002895566787490245
1669420294461931398638149748618920776412872980 1143928931862985780234553545464568211793430
1363011337371928673676476878309791391091862248 489700492233222098328225795763513420038018297
1336008159003765549490234022791252784954925668 247719273987813718133363083311554960450909176
1679801585401943042140471287473493105075125427 258571604514689549767178871158304081549886308
1253660375494933312354884452730878591169556061 536717490308134225145151429644489281882117693
1568414220477497677616085216630322113124246523 935649506300020643645572176449163555450776625
1248170133790249849068845940445529985305054270 470600574169919540973982471421843635866293587
1224140016216529452788147301424433334077251210 404015668545502339747086782165610827765515703
1925127867139471021878865013294414989504438584 379249007838803187015240211084301885325654223
2023943819305400720415795417558660805072841130 238761495180422660728449010701285998114953632
1549112168296579447765082229581254947851012833 530867863352713095430225504018611631792222246
2154162688213555448920563380109772932656630665 389839880103705111095959375303222001223149428
1338405979861743609308077159299823372724391098 5157226510069005807406066624168738787868073
1735862568126894263447653390950890327352961945 155455554609488459565768236567152112424124608
1830892935929910769385582428855263518026113074 417646724675828167817440777135164904750224665
1398220599345512663510767027419521869552170103 511912268547410675905960552806695642380944975
1448179315379796330367277745762499056324633904 403655121258103701190510378965290000350690289
2079488699677010819844963176812425890311171530 652626769113304016913128384874523308318889205
1935604168477892757209726658228567763181446003 376915386671061516947445813857531923763506638
1537816520327803943979411996445534359556078194 220202987130987063224347343407315076982070173
2062005202253467858152231687838973787320405388 161574197482542639538014794960028338199541638
1434773306331876627099542887104488089147344817 427599812869782498414124653504504039150448796
1966117332819348422839424108819178689496121674 287401177310972973303133390121153666270840767
1961059497723889073017671877884715182743629726 1044173069388074841617879207940957938490249871
1635192459074977849061077067120594268988032766 221337615607686036760618815892510665418676645
1465897276675247049151317332375439229020652982 428446215876169281094449915169165922885071648
1440435300300822758084020761969010923430792708 790485112928172509038505914662098924904400280
1782506289582126768561886625259507252485974294 489155872348782412086222756972121196536454097
1142709038382393107417191479038454798083129311 496634836423422622540473057762981254482572216
1776998805393766808376954965139748253465093659 306654515764035056794495641409214942115488513
1486093315912007430793045074335119603556507756 247147630327442930366396479040246717227348222
2012850063802888497893399739965927035089656228 63941603472351466970120132544870120938421150
1948982849148985961306638698552133163236513728 1059778472528444714456743164946879817554451751
1121341603265612166108534496078156236138526663 152427642851377748607404918901810186472032101
1409066276882768486893516868239688447391130887 1052939380387769948573964740204728255858635955
1613021170565819420525606606419966376049700121 336286333968428161461014559205907654032745545
1141573298923756957291893879369488898444162667 810951458189492431681230996545035661571878017
2061320621013105444507920139490040004436977530 91691115600488763088019918508431702880755493
1473547490757133634933673336320477534444208390 865464014837262298589059805018633385661132169
1219254203703978654735399876041297780157062500 526220278240403850934610603365346706863553021
2146398024033802471879976356868907429120474934 841592532248377130722801633512360554846322979
2156024328352876207604796139039534598785577407 1068670561429938196055816540199024956022502876
1137909400216887730858005370022856790348173842 740195658684635267356096550901502629704239096
1494709172002235010508046440455251041106156304 368299793305635793833452328527900968880222654
1509585736024404708691174831883111458987740083 129888914588719969275765964954225365791273919
1161613482778861406839891876908990660125924212 552726977852504427183418940221583844596302516
1566013946896370602203555687796826191753705567 1004147836439980301220778452742343358300819358
1539120190303658714052717703248618952922773100 843267994426106232323843667645585830651973170
1614201047027001327494080076835019913117091779 986951835131949107594868212620108773883434264
1903412195198168099979500388160958799580927784 69563489893320463369779716295622934249426074
1152335192257609674258723088784139087847383842 873286937707285481812707588980730810414979139
2081648548965372473481503444675321071629312300 615098533550996773357267482992597617213889396
2150927169852536900952625848858164959569873183 410489093629451024590893406473540862961434289
1682288021484859411655844461337332305755545159 444913166796891905068062985568166461425758425
1431345731825456519537753525195551353931915389 755149574270680480881915951042040473172905596
1936591700433882675363034786017945011307674198 1015068425885038266178750435785682281237004441
1149388079907166076373749344390923722571751687 452459949519145163513222796648747000327467904
2038207863263629331003680672801113367129374818 199971633524169210690378906940831107455930866
2148416377780423026271960720540889835918765662 1052983823318953666545694974550655746849662807
1324968299085629011521690661163918898702198032 576381698565307388216190420202471156803143134
1194560531661312050446732866664744336507619451 804132975698116824323414907808604676179339594
1347461642600233322701047289008400137497935553 95857914534827311863901019231589351215097825
2036143387252561427828892166026817388596764055 615114933390185848474317874350714542853203498
1207230198334272552977427924574825266100149159 343075505025403011921020917490436675574744650
2178603952767632826000660723357998693859889642 381505498022771600501991436039355755314690727
1618403046094756806528581709034340303678889781 79005463885487229602473321544542590988576401
1850266511506044899556526147074724259984840761 261001454943306506856372319402011385552761489
1403389219079559858569801803349245869375025400 395805352657861203129285621228361781115051276
1631020891214341680946237769728468948869315659 87332522236250236710552791009001791456201756
1341590900236700972456357853952794841033914355 936925860129398326338373780978391817330328928
1501875590270113136950363211389609006019997343 1021384710888907613814504315650037552710945354
1913714941363045121625332790874641997333267017 927717749317062147293175889952798986197878168
1350355034346558222498802380193426511348481430 348859295660207779402086610223425166506055567
1502947008184934216218199241929578861273193899 303023676347401399637721312741774933574794177
2118727720832565379896911209173015904717039795 939690318386235681497913085500783493720614652
1120239301140534622474855735326723789124557161 629081929693813328505675686749641634081078228
1627408715845007722249464362344577508118408491 380206197950441346762276900624393138608022396
1631989910028648980278699971632310608101678873 30520603069199512573020985755130181189594896
1571454936951048777566353086589568508937802881 419378644583677293953780158978189633541813271
1147282271794211637614461119548277535536799907 604406011426419853347563772285825825530598147
2098340069862710443890831080707901093721839566 471160308624021698857174499361326659845288200
1363175750441255087812553067315811057293785985 657416914842793902218521071289342806826543983
1273132005207817062554715667270741010680773268 153653173679790774699306845633917725927097337
1568915748491196640917662697050736402400934308 61719172746056997498065635412073358924834748
1650937413121175070971013878425966053199468093 507781529686214841575847467630809225962886649
2144621089225561637598070053832393576566919279 1021810682046387015112068825461555249110778999
2210588761391993542722299383084104024883058891 622787109209257908248146046233867981239028195
2167675442447284153451350596637866024820846189 520669207291195575387490622999280546131274323
1278122525008527367054494651307023386618598973 567396243887185474530675939493048976006071976
1634915822889527990284843075102443707270425471 844885655344969862886585591517228493658082521
1131371079925447290865680952306180481651162812 150655227187472019458920706533079598603718187
1903821657391435754994181781009829445177347973 748816194647685795634601778130596873012565326
1413565088440859414703121246077741093608277344 204533786751685884294353443522656856474777309
1116491369489330385577923090598117530677160456 93862652957039993265409426567232370645158076
1227573859864767119831148390744973934666031739 55339379496542586099688267291707741449950183
1557302748857572476579282247465078875248432418 140050409299735085690491332785407394978489606
1808809767439062353201505213126828717709452848 630686602802556466341202369843109513907698714
1744465651011635261551735068886460276324297570 959883990831217054611019228761345664013418991
1170196388309214927771222619439890732434876483 373228472351611816898915512227533355285026652
2111711756284012814185867626232074764768796578 1004192021947431537628176049565604304630728043
1742432852528367267322471524677368012326615253 110457759978969816510841890969853515378266550
1169079388507054068370444506012117873202518510 601037043046757114250196460806408200400466376
1744361568959825654436555757491323107719136789 70221179874757618370764892886747247822665413
2102377268392373588826986753260392789867713257 694673723166043346383406726166851434195112086
1396063524541985796272549679965382958174337079 1003324126578935719617704317368573204465330987
1698651719259204803595584211309802044959027419 576294605710890931975051980106129601605848751
1136434710377719308383653747947955104661661621 649284573745290199203772218252819840385733066
1924549015513803298048047888238835657180200721 74136380884540481075540848777213514015413352
1113342087491460556242674190519101122117811242 930722360031863997644947492555909973842083848
2203895109726741274717084689524956377533326473 657037786861368092715164041230430215010031684
1938660042236651700079717484836177171411004018 1091682067491357787044283830020936411544879768
1255887941997904806049615663529945752790469375 999478074843580352577769196083515770578148967
1439141954011807979638459129357765570133999927 42749823018177997175114573347271322500031718
2188122030495961198167668022626180197694058874 469221812939252030488556866708584618046206463
1271288877049085401172390915524192384067339729 118247287198802542516752708201083261227839757
1336976940947712296319688960928788531434311281 1101358461219973125930539391611484626376353391
1613092701888201265284845163456402844703582353 855144719731414371713094468108318142388565677
2050289728433160047158326264697723797498009795 843468338411055781671041275738907300581083745
1634078806537645623024403541951336293798070820 839856674295497748850594762584688398750165098
2211739892865137669321359658709689513390222390 122779843872337480401917568643813062280303489
1309239413825236554081989752458589876945723282 250366209925539845290089623599449393081954219
1475190326728080975224177707370572379473669004 997323444783744320050603014751254921069086320
1164675991788902952167395083825539919737017920 437641841283532749274108286144002296750975729
2150710193979083008987462309137077635927974679 1062079225159358369544034605432266119225573482
1853553637762587521811584348723594223541576220 863560806202443222418311450570792892993227440
1783147887116189884738253315528647702297621042 248552950062794687101002168020534794314559442
1262461903273046082063810913022719866312436810 211533531986308821778739835677848021831426702
1917190084920172571530144149335241089083679269 985440093347637690991406603611161531285580038
1808376024811139472196563795802142022928478018 793390198922416314347438577607382820391417434
2003101340295667958443522656526680781597333989 535993136814426411842328516252360209167559875
1186740961644482061291700651421827487136901414 711737225520639279270278758747562571592674226
1148208253455807033915830579218615700447050334 590097457462016398451407919274746975918322473
1869098032008772924388084012806568753131066922 1052509613991975637158234410438336945772436337
1336286852784413078282433199257231720618267754 760529454069735702866708406571209624183440406
1420130522129363068093219496987298437334050930 990152068664708561364817364780720441749599248
1908335530148659632299231852294178339975164236 34946753151570716120670934329175629043973295
2087783229138897914989222708552148305382570116 951475735549132423672746718467943376483912378
2109798042986345250529875373101571132554730659 582631098892747904970599673208942551902179458
1564931810247675959133414005614849789723953416 965259311116509147971042499468818907180764804
1931853342523841388711787071084345422130337790 673874768011281864605340556543172561437247133
2114022513258858332024086451168744296992905759 996823033632804745521548558727070492340087109
1121754496032658430409111381876662737625146783 33325418710347186881150770779053686688012975
2112866987508385784774914135221852201770169056 757648371586807053689676328720169610490605469
1412099229917773584218703802487978286980331389 245163551082589530280249343799221770703857890
1402207308784238075307192881262470533201691268 977233439904026755770980765148741878519537772
1599130565969008352071841367664522548215388177 19994673610872288753849920764357971367059277
2064843200536556482681475623378577538465971895 768708172182235952811148832611079539689578561
1667601803730458012385322817896247435171928649 838510273213635199937336737614958541213956524
1396148327032508056560013252861138092945974993 965559457505042555146936129874491277883454983
1909302962554447638684489423626978809452805678 849709358013546643421925564867850648608277542
2084381935756720362373033003818750868451207147 991822949164068306147625400280092847063155626
2090672432629091445338638796962378950670869666 993529092564246215758225725657479141382262485
1146167946689752238407832246747506703645900270 913965930667805991629318101269675921019629575
2064087407590727459833419292382533403889228617 811810291501471486970851611337529549293979041
1735125272037340219182689755576366095692657683 91161667515789933030859688404749174364240039
1217712612957910401644322835127880020520217144 1003816002002262025582277414195340544878369833
1489501412696489649383225601062366493879651490 962309174741670160090868566843540479351260878
1829998797594026091077708520080599410007598801 30477885532432848229874169023169766845634118
1929094605316484211797960245077362868105169870 85838300232573314523971176780653537289745904
2192380426962768153935733342823497916035022330 289174533836450357785980455924212435213512772
1227886681747439246366920562923549004137049545 394367214364066186459209935632530833968293068
1727139650903834389537686203198178430172537188 1059891898429831445451083675985240498627054838
1830702859911066391119326365728124027320527650 829452399322741115078861488757262951808590654
1575324207544335863492777821665574426384760794 825554664278961246515729381338814684393493124
1687077908678831557652990602992065536151067588 795553563795217482271762070694494856723789102
1461546354628874421948626452218616833026833922 512893145468446406495303153463285254067057978
1936717575951779585771450151068789604504959820 490279470678770504867797377076307988846082607
1369932079533211980787399141488091518797477120 54999455540306232152786800518666856919000792
1380171349303208982259309378232439313952365155 727811184711644450997777934971230890741172151
1366666452220172680120380293020405498289508997 245684840230331802167998704766573779457071305
2144475771045377815501302053251088506180579551 619442676061744902047605854932917475797964220
1829708197201902495840375440371858134208566388 934882787132627380214584999989649174139898597
1551341909716659369240583218939120592217233380 371483209668044951502733286254480064549027806
2214355149840575891153334863477510640480219660 684417021258043072070093959745239346234272010
1386501382841639707260318441210486690855179757 692840711599783082620636636133646326813124215
1225635488679219386944550094948617445243173789 536163781968796837612348779992901895311643176
1907187684386879723522749363013481511248486694 177517369306083603759057199296433339293389404
2107297073864309056620663006140923733811669463 286171914700947835738255882635629257173297808
2042727221998009171663302398600216307758443226 149360301798494783404019821330244889325324834
1675959784296891303880778856227397214997172783 801621311434536744385754044785882361051401921
1978145037639725083698654270008674812944230722 804114295141894056104862013447423109488100110
1662740445519771434893262866449432064849232208 182618698747213115289523642688949180520754954
2073496774464558024274414213298197614765000770 212996736727006191298831380219524196174838053
1680544900326640627863118337868705324135513070 859160911992993670594618424431568542647858651
1324927731926289146420498008914720441841721324 1036853787373954066038285711823186260164305203
1266647696920370924239803657670670083567752584 26368553584957419705067333770814647035890422
1715168431750999783451386459433613093165328112 558066476885447624192155062752696860356717433
1159113992967480213578325091348052715065783159 448442086173213039188333464570887572128121567
1348491656993131041699550600101524457057288134 993962850697749700455510362543936023976567170
1160377871419258128697239532846813781842231074 972109978584851250582935077587398346073647576
1608775610059948325044737418112815869837382393 616450926086974776493911965819347833298910830
2189825254621140301213346917911554256182763784 23150456976905479062364924284695585208732221
1380044482073749085524665244607825542876985555 838293640632883650883926779868665670312826826
1436333527201932618957094098226103017295043091 821642266481152244218761784810714864916339704
1299995184404662128018474537012938994608447451 823457732787401736194024156837110709152192024
1304451154152767288158228788021854493684436953 26629601955958544574597991143894014010310593
1960910062285094769214901702539438227655272879 328754405941192723172780179479969055693173282
2046428989635492195973714337593717570063041509 320789338794768522329122717991417570140888444
2139190997595519206814715472846140458754902020 504265173823618230453637083978024163352932849
2078370940555725545216296213275613817002560468 674104804988138548433815969017607197242707839
1158139299469995057694429595199414853988050623 16562783895506063968025503619800684118028848
1821011024210337474101530818836986057184716488 620551506476586027847119280996650279981808619
2087270299698361418496156036188688478681748206 919675876359555746126832001913102286616516799
1789461132399061780763654708460386480123004377 297789308534336780272115810057640187602447242
1600502190936444051471228895320847388762260606 44715616037331276760246019617127613618301492
2048346630375325903403366315591263459636559781 486293327410444865852096615248374757006427636
2016750049232858921994086734559552629130637472 644560981524624191171035404283427688195136635
1675327239414378485507437237653451579193443741 24177559859825405370010169549194274249427420
1246497660825456235984671994954659325793422564 919090477807029068394678028667442626923396231
1335859011022968295467122707339486697128527906 574848746602521427865239822298413276274539545
2168911304389099654191587143154465997399837590 598120224978285544012837119581055309583276841
1879445075191097462609818319368489278165083211 681318617097833430842142289553319930072186701
2085051605433005946529639455003759819259702438 571447303022232090781029003080987140492670454
2093278205206752063785263814942452006250299259 341445771647937331899232528251504877346296778
1241351115855143551400520929251832043702487378 950587890423781378812723108049465165276027326
1348398243785785613114649094850638034591297662 725441939407561013443610783059278277489138863
1419446301118434490133056916621057321042771336 1042866382705083764641523617407224892093483279
1379235316896912970059077291192556178826263493 174309029784923674077260585762205402622866667
1981523897710811861455402167013092391171839789 1050944135881658842535229563148921942399058677
1522481332601040937097839564787883616626667610 696615216437052062686455601092770666882148565
1809333039339015432060083412463256638227728014 426627968596967288739956066215415735570107554
1503672627866236690992959489652334787104271825 805611466793023820936606924538082434213284981
1997286982266870542831124978926564668817557606 196518641290623156126374031734593635079089526
2070160942605327321300231810849331136220877032 118329790369494618607477635379960168319913060
1992134977174807867538140104515344938434933088 693605170010446907245241085433914570948752870
1512528604525231841752456694283786684861430116 396187278222133672154488238697816940586946194
1903466006906983661667154486597565647191963883 228149338968875360447425573024144659724415251
2059200252815565826811354657586695105225533957 563203597817215321614782539684900339958543901
1754192924490064962141268310710999679071423050 139576217949590284260653905396660436410283274
1432851589496411678605463649357581539513724196 56769906307765911388160431449188532372570966
1241485975266452194445243053253640737845190776 1091554607822073703324308295387539964579049553
1341089399642854454042739387429062769524739608 832908628618317826093638692616458062349813493
1353420163641895213178290914385576950419844081 749015493930823518558039144487176106657671003
1140649380644518048420411052148305446960526646 292430903326031398077512818574627026158921625
1472019865284094822046254003391332079355964271 75622181641610607628691432957498971693690546
1716509798874153633140561300035544564563943214 828382656501242288017532363830936200783386598
2144285376695747384272387107612651980704819990 366110827730169196983253645633920588244390845
1581102060295325171514808493622399120398848119 227019229769447705988118364961295515205103953
2203485912682354512161752275535880803616979326 340294081579265398439244016892233290257364422
1165446511548978732849384157300351488394830176 510815880480765276647778873157240804661354346
1556184272088436303586638936887096891271029506 657630120411948095235148760796755276315075664
1888896314393323550945279242811754778122005622 727530023498117706802252980814117458947730015
1345169897740312337442121141449961083794534214 240420713733893735522466840125643239809149282
1267712541859191458289425592625277155676164985 775645405873127201176802713038862838604409718
1526346009477299834167276225200763146300591707 579626177280806772701111980268106807806909923
1974744551873418066489673037988917429112569510 713674261239007753742353649592674409706356645
1416390011537749981439912128656621388702162270 75409185849069309952969884911817141199182759
1597231294632487931511929515583060569007732740 390578629926550727436778908895760629063931286
1848589883774592292564853434134942095956037545 368787504409775726791419946924252390340210088
2079476248919885941696243812593491527251379722 541808999223347260281203838789403526245106135
1662505181787063035842826442465145569304283323 108612021392183065772523779052741542127737076
1825780276936854871930763098188041428199592898 719150085113465143978871134699191906265752885
1213736660517127848049671849772617466501798958 186413022817929966849068771999173259772710034
1257231769155280397184273668729127071352496964 739681250700087302454209275806688834407175225
1637783447263802091709895707354977067829394733 908212925214408075206712659451684275840208111
1992418909565343130628582291943513295963776017 450806108309289289555978060209490856926719560
2157266221693778968187521625137168543258504423 1091479337264412053701527085854896891708664265
2148018817616344679233002367727902564976406100 357696750515300463019342326826516812609773919
1447932184967564224604352557290919467506013433 183222474088241538671370616969002838132938788
1246231726155684055227156980188255830125056547 961906274053941059894780583640297161624645977
2089791808438844898468634771991447085040366329 367565502949154770748076957300719497507238130
2040302903792906322219230216540473363337895218 177410710898193250608032613726835480483967746
1753381956171872414144798106328137859429138533 119511843011507078013622371187122317877713518
1296626108112613102817552118299402500360866844 1051802565559160085144895996290301627534803805
1142740724843908122176861188502902060231807052 955646313150252164779509297277626869538936087
1632437349173724423920245218866565290497995394 752523931439776973169891669077761233878453490
1735463948586614490947062420810074560506613734 95893136474872020892849646090804584583425308
2046419901537212122871967983807213131888776532 940613324106548588669890995057188864821706854
1461145993847776493590324168369397467096997788 632042455587990927763553830994936237462082888
1930035684533426712278212925100680261444838270 817471869645866598987463241900555458562952866
2139396023227104928920572188999559522876812101 341896189858919727958004567264251899126186936
1753841177413540037317380720012663370047255265 25240974060782629658767943679710347582956809
1924378595537896484796919943323417358172943199 205017582225560873992398704825302781817554758
1862765622576777594617749720497599740330906840 534858353083066570104175116987142705185627217
1236462889445518024485485346946125175825668856 841097901496263244391732466988072281987495204
1826704784646401976639693685196462136867863974 130196371259088130252197242758418112112469086
2188421445563972737307646267175912153908078687 314995545980994695117955695768603436455537236
1903055231614752163977224545318750776329774642 705028521812187513316436509689798040490355805
1564612904416521110884736552378233291322627042 1056071709916853794664100111051019731126090828
1407762700602817720753644963474061753426088002 867190281559589326481786043989627693579845216
1837414302345332121134623612506678725480252192 1016398652700699617804209659581626168159437903
1801605449692873908729263232924715065892671268 1013016378138429256882844269730069319171247655
1149937485716903335701221983936669481651343815 701991226874745572384152230739287801823482027
1574537928071721420996926182891681528090087874 622639823899239291664202723162214298320831529
2198248868865792748350118658500443688200394209 1047679027342469336660039842761199097562162449
1268368143477336566572536605416403090892048650 829913276885860222717186523198031411724634227
1521820670797993990577583953735630617819115628 14678795220659862146032126009463062648134434
1262894567325855244422332780193130223772054335 97668033931402537384575360218144096087407018
1612210221203670684463215199363097856079225719 822623095878762270870333909616782208349861898
1639169807886747293738253522071966703452411015 415388806088160809262729421687489249246354631
1236704118939232205414269461242715504463395106 968198993589170885534855139565761066586353975
2124467216732002039334140770639937542204256739 138677231098259161948605992765767575070079882
1553095467887994874867340999937572251581544671 839468146768898475211417597245800823474350308
1312124877811185224635935829495124969654880534 599861690490737225301510994868733465725035363
2178234710613747089219545494035051067800580554 1063685804856309859271709735700145386010372102
1867751650520067089937055317933134285463337896 1003732005424430896301795817009357592603271680
1651557346635769491268906702529149687373877064 875647797655379536518760184680382638801919281
1161435214624840526277906398894954280514112113 552560450341249891876516924048886667783836930
1545153875189728898105485799981179842576052552 523675682496738691671122099904255229315610273
1907344054400848246680299243056138837278477884 688583184156929297922148369843962891333106911
1437255956031087326053348029055344949960931382 810242035222356467012641248265075257952261397
1828153656569643095679322337623317831454396033 1025340571965446718310683681739644248485068290
1314140085271217153346695518893743662795437601 1065944932543732939384672581563666235825852057
1434211960179430588537342890369814473534987452 148008674244356592286498131279712713311425415
1928654538690960444544897005426274562515236695 1003307176004432283669587797779520910374197801
2169906041027871405456495171636796565872187615 578406692880502358965307599757900021712473694
2075587172257138146526837249681167357658763259 1041500048899434233268070791484238555718255062
1535602939046019969267071037447890339047382286 763772236778417645821959222396244719398749335
2119308900708597725978703902328975624532614537 71643410297373092363601806015242683834377447
1446540157641951580308324448964109401821211279 557590127705976203950891959798099758137072606
2102120061423588634631513524205121252946198474 16514994959489271606494720763325698837994217
1232800253822649565096918941159862143036600149 684687564650716457370388313226408342268628478
1898081295753603670190860962557706157466436305 432206751972689742842927647265311145740324952
2035689026797551318750829033471699180288820101 460419998784370615638823230954146530551783296
1690340571541372905548320628760445152089834549 101858673329631585514301472102481452196143757
1302589365536126233353011691879253351262315068 148610514942690578319184165056174620036270400
2001955255449090931990276224469799637469614539 271989721656148367597185442994438277105904861
1851215559985704040172123468143654679560339058 595307126927593765411201654900667625678497266
1478069699396886928162535954482396967984936063 558484995949864045803601671046863661016244026
1373402805464801247477986890367414509984119319 541721135396742755469012765323373356279097720
2128749090059311570531182646123049617594111380 951555856493230770694117747864962851656720625
1637061655398071311318795444047834129636219428 295412576729863641989238279981252003540642481
1745001035325510360268469592742866937975474523 868744419736342678738670656741345464291517999
1735796286387803836728486685138142838255692242 288104592896627811575165170808961437781126685
1762813309814213777067569222802615064290694228 300944327484945340906962296995704110992446449
1296806050451051781807460429198023255568276391 692626157051317819805822777537383442218686558
1823961909457072087693669988729174756146355413 729636602595830291061418376496861817435146094
2124282354131888089185359127501602064907472558 656936905254685898111087723625014273934237113
1220463417604672308100486263932519701767085753 677628953765570818271762557746893801620396055
1356299725258195415416274200460870700660804987 533161799122344556672938647746252096148898913
1770471883150067028982301463240796657975308280 635874545501400513977562231851997426409607876
2192240781179521980893081281915486262580320312 466777461035377284983848983135113835488648368
1391599706635681653232400669811452023025905539 296017984220631787521383949183154075749826401
1857362996822888963785268249798581150912399503 839632640587832271448586723312133784509340392
1525122783044609678926645847516773523386593740 1037076381954049581449355705816874197196881373
1600850835382439964627770742932671531198416277 731311969647870194865250370580976211797049687
1851813422518579205068165066735173338231878020 197751377093875241648357732551913826239433812
2099556009322532324133461923291187804413571187 1071069982483626298634477221418422158325988962
1202706428826938051904753547246156611586292472 1071603754606846811257457142093928117738890338
1485335045547133478125720371345122190934993512 894325877744154809084897630020744257090550888
1906552636026944384834623379349001622001957759 93746104121317473079455876665449584405416429
1780861940501201765454177199818169787959267077 282236604472872583167332452338655564218667846
1619209922808322859735703648785616889384503421 503927244667380905497178030314092174582855668
1839281945379725695289256881629325295129758495 322529546437975678961547622756994134370650250
1905224736660194426432886041259953619099671409 703942387609793983994915457427183163076368218
1839803359177998759564693588125757691384113031 517938245859411721933877409791397472494662746
1220112668130291934291724783067280647128356965 949212505890211847222690688036182881106038213
2205192831527923771425716795233313275050770819 450654109429328429342561390833245695847812983
1214838026479602893225404693413516307302398258 1018555482745387736303027813574538308040207887
1265463522472145920755021591948595248819370766 688030241308406829853804021960008119510157219
1875810298122480364153064892507442939756977857 227908307329365578099552705135516750126372432
1599090880006127864325806279531756377710248492 672983298512567498573734801784661711381514591
1857708728521021204764670935233735044957806038 151225286268631423177634876976169915789272121
1233088183712628106718851624103548516309612590 401541018024338187081188915403927132956756978
2050887794830952334120226845209607696925914810 802426504293358091082735512655031074919427592
1386531555945229736450829974661787278888029723 682886339226876904843085148721158637480828623
1483626807349844902420890926576470936815492365 805398133428650900596646177181829639481522781
1413156405206005791278595236222434439032873936 4478068170388507336245789773285686939546639
1508638707170783376181559441374668267781904854 573820055518491221156681755109202908506183612
1128725443290431977718683370786385077963160550 1042580250290776118911421310684130342507741236
1891317262524552261989514086259875058506960103 624794961832751173371830257393120996671149984
1610315021203544772912838137186296168041805167 395505082692106720488418962736055291846242692
1940270839489084489844003589706852544541428118 457005173396948854643896928564532473190012084
1155402638168551267646261588248288604211280120 587011628482441050141961645362719362995405849
1654589551850788752557074014115280677164060790 921530498313541072376296118263095086045864108
1204117449346585190173141251606548859065705900 940558975490461841924233282448713255005741803
1868317475467028711153601674319734325685937034 541660558450987967080473021781189132369462230
1713624490180028570545072311697593057724502087 499781364359292898876657620612247077289245150
1527084673758955580366985383812003896714008121 400692276200031480549710490617914520806419444
1640979151842579740282743862750091180840102090 216951776168957056683737993571460176477195814
1424110082338290949277333317857234727314414340 742793508771853193632623541169332661772553816
1780463806459034304199861278154739271258319867 559350908801313717611754918194137012876779784
1749824752830812817598488058410298126538417431 581714309100035534603798323592695952484165393
1756491357968249935587833282593344110562682588 418583743945152394894563404185208338746717944
1670831521588376602575872770662693549644143949 824951055140841814997085853911011869139109003
1552837961183901151820529533417575850727788068 244687064050149870432732895319511509265402531
2034195986268317281606979821816189308721572427 927449996608800821500881544068814981468751224
1569323239814700299135083136469506331047787546 789592724557662266393096688150671561795837697
2099163770430493702858318904024299908090057142 850586128138644989114792800303435629020756858
1602547644106691906900328038317776943179366247 1038700995560490725645175202290121799674835006
1402631360291682915813856940240466717416638885 1044037982471487885280852802068461395930760063
1459945412102907376015803012477264399689697900 29619324624256145147285320067007150447671403
1770429080822481288020383666718207648697143893 764105559102456196324591986050190295322083019
1754074150850232237376632095555158917770804894 1089584312150833967042439694913821309943293009
2086443613422084663565850391327589056499720574 1014976800715071887865965467075530758260265003
1459548670808697103858578381387910741196837306 481641986992988909322114530960416681044461769
1970525278699835314647199638292890405601890897 626833718095745308721108162010204074645205560
1444123081971379422933402876134482314111182601 242633607329786603044482723469218956974492890
1233210588128520730954693653244680757693171982 809020808371679829660839900628778408380607494
1708225440626620680325098041649036396031980501 611221435300359794708950366243178822719430059
1331153914372091730239722336034084753833260651 507701844416435598715131393695204753261923761
1573945289495747809318644130159620405951110110 898739227314158956851312255054451296315543520
1720386983665123474796729746486791764889316969 373613527359052348572430686805849868713242388
1693260677741455513987551780985751520312332925 1072953805490711535967957238398441936329840206
1187467717558394495322524718628490438502394947 291190734625973930822890234003662937401986194
2138699287322517076313982774029279752922687799 576785180662120224706685861246288052498574670
1380251415356317835335296103502902285793657433 567446374605834750170909307024106976306654014
1657283939919267179796180825967727891182990836 837514807129058941181284990915954627312057846
1540264348148110825303670645459348097554206972 827639197792328340746094857716786030511418842
2124048362107015038896365000836964143557448257 555556947951482395179153730439427630048667809
1921197614501222348829996449079381688670637328 1038838098013981900512957296661431157290125793
2109559950370949375668788211726333550112480444 91502834910393398859874672549165308666687033
1985222383884921250224547072282466022634866879 311025649141316519093759734473221783360461540
2013288148942507807821770372160321267905898372 964769691415913661531916475742426324107273556
1755539999106006325269248828569975166354220128 912274334913114570940491117213322745952614848
2083869526229610643225308513950210063128439013 946720376615526722793414742352581719355620508
2210436244044779400840273407613058958952950995 379047842354629382498700260722594736549332498
1273972818643574163697987603540188203875297587 480783052145560126355552255544069320136761391
1392286760964454207897543394267945325735718814 200288684421439179185532742842081021784658454
1423206260144741151150001875953570111288313927 368562503587231321245733523989443676409594182
1651107611286982391008062602233622885991808560 913611279922842982730423288977027606514365996
1525585748856139849173483591915855980384877282 109242447074643598589723869824763473737865260
1902789801025440466497000621537019568097811338 213278970703272932645317366485964379510649724
1907540840261858049406944924474561765717421238 974456274881612252571965828707657183604490934
2033635563508497651183612022710667844941858480 1072785828029688140824038934978125783798693359
2115948550845296760332919910232759194127412809 514654026858727657804730309022331173689514796
1518646367274667778579119320285576057025828319 744827956009789597811508269176979219695241006
1644151879956929795028177717228923531573316064 22506876285334094176203493512794958627804595
1146703335988022958820096408109796627821777443 324303420369324218192149963560962688447687252
1774068694001586401960989415209935699298548335 978836461436020748648407759547941868209762067
1769964454984260455289847304213546038451829790 744316229566303464888063952793439537363870225
2036050376652738794476332738794519426327239482 345590563341311446879891730404391203304228538
2108818946260192250389390257353173707037137666 1051745069557784114441723742209345816616255374
1310680156692684124823928860302688809502939801 9777487177842506572514629688691436581462059
1821791740731798355525573699267762088420546435 214475874991344267640106046611597054315345976
1851876239854198826619001629982122015107584608 7016394178743684283082780478930831132420171
2137286393173814007357225060725107075886788314 347051291645006077154454301583239735972571742
2053862927888069501883595506708843652007875561 368412909057726563847520250697764780231887519
1607681125901668941580222851844391915530616410 229991533785739927276561288768540499862304233
2149646089903026076354641545301461660626636574 247708230370970023216201238965929133678463914
1176324912979782263064096718204053507359111373 251449648781715673985189767757021199133453668
1974058642864922580748598204432893048164140408 406660743087033923379016881174027524696879372
1348957922591659003487970801225047537533953888 904823973927811457714351832599178614703000828
1295569323166078375341153407100257776477741319 153561158460660772732299576245504568085837699
1674347059718394114252790486213428946137560325 142698956446075740842866119653691357738906760
1235261728253250511106201584563633260166258514 618653616239117520607684658671623918884169703
1576333403271245416730277325239928509501970571 569536852153927352412604599298587569635583499
1273481095328149925217200668155732181056080669 966911688555655173779785014034071365042136794
1135766077161522798556839479924282195600534627 336733169110364198284561727621974644907930565
2072491711847580333414473982458763769864827246 50992834274732567421384646933058919159169734
1419138730165664988663222573363627222357473865 278153871276448848681352643700591910080942768
1653163444949963955354959832048049940413707730 314708725378505464952963323639355791589337614
1114744488598562377721120724523102445760354758 389887787398569655373563806571826962217383598
2201522092087266789526447778625368608108640881 709075890917285423975943801494025356268992357
1755458384350266368041648165219223629526161619 452068483021783426432264317253925069366087733
1374569618201564582428828243682879893686722727 462203418507723233737009888625100772725004888
1511754395480138383395848227691265808955326949 618115164591006268043504441235236139034046757
1729893625340124775726875487590148859170594988 673083068237312331916133964286979408208250470
1618740982243935630565890559753387408270724293 1003962697134049284461383813133165166029211574
1380808435452991735140200847740480361224546973 313465030726150456626488543796292773951859339
2215847026675019460239770141832073693405325625 253344380745579391229864008570280866344552711
1246842796365690668678159199928890271162162407 739040296077491997346533664829828899123407954
2036737652020812993116091511710467364187632079 121516553811815000362950213707445572886995126
1808556123262868354711809773876436304273611376 50095542395275068604099610208379924276757327
1838967029705382479573371071220319093104007146 680780958919112780533538478672031572246792026
2074510130586066916826767240819263655207068191 567121787388930627791856568314448853186059331
1157616188214586112034802251920066506266051275 777999060115934923941429826576814976122320060
2069155866426282418002460583396334240314222159 208888607540239892369271597330375330372259458
1910122134562586329151315595757194427329406619 389258218711801642882916356380330922651073658
2031254764489241714928578180659710694909112745 1062767806061716754927599094085009220414966691
1322034374585658463732421761090659246905966571 1086179864596236790201494025601946252721058746
1456120638479568935857313094555988666881439568 193255652106171057184936450839963262345070258
2017148922664685413361256683501768786175598497 474868371573142627895274871155914347284717252
1773619490870062120178230381918091063835274755 274810638735850815341044656200264289660656266
1811405878192955397290744651954645057802138206 513106225674606743604160655954469018301178886
1549924908388949846858419782417417219183862768 1076052987186795950921601329845590262493361722
1326595710173099219479047804695404671751331271 108545103076175485311655696772688907406994004
1666141168128217168086843781550119516369410896 942022023587045351181485742680621578614943291
2039444669582437608616272310678644734808603184 70717986559840056638894010171673478634406153
1461808643050705497143608375330432285111166961 859578544411429594859656838758631501817577302
1980434481777154004178924589972426924308127706 94856295279784053004656381982391916205322953
1881605481542570478073798402123109636846822606 770832767649534664465827655126752231545797004
1250841736287614566738388833361175754906161773 678167162988964079467019377590473067043632323
1277577571856327929290162295089444807854448763 489220695666137936203041789560976250644082391
2192942157906112369952890832238293071240669479 528361483526553270464822829164912720395599429
1803703317488932863486441620053744458734802072 1003698982420540012621125623343634966997310746
1414857500488694912778170005528013831484841191 901609647098265111592838920585875630372997418
1929834307213616141285655200960523406582071597 759376896001636305696757416892285456754788399
1177657918129080871396889619502175504794855674 253186581490255093012169252962558817102464851
1384076465448254633218214749218835963629405336 217015834413926615216012775478462568696810959
1957933992792008460571678719943681516549210366 549366146600459773763626619879398848331275190
1366654562870184281514327257664053577036636112 270389305538466745886058784001349355786778524
1662844144674407349118712101721682440314553886 1008537530427538929775450343900631332415910856
1525881400205367840164112660515801468940216063 1040220485296666270530999891354108427961049212
1786728483673788210152865670050688214589406500 871750067412096980184693460239620327371202037
1536863623441005819618058962327395998214468500 228330947570415438772418812264998125983251277
1600635644367501894213239609616455397408347165 866603259859887298576316457537723632442521768
2179697626809178651231927621710952883199344476 948726153913245222210768842925832663523207899
1351695449397255758619250941849788032406264726 31747652711300553847201839294446577396555086
2192877234993315496860590780097658800572021483 162743700389194004587184125848652855179495730
1690640025819220743714836220279341759248553063 511124240996589951869223772440235683842209237
2141163573274894070663085181959039869064489677 1043040907682179794658139713242702365033333993
1501043421111133239120693258387737672174830694 1106082032003244475248069725191473269059797253
1644278752262344387675348377497329429400879430 409610766672632202719162124010983629140073656
1955871395437687722863149498684768613128535406 679424290531558013848349157232714198936203209
1728208937641454655116005473126681491476670231 780118286164337935454621768962940850148312942
2030954618076918258799386984525496142122974037 572402825529277617906898187577544983032592252
1879070176973669439304056296843082110004131213 403040825756057801164736949231352464666415271
1316877236775237196579855197915265028150156532 680013590362014144890789700967453410615742267
1371747629526210513868498648177015858598537061 370660399999735157076245210011878694953371323
2168485896408904400316312524049325589623140235 921506047206980972475195814508949419851704781
2194199967771586644290030882852968990797915445 100619900735881497560315217333231719321676337
1727034162539051674663172463523389971688904092 1091850168307128399729281372644985951011520565
1560822350523407022319028927745044768914549904 1085725858046432613746784254191728984425331620
1544598731704512799723867817517086769832888334 1085800356222725386493636382724590211333728077
1347317065902772330284302488312467264553553875 850149076119480702577607897953223714278166065
1748782189109024016851387006578703076586120976 55695839203568853049160592242297509254779752
1428875024444806273998633178660268630453929335 735514920308557939984104212662808409712499938
2000074261060283443626900525325076679681694736 999394108779863339558381729207129672546158962
1995661112366148331988762931922458012994598785 189541058779838336867676809560481795020821577
1185525594946222577734526029885401534975803628 910351251548735130613526194957136308293738643
2069995108143366757037968999376850600788263687 1076297596478434703022364765612483384157018196
1742340652535481340334238529131681123351271133 739917819878268298705034908582685753153937518
1697330962785079844279209850263781753797754203 1061632223561954654841589435569455781731406224
1404070138521260389797842384393047073084974219 687163561290252618526919047417715818342343810
1257809549845681150822322026180450533624720658 293168191489910477948928833340586275860098814
1748192202692700513332833601690651709059274255 198915694855916356680484035372842709964365858
1116048094889138427880002253866986898623765754 732729407258572256668287258477632416153407507
1425369374736496581154341074184744123313408418 669360034199913142554174786689429774123408505
1691528544780913759128256041794817879918373886 82389711500848339979713601104517608041695066
2120986246004754420508042573631818359471298991 290734185414310774512626746954048217745403438
1574711988159424919732142512240834022516754153 868518395898696036743054646735047002757029538
1904954813909556623880335225286767179605092879 133099178856942897428562296535887709546659393
1537781619965255619352171819677625004365313348 525059786581926113614495470223471969707529322
2097866237393778817692543998088216076798550027 969342076721899810205149301665865822203274058
1855139299819882722920051992597655182679347836 792699987542667886013969811722782126151292977
2171562053112787064036020838371210277772568488 355740298049963923359692125022815502021835933
1167460882185522928617051976037178101971916821 750374300430897501732411956595631099464884662
1615583550525620660490900082611490279298147886 328669622863810247174227220727255796596705933
2007055775390249622899335161507414521275940750 672006562373763616040887349238512738337298317
1768828347950540476779144602517101196014716402 608870738345162499585668905141671693611509206
2063982734936646535765465272328008556878763926 351946055668850301453091301775457845807275761
1707508880690581771873689475796446488527385721 923570680593302463617696584021033638266628841
1763249298066530262722445401804590713198072841 332854085383712036922499169812833300169889921
1585455515609114445625121942607315706774048384 517366681965591974041335912560252653765608862
1468023136704375984906549173161279150930858322 467276573713643061900125383015462274785699657
1507400145237380797603902647249336342094403735 385996005836273939546463426469897720370220154
1791554406403693194056769787157643284481104980 847334599121380885481666754839705030183574374
1121890992678676611596203396937646278192268148 944672735265777694027953915026505278787035368
1498462395913717263093684912886722524162488132 161476892863151303691732066681644200801637753
1708125892133609405107798851073161800417350189 500794423614081443835654916693902839231008544
1856071907027998873868283756886953285752484068 573157934098073832583044749983906881023510332
1966982969537135764092118822846272138739428118 888703726532445710942537658407433124051508863
1747707777304179387461703059822683591070048931 1071312420021367431857425121403884794118238249
1218769209390450428777821688817601021710955643 958311045299047387570589887104000283044239244
1831123761608742760694054565683284047476805801 608727651436429489610062064914954383756735359
1665604862358195248164437958406181531221767654 58611814541605807122178190435343949815863290
1727635293351022872007250366956378815268553349 214359108065592449003657444670462367261689212
1437027493980079444184698389818542124502075752 1017724408826024946788086831101346588728198054
2027212466358445926759588667692271818964758840 729652986967484877858485184691563511595967526
1184550970202752726244308889936988283430765360 319128592165610742224138156652529028702303777
1312026075028422458669625894195381141159174676 653014646374577777491582626541475507130879705
1611502820805626446958133506953960722843529780 889705841416206844115684154844636323425036507
1309462079672862037068125439150348653138386676 337464855640950877290702183623608412063444266
1966522009935699317244914775155568363659770641 960465491941354171792525941890440620796071441
1561195509690599605747188002327931456876227853 210609160166246724775085936759706205330565440
1193010053204260678119727765993170362381112313 772746178572109747697869512942528290438516003
1323323307517604003431895446729834700855958618 836924892791129999801784189261997268917296928
2005298438715229131499040124324981799276896958 618014303546692853058439216033961229549927895
1332367868005872261388361859888759331104542696 834393772882149004005721913516857769016767616
2083808113582202757683376143722983429880356018 737366391111405074071066599146039255003265253
2004824362714074712653423631767163856083571774 391160637667414874981296912304898843857067708
1953123916716269198392150283195739692254276070 243284561569213458872453776143095683405000448
1686490850958882658938971593982336502599162923 924999610625896976822675211546412016369611283
1811165674391227827600969429424834391949006874 918214413063167556381234320468126334696622922
1208063105689141603451758645508396065437991920 176555878225054399012032121554393138813926387
2055622403729769964502980119582367605736177478 230405131810442201441649741123358678365669286
1645005210860691005702401169785647030123565522 114675516678574130616041805202508408741589534
2016504455409155340982165013717072931085955345 967513414142346521283571031674752056715286015
2029594903310056076691575219817798164917023283 672622707394463825805613486382614252008678590
1890545317101311247171801659433332182757130574 366935640662437372433518923641864431851148974
1480839375974715968941573263515352083855639128 563477892127884126325668458076132820230302547
1852855469256362936161671136862829342533646522 482086660444869708959689927404076294552708429
1715282155342875051267892497392808052795849573 17362167981966188518313358836417667039830853
2126137477875134394604082665885016461390604609 436770199269326749008511878122666268107835909
1482783121880099116342478816815700009045540830 487699616830469115012190588600918505069461311
1453623162800169675032326372673873969333786256 268439901700189737096913879866654648397961757
1790747286644355870713119888345830755185261303 879346272506211858218678990660956241960885842
1344871862050987080349655585330391419350418066 689140540260510556628736821108008019284679878
1207759557457406108992483074612819144141533910 1059247663906152205781035131596810422876914460
2101302327317013702268403956562273059092882744 1103342274920509194760385613512313021070828424
1331370950119510281705456698766644443258359572 422202236116251460782358423581077242355457079
1675902209877070650600845849172782822891355594 732267529508716465330903567079189635346228975
1916072791742539350649941723671461529869683384 1022497405223292309992783125213938502445565809
2070638297151730360326261395378672918174700133 993773203270739208445133130006326733691205658
1827956258872959873951912553754267561576200214 506207964580192294006698938081769752557490000
1197819650361694080113346339319895051913387039 298242940608631125392714202909176841123004853
1968466269183601266809425234293166401736067988 734577886634212595043558212903552119212678613
2126739990863989505401691156011350040561731690 95662342271396384854260627529316926166365054
1255555466101112447183723616016650802622668872 668503867256673967028141505878885268091647273
1677921897420793126901443322785930326443691604 930024041480527529283332588258286919479578202
1708782801701260683741698673266286069463663779 836705409561336090350105384697375878146995778
1797061013947336869672015681171500424917007407 412735126572291139983048263808981867024824688
2074678341085910152737273063504616922047986497 961573062941594998841491082942117954453807845
1716540722649626982757725802504595081348894584 694247493928689692354055496707833568731817377
1968795279404325479022866343417792125991531369 978875347161911287229168211177110718942141962
2039243209691005037926262304293213693516828805 1037867644182945449573975453012256004223209801
1974171447109831282604830684182801015619010626 315688956672508203701998231711127712196871204
1378231842332023402651291800234048931976959152 197108573117040960848532646833346413322782440
1697720878040393704936253835160807960559514146 393177305294478815683496898448636559722768836
1632863797543561730909413713441623352951205832 624928481082690422956487434964754017700035586
1823429260424322519972230820404769745946336828 815874061503560252080154367090302005628926702
1762783094289689487046961310083172366890835580 804409226978768682315488152367637252112144790
2200427914067000280095319098637575993097339711 150875075574333825327417059521377166041742711
1251818006147454733965442581532895193899250152 76060104162674752529711048464548250913603754
1572948355618624083292925094655021363726472650 1005166863532571860755629155449399991192846318
1438736391010161469324093700407674151729447390 1025296985891175757842814643437093543185969323
2034391374212455744493467593977087802143810040 227845706842555043023019946062873491075001700
1375345254398591518628065829361100577859041546 868571161222771879100469721552696600853305007
1246395317887980226804520598777704860266757121 457390696886310686552557154711724106314839529
1118813926756287237765439137767010050918508404 432476517068703499599525118982765864745432329
1197488527026894729516596746026958744747381871 457370744912230009681413648458351094453158005
1921888561182296710632671201836245166693324025 669981683994982795753312754995228443278611483
1395219360112312986004616909052294642435152356 249056620562600262137829437623529935407188596
1234101776006565042789779502316057060382003172 544900794125894207210633480823599186756670449
1566258858658941137185904035931014027425708159 478427841234810694410268644994997711929160301
1353094975687225941460633710225510649055313045 531755015431763718273554582397966105522897184
1114658943189014594350136687814158478700666070 4763459340307679996610599417214238144925790
1980382388988769833764711269387559039873136181 753670549556218683086757419108540676605789121
1326620681305102905654170505752892014254990188 129068825672471664653711190383324259209788944
1401076268225340906924251021801384632156433195 25906046033860935804289395630454537942874920
1472378944210513830986068661167854140896640879 716757136142578152830487422034184168183733839
1265101637476448940279401948281502120402051988 282669690890615875673094021631290400105445747
2104852678754846630579722554436894099017352493 1029272168562902372849159180210901645576066398
2194836481567486388542721698227590381627058252 738763050883258638282890637976141360458514918
2212542712061396131719134856145556116702931385 551850326504266661895547715431585555941333257
1733689060151462383125598200391291595792603964 723519542489142260895357513768089534762976098
1343100073791238682820216617741141987881800654 400179260822629966443517567299953704470494907
2095754285961989030668876041253279741162914760 571184799058233556641846411701074044044485487
1203864521078453133055611768574909844897556609 728952433251726469738543732388738379887896165
2061542068149477382938664592737690327473614204 395533040419116139009056512062293812359869350
1881559065488985900862362140620030944328672699 724351138936548685227771048027809056324116269
1608016689303451632133174241718161686082871975 654190327800377183470139338582902064115441499
1859001394181576524669897547687590130182853300 679204560253159163642459157534388980846593310
1268379207258607308727677191765905731247628929 839080515989026978084835544757808346148891397
2125362438626739551830994930156025160425180480 118423573312604279297895033984686045255215367
1113569122369532554923548232072999191353666648 118037006146341120461016986828297638144357396
1846917647353706025550835395379235164887660411 786832026198335027907403559880588800948975
2130967206862314618301012535017146576515122803 277515214041903008459339845802849367876425747
1318932953193262650654556154364091672070782747 503448050574401456899396660161681182853972106
1875961734550488474948892779602779457439380699 50522946277741848618182763839447069488004668
1829150656396918993258090268521751952065532119 702576069106614776654644006398868066409203189
1213863402171787750606238498057209043452914721 722920207503264422651963098180827262467872858
1689485419813927418824625833057316208355670700 639900799244707289066822468084641223509044436
1244311638675115632349300918786954940801065062 237193293301395435442479717587803771251922729
1460910789473613177858018183305512339924765613 145128045508395727907275108282753227301733392
1881068700041896176514680872849737493204246071 143768124481831668173133297456577635505774805
1490125010580230088989966814570269649787443619 118592967000322965767551678348037882113744275
2065434698289110330209618449795945995371094668 16024047206560306456734112634877446028226880
1667011330544223989514184506153490013424130455 705979209654049315802281098079977829106674141
1199048337045747790883654270144929147255368875 592352423529258309613470817594851089717580686
1286910627818981357111900660080839349995105164 807113337712062428656508175986234485071110389
1652202590642594972004081279575034006335939994 799501357752706729577461237812848360060466689
1957613097032559743769307300560473765927714430 623076900669730407083325827181602303790525751
2104273972638505642756475982359288389284112311 804566615685386763403031709087902895754124874
1947573163019722419843016568439827398816968313 808467712999762537891250392500550770935984163
1465317919923911984404657384981460028133639540 319147875169306808518475862525571810819495468
1303282379778195265747500271269035654126530954 781947713743972208875881793017593491625051359
1438450594530392841457403376162828267502296725 823274252941003683222790094101768907425663986
1409614844796624950534283528790981706849533801 1018614190736049984487643649209724736284315597
1538535557978136783655413538394184517192228395 191020010628128041557489354642584882925518513
1663024232093928167884558952313910968872567803 1096590058994039363813141924635737022614422649
1487596823582115625851862230770767736593442568 1064662744394206624343054660325369155465988616
1597995719767199195892150819082583019635839655 948243697415510407037241221028182252601419207
2058562335436168459037709882114009525167364405 482813515190716277474724853665917102808170449
1473679652624181300140136092075251305132329694 372881195137127113448200256093556279101388728
1175323375784341236637892820435198256689056570 601071682140004384361822619396685690144009083
1481233767583819677364096044389686777199800772 1096275134217805110930572323418493671599852524
2095401172297781749577353547754830988864589510 146301788871954956393695464706601013444263897
1667798070774591703029708769091012249913837138 18685831060127863288137812464460625100864292
2080648686427768331083293970207811215218842766 838362044394840526948896249251975718964973657
1800834343120991331534460261721074720232437281 660038772466186732613839362993292238562522771
2138057054146386934854387708954440523012956120 46144710204032461162670682566343323933889693
1234519183960029528269059240250246005422366327 333220381558127206033360707742211457634981025
2062820707347482159126137416172249565317815996 97481492244462178926355516681648718395366739
1948167634272401667215073667978254585713215401 116380944766805338484891777175193983775310300
1745681498521158000110513425162215191503372540 145973489840688130485657628929880704422927529
2212344297951803594002696469932972208073488547 778280217322170797519332089874652378513849463
2086988496992474895638746304345737394250388373 25678122941969632040010945674041262536440698
1250272158323901926932283971054374658376020455 139484195906044748912829501918330630599636329
1135561755675399181214500173187439538028973729 866498575915539184290486612195087558683690585
1372891746380649367624066341364922394221964541 838941727813987387186834146929562723830041385
1151341511683855080117315829518962050294183779 462455602741737616642992400538566933406373206
1183646043079176904997999070819245841976751067 305137102471429819737878588365394825996608816
1630154742896592118911428999524343437539369877 409588852273786474553301594123565414437684116
1639713868568590699583544286087531630127706679 400183684947243786693016238672895243811979574
1447360140322354224582898535925590874000293558 787467625717684524151105645490599606784059132
1580872699082793161857069701055942299472215307 644032115490549501641613195260823377219411334
1868577720885418805344740945223666867026565953 281688810095596314019016208608867211630140754
2009497901118031601815225165307152053878939202 363320360003153177773445600133445037302569784
1327971523706187920093567249425783369743920658 653921589103629327072715630662247952369934733
1396466370296291546016261506908889618976707502 174337330181229618726377362421063578649787848
1830178484668832896730936387443826305686739875 1020970313697542909458586650965933677496160664
1193694329594345097270776799087947886263717183 137999218731634750790408023375898852071016607
2109942671607179492824984794239152836368046159 623227220933639702593481166265022195703938115
1378477568540068802625145032484333498690707859 441221898945705589852950020751078753768201520
2150454963400355456039529635852159029968646631 134079018175419223811431639498987054676219585
1419756152295021657915708258615245117683349834 31273509228292261484003730911662475883703134
1277187531141821001787379353075775255929446282 807091346676345104377825870244352032763137507
2071983793469187178593171901634898826556319488 341098501263921908244517232746297362595687039
1823127718387210176578468793857412979149542875 21702247732946487804396829203762606581658369
2035503345231131159683740762864239458091151230 209708042730431582851377362757907068464586368
1670693401994087368957164795338142621784468324 499008591516447741618240305395050830718546738
1513408927628296645221877369613607890760147508 945086949496507019811930671526119579125569055
2207266109961457491238504867830362929845998373 829119389309607679091371694691885537612192921
1827530720759886020440544962503472257797987143 1059532369780193459494045950160679631738734117
1954293491587704557004154085787849758373159657 1028391176595615569353577303588763243544449337
1309041283573420589714987479969586046811032146 74649089058517154083226079345698615978221422
1394983556210617514679102785085819615848105025 456784742748424578279336873740314916087756538
2185876089520666585375862050095532565103380040 264009919038049400132317377297730447559194154
2149150844335438429425735077998996952642635343 974274899367968852794034469123321462569992019
1806842926745771869956234640532628276203145375 526498099171493926758186407763766046008840366
1401541681457227984693086786738886797224818318 154538947558022780853257983452012152222755222
1461196800672493755095826140993008583169098342 66642780643499952434579259629157286665058297
1497728729824231430816794801669424319052958087 24470557001814034652029846286493194835108718
1581039318627675430307776484642997968940473877 766678165414352584948366368984401682970279003
1881908648774072862713744495331247722034818172 54008575858482463858103128477917929611064756
2132737466723110135304397294495477302705542546 86289078710585923127115206886106507719330074
1780357570154763674906764430441497196746207069 201007780449754797409031986133051143824074609
1401521696772226063928538153582810944302970564 334764629144508645776193939040986123332707176
1841331371423780584727539260795406416955231984 356978989232516568847725400384336192357040093
1148700123368215497388725951363100809207043338 804808904470689089950309564503306076932518308
1195447584074281256144728914974733890621115172 540003786281191417914543916897730964971924402
1457109551815794724669130678376911015635631023 1057600471260239555718489962392358631853391971
1699692623103655815021353852209461610297835635 1061363899409323490627328069121082438875329218
1459281610767483951932284013088629808005113204 240546172404605450066439678002234315415872488
1659722895880312153804662446940827996909442273 460893342236913299301115609875370725995259893
2108402510091741471373008893001385740123346440 347250915588464056980274726533743243586313948
1347808940337474729608554615848350290190032598 1023949941251256723751602604154987894760368625
1474234206168105216414710051037511717960450375 527647039092295408576466496609937832502670072
2193172360539242296346553630015882217740114950 44789119739334030352176120010736430757545700
1973204819135303222557233740424869434449364971 931772341701629870472418694562206289733349838
1268664293104256039171583977897322553881744011 736887166460158334376376487124272514324082901
1501110509062966809197257347968357462092156055 943649278492885218064516785863358111953191779
1815008001388440128943394990490437666155436582 788243295601230816684571108543086064249655393
2048038627990054698505688599268316881325149131 768369225675862604973947087983110647770579871
1241811605394225083395279761443306275337776906 1052105440211187364966118620529334156016919710
1273353352325501006855618548802771129207066948 645707316273091150843172339176910724791243402
1429423684683529990616755885181892022641615038 889977792976203696397365763427468172642660737
2207912138415802417525473745253690466725186674 223137457174806194132163897548161208652880497
1457290748672176500857239366641403852091305862 885526252452616251105480307587413647734839848
1936974132342139074683553164476249567836085938 651895497605631599948045631355072171218802340
2097013603794626946875950393704403020118914233 887576993938554591848534293286163066705691752
1338041947404901566814566595570398920815968464 348741364259311056766017820773886235849274073
2024446712295990010762530645226917202676713059 13661510013257271482228717227213938403196233
2080106079475490820978092818252375551702011671 908645880987525183011840725085097714661109784
2058717030009905845422964660683539369649827311 283103862830193015085449690549300533405983773
1399592103527036309907564808559460805298243863 323155989161321882539666271652303774424208537
1993895149627397144395953446751154154409657571 421146808638658837642432596521455014132055818
1676193528463183151204482830863374161693531698 522065884896184044992156596888444066797715845
2163242594628226271477136856693614009246648086 76096233928252732858307737123450824448652287
1284755974709488069382784614861613966858053817 471726648263726261160847599954166391985245878
1760900906969940802668049227430891883678506297 450952031909455517159204934944277715012507211
1721945860006904887626104972613888564537616322 158415357126230966096345853649108155988983150
2066251387044547794103734362993269022421670475 728067790262506678764181286062092744769148488
1311021002204140625612405012783359255536127120 139077624689623119513611771608998037510094245
1888577923863579547516444063300907252113666482 165813828663697805419231217253638348426023517
2186413505287813141644613588410764466904501198 596726412540964487365702097776620214180502544
1815509542342815447504995421672572438635147808 818038087947045947142481415467021426831958583
2057987263728870692066095026967623669873171967 62112800419452475458510579235558798560323470
1539371728131459863977870751427231666441660775 502550151827316581358559456055987637014150645
1630027169242519498738121942713825018300264027 896150221613525240699334307297714507173935955
1615564528934331830584233240509339562738623104 243428998026788519216414603184144053035200320
2201295700058055956914095720898426940216040385 660460696093929211696620550249791759588962602
1631825432049220781037267326991082881194787619 289892130489785992788922546018033871711128269
1991878519535768959286384291365113927342326186 890262373784936290566675036784045111275118793
1452206594958981689176135015655829683767259671 1027593868598790036019132293628959790123780722
2181851268467026814987671324650601074087562805 787332050314407878341321861511785356913934474
1417282237854159424736881681645023612331264737 331775122244317938476992490176994261166671699
1142296922573903656660371362191530210473363803 88552557096040097597663279197823157225345262
1125406129896918046048646635213597238424084002 76187205866487926720650812757400880278005927
1382117095428591205065331939581255505701672654 262707538528189263955522768042932387684698373
1585726992947671493736373541497591852934853589 57879847481635485566611080851830219197744340
1885152773726063676250043232402998250125405677 92212343681819633725056148626330397462927233
1758810966944573515742925837375609153707695396 179186988641334238402352951579806832681080761
1674004393820470276407591888249557674423642655 933151218979717283730414107141444591595707237
1203282351246357159451962314949859673197754720 954359437176693029689671569532300376799589315
1641880239761297410865907635887009254900500494 880408949480816979547211707439290301506649032
1280635779574731553115345640878364170011412391 53972389731630612903296959479063739646401208
1611345787746403143286920476602108024642743044 672425307967567105922464106337571858624814156
1244394127191671435848707051844134166918462098 5717700993006960820549213102887878872493273
1116679371873475417962795007556234604748952654 57611330667441590024397142923632736143975692
2192905894843300131208757774755255320830844428 268171513096442893154912853755683692764816670
2159396573262535717186768666412337524335656507 330874926727169639622300794865526282270386184
2024609353112495386205998431643112101353556905 868964915435340204555826124402526122991636255
1361883918117642749399641165740282889478998174 423360668103268227849290832576081860629798192
1398555872501258802876093859051785720454219153 1105351464204050171317171146306097684892190112
1740376992990984975355406537515485547241394407 208904330870694176794871585426275827695362692
1666929303612327698326249411511906064706033437 215691037637560840422375177352903119084351154
1144297248416374483768936220890966908508104241 696119894800588472621127850654440021315534625
1705396288645439201004062515767265131294978864 989548879732377601403764610252450827389749995
1765408420678035214990223147746753801473458786 731391058381760165045746307013148575167764676
1475359178487752505931953586882473934653405021 1062905011518094437923911694543128519770897142
2112695345816080133632203705180712404939475373 309296678290868887235187276788983684567109288
1911918630554427057812546705275814320197814711 412431152526032891253078652551543350138236
1780483056284933646418280236204857108615244229 960850340883592837350214844325018436440092371
1216534812879202732805661084834336901396804455 459759845454547935686337121453978801727707133
1167301568432077795563451923490744612539277566 396002167491494037682216877653595145126617747
1847076796575072589772647702182783658492895410 247796749309098977253137383459021366530137652
2103291570783783213654738193851191397955396021 653039786409768838557117564030290889575184846
1405709046720560533579476505496961543812932264 910823189607344157529400262914875900498628658
2116505227997007451639127252199478052811162739 775332116025152762583019017656008420930419898
1288356717151003360600206093438411760908284944 767518126972766427264829875970631715311267807
1734004717001335449549129230571883702028632613 225555408368287295866653984998930705581514048
1438950469822094756100323331831619888954771359 659555202047131082819196749725516471425807982
2040089005771183161409394238640025649925000162 626436378891509249266218977741245205882547381
1136192737876429264991190052282240123608390946 74301746940359636114236903225748807521485632
2137200150550015035434881323178107868018031597 161855106061995436031666110756507943537918706
1918449452912777375382009277870458408080509100 176690221958298651148353505431399435655564374
1389972902001078324661974499744964303744792103 210504212409510173053554633475084668948894434
1440936943628059922284432642975059509804024889 225682353519629026426974987084057754915794084
1537184667369837562921557572407398713459781551 557195592539502585473705244240350213064658553
1319392948342015384602005158333881513226110385 1065936954527562561701286182850749631084716864
1529475275728796663034330371112653144063421506 732532518946788808397738164865107714254015766
1374764724619314121033272285287555522565985006 632855252961237619477555439639375426028029442
1286944537049392031489257952712112637364236380 255874568482332884420377099333806553901860311
1808627579146085213918169890645994144486674376 551782365294956166480540616752154666038241259
1220570390680933578040095424819696986478477501 936328553683903671878811035363194136939733867
1797401282526482507439122457974316419411460294 581477004999623451806398986251827131343914021
1431625997543809703295917879020533348723703566 931549876760954270756121322745131495940438921
1401837218992675441155041912697554833464018957 452389906345113063563364254323958486763768098
1725010028193201289722149523338024378448962730 871519892227107085110377831289278294891747938
1699810669838852343107155959800190814832329661 833626050320916016288107057702497889374278645
1889298510524051362564501208404718584026232179 43764193864447859176179091810413887149500662
1155699793079463704058401652263456756823475807 1056553354110656202200653498630925636788449426
1739144168843473194540221256939313401747616301 468041239645183564969977096654773293745811541
1983911222255396740801441619366925576083120933 144864481625067078202541951505471479672904788
1523082298879522722501174149295782210835665185 16846915593032754456209509844886273278003597
1391466124406513502670937868178691360727469235 868548275113148955921890770954935827886949808
1232525407980164806014748795494986751076008030 669260316670118199996504001718765373817681181
1874927801827531060465361572769692788078585510 317562539900242516224502647490870421398192426
1806393430653473341764691268754543153434342761 237641418922427612153285385745547630928805639
1640705423345036664947197048487342181623288940 572529211088615238027754121995823167531069710
2133399185769214223145245109441817402283560870 54442913035823101018188520857940493406795951
1423517964364726791569053910347977056362406850 623766264886000723277194018813560825208444254
2165368295902243329706103848191258144813303148 699696137442423570628917304275629296921593056
1417089827040429475283590952464949564483667014 1064676252927324393073571537392927264927966102
1848443708710984306347587078736263832506823377 135987345962776764917657631520805067344891850
2157763129008677284264278833846410567735398742 344129930462909673632624259128437377752908704
1202470290927085394811828163542763207923193396 168567406026854941528888108419879309025242072
1865838268605881291274530559382385995804580920 270026007740766629962836308737803878366558774
2182961321774354692620907476749090248060117082 244692399866554174961906301545784130618484166
1895229745013570143514707789590003621835410125 814022498423529333395429413048572076939566347
1194224504807891187003905651156458546703427605 879342090363334893780411325090584921594825198
1258777738914004490433089170758947372398818135 945334907560429930515034103956083569799002326
2087693592592843270429637278188844349856839907 469137671550048659760854439648930611856260361
1491107074096031673897408515159497007509230823 571591968746448776757559801483319739503725772
1506821409924180376956865727318511246924020951 278905289569463581554702279632092949333984126
1236726915170028475119996544205677051674889731 981944313342658621881770809057302026935896953
1288902207848132403143212668969229477706320604 248842799352337282300976379162828960695617251
2185881956033567264807506596013670879542572698 859267942980856496585378620567271266781011427
1746739797657916609479529467016481511494165704 666743988305688481309569152087000909564924911
1372481336754209649801351292818795510948853831 327479188184256494671816828044011361318080258
1375012559712506847505829451813223843759845679 344404992976846259162211730333073681058514367
1340989120620011410316964379972869930328296360 836374282317138886837536622948746612096617763
1734215602461326854528808438087545202225046867 750076510822010608627971409780003882244687858
1458591471547984346014076193702522283142781026 1106892569067296283575803919099093219785516242
1444930354634051471037591397181778564601855419 887629140791069496965849804744469933917270953
1684273460379346037335143626927925659039344215 730059951963150086875177757899913723668057591
2114066961111726062623002375844931502844186666 36198139617549382245071668081672787785935280
1495084549645462818587962657510374548018978163 1101131492971489843755725386969902713191923320
1705622618345867361199563407273657451273063681 1041235939990452446846635600475059258394040900
1583965425841103346543914619512685217553709035 56809934033290252661450441787811054662876739
1667398238380889171518804421989993320606172186 888127821795370162359497316481017157976257706
1122985281720560578457994386876875941256212674 360414410623181280123257843447371270890301613
1992676386633521528609210994330924320806294075 431728994553489685767610524434939113446056010
2176048395768737354545584971286311330504034822 380174608696233624442565045486240455550946240
1648503929427859584208719936163348754028845478 18261742779198604087843429010501353060342793
1525962691892903310898768449598649668692444361 125566877869301808446762734660128452337115869
1736214478050864936669288127116010606023949819 386618489160710540775612308464480792694579361
1244509664779499548493069821622018334226419739 412574307912504925852057436104071099000875838
2036987735396180136697152450593750506061865975 97128149397515591506034568066348943402126840
2112805077992142844783793206337982692254089094 331290130255450638868092455141617208479769239
1736056555947478819434759300111059819783824283 915598995523164974102955805926109390145747228
1151678182334191429579605504770751491463378088 652333437346231654038884444640896098573406174
1600531506554354228207880227723241962977499510 968740364750974423212792302527564806446534661
1291504989679785322087734303144020030649308100 1066936977254729070744354222338683842299461464
1741029374963984907054829721669196537101045780 1057282351276534774948859855334547317364531964
1794288819160935853447613053258923502645456400 280501748798068653867488814301587742286421053
1725717278454038630696066725287516405794040267 1036880418832494985610261885955536322495670740
1424896323023694986170201141938704372585013406 1005231857994966757132777621772493443589227095
1377026314351140352091763537731543372500951182 262691387762702269583042437195898580970799532
1840423666974110838908860237973287011101657197 932836526978854673111390933980232340104866458
1837853062089909770703309723524439522065592850 966196976821876179199585090337907843128365245
2139061162483962316131713400726215411024008792 922525759263292738595695001964460917792832981
1245569443191253953255320242119665053434342765 631193836991251356486709512795379913408751479
1714810346320371523406644730955494176647629442 42947960390405434060843275967271735184635865
1651277157094562057980311004654232722812254962 438336573877697087640215149336599462792921598
1813406250558025594289098108682402735325308787 846106613334049692015143212319480348117799019
1856170134538550066028324126299589351266475182 607574673809259074076050203277235549719740594
1773290538252079480083106202978065605631396606 1107205200798159103918302101855866897911945654
1869321001957825355186222514946900950721289689 5009831317649522874862927979818080387604574
1538074674755739221470462508146438967587104083 471004062276156454896327599214518453837587937
1312060777119096765725568465308769024102556702 1025975400715532081111083449035786130126728796
1745865132350622484170903569628958437684563591 426647563886342608839113807626533166248217405
1242033713991007293400842950961281542468039998 745044840425349725552317777047374186613847381
1522653292384453690593316784675811409692861054 35737979888473509952929636508502906680584250
1967378810138113860922176433798741965937496313 858668513688207292980083186367361344972041032
1902363062850173256459007128619739850213074667 853219291195543658528128692616462949969357066
1816863081934909506915628015279681111624287082 1010835853681520488637159123743032037382710616
1184220414118004214573915546391969967179882209 1106543088122153104436043665072899911763176735
1418656536927460505208495725388233324938088660 610650986291216809697915831253697148801086411
1252326464155619007470233652558086404514709462 190076136653996725175526254171554981664087765
1299248847675725596334770051627546484082592433 105865398150603821029349124117188422912578149
1321181000327096442503058702043944232428810631 697476618858274639731656614603930856425380741
1612628971428761912928528816824083067420478816 650808021331815729597521676463627900650347108
1362472131147108091929923536137864947233326200 194305963509661989002780820335417336842726529
1173116435250884968709657739264536422527925604 493686880418781888663175193787088610600778010
1725878752254272887419709367570727892589530962 1013475707818543160038409213891017505951173226
1607634715422334877389812882055776072902670545 633769665909448973493029569500786756805897163
1746738762976780958359760404360949148883880609 379317020843427052167200905002038656730331559
1729834025311284889981046729254060295898346084 359978090948506713084129545181219290834763677
1916838985905289939901944435307864631590440973 747994978585027476599427984749560304292214696
2009753053558780163575613596214593057775468102 929971638277804434155616273413090327673888564
2073671066335550048389331852657745983262529850 108006719527654641513907059302837438019573292
1676401664705284030538596021359506407499881051 388015598884509873170916335224655640886894370
1649149827690684406340971287362354142691492261 570980452956914197645739216655580541338416018
1414755044559955040281448493772467373545409366 141890724191611515314908811579836135063339920
1293352862815047020653696868046012400083289043 589270095129683085475422077721803526611594311
1942408812454589000310620007627622489448290815 48022562986537016692210836128929139442946872
1375784725781450197864109116919777566735909091 304105479684474666418259369936224681393626628
2026287762371032260668366823329162091301567614 887570257304904642701208621637387034605023209
1979892004842211694526615724346874893244551231 928137933078821291833677895292474061175968673
2000736381464953163286122480215848964464569864 621071375858607257886820483061264789869528145
1811352684562996697059926131862389402087087674 477583504579813558664607360968258959242266873
1432443082185851567336907513029359695879251936 867767759108822419766010547109906424270743362
1707968091962454221391044439912149914445937671 1010935993980691266320713231983705696344257083
1112853782998249872042227180236487286208274796 981753959210634826434696587508885352089182575
2011312484564085818735835240109879932642895485 175417521308970629953442188272928646113694605
1479517898024072456850298236255687263529115917 237170949014594906764441482574424694666865699
1825496870104379242030608616305718302673387502 275560807462436726067155397352720215954967343
1388425932757460292146046891507769603973462078 534508165887944844271656937759279410530766191
2036810080293179574872628821255963892083243469 143001402974588286317335941071391809997125969
1896503889984875453374385782158597952478085893 619169077670158314351213068901770148181673328
2100266076770675336260169817671054358742085519 110708320800241582683598640777583982787171328
1180614843206493843368465714153211356691637946 277398944691370830926799596975184608328245613
1381659167538751952938699237224408115172323668 472794999614046598957904102728815274101057762
1304523367462627292969352479048955734086790076 1095196382082393341234335745809889396716904903
2128511741502817773060684092441693573651013967 421173459780601680918353488085619214299307016
1738371410231819730560863074466523833372728805 454343086104381933223461639367895375668945627
1471616368233684685285592537050595613136512438 148879662740724524191306376914794804465236664
1838608075773343952114238528814582734562399357 1049213402679329707520227189357946148013398566
1428776070556550857667718667180273274190135513 422909207986940317497377235186079139066370370
2213724193020081056901820126973398248578312735 938910788590934933137680351349186165616316496
1211476583068684733521029647198011468981159538 828592904196067539462503533241387173576990660
2106213073433705761188179375795571036202789297 886677907891443188263090658953522943559299552
1704734735449210335916971262962461286336310759 1010197956074185198633518644145752421209742243
1166478642201625369902643424314612814821185060 10189854438005601382754021826272108487598483
2008137626683541154061132543887415468660911671 542323447769436971028082715190514696247178984
1996748045432840959135807414281677392554434558 1063148156397215898980101234406469525476650802
2002832067579371306432370325068249857687210960 992271214166681768093963779773893577907750679
1668149463584280439694436252312176067888638964 60154408995257665481433944354394992544057336
1531851213945446926465202814597119941206029263 781671932299446008077692692264068365936756260
1436174115081823869705776083973044399166239715 128649986800962929323902172555318298298574457
1514879843106994359839646916053104522012388302 584918164014795833049958831084295294970707485
2070441940986363102019122396956986027095375415 73314220393148972785791767562727883451871107
1805355914084339670795677556510732240038344045 998795504721209496438158862769680826496429079
1773289378215450609708191752012282752543390355 66368363912394498495560728188811502652505361
2017555829023061728016194852821844415290385166 136594934322373350132785409025373863440861010
1518934670782124900805100973755796749952137790 910220086322779638449230391798032151488492030
1777693506430791269684368641430698968309923411 201168511395769686415464036240064287478797530
1539406169960036049063170159112050472001967665 532996747786330974289813549164226806478786118
1454879759657507425894536193746893935469944637 136157179760750887485695387693809035131767662
1994503663316537519610254732101906122130418468 375416406923859300046251930643476581863159405
1969374011078420720401339123846693289642779488 868429852079144823488611562739988197812480004
1401263565853643903564245410422413042873252738 449954995626872416765278643522022956565056323
1776114205468329315945702869201490396440942183 57613563717987906442064645458454737457332905
1336808766539076078975351695356081810936200775 82148830190811599591931059524354667119745930
1369721233899937714575128721631685968683838563 1008759282589677006222123327236933146668709238
1331252731768968310158377627839449579733748194 936462843891260597947767683819904876400465222
1687897123664137769738803012672869914147801015 76098711149021383725192115129925018496861395
1683183154751482074195737419913234416888261328 161331469641794511994278663696953854380042692
2060044538481950265174633932744552548587238474 560701619122616644173124652646166592571292473
1165540651491486478888435689703407662721652945 2597906954356861621039680015784103764886445
1737834431048583190986749179954486599320443745 771421960702961604384165455029810264017632903
1817880608103313801258044782575935155510828755 521491324318358157784452047672024751321725186
1807786821920644470678332357252272032382983209 804179304443044624677832813056265604713717442
1762455814308854155366595518148804208997568965 690402955668157880558928334110338206588491390
1739903557078650147887507113952490614743375031 907605403005259688004526912222672276933790073
1332333720306696581531082564284785440471471616 861520666765315536204175741021622853141633502
1537023168768856157171257980035583643623848329 506989848140068549618075783434841421406970952
1692947308675885371482279575834686893509036883 828679131711473398928348191510955154060416375
2008464209914838257860538434881526771141677788 220385612133278069153831704992976734770538803
1940014339917763194512735039606731425753615317 1029939581182588217993383860392177831119612918
1490213440997342429237049564644011431743024495 812493020864403100692154499402853313529705120
1706705799043004976006980602706020777217114906 523929789648174322914815518123695271775064995
1321792335745378534831764293615182342543562739 805339856068149390451300623277986117114085527
1472921449365927060549178150151987516794605683 897903849698958646351312770635234988397478963
1474859423389761007662468175063653656544665403 627635229911614831155750123649875534715064607
1259044159306946315610907620394734404473903396 704947397975182959425290978130973393005497770
1446388235650972832827980580516349647991592878 655834396129047304031051702639560332008121599
1285180779801169609073500956720975448309851155 137550699200891269233142148235058195159680318
1549548783478730785037701111463133271765567412 41529521780347131975698535756755032362618131
1822139107542917191930610614174063335015943633 334224119474950702241095196034839882588064968
1544841295891040333166615952107806410620741175 565998036805130075095067588814659754975075884
2109972278298331642893915742878963364865704758 138125860314423775702085484526142745789125348
2120594652171491221016769437429320110404678302 426808521973819121536391629267202852743752257
2048355737811105314549522145351749005093849598 280436076518236423185332803111181727094602316
1945243891055679472410874377581920610008092581 32961796127736649361108747444300074942956719
1577521598802532979077053848078519300866487178 211076469563714831363596382996982287105176337
1675319753137203834054680850063637992811644195 701935974326160913031289186596074006801705998
1733858426596553937097893802824885284478229988 201773112971363574652655057145300593371240678
1253355417893443105647360456939898209711641646 231762524776237097495562741454865985824253653
1186558579531845262617415422958172140459932844 267294099091727950329648948877866756603900813
2156294142335180562530114403085630593181617956 308713530286516772277052712408884615498852357
2064189773465608933591742568758908268830077373 904466397728705345627179070023533884267067985
1508313800601247492335434127240126943201053123 831341021599913899008955408006192818415638411
1664959948094242481518756983976312954856081591 935200641744461764590751913584100682598914344
1920556032978080109557618344903181106610101000 1049534244483029634212430922802660272835142867
1283616112968420270338663359231717455951632515 628229580734241852834013586714187280944054513
1355996067378825508372050452369142501778735850 928963864969227160571657990984079654670947920
1672874674085372198110814084772993260758038990 965610949618355856698603124853234660286532597
1839655138557373753232443892920406925103824623 1078355854996575277015876322711687583302534275
1950018290886340095711413500248452465827026372 648182073712830144811880410127450164634406090
2169075008637810609591983449843473346549218321 963412047429727216618192187222908253694665466
1347425571387819528898537604299526584750318765 309817358006418499290969520358364214534008094
1805060803732687404871819117664696969417060564 590053347558633564547600886114478650243176760
1352658525432534117892575734419905556733187638 242365785954194697716365206008887836718440603
1704956049916874515651280244173913599952679300 831788650879179939234493968370596220958184211
2021871727021073855356201791500136649998894090 658252474484919874276789411104353619572742931
1622063424975785883861383370895944748782016332 374153145183209722914772906394089163690986936
1897913829521779792621041009907593982431662764 135275268377713614846392041411011796215456835
1739803360904855386819900995144482135319299621 840038248701360026813141311903276250887536190
1148716363550653901848801816296253012972665482 222481930278231290068497319861881901728724879
1332918568780337904588602213505441042686637639 798621804923754658823311426422598127770498597
2021819482017167990464236106429235565440854615 395488826713127404265367546550706534930011862
1743644894498296425579202429576940819046397315 520947265419313110847293267566684223396423516
1469171939386984482296061845755211194996337064 652823162672663259796300441040569110319275927
1621211217460372131883343265420591988830309435 96032525064481662631788996541964907307917367
1761917630576869958842249426964132117386956713 500026568588732344192954049653025103105438263
1456541819389218330300878995675817056423313287 649717959045981085581107141493980486395403010
2028801366482687519957968618254224557976547272 368830712058970744264914802491836521812625954
1455777849886655231577765447957829194949632225 77831295839709629791942141507283801554451739
2137570412980192705484703435359718686502870437 349995644831693844927100081389431274097374678
1509331144064356037117864671647478628792067436 605841605781658149679432629358592742071008495
1137680766786550593815407079103119455847072638 646192589411651888949680246904805926019541439
1357318015384528467701330694773562723397903613 29899546254919168085573973565656684848545716
1179018512338454969374282600870465912500492036 707746567076626497750878954849762881081522656
1536406759618106672548611446637433589692418146 610748233269316463909822726014071547758710996
1750865170568437159465415732609506720799251586 766092891049395903739543524661957024560634041
1850788696018890855993877710429050363746733031 18999145876422925978779460007392906811423713
1547699237222441781174618035881285780132546936 212063934648252265930427389793168479961471659
1405146525441195865159053635722096852810020292 824331514770220546915598586925939725718156343
1580804192628120632464157526182876825436297219 483082848663938688934582882753302994580560907
1690598796299306072630211249170750346123940835 71217121313913203942537524343822264936515805
2006591903338309626991960015824051228044474433 697517882781543675715136010809906988294167329
1730047921585130930432753261029911956459499685 13303167711107286978389460075076117187748195
2149716985735029877513936511999089777585700346 461231058505622653784655600821798834878869699
1860134883599827931973988226171015762319518759 66568871176331714513867587435274860642467915
1424175821007326807203628586551996044881488465 973283305033566614651323143886996571532806567
1144070066732523966286140120766345937494699544 173736090271582955355846033999973751819337449
1854085362063764218107768296023681103011172245 950301718389707378267642440457644328102772966
1143334996641139368454386435262726042960003591 967509678130092144961903977241487992946465629
1753344158691203201135254303211732977230558555 39461664122309766091091214545673938710260224
1235532202904438215886856096183595988144753092 306210698354284448210978652416304222845772150
1966855911297311539167882967534560620542847623 174649144041935191391651624228106580266678117
1902755398571968842888368009843827298914896720 583954686408254362756963376536188097896558451
2009800071616002814093907564094072859741205815 820552421734014961205601736731362695453102278
1294398543530952216607249691848375427175514894 993282265374011094579219879556990924289100480
1652406780234503262577906811983564732935398614 504470765278275714758343451514589913846103382
1371582981189596212527325245026671463961557827 520937572648159463724441380640016955492887453
1572729879412616552574383445469661687554817403 226132607982409164935035381191260672308666578
1207067855368777889749405195485889498921351459 780888909466481861601397325684710780290283465
1430712371672334154981826352901552294607613429 812322747627904751901447373153490684509316667
1415824945721563168410993514753708776839681496 402007768531204252080168932058095885604448705
2179004595682663514463355904026326910027754441 806878922817931729793710149160777979091234470
1937031139494928142553976273535709349000080782 363387427392795873306161514870018028704750025
1394321355887587276562035497294866049871975347 176519060993087069652771972136634247620943388
1355397273016495585759768389239831122081327587 760330941514633784029491742503110872177253325
2153060018526643950582521847741009338465003673 284652405126164488899278138036467803813930889
1614103637086577274259656989956261865120742020 302765119226415971171487175753531247487154073
2069802121138430029766374618589613465759020963 1097575992752329588807566884592701620662622809
2122247757728447538840376361676409079559384194 444041364872184716728679688702625523316135716
1114113834936085461235543421547638796335294158 647121605966134131965593585138364555265370047
1520865883018009972480590371813357598539658082 678871257821246550921818029494125580058410734
1883889666993905760063741776892751171781307389 113852637787365002834282076339211766431532513
2027292624995537011844665145065605253560446890 748769833076164573385672355422378202745229571
1595641610705989464562090591056053814567683584 279322054817463913126395064900873817357761888
1734480001199444643176444071059963049800783229 413262280191075472066463818744517845168192677
1424674090947465525723617482366709671122758040 29868827812609715028530603285702025655041406
2181851258639051404954512542836434406333550920 843977259335626281927851766871645503261216661
2097366975084171078295511970951895216771675242 322134879554562811131615743275495261028660735
1548520968180637542737439636013874924505204713 150736166232575403405100322199321611506120661
1619016841398890832178246602536891038589668831 802799565051743305760839870309496500578609236
2136994434957993871035234016845819369055411866 999704365800325641187845115856769777462264297
1710612476316010284655179441311590719646707200 189690515295551291543487743983678414799699498
1918472245123462604653389142894857004075599631 1067918145207976995461658173870796077027700302
1534966410356945319176113778202356089203127440 1101637328352357320017453855330856008790407130
1827466447515502910308073068706501858585792690 129022454053619748787769212715504532396678216
1684770509353312392002210521198132643242673528 922553902872491934826220058137786024251703871
2106761703562588914114340642213574637462673652 947417762029632146076846273970081617712610228
1856091896485994820309060951782197413568427117 793192625232661194578885622306707671823991148
1933836684988439287952785565117806956029912064 898373527715936768570113122116138323181921105
1571125545949922454551092513879921793602039442 709430114695083666863008558799004464372334363
1652514583590581328061556375972108565695670494 198585539098274880543521412898508452993604585
1768477205096270907734403821843201490097792226 63307420037571330294925805453531548405450986
1919009626743527137654932658079707486853472969 260396791985810691068106580696897756134469107
1703587550298267375358737950811568704988413864 382336382219853570716832471688884155020141566
1933833937755607978369094615168515354506594466 391325803234195071999214922251057905663107177
1597352824539218051671328771366483383471487341 561044639370630562322761370023003504422320862
1981477312741950632579518914535032444201457488 723120569167354915182991782191959525884801417
1409623813709741939064594483476482010824922084 48250369062353600487892576272312222366698986
2033453455530878970673115926362051438411932820 573199949473862375164625330218001711726034147
2114449368372410131272468237025858122268172986 70723931967288916714866101347174922501252043
1616314953427864543615063235481717333110234602 457715869761488677696696849159330073504327025
1972735850909030722350353823957145809441606797 111502408440766603576670610324616176471569914
1729962497197176353080288638769887483243774940 540158823435715943946139505611303738998892252
2185145778788628866462506391584975421235655865 913543247829752545331218918988423477217586995
1245654801541885119999238798800925520204265194 1037506549292421358171383769397951848534151026
1201274485226534142088195413218172554717337461 710127332990437527866401843747051154134038767
1633011745205346739340130307460407257627232947 632515230159783516959672312084933520883373972
2045070009950784332331268051115487816997609041 1048948963682303652750899879876746520871132405
1621173408111493110875126200413358925208511955 97196928799829081510275880293889914484801120
1482406223134424819044514241440354777029899627 496171963866999667820013406088412037811915074
1835931549193382831894830599020945648003835574 575624536258336196960393867761076949175707347
1933560287642083680214272321022857915881243562 621921691893877713953767128144320938913860349
1907973588596249429364562376032647115156135775 512427704042309997497268824543988821297655658
1117452122418798298904164998937589942881941553 381652174422033478650574424959481277355835574
1350731044011260512943888028672539042194926832 1052885597775014027363386343772185241127780037
1421866299813646512669990446769718625111769196 864379433434224605053731000201626252727474060
1372026913326576319197962274795250969441704890 1037765214769817369302867029745017280110764879
1977454818219984410416997553351978803484733869 729559423015293271402278162536723624040822810
1675795387990642041579477789245589334476911815 20530577784152031789522927521068660253364326
1585298354928784928690542667731570254654730933 861672466904159566651982263756543670596169700
1916495991121210344321932266060908910359932035 574083313265806893601532443143544784508524722
1364524466132881558299562362769401274103048501 444942675295741360955466703569293123744778710
1971103335277115789124747310592727657872091036 119508981961273219120961234398854962823077517
1956785731778696305262418100156344083311971727 427090314984965717278847425051925581106471930
1716777576224817265986100487888155384845219242 1065221796813082125975167557875302108379266127
1543918864350373227719264044349407850010513762 679649233533775255316592174222363964169390887
1295963107425420794586266787402796795053466910 247044301734606858279478476070601540094771158
1388983571632450965211819832970580668393546159 905707144011696078609090679480748958885725624
2090016220512491190687694043988077937144834311 561281264205347544308454274998151322956984704
1990361669343752954945478306007587571829183417 955955862120267832944632014224218282390355322
1768699914110888288833889440158252780598919408 342784274043238427585148654517086346478255729
2017979261257826200162371151892689102477536563 69879813235086728890499292886430258059756136
2076806223345323364048156031750345040965516970 710700999532482056418390453459034463773203126
1179856119021654933685630818415331592548661964 207839552721842490163954434890635290157271939
1719115673450817621290097539176369573006363746 122732653170997045690602043496898774837644508
2096939427846297414277094518370125109844708318 18426058454653004780444269419844535909624790
1574004292096616099594465351188257208448534787 526282039078178883495814703786869903663377296
1651701115273646357390874252844091960720680789 164896671415156827751982589495018858003347631
1664459214385190636593957571953317156407138246 230097626047350949137620907589163212989534286
2031274491601340809726473178661944683537675500 246431803742137643440034701500250413106702543
2025215692436688863964589887610662435780363757 89132861686085704779981330887893434648364382
1668589933805604477171079512263661335505312289 706401622135765695195121557076647115831768716
1987638066225954369863237842022538710915878215 269553446604308451143656863143199340209204189
1495958535383429915914050959113199446113860525 417053039076443503483432185786742318162236289
1927389407626211400383930360331502182551839418 841117544710985404848620861935815282668587653
2038547352594282352537654296885839276218598349 824253988613699307521458433431497698986319049
1297148226789953608760544271301308110232595140 205723287042338272143511570436294568248452430
1463936666637862088917989042566483986159803202 822249093864258374140296515729982091423880270
1888148845026537941882633139271604661543819780 517456479743247766411727688853596545226035982
1803553648742957028351777020638273624309164909 970139716239265542585098304602549953760320546
1780214601872975230315636413387100629898250267 75157727498444842214875552637150861675684846
1635435816689562997758445978251677259927288419 678659772758427659364647945235631671334563970
1173646638093342963032347038021687661384308512 1038773928955007574764667066259640568410173781
1179598632475898775749913244723828162426498526 849272872272970609902858683629089740328058311
1602381028489409287270619236821439357676268748 968078126121602954457928850129240369042702193
2200828403479860721373015519189981145591479413 62926292102451359548172572576302477400204608
1725518970821170176502418687936008274332953298 625350377375144305238366716655040422995206420
1554743590154417206439997785693637870801518021 152662441099329101349934885705682010058010799
1979802109387034410809257909386369009770728227 554039720878711920051840820683965526999596266
1519609238570204251779431630133024024163361534 678509120270702144344619587277777074779809970
2141175930234832022002806845995093352004869991 229479691787014933874643755651618962817693274
1500333319241520359799053112679702340365240124 838385847976517871865743383454560438801634949
1665499708295686292159214627764571411507768233 109861788740533129107637037826249745733058038
1970009031190990341453747189898588269749834091 405531683875168867136832688700931115183780062
1647470156582690538512694085662846583887823254 720929287177037951052317084962584114414475160
1149011216696877720724237236721846011635657754 61651388906628664114888264124056896873373148
2148760593882817217789665466197054715481545085 278977540910890996289775139110641315186031173
2141079331468983923492106305424112942451861020 592292095868417392225668190919209154570641979
2198567348595767954074219313400529191121369845 33808443393903737654448715607949963487808979
1758260915332994409700510889614471176506321753 119180624344498940946678086134717022162300780
1759506302733344926340538075541366306020199077 633076370803447301634499061699358993683150745
1833209117388357927051490481922178978858727438 806342066999705973520310668262231579621404737
2200590915142194142784345878358038561303250090 1051613765341791174246914886509218194064652661
2028029278130708219211259848343500444632600594 991341400932456080359171018012588955604884880
1283864402748376359538860964725231111757368888 1003036030144681861864023908563558957724654973
2117446132484488644482252104623313364599012228 684001742495030162046080686130929380832167798
1244943397982456691163818322270077621671260387 138838100384659593437477670250885380589493056
1533052375461365876530419080338508838733809610 162984716141775263503884103818492699516454143
1779976589132297891407650568966876362359809855 28676325648419325587530756222120306498124583
1950127336989035817052234095672928778290736706 947324910223042816566208274465573397366564555
1678987374938118272432137932118419267843881407 49373616341007844117528101144064811971939668
1532784645644579798577037470035843614837001681 346547469865604555653189566243181661295410203
1723648317275901911819102974382411219406640537 523305424985216483066523811300254671060797628
1539537307986703173181481861368176075453114046 391466366178164378686839405734084961101260284
1768660811458037436500845085228270364567730773 48130937313936087284585420055985455831780011
2072827454943671702987678621302726935013668983 224788629927562331260199650104689980671051279
1734405087306496896650277242020126395237316849 616666489802890811026390478291967498231691229
1616278132937889454062306884728698318377744252 170511581074040764499691282569966873958131398
1622748629398543636656462098929865977927929040 162415478852921719738409465127357062832762956
1493168779453805898216778084828632323520955530 318644855311694693348629818901858163776339980
1770315478849890584648718386402754740103058505 709819861656422798816364753031906414676374281
1807275204625640532687034819863740096475510134 764858690830311432205536010721605922990993936
2000788778215137294453312047661894011112153565 348983769581600577740868555803946394256687279
1620507812157986873539570395122991276251501109 256933272731914654545487261560935292227091454
1491726490628627553521374981845840203784854934 368229009539783676965880782235215374590500506
1374874144232760644298506334859533262863187887 137604609924518913897382843422627587186027956
1368565176886764769823710452393211311226141748 555396167534384026687051269865190363733409693
1376526376910016055898688649147475546126048700 938071069988712697420286155227693201535034501
1213131879950132287867369766897399894739030399 334662839057324328237323121149892395556510239
1397573671826462753812855139769287824853941119 703479282357111399722680174759384646524149886
2183859826854688208149479584539185129768341644 419108884075186066834588470903340267963858801
1323787170184362642245625230956668267377102451 1025849480581245132781167927807064463922985841
1184583388419590827745675776390044021530428087 272935632130448124205662068373860775926871968
1573124484653093347197470489995347885030371222 662600540630963267042582483026594468471058968
1154563475622446761158724391940895653865677782 746813045573435131685573880321411668631767693
1737401505999074426881801111216335468062894575 238919509013848048022268249451853543913597316
1440332934223890358032593924446222824114082087 960385983641043086570562140633648685694599358
1363004488816279360129492036814928021958654445 495336440799815723715415540406280391178735100
1275203318951705688957705739990619239436218935 824834442170937455491334396477839915865775660
2026099118320080223020128867703422782589900670 888994987676963248925366681994573867569237575
1135715918245916000558953133856283027136768974 339114257060954168894491984125221300269999409
1282044083707148835646656046338313833872179238 1106244553321825725559759589722077458213189142
1471246219690861216320041346708562628622113544 825519481306059879475384524497206883866028483
1642568884888670333726119461937966218162225341 108814682804173359586939798253987843621741481
1503464800289224189110214631182020227782196764 467399681149560558209940839299142964887584204
1687894041290996175247743002331410963212886654 752284966161997841021236007505306534306565878
2068779901415769538349043713276238595183069411 12027972384660003908736592954322633559506552
1910521057066723418148128762820687264503139129 166231393107165254470028935145126044049482568
1841349522745595084883111123333530606618093299 103127496603157788804732031479757317921841061
1938527946772600604493462150100921822487503019 730006110228614703069936730532142252608225974
1971771349357362963920297770674488038472528936 947825772251402828517956820189628555516479570
1152756445321109032483272180274888632717840664 1012231846048608564326175835033423344244104720
1629383344417192981818709787965187080444782017 43640370580804451231612678396523180269891790
1360981409579253525950965435876909169769665726 254089986941829711502905198614586037761103055
2077682845401799012823817778086084086818765559 96607757797464204610748906905698156115390508
1129192235201801533014068244995696477713212425 317490894475694755767908747226061548951750466
1988138685957573088620022210405957801292216793 833588300522291282625545762910338731170730140
1756479633138907167989948747808159825639252599 185125718428575818553348293564405165941084978
1556358409903673275375865807501136121985758799 391463670545158458522604691075096255152259383
2088946281816321675825834374236851894262356434 457603041737893919589975528565303078972865237
1937920421233663036990557448540496736840237440 91300325807198475730299482716160450514035177
1996899923842539465811869220256088845752034774 681056265097272297028836780498045265545555212
1750402690796957059646513821585760713305522137 911850342953680582041856096395973932892163975
1360164923310039591208670955613128926288599878 343568548111043956960884741601349800558220046
1815047015282491846803616164587816212349577089 448466271037974451465068045071174722652595685
1361942635584254965752577334866876306854342130 602637030570080019218024309403631140838861231
1425643916085657484993577791488922883301731646 128349184116824754137604437398480002764860857
1918383777198826030412366730008909510065750443 211891867270067481957080297567804364641351365
1455662898080235460866479080636718798815271450 565175439816718967629520006104250308706558374
1377484911697757499946332933520738061119241589 280435943792569479324076558392970957074617367
1263398336053223964072662117558866949987138426 40748406289523208646959093090153097988953818
1524787988499364595239184530182043093468412404 780268101883197236817549506005066535812605450
1370811699343363834798525373735410627448688282 219481143459178531557308716612767431525336593
1179356801259582792434215859166903508176777385 632388492853040695598427575069460026868780336
1737734890989689949940689784729269494441785064 87703381693018488613012312865119887745616435
1312374675346693325891628757650824472030290628 98016192773050691987269030663106808741454170
1925384931663169503798811342760428747729283179 800304306273045706810284182247633082172077192
1752270752032420525065262506545475823489140942 233433569900604499753450349772295442268867307
1816283634878534450490294479840539013425407206 421001714437342122612969478549145547987250133
1889481290768890647027300570573953821831540170 665274368641354745735364851841950555297803281
1874074525316303608057986792532093839499189412 653980004567266223062533683599414175461235052
1325720997853853817027384402730743215323051946 633942726340139037091600241130759833168616754
1467355905017919448943739117770875790252384251 659667203852100514776256128433302308532276144
2175879598296653332965268301625071538085443288 350850785677088224146923337113721082854983954
1766001774475316984553184016529059921231527856 980867775775969387814369101034194906352576213
1716167102814306327020433586754217777463167211 877296413014441453880083683278320852486633062
1885227301587787494653988654893124489561481128 1027922201835479501331695380303261489338791043
1142561528365438504797123729973709291463103178 519193155288392930873955291487659306835011737
1632999468492596993392238266491392739313874324 93988527276040791910013072850503685310784199
2042172861001618585020914703529698778758635456 576843202841894523441080191165873610485531011
2206985363037484426418238298552791218682367769 336897765288630554129794448657748062083105193
1995797637410771046088752174375531326241618003 488019560660227622695328206549404120351208039
1446596252643727653429864737863078022531929868 661007049637713757434357264397681676647964537
2062518212871904080297949822532695250641042247 526425796745273308064879798411942097279589412
1272534731037269206044377071976734068216957540 857115028041635999100762629049887887011007979
1434257672889230036193096667261155624658995964 591494836917200703167760585558152873477576619
1114880093145346182595384198386740694212030886 730410400696135276444118692145370822540304199
2130652205562759094044671339858054598020284288 464181279348013817883736195499285990696784327
1218216866976632125879335336268696925260375281 980716464523123256059362344294613369574149660
2151260882480668245084407951353463977786003400 603128243307117454475188513225146367648162700
1552706653946697191971627310894963035076835231 1023727261205439047811317463943842165079970707
1486899183058710446886553545916647118033493738 85919704863795632417883639084570911589037864
1431427655820079773692194744976376593206253602 355550021971750167542184460173107618788151087
1266422065365235565621483817719298354119004930 321985197724081986618051907439155243612371038
1258416536413867068541462963323435337046043312 613197924588942659407932200027273112965946845
1180311883333910957960497872662883538264956140 949655842052028734185751477931154173205081487
1362456686706043122427163919361781815402828110 549057343780018686868586982846715487775856930
1657926662424396890010718193738957124695355816 134682473697415365965187392201113540034342055
1423106685481024675669605138745047261573953183 949653686195376222102694287434919634758158614
1510082628448405563490982764236286432449876297 342463308141872399994166875084158751046388628
1276912522259845636975637982913600141006743191 332115195962601076568422413377608164395194624
2112377382909591340784283122551155211754770072 939828042611122983486037975969720725506261654
1900333869797064647645440713427283582225842060 52861116395757634682800011179433817062474405
1483969626741364521899723953685916070157933371 762635260962234509561407651887146698353077980
1895728980043657425253914651688402516900453651 674483345222857007436731313929355995943545140
1460309649855597760884983644549779617861642058 952465110077301589195589287304329080289534260
1606151257284851187406992097320805698825508770 747975839435175544461547362652347533200324555
1308722443373733869721622040310208596814216941 600717053400624821220708243984704498929908621
1934767210905752127812448181982896715903774267 627980593237314752002400603023315605922564037
1829307058969869830973700840197777208932655244 176803811006698016124104780850028363379713194
2118118571026213395234604101320627127662860489 732848823960363464434367056613912819727167899
1957232759118185556006837899381445697361133175 911478758016568884494382604786111149059492064
1218634257733645320328654285627723797222076489 656963374171152886134917332350783824613959755
1269811908424524371333895114646253828113909894 1060941519148206586744466746916489781803232216
1729539836443506725207371933465160449478172714 1073004512726799227372350192016567563223505898
1361081485457508996878067714807032648940020217 835172145193772136660699620869955699191784251
1859310574869795749429654591211749365029265451 515501933387199494523660762786050451648723903
1223272214747633892491008225827280179771365391 500425079584674530840026410597553815005243946
1507009341839740555013918892261695626664405450 454703828025961106820418126929050574492013408
1398344516963635084479250000262851921552865121 252565003080663417164684555862876564760017544
1336654815967157688482958996059934967659762039 963432063894268712347254927393228511107279503
1792146673064220637044194074624707198650565085 939262492316633620259549042333922519408354620
2194264788212299180602525163039488610509759462 372928306496559374033168451832206056081779731
2107300020095614377873008743521109289372846174 281413778876934372453527081800013958017212774
2077752107711921742328796113115603994630535699 856314832399936787768466332498604881090993440
1209567491068492808155700079218174446012281265 1067974282627029341804325958030920043786016320
1138910096819920959171156279559362468573177155 709399121991795954649851534194777696198519986
2174278697397348885042665772293857876925800006 984637277899883229784698589707147252899111620
1459884088179836085547479291202004702805353218 153151147650106810624235431226885251648286130
1514396328800117256158645821384646119281854412 553154071418381730225289645298847476373947395
1697473402444867967381893684311456680751927744 224546107406211512511868126563669877232330175
1613363419102099902137202564881406040625114150 513193106472967982342338821930683941944005897
2159128544280769862616647529250871166364610188 655556386584717668677818254102314270794992398
1455546267727301257607048960103705784986092313 890900917652210840238686241097339259716593666
1154270233603367587533400467821627846890260887 942874156118726889765820164840435339734268159
1381249948466971228616772978845077571113006575 1046563320230530136807163643613366818268733544
1808165011293549823389841168406067649533840250 551628985962400656353561981655542573403291758
1565349725405120201258677127522102200907119851 382405745731282645606320348873927261800968047
1143243464018982855696124215443236520252081693 649394949668132289323089031871057454944464586
2208863484156599560930036372692279618690645338 574196211974673327812181366962038740882527437
1904747673014869709380876558617199219671256814 273433198944941959676894444325219719282936361
2006760641163899637797426163236726712464884493 826112922176641339093041019094377931801655129
1857338125804469291369381752981343009400671478 1078717086682202742855931679361531908193139692
1146145731088678653678659410635837646711014742 356412862028680533759092223344413037967180653
1836519721031125643669955937634598780221059585 293623938020017975325923916569336492894739654
1542596782423017792652343756992738926848433109 227388513634713032883313433158855913543931109
1719225380500046045318744646331034363430504624 86569778727832914429887967015307221398058094
1314646755473227580361557878393220801304308789 446692968489142868079767490612703500134513278
1230272025990253049529668703936800085351822983 333684364140539791791637555498373173462442012
1738102020485869384232217430894854023566135504 691472221833885446788506068662520879556398376
1747387714414832590291389923664328446303221685 455106292606444621562085913952604113194105271
1386628903387553627967478245638866189411097586 1057702202513129417047241440993127971175530415
1284442600989445740949062307152583561038273082 233212037729251864138664493692994678757516161
1520223622880275351613706944517271503846973951 124167347960004037722507878441584985424712520
1632751557687891408241693376329976856989005315 542247537916887863943079129621760707792014072
2068819209944616367555241420888924577872087590 957605246245619794396793300375241248892060054
1583232287106890349316646245648626334139953778 461151876123471177446019128715568786656094306
1167192416262527542368330458484996362406335515 223846126170812047723806736672413890367337097
2072838482639644891820180969371594369558425613 1081814753373738454362601053516647621377658384
2025649817446790752099043529362909050525621467 990458835082172986063530679342702933733452421
1762434624844700326721744989039484306269233309 143921552332329503651735520464126156104337067
2013619636673658894707686829078328609747683052 894285421091647356120492161141993962363794957
1921645893408765277252529035086660387086125933 128565321189044607219901712156284727716376591
1250646260757188445398784312393573476676055241 693744645218724164611769198354113157746658292
1783704523920154662991191702209916096659735623 379457102968535868906124044378349905559512554
1539423326874614434455101118199811717964306790 287853195914216872144691358442047767370098563
1432075010951082787484158797478225946218870226 600604104195862146184593138938607401557185384
1285775897117400341357192677109664505654864774 514686266443521272396016637308600850503548394
1142858012280945098572732843779061971397888761 816178356584521275353174868035283652612394233
2209075080370273377402083055360015607095414111 17876088175711195989191046861957524112826235
2139472649177643407842702741734107907053116193 225019352525540789404519514291298156069160326
1512186894683343817540478210809958544950058525 1107386460650294736855230408820528215199990468
1770349506571936059896591970640163078871638169 35098149941443463506851168937756167244885807
1546484158525307392119157861431251638443357424 788325780718728056270574723596071003235140319
1667944696727785328523345733532744835538072074 824174562140464914841082627403042457468384717
1914162271942827305711499844297585943285727904 882041414659021604709243861718190527013583555
1914888030596188201896382535372870914337854730 1015419257688979260781171719270074204395711903
1424573144582662337530989333915487065400675036 39673328741452420775458359814977239017152600
1664631682298285424973653822844819922307080600 184772516966138190045348991709521582392240607
2124182620041806518198879828543008309357824744 708061551526623394429240257223606195453103058
1230064915132304490975524375680708798445380369 391390562866646356634720478706771327949621438
1273416918123852278943907723903073646957316601 671515268154867314809920901593225032657796033
1220036506556832107918220879224636634961168255 1060459933531935657032998282250090451208599706
2051344156650108681864277016623765648202529660 872296465713405942598308827502289184647927033
2136620713952845928705923293465927357290923108 91592311897235960818927590924810770088465881
2006036554794213187766270389230563949554274860 399595151704262887598620028943109546001564941
1476050159390236941322297147890607678041357824 515386688881208158176754035637341026590815715
1303095728574673799305185684743934680492288396 215080382142656699646533044425073835191284915
1152126817456421958688659685507349145845849331 499026204298606659109841633103228582906679721
1250645416983057836712073053899471699561449864 723498128591249027439231757937000288447747769
2024223978202144027760907386324534171732206524 532805776830739258034898789582368933021444229
2206582720194764499955925090878305002698034998 20133897203689249036802277887593121741592068
1498749174730530097274403940564188585127093603 104229940703077499015183205153515638917158872
1440285825976064104936370195492562724162179007 229420097114067455510085703476134586985634788
1447014343920346089467124015800891896728265677 1034968945582595066688407600764668456973412020
1772317441402718048573702363143986437106028985 359537762511210791358661241288100382065890352
1781977772451741670875842429210629913091799996 1052150629674844253957423380107268675808598372
2005128132634992922982412258429733720608934348 329123688203738320532594258631159373902481576
1886214777269726346868194391758885623709990810 541474699159448053303321344704072806888146547
1471365552136435518251609683768426910738486855 711945981438196828541313667524900493366521038
2120520874162519772810434203734245006948765471 603962934157326798774550211681563226226058143
1262433780710406458298028978321374033078586075 304369362216710705974925947402010635328024055
1160090943084615051506628741798293521952348117 852498924297889727588379946072187393632932635
1132073916280080158443238823938053752212274690 37787311574021006241627556515458213331669801
1348855139539510890672794648237907465296280457 906107093468779097812083526692372625426226953
1557938378544701188154251582812835162023019370 302977356582427872641734627416643207269944418
1294642028527845953934161038988943785513201426 23614352158304170776570346938906000243252589
1591623723725261893097601434837403738465653954 177453280889205722022763212559558921115525997
1320680639231825563121481056232242951149027186 44051835843299838266303920756630241175405055
1578194758994069804655443667044745212207798241 181267137581016137622193477275900451737272399
2097167076584468147223591458536077673293004357 424019708195920935650187116229760505574487552
1696504184204067378533364146375272111057373267 139220998737555932829614069091717133335020489
1403720526763125596483985601395487979360918344 513117808893118089337118972849811831347160950
2045718757151146699439102635840623721871393744 673453052970389189356729685802058168135095638
2182926306978352647642412842474197395985426415 1103043412072459228190565490543685553562199575
1427042613982520282312110014037588321828330171 144112624777595930143525350107044235085545924
1123676037081658892611970183602887263849244586 1061567365928270918179588121118582983394067057
1219454081661903611102999706637660453136199541 954496038821781774788966084935860650120642256
1118104472124774575839499912107300372401429331 478215622182270352979750828272149266589287873
1710821892496225921016904159889247174367403636 824779906368313847205813975607207618261381675
1152569802696467028948017759641948271397741627 1072973506858769100888178941264328399234312569
1518683363747874637880753581291672548757053948 179189207105767292512898711710378877313375081
1463678540448450882115073990715395381523570054 453438456061809825560881484667882841764473268
1886855437854413698853379278539306938756182894 978362862005722331691453672231802698366690806
2064243053984298361553516728446327490632190895 1015464125202299645218458240640280916927947257
1148666326524143252349425324903770025384523590 924543904532974843339584320052274227114641894
1274063417785186627049027620739995488726420793 86185859518733133930481780340907898922726062
1372313140819103420094192873919258816898900343 567714024667026078955681582620918389477155742
1647649410061254967642650583962501824542986294 575398235805430609790284833375424557683518424
1466216551354035657319152891170622666969018627 865055635922605687813059771499537996298441108
1193467731705178182952232884006753446768182488 896794061340659451383370659181483879342753218
1752204229259978041525682155545111005727848879 389314295838908673488033557034359822173223019
1307309766264070892680964712649112004314974735 73515444578174565169399802677044841681211712
1662002123473252157493118389970499307225542869 765466142215941310116744739166725220862322101
1435272499814220603949552262747952529935315164 657778948734427555245446895937107934390554700
1295366803251120335749882664037197284475379875 81988066477764537549690118628691310152956466
2071497235013286163070364299603168386049515931 79463053556734540689869525883825652252350226
1461263812664182840936168304241715537928073754 701782134399042096895575307478092035716018698
1450536445056679687493743045302335849543291474 431011381247677995578564069412816380162888432
2208407495473726683034544481272263646719646062 576366952346517019962044096009950229102250872
2049230187221658849780124417647744666383714673 446307284546625320066826808963311820139765185
1464355418759150882281438331508055697299907477 793621627095049780397672920585205981955398239
1710158709454656073829320877283367301912447623 595264164388723467147360062934988606269762040
2176718766129343517235532036609712600102290144 545534608071035128528999402614913651253568218
1168076619562746475666059425066292205791077569 1043887640280384476296096075799750175683853025
1582575990578214878498427315890600294541138402 780033495058517879195742891605947162481402972
2204385349316213592358238237193265427231264881 1027049787495645846758020148268209784973315985
1241141356902149869962029003003690455594035301 799340020035799731399707443416684757167893076
1601948014395708442530833882550893547688042885 284107601067560313570022825384382967183672015
1248647094315930405909957156222994907329857895 859841760631298986103228552337362219166898595
1481514183792000164233487342366953476114731819 52051633148624633915207301297737798606135528
2198395589727636655671333982705375402324637818 322376682877789368231223978949258135482753503
1925636645965531863669846095358663205187361242 822694662632750199586869758160494918212083592
2126288088001787397510664700318543526213974554 273023404228125877465380602827798700061482090
1472983503105366823247090031805995035006041715 657766324302227647348980474622967263164403709
2128753765985163751368055950389235280533141473 648316140817543360776950341272899924228435798
2027078160134464186540289095377834431142367326 865273747680990586330131902419201789582459688
1994213680308179204968069657279644142548453480 47693050471310829850789412359924980401007636
1535358717581866542117587086928293877500353220 829670193405804080024777574364660662369323110
1461347168738885731557443818871088430142474684 108059646648585719565370398500181277768082831
1596409095097387587696175047785768457684862640 944160327486667507378030258277274826405802680
1496730578105100503296088583932059124718839899 765738957602780057747408457524487174866879626
1304641483528524780980945051655112365483725049 58518499022340736519538241147978627700863818
2036831218530005221415181824974208327094337212 127492991411939953631171078574943535585569664
1807320316675642801227322353299308564828626682 704391355769599433223456766452504063800684007
1250463360492896749046006568243603270253656754 69955709956774633321558383331766094974568771
1302443327026259549407048871189395244179947422 718365521871387364053102438756545036673668185
2119647169160292008900588392608259584565536542 131959970734695413619433478384191525418902389
1160857717608849234336346162134097309810781355 326140364124025854777378646415077807702945343
1740848960460344033471885511673284318601936758 393503258263998382982557704584787558493669208
1481329592571006533961215188273804901160958831 860626335525231056171693061181443915833618880
1353806757491734225135480236772712342059024571 938229734988975905572703016052665656879963889
2147468655218468987238541994436354358430340103 1030002892384597721657660011786137943133209145
2059571138061326937193284941634062109535109056 189623419662637269949453754323054813213599085
2007616850345835113861504591168910905406127992 323824335405881444203442888095980643687232360
1757226503363950906594736263394405339165319365 732285215538562574783268219730901339632626353
1271607279591797488746147299262124817398174290 44482628819374910972365060892155430364749089
1775932053199412192192297448828682525229526165 136713981726563347399982954037492070250687150
1635260053402180367913553401738275368453084111 1088469596778152085581349999338494205606265267
1813201400648633502795570078820908301486386435 717186897381641055641058777360413674485599012
1239679274295564104574340638144267283469309711 445529655380870107105134319432655849208573581
1499643911866721495612219976732736471715504714 343623340964884377857052086778723613743791622
1697550713207916891063403209405756647797231991 346878540126274048291244142043204931765567652
2205508259709490411998292499323709641420537839 8827803256395612531759326190598814044997444
1940278259074104221229742871509753593741551031 730893060390885777767612339289183914711945221
1428070536647563744043282586760295604959312228 966652185265652635182456870192339255861340845
2012747550371138605252414772230898271378884512 275482327992472499843109735174785463005524695
2186317768091028110730752287557597514697636006 441344949258909152981542461621192891949154185
2097833620326699916247400020439722790511705896 809687438684773700658272278334911383730009763
1865474662517205174290028549356876357032565873 688916260090625286820348720836523282293759405
1719100310064301474842408829057188432591294658 501043689708892420746301272657000782743985173
1700253860909165409014933926437571419530310492 518430115905016508518794756546495792592788847
1182760595237790606358691186731098266119144955 761647885987624753291988287553905925184743510
1281808737672273724520345433706966630926610036 921683152581640666835155096064448434199120869
1769913559290794575985599301891750052160630941 557539955681427166811904610988880918483509805
1445717266781311678204501957697813488733557634 204034002233954105151927225695164945895343033
2207406406391288550366125294604545026150620320 373722605218837295142702027325556653860112348
2190969590428901588706408987145768401603716226 975902239162408618804672789075735697137495767
2026721473124762623946577629123201516640507584 976140581663108103963233119276720020889945887
1519031300499921374402022641409757917792877307 906414474471153225242146389100070634729580384
1253929830889942231937267659067513515946902419 585690871584203580998823032809655943298867138
1341544967417741535517578201713870662153693492 529730785647637357883903907400641837273593952
1731943639307686440521092139866855456712704282 243504970192074939547720038889290293915921362
2024967948452820740553575477012259615585506593 1078740523702856507299989526192711454567946917
1485164837891324766061849552865641669032106394 1035506067862890785296142717184940618183564974
1498769320450473677821101759696012017322671068 367570848880665209350622447409985583905532791
1424729459625245322668194175870059913810094543 147821400663244732424011432282103639856421090
1771275673951585302724084090592161767075128427 643295459066057542655512724135864573340321572
2023718134473773612671907798174920897429229122 695005430985037348744132400454972090128249691
1154511444786367858401144097660644274668981800 4148424040546961030874176584788019835405527
1813912099893339995994101386834629009832198062 468760265312313873462131475609758203635621073
1541632461763126600889197038357348139637499382 139987675302141155599131508828301877158134381
1858949973955013487394586175845740424335570775 706978260830945787077631634541700167759961322
2076430928587714473484995757082301179987034663 182558127368611707624444914959749858296022028
1226748023699393351740750951097964046870822405 959624218694063360773603411117175005258158455
1116268484512048092551352441595747426840548135 864810763304009665188122138048237286753870488
1531177773987780915005318736403324502017744482 919611887513814942625198783587426606374215290
1859764054401707732808899719612236565772521872 402372302481790489447652666837052853299417311
1747636987582369947430233038355836545924316059 738757322002520338211212228467095583065457370
1466625034858854042959100975902215947233694816 373525723967923953779199470620372000693734293
1492594535839841710094157517030534787849550318 448943495039587047046259661213806375179663464
1468889101717470006184552027188477650519024604 395447592120509752028412611398846763874860644
2169502666248955057172105965926693655913049427 765083463176056296916922179146859021720558690
2027832661420594347681698723776137092051356266 1039161895514463751227616271157755759709947732
1937240454374723028726613422505137713027054036 704000091462239610132912811123982034124548493
2095105296092269483097800087634546317064008855 978000327238004833740072048525084085996647590
2215970752590192164552204790574595952268116955 819662479084067140894888641607499618621334241
2046732041755480558289259336025979700452264045 687699774947545811908936409141936589131846130
1140208527881469164091275285612984366197424779 646482287669814575267537749578343488669304345
1176447086338581161173577925726090548892045437 272129050795510168569533800376102021999458927
1995676553075062393730713188116266946246188646 1060849290153240304972340535966621467976359333
2181467088074733616243978826614157205785987037 311101660000650494579961093496966653184719043
1843328903177161835334576345234098423314460179 577277612228489626165498689137141852272655547
1618569919668173740760997780799916301417590165 1054577206818510125384207828148546985590283161
1249748693961825469936208789113840949549342493 239263120093972892336593121671912294328628568
1125231389459482039868781309855531485354494909 674355040090340510926807111649812395457997780
1362543811458857566115755845496234539427687068 1050640389509874193731682675972280182109985397
1878012791482647067251203060465512911994586283 304862146087890918548899777100656457958963591
1808162155949496230859465147273453160836199014 186568015808409187769766664987433604307253368
2208484943134744090040104955243606987950047746 563466002872915567329523436115453710051888235
1244769968354701857982951654270263121118630711 514837628306685138875120462829633828738541003
1568262166550362846327267109922123860983885077 518220498223729979532091586653677284202369140
2136341925727482217971936873112897771810383896 173286385565488318448576954392651973366931759
1470888756514757832399111982723830231946414641 79843034096759297477710142142466226007356879
1589046518558447282955296540963002898061755312 187864130760332923198884946326424722186545113
1429955412467528911237227409099937363620795083 23438157665643681709617517885790475238398474
2091006549708902971713978406727653978478223085 664338537081783021866908970135750604060743007
2033047975514378724417157990965819838809199641 790310984053214397586866277497152075931407364
1120371169552223149981766000562176848839535905 476662501315206463830220542560012802559692322
1418703642581175247652320895863366155255936311 347795426808505499462961196032900003557043667
2193944858184496831366690805439787339394836389 555875523045100093947691079711829894097512746
1471545589871928156775374652967886508602463798 305578083801312716601001775340844690960573994
1389939824077189342798848115716925985173238497 138160386919539946075611792674985406724354264
1426209398479304125245424516458591611479203269 1052674843336171220380048933296257348177828824
1669292738217555978400119398616960994254704748 601369822364350417195644283618971959638390574
1955570503109808089440272521549154934376428351 207421497755422226521245750681127878285510534
2083438874822465655363828093460016833648623777 635099094644794665135978287769300010903240155
1246846664114975497854238006257003554228139870 1047556735509001232606557026871525717732953405
1786831144275229639529718008685636408548166177 346170794327175890816761073262064065770725301
1600767477174920408894631041288370775063383594 1047691543969536643547822820683896613930747153
1191646384601078232157825236975457186180557899 44841579394912212966739985665027865054003621
1382027723156500818406902645579683487378252433 369105807495037282044638001796518766915452459
1913577457243194922294449157176706743686706948 1065101467235875401763204916862973385198680969
1399754101633108121776566962375734456150035691 619925445768504542618874384966000160168173163
1968075546259615867458649797016402857121257213 768841175022443675635667659673073639766894484
2134753527756908732521608054695840618472943738 1069887858936921396439346905632640065242231431
1290762589837475085023825178254341897703650892 39567360837217017613425279983788205486798953
1922450909471750839514793018442055301945817936 719105651468196695542363576461590959941353017
1529178333383460692019510460275643281176951380 405424856331191561743183782599835982498070336
1711377919355678563845530610974153790249344732 175681407851190435780836455961454634073527924
1559792159352179855915790346036296642184685500 833847357381089105679821158353743420983550499
1452832913994259014379926206281490355867447752 109258068667718930100546558395351192455324469
1223030260085617494090147622833167908992357379 515121538783355507550524163213214541300057103
2111657764516551099182622103668356053268837476 795212195579800721946282517168411594672572600
1775929735742473618759207592658352436280704491 847102901979090889026371075794310813045273367
1202042566358529000312339247218469898622473278 1017248600307724310592765156611912640014246428
1679077257019458991538924893791227469235944849 982853650410299018892141188783415960534634721
1936280292401816684735243375028121105108842547 457704872333055471126360234223038987145252288
2019742279804295258485531049516238985971536416 24405625106794310690986485953388986871423065
2164103566509384494362716813435750241623894180 1078651351745192708989285050513332537801236517
1717537840539225607830966614751212760194932847 622133173569286278040413957656120526730310210
1165665508045647645770794319942827563569500841 522376484516834041770559826148497182545295316
1786921829479594673619532684947822798303231138 1025270642091612356641967623546105026644212884
1526762647368322318000390635172756691849448574 661761434621955807687464604069051918589788699
1493770669959379875491544520785119091113674489 923603884917522160438427995992848931332027906
2115850574934008847251083485692100385981071945 398655912367474355044732122942697843240935460
1667037618390594502337677321927255096101803170 860204374255848789086818011782623121621895980
1869895235662300805253629280711614353444675592 213863159888087215805446777666100899963978566
1795676449660341485589273422336703327828062979 229724646847446163842159236273972899766922610
1479333591200845679184975699945478151640603677 87760952738570366933864012820633677372110388
1652816295776423364198856846447568449698489554 419182605816674533689078615040724557630357329
1758760311303117860016299622290802883693803775 9569035276013838460014535494146070574448847
1282807050157041985310139779751541258994288627 1103784454866786848566249663670894330111279941
2049839803100634760529038207554429264889791988 726404787896884698746715265360804286935166971
1954085688152505214695018046319476066999271049 593264384770576362582061782403618892756201272
1232335976650685872407665768361031149742489188 835259170942063931998822228492356225733431617
1951425093348233634086323158307501528882117560 412441029965958744243328926886379183034504326
1843454721309541721077255504312827157463126154 339337487984737086381933392677658533327638233
1993690186703820084235490973278962019124146938 182406163421219663895371805729964659506709469
1129074383110470998904679623038430272244433307 1077434011334117359856538654430564923719019345
1411648565251922037890525352803053065424677871 516172231822888599159515219774238275695741282
2184631900921904294599237531970823516595631328 571741500995181617214618110860947057949276300
1116605339768319050877002084123999489532028399 1026648561337038371991231900106348487353789497
1452898480845901864702349403154823826886034508 1046007574377334961828276503259462412516874552
1158619868458387032891812622485890452715391282 904516313934811193094734840620312884665381685
1160489218274417455720965655928074033278863582 388428398713493127015543319200077349461604709
1347201195562292229220381225896619882592454151 146983283320640778008636006196093285862067341
1667177951488404741102846215203384089478958507 784674637618174742615946765461155117857324010
2100713971422243775057039265723586226011469517 36653079788204887703526614673227958115059984
1369855418470763871123033047927263540557674575 62437594522701409681021125458151863652981776
1628360030390152814133356808497485297233032845 612159477635027121849580823385072463068952314
1599303327928651230479760449238889965168346829 331866781077158866786893430054128377327672197
1737507117321853960360820655498775429201640848 1043072596034862521371792348451248754188884350
1238934717363490348059389732812401589811576637 254471947687462768184520398763687682221224172
1435345236830894211001617588853564595201318518 467641559372230013841123535105882240252244869
1726156709945906057412162769732744221684294400 698738750490979329837613908953026264314939785
1555884697694207064359141563011811356322251570 667597543848598946298734228422223131551589899
1989520468735938795766804894684963065701576272 371797960107563828286040084793620033663860213
1686894872488250584585147638891360697738878566 402686286854327459318060928476596088249900326
2173327478400829144613421232407168368358995418 524819236354252737504020894438131091830239825
1678613739523316611451959246980260868077220909 458269605328293905497739320073771287712510760
1552825696120690402280685738146727437524812219 48154668730315777035087458260960073052309643
1184353833848634707076027564912291690467879301 1078855596723251977821766779555980140060483143
1525855734066625850307398154086603790630933444 62455738851850508342745757590978740296710973
1359827387824493751465168680619467748320740535 219357823702812686998690691415372985950563963
1386974052515771954738067496075752016280849064 1084276605920969527054746227164943975317287973
1948611351650532335842121402119620600613579950 972768599211551705377055417116744607531124815
1920535521367900376240582200755719763842793531 593793185054630548710435310773735417058381139
2130848344656638853260533330822430621539413525 760725555040162154159078479818395166019680706
1697654585859666663854854464928518961944647720 151602790700441894232954002256682017025866138
1993862935873666583920959719014841694554332857 323261028450371915082264407081968114419536776
1361349059051241099034049185461768423217261757 306333252423300365971370295076771873166298975
1487129935131312376328062340960317882827252529 807168424779209192919684628141967849935144356
1716512596067218273990735081585620592374394967 508748956877079302101841987925771641019202680
1906555032741476035058025620222812813420965946 617101245083616841241762793892129966827787561
1535691428332127112081523502587717713185997873 1033644753710545103495072300637417594794264129
1550611973470576379612813280023299571243682288 875038928412084734393490677347296229857539033
2213970320745074875622369663818887591767328965 966513507715888761467001334337045557317517372
1155276543729151292957732688935100594416098007 44729619789063307247297512770487418153413830
1463811566765243229618129117259819641371516599 904052724758326111369118163430544158096153295
1275926033523083406514546344701193008001226031 1039929528138437461971855868528881854064498903
1770049968195034108668820204477586119673060181 365261978094060870577328043614270985045661134
1627345335376399357457635828793750910136422347 453961950146007129849521141722616545200831261
1551122279861420570293554560291743913286878851 1059144987268191179098564702649615920747927141
1464965286806747850700775257537926994213704734 525574140849644712146110061367688525369419815
1798980625073927124066720414272035670630015830 59983451848718172020926216661305508025242687
1652617641504394553584895594912868288523783538 499536279106860221917904636674036328113580357
1214682669433947101199001456529969248835549735 606976408590908513635167312676768229986699165
1524238653717203086318273956151737700189825676 655630203242478826100061934717986321135774142
2106336890303231653810816646514012223689872599 759936420250562347533597871407998005924145702
1815684027166660742272216424254964384253808568 789684919802712163550815081789803427784627184
2065452238438056752777558951530051350180857007 920195947343575595411479751960759498293623067
1134483578332363714578026312044859567349183864 752625793749678792145676783761691472075475363
1522909978831235620833023622665128792866015033 583793176563233296217188036918034564711654756
1937263190865364366111479714036093389134780539 511829943790730580703680042207983997455867023
1639420418494653875250077091031262788563565893 780854959241566124558842066900217634885590800
1247591930768363387276615730078571852591366559 450119026131302178243096474732998702758820720
2076798121662926954036371715508212182331412739 474892748278247190780032561663919972594534301
1111917368434104730286922911010090953280433179 252319615658011277630765786629140674108627151
1179652373620168256531752813615827150752260602 111470763012528163872644302510952529274989721
1894103924542042134154717178771156128786503538 415132325698707961442757546840338929515939635
1232707374639328555967220846823048803475306556 1081431284749205484527726052863368347484218015
1335699241257279423754416999508560063945479806 500959346234179151415456670667977960327544502
1629532356282020535772466555728175394488319372 752184611371784645316320111506181303718419541
1161351876061939933637287405777708724239871070 105678850084097980989591579706705782787054235
1938197633524938403696941159341852797439284973 751328441217767359632214188225330861633958583
1504653304040082043929375022991089741213578293 797215000621490125039401388308193726408212571
1977587835498582695458517728305786363443088879 709728736783377337096519954714842684937205517
1476325173353308204661093368967124424261421324 504981751034477400149729281294398352338708112
2183414617191076688289874411325653216558750045 1024606092202611581104781025293605418832977296
1322151574770286720329153618742798089059225398 67951462612708346543085343604362550405972849
1954664269553212521798595015285624657342760783 534377828227958708833440360952039742551341375
1972148681838004924860565913173099438977943095 551543422109927754369960072030664422521883718
2164986932790527852755168232155871258960638637 97857425179735796842303288005034013278690379
1894153307898794721921409175034672179857988610 656587244531613775868865703988352856719212706
2158440889206307944123600557300558846568168850 1002638668874557474847671962603978167061037951
1321803398273165298306837083553273120536885810 141251385820145306017967385076091782985896913
1576211088936556400558425777100751907679157355 749103848474816249130632355412397877737249403
1578316870809244687415066682859377970685598242 113196115014723341229700585015715708515650838
2094633401695966231407789214540912975867440713 438456789850074530068504591356522608975498218
1224705529757498497639580027060504649487688657 941243294414268693059286193748929090926536543
1170984744822494268007362203703826737353252727 228087536849639606743029525772301392896541656
1449689300907916608553299543679773866021793010 861616375754961210135620815468257701113409184
2083335560998279362306568719613394313352429865 625808905025209056010146957780919721854351507
1935395429000720058747006521819552870017310654 97401210492510469918468902854262730699192945
1930825438465866076401974120424282610559279168 965022479791011310854859815097038955591279227
1547151523255718050595781199008758401352697757 290174519819539084150429851131641077810594443
1660625587116648766588210263317864537917864437 483213941176420527069875933243840212372543250
1775036748008013109444659363077985354493697322 790397900605833083909566878962352399494698072
1130782051283363627172126166355400398937326300 939349546960577009913425245793851465425002856
1852849556245447250925387998683605596098211043 9939096686156892145552660709600370090661207
1417274172492320408588726754343742880997865692 303297293519100356310514754272651665245749415
1164975361670982092192139029641588153991049544 220085006204331093439298044678528155219603207
1767090887307910376387392616028658855220435320 976034417338776106284157223645238904511412600
1416594168186014550871069109885269628490744782 965602729083813540650014141378939228892755779
1145039056803826393476451517860678857403148477 1063969680620264796029389804651427119291876194
2023867058412674114601497592330663974464021155 877293683921575082777573117070605183475972644
1558669861144616174633117761918680427088561765 106470834759042178407858527533912157524325989
1336406901115630580211663652378701144436449779 486069789528505450936148425942343180351865041
2084318342418350727454007877590093544393028477 24733503768905372066015228488466847701147803
1714548592237133358650114564611539355577651518 1062555471776938671014311829095652796976096398
1865247515355734628907346876013984178256266243 523036939049700204058821726265066653441558167
1736432115389085406725933022389217496116295033 165259584798732667136582625817369225248622256
1231703198858630812683985728060296870508096998 501347426351213592066798720564616807204636347
2062900792939970027612334962248503023028112435 636589139282662734581689048928875952635787739
1187610853748808950747205785973161612081178266 903501686496361173406928800495861204111004785
1890198018038189836533669094556693157163987693 1079164041954446079474867482640871415805623464
1692270453284390288870218462833608560694491171 588540392292322441060850255715603800671997358
1689968443666669610856532643435981240749806440 158328166170377270961367017998992054361045790
1414650560665162672111536688073614485190758858 1031489510577941355101629087521617591916732971
2182899882111329486262776425170457322268284205 529537595811221808329540106897551255308547735
2021651884546268542335783386957584296884846780 808051251319826305334599424680079686000463801
1176158843515884652440577032774144300253171194 430410568432116326361930878204588466802751639
1276290954741113024003752780881652854866831282 339260168074470808428127316008002566938671528
1209553572128916614400591410310338010669192900 608563996448263723328247003203631010491162068
1189535574419595074510899824123645481361414617 127930346220552383642298432978987512018189464
1115248871768577808014195912229531624958097526 1035427811566161308541592841980822332650119423
1366640366070452403255623912633430794026227415 318265823353804997624455832035779737836022788
2063695091256239597202075121279758477823712017 438475670237078788198261787852089819390299585
1860432521887378234854438633385131107220034368 913122813013263501269043684009808139098727125
1871696685946144763624156562514024398261959881 651971491316272948610949831974886578402535521
2086102959917718895669109384701645075100205833 773622035746303344174977090742209820943571474
1222900370838804136926664757072858712175593592 205348023590574504329610734657436964522549242
2006234173734577494678258696697056794871233374 106619629870001082316591082160526830959461632
1301837139801563677731300332124318508102155846 879552093192425438489876237343707767428142348
1541355003625435540493239594474659542910242261 521329945527429492667358252652982485375556837
1719105990653604658224172279371580559894023845 102479207841527316825099133443086921650762409
1206604643681028748723474774905726106912453623 56314881869319005611032871318035937486072009
1193765725379374373074035884862203253882831658 2962740900346614780197855083006784328995641
2038993976119006736389935668462767050182096210 817581522844378992067703044224648291590117922
1444861901905790886465412798515862621215548620 928620217247025024521680920217710279746614304
2158200542998497663059752367986010135861518455 284244642717124989628415098999477500378052056
1850881554651448863438770219659616959384176341 205888287813375232555234793398716210566507212
2090684975235553466167568154300344482670587743 790959028263411287381634769723522996870709300
1778009781097941883430581981338394935026373828 533359983147650013072798169388657503614869334
1425844311172111606197970295858579411073254285 351003461517052296185139301268029207348159652
1470120249057855377540539404143407526943147672 1073286386398932796666129031355364401715338575
2158576451120911227835098968644552366777475428 690825563700800739902134042640918418092315458
1407143267184395966298192034589710398180107970 1050107991751895718056301794200777337874752280
1119361921447222034374327582809129493093112725 406678291829066060954726088104153828153533769
2108763770905967719177087710292885118423239482 104595690394812230418366935482080572937409904
1445411175953696507659446206794804493044593092 482846698902810962393479816571192990185498113
1536253266491085867908205184583301327365020362 560092606612911887640083346894182702369492776
2050037488869069832503325482420765310572090717 951064808176244260793431612767574822990569551
1459140796499611851798118617057476607364022781 44938133557614932796094454438345723607857148
1130717965268618864995105165808365402200357880 485694709333592198954313329325187438434357057
2130934927602758335177441980764705925007490649 388831326734385280893585747296299593187766596
1205653420938277900694116503608193175729221880 1091015640894480363953967315694833430346812011
2054167439993735115617694683237080475407414181 538405052262555386226948479392313912561616979
2076003936020337332498186731787725113857824721 1098789731268894450280549104444218093276914018
1633738414582959678747201162697718102605214073 89683931392193478054334059780141257200986288
1161055586255888169083179715374045921101030815 252368172249365909097415853654536483376379045
1473720208425175517679753772002013557221148521 673410929318189156008357374906749927153647950
1878822431689810328014298605031610194289177732 393483074292219885961078031210241329178970750
1237374161792623767221310336846114111135082882 106874798293739512743355427055978092370477245
2035914904571662532213678957543417453543955583 952774970175236038332544978096339236020254571
1279293021599672303140074494481739433008525911 586876728832878237824027827081435454368300885
1405714384488200051071137998876523876288182992 1056588626158959012970793419290995328899095766
1504236834467710460524317085062430551766477411 976958379753126949038232369870515506027129364
1262303373468148151517151190941521814778173858 255403130481271051097070597923910407782791860
1585633890143953119599314798048303212660875789 937451642888267535343533908902301803444703213
1194333408115140931203354269268762749552003994 184428666795765661744016475601849333957577484
1778017808855235891518003211179898165192597090 437262795381328883204113643882636836150941242
1863017748170232698580324410539235429608493239 446921006066133913398206250853051265618274269
1759366398783041294230593020140334195600511921 429428304612777459059037304022233587669999178
1484219509564622304570077788711625653288735087 930423679497489404436323867598266022358737715
1458467041326298223753879305701231287664839386 927363592417006329080886369893171430165513089
1602859664366143975009472313331913457511759202 788751405719457317401179208576839201375297716
1233677822495453106763178355132320927332438923 439634811849288735598407506198440156070499311
1796222135572704319071088007794900389418969568 285662485811078950025939129026317260725182336
1884116918210255024948269024575825485064035310 327533814102008867242766500915474400517113724
1232897669701659417163146233514936051355703897 11930124082141715478753659913234026180288824
1933554980151299230890240492257071148701381900 195944858245947647879539243818896925575374374
2026048706201719137893323054564209519909767005 684066711061248798843316142908613682136786020
1859512455469428883897148984189479089193247543 58698972489075097882726931134509290484786499
1624630302587085195890239929093676235106038272 645228875837548810944658833260215202792393417
1906020277221821073574657047263814737657028546 723564704231261993507251318480893161003166307
1851557657553214686847197218193277779695637097 601016520407601986789321584853167965660468429
2162267748408252912552083561181996275088194961 240461165151217839896509946166867643948862835
1369022930214189397465501746911038133104456186 399078279844831212350568353728954949263737706
1857803272186275089754660587097143880801053917 903808741796031729446707631479002634855978856
1455258148026729920874506650088393702489893796 143190258273470749676062533578809205824144223
1804241551430713131774181970958468606262831049 1044434689333549214601907037623078052926684926
1810712849909696412487404083414854384777574234 30766114418833082850263536024121321520610488
1922510122631134046832636420361789951419600481 635647666680339995379188132008983705007882710
1445437572705257218615339320296562460667806770 195846775063804104495965884097646901469538559
1477191538902944578897526141237059144840746428 633310242464914852306946120388336033305367719
2205376983703022427103960701435540311343876998 208007581540688512205621316723320411228568350
1733363151984861618870605951509661910842149455 689619793471894666011389417826832870742225892
1219756593237758116647777007936870826260488746 729545337809890502891651126198478581993624950
2085293464782587648521595772807808805392946774 60793990076433374913412286282528737638945375
1151663665927236910532797470601075070154127260 392301873778864794303569527937313238115824484
2152097126573644175808063728825330466943235421 1035792155660095153972060211143019798513237060
1900698080738058469977067328456872011131844625 1068359393346728486959602351801069544537417086
2020806902361359257713882856508301115053673578 49781094267923482435714908525285005981005260
1447827515958135591411786532490854045411873151 330267979567278454506085101818850422735548826
1339461828521928403674824743611047859362147187 796481251753158112736830802961956060351491321
2176274582316605308152253242702346708220330857 241707220339193826424265309215573446381329111
2150285425005605035438608144049778952864397111 393464766546703542848576203998839865688949886
1326513000998910870750818711617806811910797176 737028173149540855714568622961270791043945323
1442222101911338467482999310211346441343620074 55310884971152678135217512302210566956691834
1350946279616932256973256209626350829475116040 13525657882150312003611525356243202849631334
2072822945711120344355316054933127808933714490 195972427261798207861908210896653158811985273
1784799420749989160359036847556629139297513301 1089046133448932072556799993501512972476488824
1212566340473279805076929753523240349692078825 299387028297147707127632907950454357615016011
2034299066756932590843823131703070126208899779 343551763260160958134710834363453968460146643
2101932692014608952930753817313707171278394231 381540202573363604251249326216207385897858258
1220991577197172759906006991576063550358241483 461650481434069583068418351640134426791491523
1525152742219691488183204411399752943491495640 896208700296609094077053465654997576592029440
1175542530744653729296977058386719007746562493 939565803565580017792516933106613139663129118
1553767815252888012954909588355078342086032038 251426639216301504387921564946034665667903727
2079948811965174605101519517126140880116638761 37318389995579502692857736732936671191717425
2060510467385092488657243073584536295399864471 301298419396140497795063722364993510534780735
1158724499054077330158542640303402426623637066 152151221656398775096436835083078506063687734
1619371401992510690216438324985479125288887539 774129461846066281978872401225019417591113411
1220605715227859132465983976581892230766145967 371632675887902103041048539021121296252844314
2131064660056602360522017987551438241259451122 291907944670103195339731812673906582220381138
2021504366660854076408699546627218017091444880 1007948379122053625988792462640035886705677994
1622035634309783384856193573011195413936924394 827191878783916963069626353518004327493278952
1746957123883951638182779490223469445702635092 679272449920976737964404045760927443132852005
1307191209236497168988173379964838506384767110 763204471060090088512963431180248258667925951
1579876682331716699171865460712089468768347642 514011823787609453842822030744638819527652503
1187677954049588992238914162674324916489221484 554016716213142993595965074612919262576262554
1437586090090854635955899310303309544219619297 1020078005621236604926988638378091470590155546
1197146560989847498875884435720967152989899376 446471899365429186751258004140513472680154265
1792683631982745848460648467027056330376941690 900613462210255544120076108152875515814462405
2174159231734410905408246251818017139859304174 675337890324382113977823148428283264623746276
1775209516705807898767740345775400633257204481 657727284633000244424419574968242168623619427
2100810427363452787272456972576022883666349261 116427351319246562960371563480934921305425072
1708433417972880289472678389360254681823687355 668025410435396037612157782298907582195171563
1491639442418414859640387582965795463080180743 584569663202256044460412157054514716867904450
1331005113256874038580486282073139756340980821 549118537501543154842952209993773926847295025
2077908391543483015119225745524939798276834708 341835887846518874289018964456023684397430334
1919735947936490555328614445770672008466823941 896048402496898942183818637550950059652448659
2196398106415315784512010597944961827663932610 517206692225578180833284109326752167760543523
1524369750070130416937169331263198397675311941 12533368449771891952187365931048117980241501
2144626322027204604336372084317014431977563876 509871472873967941756454005337833182987162282
1170613011101762656988810226503312787949405585 823378994236462624387015274108493275051381773
1285976339742291098613379197798341606686120919 162468527547778114938335665054777722664831199
2019877096963138293218833379625640376893184897 934047995386311205257763990816879382263317926
1127494105502723939115216212685745581640839664 646809016722692863746743621017904937860936098
1354328745038745184398141993646520099563469153 35716864860771589880667163557787838378298736
1713176767262196619382834138994541246624978256 276905608124441119770386096836955235263258089
1719468119884841116359021619560656960305648266 547929715977604417222965675955996207776168522
1877361059059261349796399215714589653495345077 748762677350494523587125001985135666236115233
1816883765089879769702644740190519242407506348 45442593996704174243466083558003807697752954
1184607527261443805653221990993733604092794993 608840001869186746792166844247710963931111342
2140164299923049954055579888972831823797020367 818970082556943090036517149079543003604050557
1268428442609120266838078281052071920239406831 431489879606290299647000535079531982993514483
2200189004484145315747181968317492096662198612 766487945041581661347300942875105967122708192
1215662443733509868473811652208416537649393244 446711429955059156837783126208229799224676753
2167802932854392528810466061767885000723737621 573337310066263606813990124332423376660593879
1250664440714463394963900972692663871067733206 430761485199126282869057864438831072852128504
1180937627075499890859902688301550060045026866 1085460224097162094217134387417254588702183023
1211683880476472428712162504438667181428033431 499429505487323678734532768890247472587668061
1350608755296426287310938197337854426789034175 894562703096047851732948993409789213330847832
1468817370735581337492975722795398907432224454 573413249503397526514916212242670292819035669
1148027582343792351735438883431043509415945031 201473585340539170113317552279447370786755840
1285791145044151349072914402653449420155722114 1102826679314372220866245756730367873801172538
1617248681769315560917865995895130663324716345 440715189616599035733713381697417941632473978
1331567717446290573772139517366977830264697350 542867858253810773745751729810688624880553540
1261440295993928727396627399185571012252382545 576366918162439952619413829387336135903453728
1785790586768507946233642280824598309607056237 163716199794940755497516353804330599655025794
1558388864760037322213425324440284202847938652 1094200081569911957063496018282491133608197093
1476833277603101477000566430334199942966984102 120016710122717866991767051534459011569777238
1354119921280121764221824354806345237243115272 265152874378733138993584064413969818042510196
1485618848377263841773188883195440251076841426 389522083572217122031921367471174949570617424
1193041018537282398609692537131455121145269779 278910559662747630867505930203591729904053278
2013724619298191230597205026012193739907979183 811660553650366264625517749200817054253118733
2023477508817465766924562070831584263750201261 724097728570004471214396777931607312630878994
2032930638656438005743175258454627988304204306 848342313392241686770131642464192929912347244
1949531720747424741099850728742420435758501421 64075691119893480740673524553441347428429440
1112692254693905212275527474966201278759258211 654501383873502637411051470467140146866014491
1390538015092957130511665330601566952130781620 622741314164176497164328230345380388078333330
1853816923880489311443700812297116443570290593 388915955110932903950605610833387375567420170
1857774608295261575227060753353568005784749326 50094591055815126373932574320858548781698355
2163381905447002655772703039962738656425064428 645305774208959290081977741421614541006014673
1167552969396014828301678314842568467347215097 70826310441882825789092659129756488957253023
1741704291327517811144066739623375768179095254 1081634085371955641154171488008446651144035937
1701529578612870153180945581107357110475347082 681050121081740905972509558571163231750811949
2194425781892004074775731630560454793999858027 607852755505652000094758988531168683675009828
1437392489256560569496975372011622617903699396 478090804218830487257476676506074857355525431
2042414508335358625520880129239063927330896533 922506668775874046890764768748461237663065904
1834546719003568097310604922264061088720927931 89142602915117295464157777264900827907740280
2167821703123082687041650936739684743300139017 606116197825164873976583197215575833684832969
1839390319163873557648815653759278761981541809 812734800359240244548319134913062030321460514
1939248295145303946009289737889461907670662449 909039450667406958202827651405434404251669970
1245769903984278106388799539151382727850678763 56633006582623083990498790559948938378129450
1365326532435136995114161601962275222618721576 898971268388424766949947330970912217701429300
1131082209779504647028948483153225246852655231 241545931115929197468701890210248524854112028
2175935355948734819827631442735343898405788317 1013147316281128774294818408287250298461981045
1390293046908136513547128345514622946447371882 388195377060308864301380783479569616515068511
2012726834828389486570492829172053512425188439 986014000492997503870037085364821964330480920
1952806111552434368047044360020992556018533723 1039663024673468792384115563733488362041937555
1897141560610772510267709025453220956765486323 521359389337395165941485063420056309076715545
2064759097495263135313963631706881186691555096 126193222809687128290102580043993140717218839
2059557605578721810413875482264704973999382532 1054809549590477124864493153896433416498514028
1806419037671181366225884520637243644890365649 749468262578624504705793303610535160737508763
2044035300276630676800822251391665522586493346 936868227534667131508719266075865771121354476
2065443244178713926702594342508985372349281479 1003647871650506819569488870943451702816498277
1405885453708724869871610030957218479333039466 516115907709270611819830899002436233713774865
1140123814612351591357566628551428212808709619 604271900008532802218631238803423463734410780
1862173622875238070228003508516535918507131759 785752697120441645555547225015836654362159039
1513377983280071654098831915056980610998108108 175054650439845490414706075384744496489306724
1437265620892462706824543687958797920625827378 877973584497882721352830463484691862070091103
2050504995238888285773478549820259209671829225 861177715360925779002798368160536920338381121
1765109728580599538542080144855021952073381608 74219893767466801453612106962671184200480545
1504954964323970088325796673678704676456266669 776357133355802526614414029089969355902373010
1377038818026390415003057161233717900356332242 447216667197303645957571743563949862532937717
1822784385954493317089031516512331359033423135 942976062812169250799401374424546721034301834
1962518892843876164227174208235126988106068650 478926386966484044410606333908528213726058568
2142136674819069556186169590419871086142838313 906556134106234747380157802811619339244132918
1487620893984654270363226488782976008072188760 476605868261751372513354267946507022937394251
1841900423860684153253325467859167085715806458 1014812449752533260525759388795731273339390618
1354910567209607848623357018457606908465513558 347841132311271220891998451801349841833475065
2015256717807553499649407979989197028320515452 440771157557315077668035923212085086179490468
2067606891534299584963327636590876171497643557 28036372143333937637044768589304294191635993
1406421327928602056682811412028212288203876025 190238410782472032737032316506856448943462253
1353951985549052392922430980771593437051504550 116197393483087661958911362857345423596836631
1300391825811192260173614850079176527514677916 283274876758644482347381463450818987679234077
1461549893531238724307919075985939578896660657 795788843041313507500279844332610542006739235
1794347568947640331232568386234470951044734157 48416438834489942304823976437496983460013538
1837207813266985655535571440673029566249439689 899034087364613649881559641018133337224526457
1955779137456162267046866058762306411340749445 397188331495436064173583550379862760437178047
1718567208384647431793402358267489045650084980 359593244630452285827995857453940904003097933
2034675306032769719670664989176748722926205414 906732409272299959531888666119065366652861223
1284478926574137808115288891591743892941709724 580514072661289286068918443330637538213511665
1345793611091823955902798591812135255473495502 591593000630902575704604763656365950792819585
2189613070808324030499667672467807017103266051 601023766702174713665848871733879499018612968
1581932210816126132758988418650099853433558913 147836363414527448379856436165473764095965836
1508920651338945031757110710333022140970541767 1048360243613672376379315937812050940294684110
2213252984551117723634070479312048216928745571 1072141142158079567498083203645029278221018520
1620787002467173648674898121619535394764415868 1090970613298422819139975568578405669134256934
1277980186932769112306395179298632051688354714 1007229222452031600814389724628828697111147622
1243115597850780462346054461926467847139597485 695936242228232001732182400441660702560306295
1942521554188785929286035710608096715083945471 166511460094866957741191181240065529126260484
2199287853573843864727063974288053361594294525 737947000821874672976941610700892313707735998
1999358389053718594555503090514088376954625308 873557274722482840432332437964197747453034229
1790196201914191796986370176976368814190033595 235567415489059635328096287992432738383787238
1881986616687140156377408396950966690791152690 453093980729148481579774570213924291570476286
1446571859789484400716723933464404910469997384 388355480731557986140808794761361699387606941
2185936242222311775279524120258645442569357303 1087659109035084189517795239611001535653674305
2183907137354583897363100442427648879416685586 442862354902335770440547860255632982760161645
1993722744262962653227267030360972616683423488 658649846050786177840755832030343107716225583
1175779147583375992046105486160985765454442235 47084072223751502272261290982758030174930528
1842730801405271598741406192906159055094643459 314688810576494850998284068783755606825437489
1773765401378186837764185743140511851412456116 255905549754911578453811286730050227173213689
1971616611344771434211144704445184072374992466 774346195810819037863841841548893200825161363
1860522470372070215859395902908795599563383933 636115169108730501023995116292632391819090080
1332704577764215979640781177656856350077329643 237226253835885290722251819981612740484333905
1930223816095544842510756979280413941453031503 460904957170723999832183582843673153503202469
2020006076055136325313840230533328559594337965 315864317773317358514311230158247731865001509
1808289035459740575178186421159751494022163041 937313694406113281557438658099936890922761327
1151224795956866780978505830872185182383662087 257865465822221102441135868160559591800284669
1667882122023066469688107109686551256892588758 440133331770963276159905388930494800490088716
2103276186120543197157294010534254617908420202 145092348078970080164505139952350132650631686
1810224736996080423549066852622026775854355079 388863006030492250878020497897067774831414561
1499374582185517473302518856303560364607820347 601819592333791702392801637158480911685986629
1882407580674950230876158668288135249674466128 686472103363955569837474455091501826741221841
1987795708275997095234155644715665737923126529 733246126246156431008473312643815413540384314
1129480722093528677809119668526535012000426001 46995549784703139125520731036489815277034677
1637472326487736954929531260349574978119079714 41886865592000485751241386076854970797353503
2087046583621106068835567069512362969822341096 27270351906789829302832404866951529217665965
2085088867379674603909601875439597494518434378 271635722824884466029863705705294706547818827
1750958274412242657905002554375600156819550390 197383535190547213244360033164066228032445820
1307444936056791416846215529622294505882326634 938868770707080489225854935522346674154065941
2189651150580340199124118211487987706434429341 893749412289786816199024920259827212618406248
1456285673196400906521036194231855223194361604 743025273684407727727032064991385652389370651
1811763468331669182892615611029199096125720517 883035555037786028287886687730843311984092495
1248143462718826617477433895273403993687563889 789461541317929296391443914303217873052864283
1527817942148937832517172246101448134866209516 694264398310519298980038740473860722171506735
1286395737195974341656512772012605181271368589 1024933423610857478441729479675714495472392983
1493801606520923608053002527666372617828902547 355787475408600192941831223974705154515697433
1506551325678013322895121029597792795881619239 129498800710440799824658935658391372441699146
1422255497705395530705112307562736811416942891 1046521401939881017821023388474986115362785078
2196119506175333857890384416914094044366523128 891648643170293761899729993617526883810829966
1681229131024686070205916864338552663719511062 28438861961714859641259634080805519506554840
2208304261178762944028062606799937119544234355 46104881667310729136877269076247742399980048
1330004453596130702672468568021909024039960229 788798567949594985170407541087652893953829401
2013183266258084901847642526289943392491393190 361486586939484210879558748538887211866146476
2038208669532866779150532371070467872716521740 135234576110108185936518150177589396522415506
2145264815915261268263479621675192770577849462 623580734218993674888890279602002809370248795
1715225412560363168352683242386144808538117863 315099027824119912272267827463933056531936323
1424989038865683718467980439244202092260596341 92548573964429784641817728044991830659806536
1266798083375088118198686317584604342697674230 186241894236320910790955880583889581591380873
2151268376668913153463598887328457545230393027 1054086952115497794661325267735196719852657633
1266223652772167665349068416510311853330129597 396834518829579103728892591901230277769260621
1586529750427095168961974148504199920633520592 236844404700801289599509616207169512786992477
1184385514555562073642438352187039919630898264 239330815878605566920373444997177178192485351
1797443099953823305507458861965943163307529461 734650074694344115945326143677204567374111754
1331226365017686833566529280261341779494497915 1098086359800799206280906255228241120644206690
1155974315320744866001713135436401734463441209 497745305559171399751346893726768787142453258
1812368300979109254028034784243795416588123262 806773315546408464877264659071653841390145195
1753316169175891089001334191330072756833918229 127864703969645743532762669586608058176501970
1181771615392291161260486896340723678215175409 2940070743808839210602049353191951574959360
1966629524947111832271914938642313128417028406 891866762004506288714746472186244405446051361
1572649067920104085783042955875788263484701137 3225434804456078066677477007792519905375113
1710778204377463635489029480144614396579677322 373657695780122551566467674048861754476611625
1121492853770805419907602863439219970555653125 306532392582553142060339487348861452456843034
1909135773144360469470390187765783291050337056 1031072088108501090989752879395813879919282578
1170585770235199119685061581454573161025297494 638905977549038175228481874372611875833903802
1804303791173139900355731632838895519989236501 1004334418509536275556116162822755266681106580
1597281944405134164135958208239086188876269041 596860084920773893087095133135644697814636527
1343542444690795552052957849835322823600116055 438950797620928056891896004898880439285229784
1656511965696094286734768964583497068143075555 429774232430411836125056677497011103685337602
1480781293111056795837804629331740772555807493 423509674964710555627169508818698573022632130
1846380809227607051493670314673175435749831055 436577122533852449922019899028725811443906745
2128374682168873487120267867701570500616065084 797927937434718401835048920069789976498155964
1920899827060487093000502496144597805225257620 585183089996768859381775243184657197971355793
1216222937550507195057384787156731511409188253 219910914629517743176267506172785087958134384
1560218552624400312204415079400755485313722085 770885015356053813262199571688397257599141006
2082582567070375480790921256562376991634739580 752712774315141296850156880016798361469817857
1708602299976813610662401285340752688596212838 545728149086520039018901983182028602627922723
1735491152743712371527068141635173380975237414 1076509475500970876416194787925788453941737147
1676970779810139531952440536072315044029697521 68064344977085167644849676001619164829332704
1879172079659643444449167350485164871914212016 32939143668936052892094559080383429881791634
1374282553217615807677061055372878256182618399 346301974261464011470566558314535762373906833
1782758564269876338646583335898540428657929225 934177174009549090475671527054718556766377530
1802710814373803289423410301947388954666001826 524520745106231146384790493328336719970843471
1452643408575939080858908281596109857930591377 500263537493557917126146041963594471357870097
1402338506231861466742643355889483429555335022 303119880397596046912101302011058275423523038
1232228232408435066133238518859826011312988830 239560771342976130999891839149422215468784170
1900836544152040375055122154378345222148237809 923006683840544405083892885139794256000442432
1302271264086243043743037942530057675860881813 870957395678147005593227467206516652901603311
1199908056627116781177040576289891734570715186 197012107516172372252529566495571501411916302
1663165101212724743792037074623352312895764801 835787176012971136490516789543159557118516989
1516789633485870448889695658428793902236422980 20583036377303952392332945129693387305249547
1243626459623592372159595513566746892568497451 524784428403331702314769461595251417150012987
1588081955694801514639479980739621056194332295 572467077323666894897122618522447237847707628
1913325262148747482998855191038952544740791532 605443713133771202096229336516222021737305925
1427934056891252310870304537662539760182407849 143731343245751274725988566208949110728796818
2105811813830746058481216167833614656567170667 327774442654572897489404289898071227421549137
1374689691674864566161162733700507035696611458 771176277023855884953689496881856917440058641
2097345524482339350833699908905025380181187721 699895968526226601476304776065831333580387512
2083775767270915332317402129691804395271843134 38262044027449554097916607877341934716470023
1277097544417545118189825172289895358040036617 354253675035093055938160548980386801205089480
1811186828855233587509746219958602318983460588 212001782229656083472725477312821597512130767
1849631834041995974636903445981503120376644072 803682359623537069066075858151277017089626722
1699167133704233488619341713488447666064801500 21465782845735564208891476177258420537925225
1349534409199593488319275438571461228002419040 852364131307321067898703271189983643550128556
1886940318383979340202415089342960000217368487 831895549658664274306565085533175114084715601
1999578718062686498445661552110208263659039780 442028346719385606812762888270324491949558376
1335676920675723156178615737509237844305151588 429058034456459193842300494014048654691774105
2112688017853871568593011812881435265933487615 475299258786791323025973188064337641815236797
2122719711451654333110065674696149710060112683 558362091347431440346421102140908441451328129
1575182355161413149162560536121680987397966872 112197150096465778693732632969307252700015708
1114871307650211469718053853559059485351053600 591246432475075747730974069977625617213491232
1622827316207495648816253509589942258365644758 632934996234964371501021497362026172441528
1503406389632322588690852886319112095092156617 302693611168375183998092226327074407270489543
1674680429739691796482740762559740890915501022 443281066864665550264099553957939009108685211
1390069600663702710488138497477412042675063207 263470909273310510613293751947684174647848670
1721352027619686536629919133385441421746842347 697004020234248545585012701407735234217677762
1408065821706766121665935128879600121762890789 918484329960368179587414708961794354073107912
1819689414430341029639303926085354192375201405 506578939141742452717476692431788249939042853
1110889457880003985251561910854448914499314426 972377926090559193897563159216867495542934611
1593811918558300093741504417868048135468265376 669794480491430758716896728131832891178096525
1758253425491779586707752113721905133767955097 893681533867093757296418212908037896154945342
1763477020687000479693213620459768823811085367 683882252250885669726561425353928735021314013
2034207183130842062433552988492764348587014042 897140532139373897017592173896128635564234447
2137962662595796676060228375451133348248657742 666663535708376567461138972134946542274882272
1502930090840304851555684549017937219919754612 117233160514181057720678777258890967585703508
1304945824124087399928270528091491187822411107 153855992194356310507361574641883244123210236
1505766153270537940723506472575823620410509167 587355968813250245939613833396716515221557049
1611954299651076755009813664489412874098719105 383048136757027800285643905640446935630912692
1875011967827558122912286404537893589985613383 1097433768576870232247857086148783170656496020
1377105919027884790862218624594076087175969746 644195761143391353283252177029669424198060035
1183661718001468285247218482505421450217236322 182212208039298782151777730818946522307311660
2037273703061008440403019900682413900896206813 782447651949408595266212001831130470463215578
1568632523000077158036216924771406842732180493 61236967503613412639599465177047655475724694
1639064990031310502477532303885918692753335381 944520178249955879289572417819694856396666682
1196810441706783026018529918877757805289789639 401259444470451385824006053580033156903733835
2139365693400531300423078178777272871490170440 654269848110413757620521730804164327064396729
2169196649370872905168011563167563820506832761 239680272756253901050781760053855648208935327
1475649701418819951205395144568349736933412385 579087844625908291593149356308075278326578417
2119925724214872024391640646029493973689388516 459524837942710869588079457175099038866634746
1904050264374644846356357427688545563627003762 1083029879777372756434350328756911303168298307
1586312239183233497260969173151560892328108768 194460607466925034782013160426289529615378810
1773591584384646745080001802602070973968520628 182979004910182014852427690092717271302150377
1175047636725198529989097699269514931848628561 457456333568942837795455640131995832365496447
1466671705105417953413766889247506066647950817 412932620591613966683450852863351570860517422
1537138170385883214950314254151941544388500037 1051943863993517508570042219541685917856450446
1606794983887605907078051042478133138731906321 496262633045108192028873040010373937772831846
1355013588743686301439819812370673561726888198 47907025449325799067268380526702007811623681
1399520279834310487319581030561405439297222549 1047436588402053348975020136918744632261988953
1746560529392077695863496051996147372766675872 87134021913130442094330634671052808006202219
2099714528615419816665303323975360141746166722 447488697997449706730579499387563613348657323
1646286879260110506391909689900075141455382602 136957322353620779066331599165879054704939222
1746362747431652639066433968022727352287150412 621447454113839257572804189308795857200763491
1963686924747718101900160423104249600843148435 250631841431057402750176676955744598702190793
1673217711274234286502668406236302382020655762 446575207362234176136055662184889342224119765
1960070945618823908495741219581185569840259016 894771482883935935341817371264309766459422892
1454419021595422644260459780279679024406235564 1061629458494357292250163397222173722327161047
1293805769371128960286529460941966152694188273 985187223468445516770623412100719880012694218
1235256699465622740642932859907829725471524044 721606796648457551703534030659601242746355401
1661732211198651643094222598755468400738942116 384857628780973677309921374162019041108147161
2015652776679907519430787463497366942227970711 408603791754830223904323463780902409257938119
1720258638948627528965911699141707113390760973 830654478698435683033378020621045639653144886
1248212151755145210369577563848669330524425615 13916582485799136903681034625661586530106014
1671568955430426399338299891709607283573046047 662326984798020451986963356208706387782166916
1461262163986928520838446510389122459369667520 463454929630535458852647744982558346017810343
1484938535268550745621196774943519446858209424 372704126477319303717741682325826878460032800
1870492578735677580586818427528804896463517030 899432324466619835783428359595570109206371162
1178720407425013742180667937780532456320399339 207051368070530918900564617510596163173056870
1179285990624368126869832753971618693534371554 543751729261559604223548826547679559135620459
1383626438716779888869272771599439403326550458 383487419438152951941129093628033877024557001
1684871752408847714883916696180314601393947455 246717241839089515645760179407434211232079524
1375651895297647764370710042847697108916102701 108918208595032204440376366868662914474182126
2174580358233694908717935045652641090644967550 443773636534456762625946385538661611864685716
1500938686618248824191326464759620741220554014 656728206617250196741024870431907717343397102
2181522685924626106744846797310504799210476899 905838587282679991323464423593836030400661952
1796909956377469648568260212562393044487279306 1017276547969986467933376734714751470908782173
1731582398066696360190990189049726737531334057 877035467084670067910131742592396352389384830
1518703326385896965198317117659763080901658232 16863706226762219339710922756780682206256147
1881892179928700750770929192910239169341684167 485863425000005706691092199610991111619215683
1955867655739178828204314738229856621844174323 484645181173149102130438073021500109815126660
2168245701428462226070157918868331043734264499 661406586077483662949541942967746977707166045
1679447682204908735835905256425670823065388542 552561813275979666291641978148646185301895223
1861791739046824540472893046988481630254262582 185333714101981372253288300176156933872370182
2077505340511343422036651535151219903290373046 197628496815029771928127624304015578686339387
1355092537666730622338985093244627177727525377 927478817154949116561088977535302995478907904
1685179245811004260486218358008873872634177667 141800770011561094766106357656318294223749686
2188041599624534757394834526346050689258274021 1104789645438733767517645424037114216966578767
1583496375950813886826739162182501620384610507 340681023034590089444400849026735240958442476
1408286134013058393395830415420223661054993717 793565805827565771652541174321048763247826996
1523008774775455375561141868404227449155480168 937685966055584061262088477893088296258111677
1349157508348311769891231685788163977862135374 1103039218802016343565480890876345766994700762
1552743873892321104766605875261539042757909617 120730631449901522874462261159291197520029444
1322403676726526090038632111554154500643609643 287542208188099498017850792913470322645701151
1620327803038706951830594142011088231965566030 398263666037712703845219211405735166924743015
1402975144426532713894850802188620254835944207 1091888549197268439266932823875576486247543402
1333599950949900907969910629854207327129756451 832199139329495783846267924466714115709305425
1890919809986827999178127610639395033474348913 127578457457887241452983704014974506400964279
1221883023253943912918437631162015736335053599 895045529460044803838317518695205237690253372
2178682097628399699523105870381314238168990024 791149993650318713334092379801840579181753809
1393755863348866103492651332422390668317549233 926015857226078747081096798535318862023322990
1123910616533163103214788226546489868501471861 859430827607729194139838926843595570264579072
1490004877451540571229077622707353826645009342 49990492749254042313757710050075650159526123
1787103835133267589782334193059498970105795368 484398230687483152352974281872279344808790430
1410249977652417050529448233598945920010422830 992321978972903935088095622267312314766830409
2164572106261054208173248055881531489271768078 495689000486868211095114955505425076926788320
1524372102213101856824578387145043394305038842 1015082484503086224508322914358613522363478970
1558829075527776488491543174520382939176163265 569417967737593426109330589406088357127362487
1509794500074948345770367879685674395008242212 905179354120629661333121458556653557561999273
2107599970341272126603128793955159467369763375 823148049996794936326712411173820599675672380
1613310815407064167670627003525626874853928763 1037998835286928757732811314403631598335891760
1179080187903284756867230869485504780735126599 737313288150200743483592071886637238604475395
1461758534075156541309851177268135944824879082 828571292398895655664312269655326440373538005
1738962462118695371884979848893863976813550002 3163413837557097426100817315593429290518726
2006617835659624934806329281024921354037390301 213200160757138013024913856450530341948275164
2138171199390970946738157801063091251142656866 615732811994015717721143041490916172089229257
1729221885408421891051613127940721800035055648 25179008511904178437075785662153421914345451
1274529615198159192409523278357443153649236674 66882138284188994779898747911298591707060473
1651382825056485104271517128506881990226648999 912593445430604146226093949072803991483330950
1787347272082681798205319476339233134965378726 109872910415854968828114729083578723583289066
1720025443618012279971493255428995922841994060 623761364772101396056523346566882759922179521
1329373407322788532269693845351107099550442388 586093552708594781759292084723374689191873272
2127593668309854568943915747479971453557249936 989500071983268430927982025369852447204075084
1672039130637470659539021605678900129720621020 521260602153117221201677391199655756439423120
2157760745099202450109765153116717021443213597 1083984009164383165551091119883941968029871920
2178173504103825614808614010111528077948533378 1065853545330844103913707458614459662537431090
1245704346887930203450152785085113196800049706 770848297894172077377614439229935890438118589
1606234532743674353013310674137601823790651408 1100318209003980250850401306769226852525993004
1931783792888546022037592095004834101876231636 69467544431923458511697361651574120650831335
1337638422086741752961799521899154739775850830 1017977087848259419522818568912888872274622899
1284312148115807058234815060362819940523517780 640934520559042256506939997122537793550306117
1884417906080914869440057397172809622630045182 129431534808982817353172947312768176358367594
1938941666215251591717712239024152405757027261 542190158643356246196865220356098518127205836
1984253271721964675327740219521827392894305335 175364268814149167540752849436944355422990213
1251223646606403707278717528775766292039277777 575642380817080943277994770822266571559458386
1455185030923749887845035308332176915059842004 1056012168800525623583702590070207952661927224
2084455035840089838266907412316705633604797831 824347860640506436082867446967940425451925848
1497327543596252548867037379524455338688110778 382447689791134238579700761168285641623670677
1682066716444170982409849235445940053291206290 1070054422482289968626524924618536896610376984
2115602580972829609162742563486656635738930970 902353875057109958619587575346732808174345462
1594760971200627858214608667780648904026523921 1031187004327389162461051583606377449685027353
1913515050015893128004548615949558331113916120 628636730052156848729579200842823148999217960
1946524047565768921704783976038843414751863310 714890954410813087977613314225105258476156153
1347042179252464167916543833556307954501291117 83742183757307845745636316578780909040478790
2138191336744767018498529500276351448942612385 547608345641157315068603984880319038977613547
2048201642070222962694339301969446901386196040 181901997372479701580073907078792589049742321
2176596134710868328996882620223945535526571005 938598155640224483769830629139444144906923639
1498945300276233119341006604482007372422015159 717563817305933214866625681948781849819551491
1717701391560165393420943221986762378498483403 381971377675581668435642401956222137613935961
1478119095600528491635990104555295800699441516 1095446303691224253488641988660518016654725094
1674156142342443516853218406945035210555582626 1014276510848850048216964601219999828310489041
2140684879620903774252941712737865613114735252 382693283781030274309472900202901704179087518
1659484817444029116562602207909122144671051035 231826559878177687753579420274682123595252999
1236241127388783582793319965565219738093689020 101744978511746854911856499022118451273002826
2105216196398755839790660639206522348739272747 711540177482337344202999685335078057247760856
1971199136028325608097263041033945422719095965 641883412096023949772374436504587156715461587
2163872196674728965225254930738877526928892948 971327016968857986538231172019681536583096540
1714856541497862490342007808266582577700791584 590451444807826984880902068210148876400786964
1370075329195181007624463766875693178054214413 78152336636481857658862984365410954371021567
1675157416611239268386451691182696661516629441 206656555586699229476422147471939172383129727
1678222670910302288925808904427255847598920707 218264985940325666367177977196008556856193112
1345153607096555201513116891391369708830927717 733104552704181911500670209275886668832866021
1786428528491916397185212670110158974876322191 202786286241291742066153782867413753635452106
1509814252324457594252253334516230779253885411 241426401390208974765819537926020800830187859
1590810909255956026680491331733482021354103175 325404981305995125712772751541728752816182629
1919128612003302865425954865571910751845272476 436629356273182257670974709433766115283880272
1418469990830175009372894272786116415372698365 718482699912655866188370687395145244330470676
1510176896124040061137705135479705408492914258 260375449600276409609249327330483816370587941
1924228120963787560969405955740252111368671150 538607201013340218312722933486693287400268329
1662583137111149922167944043024968559335376431 427464597372573874945432443053525377642591750
1573855349694486363570276504692832197943425052 867904647785371037545333009854287863756509289
1966930448736077222152456121701824841822702912 413703434332735279065962186742296688117513751
1223063422751253098551378189266861682680141857 674796747042978013364418178781356870282670793
1598261473323568335820272508465115800289286094 973735995482036093032874531439969242208515628
2006900847801318383725801489308471766499628769 605210468974937134034224059875362598440717514
1431953551021135194734602094313640974749171304 832864222268824572653819419144961618752421545
1749878016771192789429354926029220750758056896 794050923211381421440148216745197017583756111
1705145371424818300498455726876488284633632998 534272146275886675806448287641702347937127367
1408822314895674363194743958781325974173952090 323220991387200822876329499143366161101599959
1382886205918060654525769213088283852789489114 592665069421484765258183669935419906093048896
1126293170165839047083181721844601636727241585 511289383725253947302860274915160580780191528
1404864122515988601229864290145652362253698688 250900015845546183828134124111248743932030506
1602397187828745506865609603677553254925160977 850335382479508396267085084585371133771982751
1768054081444437163769025432754243485039743828 434215359478060824830230210795690283355896614
1561307629909203426332211152360251819512658338 1016713945713590840421281846386754428672231691
2002697962754397760823973022785696684572199066 354484035632372607273326538881896592302643139
1200766882293909228004542219491910307680276197 834668521327471774167740480519999981970267414
1293628137749650528347714402207388914353976584 374924391499869727961226342684996217459564154
1632368264628113586106984306714515650536950593 262724453466907248966621191880477269874449810
2080879483863139819417128739277657797417847581 210288263127999874267005125479901300413405497
2118587537324498090630275339069658566585105736 676857640549014230847387612526640284642257969
1667158758604687821567537218349458507742032542 837310058656557175964704368306564577823076587
1725242565401808436640264051136717428587420618 707593160790532204951958203453409348948916189
1504889348704326870278075229464367624924259526 1088762285426805667756279074469451102681049252
1203596160767735834811410603459185784453780594 584486341912665317237603091164301860796042959
1273032610648520412682166536422689245094284285 514398080494147481035570832491866570906809104
1858834674852461616868636609322300249827925825 792423536446874193090217990529361575365002328
1898804562279959760650838510857277917816290961 701252629136363620384963287492548960142701505
1517026267677278506891069490934284113416566456 262791034176940921175885417337611735676796416
1513506383740242081566171106162150288881334678 436736491586993509102157844491515468805469956
2099800917123958933229406425080309445270466296 836861580719254731268143104483051143530170259
1339800532452795219209922207389146891754252226 846490832995076542310717330079432355886605589
2077382124002922479635762491328138925537555290 183753969560988079516114171659607580335728310
1728184466314476709315351991359093878623247854 597041165938425763884296333865815476260121070
1147535069392754017019202494745498631886302429 265350488975582421794048512922720113573277575
1546840168468996844199238245319717839473142132 124658720754723923122961394640135904760781508
1722445010009206188085049096718539930771564384 502629661495230449021421994811691981904743570
1937664355004858611970408608040316884091016064 749117960002392381032916864017909179092202016
1243985540402193881319030903277379100948453159 915080109814897258873477969242380487986004978
1755441438176196602725579825234057385908037839 230836570957006831106712598676878975010260372
2143662592762698242357630800890295219915796952 465815110944235432122172508838653351168377739
1368783236960553065525252688387907169913606415 321988958406096446372979071485008273120164355
1158424442783734561638370548027251510789726163 735661644515538299244915142899631658178776096
1607867685844905981844784412458015881333545396 940059864224457616473126416330464956223691867
1306407932905966589862648950802401548009209898 664688740658621325973962689207374942077202453
1981262851996390432859748285477577565731805697 1012319493067387200272212073457421854054348087
1846665997868212516481426311524872099572512422 930878636328628517558638101925230241698598558
1706577481457902919441690783645049525399064916 795724508402752343094332854186566772972396772
1499184325866681525358584470061267758546081922 218672061758477683117459133603561125915322105
1808624428022975153809901159688615428981772768 713129162964811444162719825813090645220119445
2114783698780117784064273148755541986502059084 137248410123641097455658260555436494660774821
1341928550006589588260115591369272476272036527 100332773052841360044073439037783613379049768
1206260525680204611013964869165821747165577079 943867587708074897095593089461123007603983356
1724281773178086225141657909144615757785181507 938490765648181633130824017962534906299222364
1223144017154951917380597947427234715062052375 315126105233472593956713446876702039590716213
1701316446175833651476762986809687483470009787 710114209176590585159317641389935692393747791
1998040540328013445101244853873921424656191431 271992364627371249371838727968292255023980285
1144576649774475613405849493569133485655897744 938750713762779307950802337223450264580385232
2118257377660790980657945020365083985472174777 372538922980188357637241267228101742457732312
1354185624079896140384047835162590205921049188 888203806303209288779164242783644300580429109
1855792389542680788765644295370454603729832328 850691479322431268064935655385717816417007123
1494859127241933730441136677212190165164554581 419732026205985864954995387318684911862317578
1674644311073593265184797063939720273217357073 920967741246086931394381770918900345843461876
1539083804142727683877106639678438354279988759 706592700037495820293988564131660146501668357
1725001387865503081864708192437386708405942764 1001567910280111668953673448368454089264469964
1109730217995923333425389806520360940732192199 903876322472699306366926845231473058207640487
1691286034384844840779716025712160258245572293 62424754834472885448498783481005537700425578
1784370946545559667218423961053778771468859278 1003745163184680357301336147348768442933865453
1238726602984919288753429669735250886489809374 153988050074686581293238656815409844497273521
1380209725168005558197036641292311670465972077 626850792944570353552172432396477352086494913
1477636439028658103449930690752707237969752075 482984121547708952278583659269319540301672678
1173248486098597182886925441183949628708214822 780733181544128621178297111370935231273248296
1499997576648256110201793304572157575912766603 1018011906116455658109841931100123971948470362
2192168507369461922189021035073062757765631063 244784450528090221137525333737598507217170076
1430184001397740443419738258783737001146116401 740777511590866966027658521916012342502334314
1952103567440407864821056023022215751307258505 324931135169396199951708133473912972847013702
1977594136552611369848171643794065602172321167 942609676556574100670888253097284415230910039
1221370680584172116176011035888207986918827999 413492510727558457844489308938287288526752096
1563181189908345324346680883303213673130472507 402735557266889751730467148535200526387246037
1835284206138384847247895272596123748298130250 979574365972365995330700328675388088024377001
2207958776197856125985121659666199243263735232 647833476012940134981613201692426459998062745
1258549164093973742320988001411093935989916777 307129591778149105644909793700048097026029202
2191746207618777358500769223280382771536905385 910186643234655441229120141215038243699773282
1333951795375855543229749624913342212216630881 284911223173575154553498118302733197972285317
2003991897180664734080919634500629467573085763 127364820726516270357223039014643868426012600
2154018886757967570268064539155873338697193252 648668036355039246357311154103142471041813870
1317473582263698573378537664053613802565331560 962355321943665662339488125496092385609580852
1769363538011242561775725566242467062862337496 285032174402982798967024809574497486114073337
2130429788887967759319068391463143474110122766 685615791837189838861508204683290633156588134
2177508335279060511812727253319054838260891501 65613865341258118808888652512364087957599415
2104650708003315051726721539236064733832470034 119953318362756905756573876517335134315979139
1516818470304568591051032815977195418075758488 1068499494751472969517841952814075988856693612
1902285567304715033026605078247440537690352537 840293201359321381313522313760436326195905672
2115300251590454350096275160351496115440812497 834676898663654282212622232685423842249619820
1189938240063841832646439374262326831049920131 155126623435720499378651083991160367244517201
1651177693639155685262310493554137943614451622 610105845215942989653468917548918495053341406
1504554031626513428865311051808173099629338258 152862216313595395205611884513870548378929112
1713829663863843774892312452839857565604765219 527520330654453162522987394989933139031915431
1527274475253996128229404298664195911498427494 229986824527250759804575445562076565673645266
2137259766569632073034604091461688051225428306 228022025798708104504908323824904305536623074
1934660312547598718774364385103467708209794720 839669590881921749587524616833690620724067437
1451549744257708987748773492214945296415436923 162878630569838143470457816993488109882196071
1490021171590883796003074997685038168334059763 865825473089823850632413555978763592375351092
1451385487842948533250603685428004144238914863 995318775988195968393307342970995765287101321
1190712139787078081417075108329472618381043454 442281311103573380366335667582209881330444656
1386274973233538347441822306955556288064476005 287805200194779467412437031874577872615738850
1117580909257221524568430258090685894886711685 986251945603325928163963646496020313749129563
2054372483834099055208421289840686155134642805 995506761446307878706598613665888690370790553
2057308724829660876273581035447773955845010005 41535990744113193323967907727580535777389007
1238032213181278995045207215588226753589270643 890741056654575523789699180802876932013582035
1249503886737701783932429127032784249144151652 709366464837732175200841744738520261385835281
1662181228324936262320614261661997229511207147 326677198046243757345093084294994484631874665
1634219841577536127878857028815598548349147201 902118361796696580775919251810664378048790362
1509296682690329922395969272628002625430396626 463061753733627863423133372146499885427752977
1782924476259425310398341384890532751671203658 409931549074627859004316860373492407271614542
1223440930410933863870026727810127188644565838 258568157143152973295065340989588992115242403
1635832171705520474958705953334840154477243725 502595898664322400300837504329089338822339009
1441371984791792043589291471400193334174676338 546064821567599245212586398678817575573038906
1573906775737757029053612125330207746338964474 854441250740291080305737259132565963989072376
1644061322855705727852305627043267985836049225 250568181512039743474795428225984727801530947
2202348881559214107732933252113250909575623277 910484065861910383084539566530559158494960088
1125257696643956918640337879866614544652711208 847930922573645631829018552754112297397684413
1452779110997807078147257787779421532724315608 16939846325075187114515052933589366653180252
1316986967415173694119769334965496387530872164 360299539992183458844705050715335649230642816
1861129626058035131063523933402285760545763997 743413687360614464885458261955201659812793916
1735977130454799684316995090495838074101962801 134706599502669697167367205096431819510224908
2092688371145718047827301954951779114217683891 391131733847760477872152763363622945486493344
1390733848109631250253832638075953273325479796 715500796482526829110905084423696595567298082
1127772166404337391360401100619312473171038270 472468533364953566097787097038600437267484203
2051605989105017480564930558169599641399623400 432999314431159910348947270880564720198553201
1340318780040722812509758275292575036905296519 894542034544612947226714476901886215896171955
1983605404761665603009189885836383903089512463 482331507021529024642824923796979248640552101
1193272491860929264071116233235465460156263885 60521822191880625988102702485581898254396358
2071699180231411041950556499978358907442490560 1054285884110550090545185498044216825311991026
1149901239147663391138039908294688944441594536 769256011597417730932539154165003807226951332
1602431819625974946642480892585306281658738047 557872497310847292383410137837510935902224744
1402858573205653075892617198499624726088733967 580361517853156162456180883382337756970473434
2049764156060608196101058961930709899453569117 503979647353167048640679342431560810836004427
1381518353013404966713231449591648370856952399 470619859358863665670822546458238634129084328
1835951255260462033841590234771842074179045767 165027068175066489469749902966423098621216772
2076869465913532932465375544439805806657518073 924023478845517630966300376616341358069413749
1755536342633553187372005852259444021406891147 93889782464265233540696635237577470702516648
1403595866671451273391157738590631702551017952 547699080435681712134969894359325560158571927
2070779690752605108794624948958140165235032831 689066672817247230939333542428216716996875752
1383278617930644314327039175421378707576405601 531773504870509471062075195815852567193084652
1917199465737608077729086003275499336498352465 912413006422964789664073039082429138721215417
1876103272399300236487960041531794323469278087 372688562626379380796844639292361031082232020
1658392207399223424330187352658159935293699108 854946980473981068232395670032627281217406996
1655568115807484052352942332784050601998518276 1072952238811906639167439475922642094692653628
1910702447631344009582337006501855407288233937 440941583723929855476826582839298104755150675
1415089266381562687160527297620739570619764320 856202574912039984903136767118442502756436150
2162624018432760535887856741883582535914166900 1048906211473738835726729610449980494378083735
1265054304383347982774526210659951268060193794 371820260540423846166598809220444998598088632
1803528535257572198774134465388304855335961343 116151618564285395626405789734709445331152315
1760459153308253693363632026283120613394098263 120921074331445343472371402113667712799678227
1156540613937582615459987925579098469377037141 631268535800869292431615471863614102968106755
1818857169525562904769639984156342528498374155 314306296557156048391133540051053100778441093
1135190233569610002296127275949186699635639369 305184309523869587166437609784163321232097968
1677122591507885504288345065751407404280745933 516274660702178779605482185576160403135510361
1375814973556549999754455229928254042299409727 109541834873992299706120985760498493009463286
1617103900079692838248445478980635487838071061 507713718448174724204240889148718443901142814
1637332033961715412672471846745500483081318071 711854229986180295393771022504872267197084928
1789014936842938693080497628432405833343328042 475084760941498880014401010315546118631031536
2102736591150242890029614717479102267593947287 676092281331537405520354991695493971099920538
1506071276055228176884913599402989061272643011 512714031948629788265532529345617988801117335
1240179360045633163513654533506062513684954771 790592602900134445981473515753863101997578990
1361422355331859211679926122368119360509819702 921076857858116115862727291334953076638360229
1724059616326529597701554980572473746295401915 626531643121865089249238728772129874326602911
1488760072604303841428837298557487481512225740 934874582863494709266033120972212204596478455
2043571528549005856306460076666375427598438612 1069495707567832780367158507625675082141900156
1162314841264312828575008523245800193181466488 668720117746288778354201256222860372493861786
1287293959471849383919598941699139934504418258 426379993564785967140913561263461205557394737
1255612218331918282922540551869213333452378690 1045074726288066500884897216849882268540099519
1449964466706733167167369432539979975372334658 405121779925838180007605228679426450446781775
2124346498236348392312612723169044587714425797 363084685818025364916190474616472478953684765
2138033468589110030626921050635751360002034546 716501278259428313558382347086869920760702726
1906922752138911723321286761133004167766168786 1064502854803543791989764722481976875435086078
2031192003311208411757734005451292098415843691 228217375988008520001470671626954672370508639
1406436927782682299871385204618375320623749520 24359135509167085425926981489301208127304825
1943306763686584638685789064717919299283246838 614926256999034694442131969228760514296804264
2016323012908919379501807430520634646106365208 788620302002249210966756278535793329677541681
1975633752586302877255027972572314096500178318 475208361518195036771314451976811033929364554
2055784501319454208881718695129767387462223890 794403953357706609059037745136155965968003672
1614448099057087716333680165263007005526680779 385220215664401521517975193499993374989438284
1532366429152940933858813407164869742410324916 270364322141492663773050815297734940398688795
1217723323098334865076809444123394596202781435 405515448799090203397072127557766568587996498
2152094117513901686938533780004951125110977080 674996291727865396161536660985985672955086609
1201869998551851828289272905396135699587062586 464586844600797609797613876527066579890179456
1145833792082050820736495861479150728975607942 883003014778975957824529317869829481301735298
1465057673198807671511287209260517743918359436 753744915711085444141209450727818265899131497
1734997957232547458853988913643172636624507600 916608333430239547165606097908604191723549967
2045329355438033082658298754136977321147278127 1042528008696928474090334849021358420986630458
2134426920198939502390522289561117548561997112 332892262930548198235390012360519573596254256
1498290763247113329789580118466571129604199648 735917464513029525718589165653833175159250403
2152915074709249294401767416895198808991902177 61981027236046393283129029009540080316491235
1390708795077481412200053633234550445265119752 611740596217937930859139463869969541902126194
1402838013978660392328263975395745084725501945 1090147845148413761616457616745476936573635896
2042944157870422464238314810966560131050402438 453750988038370866457230087331895360692495000
2189581232615096988274449868196876015279139054 843447751366365496030418844261989799078267362
1431788941405637073735918301529962569835282471 154291712851824269604345681909530221459182353
1538822950187472826435101729268362948577957204 1020026302660741128009483787762249035279453156
1964638946357610564086752528247461895809158862 570872259843414625481912362617954596000007377
1246561115222747740544438049230054397751437553 854314461788884268231705507404160448364498156
1923533566406230778264392464773614945598406960 137136873049595890732322897704449620873367938
2025928544902313198545851035370846751855457455 562387307006128896226094047816898597963039394
1314207315281552543686405564019315672126547438 218813785731867325635298588588816063098748220
1312860688961859079984492194675997328155554844 882326732655904801134689388854404057461309231
1865794024342296093740322258373827925288636546 357267424782796277110992292360351755515574226
1884656677707633802360199672452329106193723765 933376337077551621456031737269120188756182366
2181437633683750848835089791924535014066855037 140402929219477284617995492047124295201547398
1479911147962724099987638294891089829271851585 522282808397325616588918476052575022325701804
1428846958842921366967447198941610851238358701 747542760271527497752792376851963731025751056
1151049272817875793097484711333534188866159090 689495430272435190644092206587667876318501833
1701042180565389984831556628591645660516122874 981681012156318732871613812026501735532725930
1929587937503482619616531455975576073756879859 261774191352195067867150344714023062306785557
2044727792896068940618197805734945752687826540 556614338155847986905617729650148803066233444
1803410547963297218784429505508423018901823043 1096610123685483978175721852953133146907975255
1840225855591094176063526082904921630731896234 32237114800197932054349513258707871304257752
1135765291391176247120366854204527477913341411 736406496366672900852844509253206653178318610
2003583430360226836413585353144191196307943462 49445834925119652632969537081767515604635261
2053380690465592471600947003882250319086739300 88753990479514977749285278021621940105973411
1129087006942308605009529953992277178474491379 99845594815906029793929579778814000694693398
1741106176687972068874797522629736127091997788 730142500181507632572079472012240924735646131
2138964645196920585077514818363579300824367175 589477449467256195820298283145364651087943800
1483799384279500618978447983609132720058140874 565564619029907786536468325575355844374687225
1309476969701179328422585058054774655935563327 1094007173272295107195623859830522150789248531
1442275722398462543990589620473139417501153503 988737029338563817951023413882784625797779435
1804561615330739870498903779207072529105804075 1065292504267266764725621815199918097153321253
2096409120442322730457671037501914989180558632 805077297975112140881002360179775767672621924
1795536901515685131377004864363121185602930715 655572780312621679480957675667140448628839564
1991740638216702342623573458449530410766252655 190534837697123550814362980773243127886628032
2067786012390058865907659611273978339611604232 1100438241984969477484016976371544698916746128
1918300381621939738418925504999979059402254412 1032305777388410306937593281304860416271661278
1464087059224639397678444617749981936945800131 68595256198755014701112182576447209586381250
1458196319112722455105821958141004051506288672 397311023411345386042482985366136379110384904
1623699025165030925367807811093359958373607048 51028128512947635901008359771238718341676585
1553290258863100212199871666074289336313888409 829658851529681107792425861093412196497367951
1813001549304668237074174431969855893562841882 475955353534428582051051305145201352802879931
1344304837067365476084997524022552208947739784 546683023731288373743135109171394997840020594
1584767667984051338053837607222051087196994889 336035753703450100151525168760583887884439400
1539350033763785216866403740289671067717300561 598021876909189217586405459178730712260038659
1938847909681920464644592606422166002981017173 82831506869635875605041122201272298844641302
1306826847702052128569021838982607494130716558 1007807479493058169898391636192302497072293510
1192824219091104680047023889108932148797600944 387451528457013188938895020448888226666256944
1275572162385497909427995612970731156577749320 213425694962677307380215842974226992807796337
1623190384438898135094299428044500138287983121 959470929860174335285283070606066335990121748
1738038076212971749763135671992502452109720025 3295555569586392528032451965955039346710946
1295539975944719790370941576055558003082619136 337033984172487881418674072652432536487684707
1605936561362332321746303046786019299995181930 838835670291373726857813872906733147583033938
1661988028103044695036915968929340947222796110 994105608898583447767842204441033684579353032
1937176422480930338241618974530114208043122026 872076908201655090419428662288259026674692932
1585495166847075211842840778523860175983293847 149496830518870131456941929538366724608868445
1868107273606908076770314581727533293627649868 49041562627886313666606470029236338258916001
1283461944177944918676638513929050328371771890 495462363118158805503433960301169459164543053
1671138149435935596221688917927668685104221038 958185659284790014126579571846201791514821272
1779750908897725212326573015764118209115240344 130677069794885897225137981512881748462542980
1158518174355534529314845163005556462462565983 957654608938789810856432233454996179635980752
1399807420197087487345244846781816182461142384 960119945634128252247512843809253645984045269
1213331159943658962012991405869484271615677596 1080891621623878421832751730658335266509088547
1286619390453454190076887545350140465745900395 539146071704008331978175225208115596445450326
1294209790454981187710277843710484706332178024 860085515920155131636829625333186370619973216
1990095550752569984391597116364390758999459587 706549956072391650530202062894746567984247588
1290812010041649765886866486401767136339829494 466529507169918809692170985509039077273374739
1337647311471912200735184160659371349449592388 185433900065412722311207620066796686799758834
1698590222546175139203007684085961271364572437 531987955960675751572461236065625402207339647
1958957301383784109482308535138810486800981939 169278031703342884564987472357400662664569993
1818357748779350837662451816335740940325307092 369524638170354253691427192511171186608842929
1928929494847688959348393931928748618703445667 844225623513100424766328431350839910154546438
1838192852869318720000563861302684779536007775 425554372961627189546726779317077157530598727
1899731502953694839855280076981776220879041960 1012747947110759587247643922471073488842048008
1401251656027453449637868020302024304524030719 728673092762980378242303344965862622595053020
2019052118478990806768771537175569061628058989 1046895917213469749634039662874701289143543938
1464058455689105099369536619474109985325943898 619686458179648160132905506129197694023787433
1117875095413019748270601283489649226317678756 834275043191963520014808123856912331438533979
1982601677174290660048078149521172474594424392 554456029277169019254526525481187169674696430
1653764247735226427546408128926981702349060509 412282350891151808729613872454402983727081765
1452132287864701710211917684497598286099249252 980545660775686673557173255019152251748364218
1968871835953993465578648875185038253591449766 223236217277024304009491578671095139837748796
2015747810016833026738078759086341669171246837 381090306908978284485149612544877554885952779
1919129424299095468146534219519350608786673600 567426418288341690864243284819920722260245013
2086578395593346765105794420563878348139014096 70107463756085427103286378340406059746672677
1829585781866742466137593022024993661979742070 931871204492305124211410069562360424216031749
2131133192380737239055983235710744624772369559 542600743286782798042811725727790719050418593
1478834492974531452695302119984949652284447107 769121218347339709110294957743847207693587422
2169573638420503602431801962892777710525718708 913857233046704213742404926138307416600097258
1149993572130109033284717437649598926520793959 655212093566176201187060044705775672425981347
1785364288557681241134446550471340778182718079 382725741591642097384041114815453343243784087
2116205318743395364046367488053138911332226756 122487193179649019675220245048948422009628064
2102453871894353413264578021685985905301924501 473762417982784723961624448751080980514672854
1999920977604158162908528311700091181744594501 603959147406869700513237719445388913778560140
2091009977782359410252447847365896930009387316 623058685010307987312501041688178086774578961
1412794337062156544936105777545551359351817050 807650275012656371967236600637334569712313838
1926745608009437973121621769647295903750518244 12138674722065459535495401702116639830956621
1200112106981326389234481121221739149188405339 281447677523633944275893887467979352519464030
1987850956862716374960729765847508583820585165 280835081815249840251798130747861032138143190
1830250850012657219901872740038189598747987848 647782466992327039427100378717154681537413787
1842147526955690238529969677938892648422223557 598973086465664569297392235182220348828676074
1712129686402368741272216834610101701727725146 335633012244222815913103799185530959429544355
1740227354326860085428528471673882951276496454 790072878200672457675155775732262534124012079
2034363943465587993503662972024044013982364200 780886522688375058037788843610632798287990768
2068286732693831027966353536386638070080372378 179110942264100787328471661360803003719515546
1648581246900932966979868936821290647597199076 223242398399154683517549311666520890964448670
1927282130445693765655265599510837413329866408 244160592432931588461823565592944342093870435
1564542251436621258940080686522852952081529699 1026232657565257531036526839239851107832141432
1578244942815970443638940743208196926342948846 394877589680930497469697532551345542389593011
2114574923756416076630059503274395583493792392 325005455581386902492309576402315070235837968
1747202553570634914426797730851602031427620542 223740792285315467610134014198210029830483626
1694259228054298969800767197891759275281348608 318821106547782160365867810685239831934947040
1195064129136192091470700227742357375271968569 888149978650037782685848246667372082523371864
2103287979979432933151562164078634325795553364 651098551352339886613947582785556368019126190
1648246087849689677695922599328878747025813952 226084222725166360311574757479956027260826893
1288233464077827683286422629478787814003837942 454413084442409345088194467604274179957859292
1437932023616089867028285739398447550937632369 892391104627078766511385990201113667069725757
1853572310229821901173067059701222474869549492 1029401910891174465331526755583049724920728883
2088466832651699777485291541092387263643034024 969461381117065137194706323734340224019964598
2087361629894961303577788820520690047065243608 174255931236853994826898500695785705536962405
2172697787231214242987933690037096769799671733 633024707303897269818429861116938612784632513
1802286191497062456962917444078423578481016359 836808509288269571682758831400759306389880310
2187788100247830271886451320237625785302204942 823664329341449044510069932303712293458678933
1368656562987541220213318726155290387979102719 831114596871279086514114776201930457120641626
1109488277925673516984711426634523002740265441 77874834027292803939422125126440184043449162
1857934554514005369544506666628907753253343827 364026044440097197245033869266640791852318596
1535728412484239323786515936006618312748641272 275393068394352638446574547352856514817725385
1742225460918439584259336811860076453869731244 633743841535728423962763019470403897477437830
1612734357416662571869227435620098822057433405 621717851822711757575645483193428987096973399
1163966556278230426264736577573825814560833038 723119224333279931895428562203224633054291429
1135984240000333419243098950475122010152507352 1020030773289499391834688654262797016790533972
2163758723996009087012130121488878620529360836 164575342056059765354242218460548920435954089
2177793665119491903832716618205254689182553434 222217386704336607926469034652584880538521140
1677997147049603665434435692311583219323094452 925136260785232319851034953072585900689347253
1935132303347525109666465565233159478588159863 670617811277823687119025540619522450225235374
2042116971272904938511332928210644298738637169 559786772626374531345439738997686350062326458
2064584400458967304577190587184516704956371717 250020427597942536028514930058780759711923208
1536053342310097606054002037639879241332427349 334766106714388295572725535902159462390556722
2119297819573890526219332182812538405069470642 875282242838972514718725657539274043448862640
1714020635574607808541211169454688834147171569 434050935830671288621449915858027479299001772
1782814414358361398826379297853603538916705098 256759424122679188622407184173099425027059151
1636147171997751494261109022282465013086137358 374393566855707119888820135739471463621337689
1797552389900217310042062832383767184730473365 604317065398568047152506299335718560156298743
1394680944187657020938319145585501961451707504 58034559624574394058474582037392915667373466
2091527709224171309318244700326556108702621744 687354826361164181253114592225329681486102212
1787341356071461948660670989192682774328810123 521387696562066110684840808312112599838394152
1927690879133059429052240477523857060504823302 11994292435246874626677490565289660001627386
2078305238972765684157518710652514674059276676 838128509317810163676690451520525230145677040
1263466200932277840455516248122081228383380334 35642864660463533151098477291814388106241588
1705357038145118737733893509115338157875839513 263191171225608450053612802460009765220135915
1787141235108565747323323631848287448337876699 187955567461464852542441439664228831882798324
2056424752090659726030050478680233050066435527 327356146684384737816859527134171849179509206
1841957368660491003989349208621138941051246072 121642009521109032743497780596064383790819736
1618051669262392867166470176396628075416116717 141447827120503744745980906997810961122635759
1621102683164973327429336138321487007284833411 777172714501230040593201607037113753928308107
1811339685459597880566179526455354102335654935 515866688462744752123397256202960514427184977
1218964319217687244283030537088543311225167965 27497319203686826348320212149563080281050004
2101184110193341664496418401578490258831456297 245532921356254484763569145626396893545570854
1730742450780692638705661774366096634529863210 207807108385016251732941648744862926442352670
1124376442951178619755968519840471722751755658 873931299630715214717091359096189978983750929
1789212562421333241667697127136600629549093813 706963432641597412587522927866958603832003560
1724171238802143269891274452565373947320733163 571148586988461917366995479254457400126007845
1419814068567575218543146823032399856393440780 987282820067585140883230614318361878189189720
1582873104162458424647575070769498744123392293 868956150971391495057581966413765597867854229
1226400160736405552795100561806574363064886679 447209783395298287851479077352528490660599465
1786962153761939443120431634370623988615725879 1041308396652190245434589512511931468501980929
1135208516620652057847510095804743538664944493 1190964008430057277065178563120166687097819
1983307536519806950174043057448993402596508686 551544179540475998267707731838074346823269319
1184246233567872841222384915390160032904845798 1040991117817400950550859453563554583052875215
1864347960478544531402201582032047690603260147 1061846888414932386597214831799914112787278855
1941026875740186398877096328189425187180241886 1052295771717469286338201750787520303197277806
1651901617529733895494447859796286139438866355 551769849933104268724091072039255742843314224
2088502420215252835507669899592815179818865684 908153880333844818782367749854960549362271368
1177190600889546366257983003937819361741438776 38430880409144681594160246300247047839860337
1872479632777676449517232589025360486376612647 644992422858219859162552255184149781108496511
1760391854916952150831682378167212452687318045 55841682689973518585608041691389435528230260
1119480650854442431841932343037256821019604416 725408507267788403450052300882133757027851083
1456650027527565305123693586678425524583357756 578936060122701862688836812651377952183957388
1587526587889086044185644194015484763214426626 97808712656300753451817758476480734334291630
1286705728494653299261035337849245141079919665 785301419150682259545846311216023405905202288
1595614353616567821683800740879428862665726628 1043259989186310486584506574577253137711118966
1932772796488609760548834701084374021468697761 327707997971278234558800725479998876339907901
2198458497807557716703053283116297610970574820 552760826176334751343721199436363798930325588
2084206301968359008213981636718094565384571788 414600580778764966399734065825233742550990316
1494469026985875694231339485597361700106851798 261655514230810600673359653107762095253811449
1820716078739839630189600123669170258395730460 390101649052910476220884827583934553209487961
1625577727644509828070487522374164049713056699 766906126765977028506534484596676285142795374
1119338287115900494124072067618303728732727901 789625766231095334865925580177070501147717071
2133169689868211642257265140148721144134445564 522040250356156429616052510270190471067601248
1466454851861240663306108655649221715460694397 461833202325526303386148344109435380880812758
1519626343418399812125004515996555589016923863 538490738127289694274848833917892263592181286
1333533346452673759909717180726699558009640011 326038604188309520657513721048072224568730634
1779991280289806710395528702212831905846484739 322677690667364753151900816682110381801359404
1811010093881104019347636205377128088349355137 715389446561869341566363352858008746881918739
1928830022795645002649833524102471628952655556 830908923489028080487730758353573362700166481
1832574224184204791481880631282387731320731313 205666392890898930424742476274675222667599281
1778190461708064774401825384636903614936425949 43407429845543210647560670519424425031283515
2059382799942238646362149131771688299794915913 743583224785626438287034977193821736087573264
1611597924622073164949867248173410754905052517 273032092871455814473269930984446007834251669
1119142676790865647884357354593644585102744884 556927153001426030008124827874717743477545669
2104593760538556694758464405929934000400424290 756736450069927652010647688846355085575354832
1641338332180610590391698908969682035854529594 360593802933093221822056343244299229982657295
1997525312706284589761317459072206595797914238 889601560791417608215913782342862733403425538
1348896562192116527777720170743462517135240710 270711087048881819179896654541647749648845194
2024381664420195843984629308795862791345258085 199288866559064950257828765485389561608399299
1885469253284293413252296703086817169297451059 89548799390287616946472068251078626806689136
1724525123756075437792527024511415761381906457 288220495132033774633859599149038258598575007
1695996193146918340830384596584544447383020367 405294494043383707224059649328420332927554626
1199506303960243231365306189090245583966193552 708169667462777011278977322855346902542164250
1340685305653156702927988713092043312987964148 556156532977170589766524060995958707333049797
1832633105302512936694637269708635987015829031 265230185397368204947067728513230520365225376
2141515314744944391020551681525637575692864008 906125292932393533380379994145212768901165854
1478226074452391463985978951083180626692798221 165835374962901204861093568468717615832945090
1350162763529917825319031010902982476304352355 949802365154371132413751455908997759824252189
1449917097508755423353725830976480619475588167 557923947044199895842441176394754829511441566
1913560822882538662988518807924437494397703760 759383015709146449893262768124795198565014603
1954600271426989968335206942270798835931097280 698993317623037077777825452516171598319635689
1294749450538576246458511455694320281466074406 1065676706285128221069247246210301228553776345
1186382349465841854850233623296040010760941679 925223066376539616229886740884206954193134320
1565111443055875195543401520499769605360021642 344838487125012478340792055321676973951888502
1445557149031367851458069677383794236940193640 953455404430021574755008856965262810928394015
2122611452758712802210936834293561405738271950 1050038495901757986997109186140899916387425719
1185039747343715284069735134050368867168959038 858325032998381024170599031368277007819372429
2193709884705220334466476670252248722976312491 687289929487613199708982012804339264438847918
2130623683385417672676861526460675989326617255 961876750745698696429242572538839394785878212
1210664757370759989363478678820459019982741242 874492376516223714647652479309578441634733033
1652394337998743952390822677395304507522245469 234622793192299119154028558455752197443231578
1790858597534339428582998957374465291658003304 726670330307507515812659538861426646005660551
2121571830302168081891811368115860672529183049 279394133155585517636372918196232917607029759
1737707596709523992596729957048097477823341673 405411441714897630739086513846125352447957859
2021648285710554417645117059073245799154831162 267603584811384302125611031762808764644835368
2083025930416803273648178140363350793817243691 997748479308084125514521840107546208101858068
2115497461492042457779036220779276569088340613 301325792913343039310923360678072789142685253
1996199444336237704902880310731865492182650447 346740190904720980812847967480642717205970064
2154110833473681870070973609719677859702412045 457704267128447690379191175292358423168172284
1663164913969736143032729292216548621861922739 276566392371503280389035131023263066267154319
1960480099348398003461330028850878356053039560 274439686115851038843557809372548790549787916
1459106105541394688774502695241779131888914948 1069084023890169117016736324898220558616375221
1931152850936359267556326747306313839935762857 898337426188402797940405499933935091734086783
1917963552255663821646651022234823593845214476 894725605538575714294787284624846872950111773
1265855845997238009068508108185765989573589917 606217017150289099688523725784568322716648364
1411768185595035857316292658189206663349347980 467242607427558814286151247851027943781896925
1871712881604349989934664996947717629365823303 393404284310890807231942672752801283174298166
1219955676825329066861653172587587505819297449 130692297901932262081718139200589231200245194
1261283399966249069540164103645368714807278302 1015408088966807276688529946368121422635864114
1474963375225253050261958447557403776073819320 351258077133483898207374160334262179468367251
1573966663698856475475325879483255250503749792 259813450457606431778564808622734568413302936
1878178793258328023194645453770010066214577502 604631731852949530737076004126044631573778585
2042324024293254885824223108777577967746798549 983924090334435342487399614205383064668906040
1593705747448023911075020324814503146929863560 187833785137883716610801044145206907553981475
2070907435505327965696105770585579577035695172 503990698557510918466709901323228544974974277
1254512910455060688063823230348452698888186877 1029290650427576472008229818176770118932678390
1806055578263521814059404283103341101588795062 670223536687250400376321805845447065822210425
1124764598855583787585897564074809245786641492 555674224725570880277189827380692396837669054
2188419205151422525410229781054333106135946240 723585277080909064694236002042289201996194282
1347061327578649782975730411364057290389968632 920302162637838531633492436520275142511420361
2001421665861342711222039685497747329896403495 348303357485739725972034605805700842770453887
1767261185483654078414872776289936451394018076 1067216432041897578880097004883882876407175941
1789433970294033089929053746676357252218511483 249848656094506589577272529928707226759836982
1403740465651208429442499385177622474338472961 172169509087229995242581731881390683654534126
1139927778416934579119926961865458848439136407 98076413402431782290067862990544085192544500
1423735594379027865985234853626610261635403461 800784307117816230449227534787529292304153743
1658055062033789608816760155981646192160724094 699121621122373969232741907160105531570774108
1873452455167848775125505060929337535616320759 1085322471889694395986338652206310559333081004
1827982037270251184319811416343677722370647022 1300192603270248702150618823968327178528272
2167436810727463146929312567725279951088518558 316107743160190335749862749754556204358277903
1357787782176533965042178428703855116061187939 170675262296373798819539493408858490272631441
1696356939469308057766484948034671982510956630 995849008573271335523307125902765648621424528
2121809925716475193778813852346147954803538545 707323297091034091345361564712371926474676425
1562797127861275749879579254140160200215999894 1042434284989226616582328331050913642394663601
2061123099205977418984061771849295083184958897 887809056434328260668349372556487416486182812
1768291425819590651998078226979327779616906609 334226970514396508429810743178391821653899864
1546074128872436652392972270629530648566105320 539437358960047522101134126679628523894199827
1145185756788271142845924174703843732047055895 178465598543249167172158048006524737323418374
1836067753827496730341702931817270785149401548 397695763338666504648463081722793058446368510
1175160503342216238712398124166578372251714864 660318489876962923160040442654325660096145821
1275456512732132640672611011105881356739513767 623888058696741741353847898297430568922074348
1985295283749627600807214525788188670701729806 898839344762705858183033835101779378399283440
1443831884949326603290613535301851595884772360 517474486530609007787409901565405525764008968
1455266201447657534966562635562576243719672841 911822321792130946758458777388897424488914044
1485428950869323052573347146867908154043928172 604914220628299844026146622187271050742899692
1600904828616456847709077826700599680329862391 35342844799849552155470513322254793755499478
1830314308042644270604140134758527757922057775 797129502193530202025480979332972318958605073
1687698143601088735445978939403629905370629660 513727584338887832579495265036372737281565314
1136214276219914739331253407848943964969584680 288491124862777337097121048824019967909209260
1253194628032496069810006547035403539666939759 203390826430065232523618186325964530886744337
1359790566411284416469582669306089256751133392 878643777704321299493216196008789488690243590
1522934786766600633767043714848558702653521107 28350291001452785012253842565922861996522069
1633152613079947364804753861907155417967998324 159704077311926925902888844840320134181863452
2026358714662828676838304751373983234775151985 542344170593320912188020290452943507190345889
2005723208790942097315961728515238681013353976 1021668560174229219563363274181895780046285046
1974347529131017387178280267367123738258629124 763549760106998560671686892686142974724063604
2168417372219514133950607826296133185264682091 998119872595595444585684522036803351559418752
1971644537308636941348068458657473777246136133 61862363923518361832893097117696400068082835
1411665541820694166156700386012155020312694479 182797737332074808727822160143597801884806321
1894704849725903563306317710208357166891365604 11268439273841672460693897935076856851401029
1752220377634677879015544297326780050180788143 757171317380783918314456028442203924055925532
1985818853996686808328412008894049884499597085 759858299981142195502587251293349080396984880
1331332368701727702928235215744829813870226035 850979384033848556072405550056431113862777771
1933360374214049997331884521007237552961208678 1039395673704817578907827816758723377425712606
1505441746111797348001217718478713984263718931 853997893059843809598837865074716064324729821
1453947813072461779470788836586484888712101564 322952555994024801195253980979896136387844517
2000712164438713326943443056917540409523936858 561672041252952245607140887951286283523076949
1361785105665279276829883059907805444855988301 196526808128176355342842741732090490679304877
1935731029353443722671245419618405441140161735 863151047397521999906078223745429146160890017
1738302680524087261897024927570721502827178586 1105812346346591612959158202963888229827347711
2048641915033756894715137623441016472305755496 197048140865192219735483413704479036478663090
1131412659326945888875778312475165486029291298 831968351924089218941252353263676751122888393
1894099913258426968027626988122185577183153965 225685197335681853480599623615906521933409788
1682670470590360005886833340404151353813997306 1090621793751314175412545498201890548568252539
1946652206371166206738067298191227086704071855 964736473920052699823192672834858967766638332
1149626236776606850909878819892475291927234284 282345782150870842752442442872536236223658441
1245750785438393393868771748062142597068633991 937987809157436711975631048056718387536741197
1136990671485550197620848637863560251719243892 297014230060352810517120150201435111643777044
1944236700576327145254687461673332649496674435 1094382334552970425068868265850583178429898349
1855266519857867534718291027608280302360344239 695535925380150200315351305707557362103728286
2021444685901100707136662739174337019309204023 1074784013886642483047084875150705002847379647
1113678100249924926753741578841118453657358674 621112814927025572763873071653657379088151581
1475857668096232294524197451727361471913857106 262534875453771886019456180975757350285008946
1541312316488680138841014559798530915940151689 137092837796569862349625580463020396273080312
2213719578730636342769769268430756831082111592 204728654097531663532671820232980030436389442
1316464944030629310604892363367618002836824260 577658107816758986795961804665535854265837746
1521621649421772005605786750361080357462720490 138385349878613984960661486864176009792482460
1762078413895591490985431367708865173656863415 572169138992123033322670664293298351605366712
1220313184724831504447073366760393003808375545 299998421374840081355337310406874293467556969
1610830299315550060016909273325199774178122180 1100421241825787925495907553191331902799619075
2142717095374391448758100205980990250656403990 263532100916985306413092526385611570208721230
1145451178511126435836309791993181134120113431 186318079778307550715079994624229541698850680
1559058582163126752264723268806883611446303323 380118590089433263914835398926904555771505475
1959491899893322176768041431996634728665872924 867666568139818041889249233371897637436600907
1963671232046644266244615702359082637710094469 504103530306908461756669900761907347215593602
1396845908167050261540067537898911001523747901 844864969478384049447841893657904846403802826
2110368930534651686454648329291260688140497869 55577808651197602255009656578931741126219087
1535734117943364025617253447640863510199027474 88294762859842568502630951154283145630616632
1478933279359843631931494535509772644920618615 528356369265634518167204083827998627734595718
1776285880092920781063099516572321629799744521 862002922997958064055714609869473630967971271
1529405451792447707519923795838722591410532066 631405456421925468237279083473769457061937969
2096661271872564694171801772250083157664934512 925525559631381559598696199653157736488583722
1385205786387823075194095486782441226154426256 736582141385199578326924723081153593563795179
1705198604811280630165794902565890738540268178 813377301940000144542452091598392900969912130
2122856108115420123040189918101232687212251953 1021790297370299831191327416666218054430562884
1592379477897099651315895639926488063222862646 482924981579657134179790241405938193570957529
1753656715860135726540033217103738661436726007 160229066139262534438110519627608791972450218
1308485781963372121593665398067750660506941275 1075342096317201508391938166285413869068932415
1669393497920730375004504311597789375084156383 831366824398088369634955167132124536801825442
2064489272698215493915583372946810009170215653 535465167761984803154020578309647419141446534
1720442039088571253889856694740047387326679584 663466109704517287801065633330108422601890048
2186384756092874860405965477749356887323200764 71991469762434397243787391258900237896781904
1557266752738037893887718801457577687896187647 523761278022275567001182049409814608937206673
2155929457253882565051958755056155401681174181 482754014190023353461654330573119025431339834
2184486762902203574110645965705208413226864872 706356500489635389015594803673160934523156632
1341946939882194192799844356470421517106407416 204772713171968223205790377937201797468088230
1449628101263888165280802032119209985883015454 687149692777635017400590235728247722371412167
2213119592495449053887540234187810745724769328 1067595404898339457890463940314841340155777245
2195548903753302885582546366310403573490265667 201377755381490070484589165410854455703890049
1701064794703697642379534312548452623978334368 196004814155481568830239102091993523915455115
1920631347835429585578803353220889670927081958 245164011478379177812927487398913094881418096
1418202362495045801322370307908725868881070719 235309830748812974230811775771157414976636593
2167054537976159936237342556325345752137466866 1050205199272017988820572639979346749197163716
2071762448935967676068176941696771634775262998 1057886565136821713294753943688103218219850602
1747863971117770738069599283051893485900486444 326829053706404179711002368843135007583543202
1220739933595981974183647929338341554125755690 244572188969091586686254916780114649311085266
1884748162285868739225466385354319848426800286 92736613009872306749966921359324503902229150
1366186230359976244329447939658104425323696159 337879288720892580905348935280820532409615675
1522727078914940355138591358753288564380713345 789659801465131905820348411379526337321804079
1343417065529743581825112724761460800875254772 24712297924963521886014729523690996662923840
1265391887179367997229477816348450655080520269 1008972617341017676417563849596128254021816193
1917888181963907344284753467873520417279766445 901937798679128733923023785384815784629037545
1861934805115829919975926548168963605038078609 1056193489400013963356187909781417265396229554
1260460608202223893721221620653276511685063059 161287969670116515185709639972934819194269515
2171174318517613512040094587428570243169465715 878056769182540890387988971094296116362967655
1540153099029811614815150166980555880586088401 280531078594053366716729580897084358426793342
1824028085051553534779617171960412169638500021 879485850122967271522512948211608190244943021
1395849260494552064563795165433579201888244034 253604789023410327061241388699183020382658795
2090530892205853121234146620236676064610030249 148866498967959349673931470078216226292560782
1923113081708745571869118109051834399507547685 153115788476577844323194737227928832202055622
1324590726768774352695148740374893842907276462 739466677979630105033689091451549660582933951
1317351467093729561322727988171362082529154447 605818962717234487831961795059506245293492441
2101733686517754695344913509509255248152284612 959714059903966729079304143881198596274268528
1443348841699299939754637635248322898396486993 591418305986518776898696124352400524754427040
1417292391114714710986521726515928915006222629 326682061869925631724458391398325963852669565
2045683439751965564189382150197489126448342717 221462902275025421159080854043416107506186837
1369657870635999602863313947531766306119791412 139110864148357296736039785846220299795746374
1890414080971374136914538577540960319721482781 178265808598914334856753149459782012351442441
2066133414878903308226643190977657265817835967 541052965612190049013456432503319420244774988
2076712616031713837341352921739225548254352674 2018532120426344582036144691811367665750112
1540181824312474550850090873941087097991721359 155462090042223993013906797665079458445201381
1554372542992918356778252026523204714272901126 691066668637232784537642486525382644179824835
1515960247591583092563863707703165269490039366 784740040372081279803790107674205578959636185
1601607396508499242351977532796248618521357104 553381291149175933260923214561789731886885415
1657239591075285302404427720631104696836713840 221992274480546164626484302045598788372674540
1867451055757970494359628711802112897045079072 110942209258619952935832555640036937608990870
2194154548033540577537263741278038598669006393 336500197713047528695736849254480277319670688
1967592817808128377411347152059254830903178022 170201858869825172078561927273909109355112497
1696935527541354981652128883502213344838831607 158089157976291345265125955457332236677584352
1674619394182955368844217635362306626612669275 379127370064079112547299345950975671989937705
2063199745033892726319724314147915677756738466 1064306560336346579964476567204306100181980500
2067645844111422824633666313452654690074476663 416129907845155012217183104354145946842280914
1881538213276215438526172211092180699257642127 167159631077235935729017385963110955798517578
1711171104030754665541612449485723780371468899 671874296008747868143751399971005715633976425
2072217686947356234188956657459997772032929288 421946150525788147873734804511898410369122859
1173401100323947366922453538394122400801466745 622899149755392143729344834369492515410509604
1432651922082434603194710416628901868506156721 448716291099651407524829555492305900288116785
1593185922113308975369293184501994542404535838 758467851343366053598717312742049843603682646
1959525064405009452523686587064901468764712466 143028592125288203683968434465833268320418978
2016958677693047988095858870888872337366561407 235719378106484532855587414040343465488838374
1721523049518350082944079094198800665768939838 894635564025238345776970776378762468666658090
1708397227270550772929066637460503390599362697 1079194861727308535879190706983087677422800332
1930426273184915404218824153939792999873696478 1067312327070580240123224992112221040324918462
1997046625501923116341132791701759310895582425 574163601064476080612515441013522339017930573
1783812338755312348209737226203005181547396327 223261356725394303828465410202555399416761644
1760863154903199242956745086241746913731913755 794738634060709640667221579362021596858259745
2130001280231757274738553674892730067908202656 1027199640674995186370168855445498119250816628
2098741292108832798838889469666600534582521261 114754915959114282632454898304563455749892050
1776216004850975506033386579908043811947114242 502849320997329505721900080560091110801476354
1301758095130479402893077304983899156945941357 99737685352557488357271787509774423838449218
1241681390788898055636117089737693889563572583 1069275944285472293774930922299911223819552575
1128162150974574509987446732642691614698434000 701889741707768888499666291441661753437191310
1943806834066797051582634302040447079313046093 267031491402259517806966247665938626084712385
1752794096172822964633659557449808833269346283 199791798089552869752062600644967660744660756
1789174376843539684636859028363928958381058231 903794495926105952384877588553624273834597544
1719111381870327541224175184219550653141228142 1064269704219875500332611718545429895021512252
2095706382519799310045355204479676905559922043 332697526694826465028260354602395678997831369
1653794676961905400926145456361352784464349393 425978084061220865316092497065431953737305399
1190985722276656965782195112456139958650180492 486069045714420199358950527698237559094528196
1150499993511408012410031184867484820052069140 830190590547697338325241033965914520108986272
2077444875744068785994105463015264938521161441 1015474702135933548654967524200070664157171217
2049991883702674955287426644816685766226110352 406215177556195815138509979645114265574497704
1200305256949090009884197883608415217315874263 195788491728414293401905093167913895560421563
1415441800885483626595668642850016183853169593 994821625908038415893106652284804478225913578
1475210234782164526260951494338805094607019750 472597425252414988599839777511112587629681018
1653814410552707083058972287374742630549586066 15164095341068218910883921966466107860574906
1855880254095454837781684905198810570282999824 1042941511537450743842137894010644561063675697
1308009516634424777361173764507065179562755119 505714060756525649534231663188305600510844342
1834003103026536758558487859135436882444369848 1098654020258739848500728838868590013043997050
1759999766834655228448048002568995774185029595 1060023214595171955121749278211895511358366661
1462800605809031727171673575934673479320371569 122266460228893312023121384049035762035641339
1253998985935481108666884226391899858710329536 369752392557810086791017492702720095031157122
1737545256755096234100969978976918834905031458 476575692535472545585198200728684622058015622
1483607368300645880513791188056755161669041407 657561481524564950780612927454219093254783697
1821793146418184117201159991032133142688777777 507423869329188907993969696531560224901828601
1816736172627966528488673608416517138463314475 754929030828389791318484612744186601961655801
1771872716338197791544890662149465108341567737 1079449812208089534182836835800841403331304294
1163073510473758851969167442207062521088959448 546716088172364899605633254229769674053129243
1587093263903437845512204145035145563975511814 1094274015683493529889319651420060626720920903
1907251922763571327665260073255766867253731029 224364484510522252888423692566332095276377720
1666687545351505763365907661053936079694645641 264588551234382273047371069856373269393225638
2081992981439416215134600292263313720081233136 408928246845482658919412669806476875680756187
1290030207488768144730658040014561721259284888 494907867224099399465017415022231702971033341
1432195959350525221666884846337583715795067074 517994083780413451304285983829162443711704831
1282841656188645820780937017284111193167991401 738472570399530050540526613617849348969369887
1172296519151525424255930478735001686232552184 415966131480751717288794469823534307351904120
1572267662719356649255267969555545105825303396 310646609750718493095790271692326219875644016
1909248720783017129430611760464674783592834944 472526768232236115307713651251389371596980248
2137914795891569105134818978427780907686437765 489620955381677380476388785256249961496774958
1962136206654742626973697578091986918737695669 534998524780131521179277965349921475154171080
1708231409359506083868362552385683631038425434 4571680912132752206730575934103408612589990
1642241377881983340031297848247881277755874829 570396673550925125423758194948469808459641940
1479576320885619688850917359412293251811029021 25570618828467856403116363818400533139977104
1355805685693476611464403130417932397838415006 145813641144174722694769028457833308785780796
1625127402550821597195896025181219973877345688 894297167645204429782796738285490632235161778
1935615897671229983254551937567356056069811602 390128337351309317830735070248068036496641259
1725243864010148337559670936330755149335981182 2499977282281986976986205311291693152970329
2016229193954220772409272060736290404280143317 425461994940288602620619271389712390930791131
1430632752350983644876449666831621558804284006 801679585196866611845100271017129556617747317
1894777086382357500294411852095656179713385260 815439720654765103298839378214090406395839685
2003318781808945604315423135048265722662798526 695489909666345483191590486621919381636769636
1241026634890571738989003463280139530543398177 298666826410638752532472695444682426489188551
1402379183124586242860430250194170609551379151 288970466508637432957968075433381023795961575
1468633017363035015963369501425581531550886211 617794412275303763601298155482844449170774477
1718051783616156488806823044993014499634837547 556003008273683061727854094474361137799306125
1202634871531097602531040828172806582235249993 859495755646765753184860600140308975883896314
1898011755154321113155288765538186240532720051 424663633448325533547211646114927994163257688
2136136054119825017040437831046542766445194025 1035084067873128336938037853032011144497694286
2203783064732605917410529741398948969991487028 597262524174886214864263025746222148631862713
1258879670306101789880553849705491109172146401 1074817084432942334975911713592470929948599895
1734866657058055247622001367114579233807064719 212187043818919680045497413528928585010289143
1963792913341012835323982008511512744986609504 531662582907569064289376035472483493216297791
1163999625898747157793938454897072568148394417 439924596374488972501562315682018698872992968
1827135406411415435566085511282690774124125208 657917458389269641623671865111944055429610527
1385584337158842343077276186466893212734890916 1104928162070107634458882127087316312801192178
2031472258076085038537838814650212469710113962 393121193107663059290949902265226060199686521
1285957228851183072923672737140625416471828826 381304868609892468440714146204909306229520184
1613718710159970400847508270686984571202040972 635132805646534648521724277609135828258051774
2103403651587452256426721658241579658106548402 510959605393382216898376062508354684691992389
1566830263409031748173890391336934351785724239 56528146191886611673933455998487158791454429
1367720634418547284066885409829297524920123398 548678160093576515055489207079752529113157595
1248589479726387228934767118057426772816326002 107190373237833865349444933678107521641316750
1584176807579646889034431386227102392036903938 147279531386657504697388464971826709335156473
1184302290123454338309995263511291250311811458 850345985020222041533411731542466446353826032
1186813697574902222506588936743805970262000789 418819158397690200976016778740419923671118391
1947597566979988629058732405607708112257413463 982697841825441917612905422542089879375696142
1703903819801158419225714606808777379215414395 404811939262611660248906203022831356766915537
1755563636756960882722777390050241415138090784 850772068213881592077652532996193678552255314
2181940794282526191580826323422901063818008334 77553467767899309399214029055020782898559339
1165408670815872090153887123279260305185556556 493374854647287940502902680475371184285525649
1940001048214551189931684205341705996854757161 300973936014003098522895426187260305429634198
1399509390505682671885320071982469542866335564 556625624245982316541713980239392933445203954
1230232219227086685844969162774778440895176054 234481771471548431200583175692654319571552867
1387035369342522517119604197961790269991708189 351553739681884023373108368882494684675282467
1796205193019757724883145914060708528844142712 423868035295852124624969773156054191895409528
1473506935644747938587306053424184754267757655 394804515158137332437647442112961335114798397
1587999267506098600484779805760280935600057905 52934200941648470420455469465643440940530352
1465478748957622679750462455701769319160413920 143571409473433048895562840752388951313739469
1238910108791712109009963869669013447043893845 472381233894163128430710562849415506758507976
1525212044791230919146480570331702194110011905 96509584736015204112016400030576131939798640
1151103787105941132393339225172283908880570324 893145688188816267359723421987389272269863816
1575967858112397701030520912652794742989152114 17882815901027914130688904879874275920192283
2045277803550542730572329314308917126042867373 32393434806433857362114272150824422870991699
1354705419567199150671675450788825779471012762 637853211777645943139148856953680890114202868
2213685825960335351201284043674294435667889133 640590074398289741920538236529160218587368424
2076772214372485726058268219514492429920847883 22820258228792695257041194211991479782570677
1843191586122648805250509792419665318352054090 619587138539732527575687094142607454022069834
2117231406381602171397071247376964394965117895 131746920280761961847735152978257601661846633
1967099506178933848674961925120418575776435129 888279818207164735783366554665471074716368313
1549712951984523948748757789940811209146273042 964144467681943224349033566506303337108267138
1335091414630284615510964986869852001621829663 698697682136316126042458721523209913810745258
1750053172336912265969194920565166787591042529 406725474709214485996725348402601331370954293
1717422718241519375365473235234327520576594138 925038120679970553904880200400939636974837679
1293144873480448448884622172615535082539188484 499826185784248490453409821588462515033485084
1520669590907099790280008594119143163489974766 24937263621614785157490134226866747346957031
1317160201830031869374259791965466742678837965 708080722168277023147920672631357035634253141
1264386425391730677441923429289021127874324866 150326888313489042571203950026332383603674930
1327475909306752699219835237817786024474027900 8000623601705403952722012120663593922292247
1610495090356524187880626443367790861586570998 817167365120215829497917568020184904603427574
2176454692054862477805322713530993007615716301 119167565065965530414287382747631635822387355
1652577767260773800610407882997465012973068809 159937062350321124400530947262801479086813609
2006112688043314134908445869311794295108162080 29220528340657719353284013172692043604099921
1401500848536893995978017000832985595291011437 816041915990704346038267892823266501675589990
1349020992400401040842331059942232084858756340 1052188810642577238016214530354595742703714722
1679654836871687528239753735579260972715461482 367277029208854438573011503854998353877374644
1635753596504207063483835199627435404085943274 161171439797080905032011403241035137281431293
1843894301188179955000530585555535896018011317 1035314068726080355940905204125505257133417071
1848650395590308029261671141080234738455193042 390179645545506060250305458022970835758940646
1348785847341798868935430063092496052998594531 957544318655119883749999785971034236879998423
1552580696282857766769913923845917159315526945 472102691231570678937008731304031087135979449
1258150192579764272076426523135782650608991104 163263592102767420502221477482876924060008039
1711609373412297051668292653444272653576001633 454115488876868453720360540107339199370794253
1904715037686300290263629107546630174179189149 651208292416057762765733817498516106607447177
1111435778210524954195436683405488027240604922 193381194514359021717346976551415653065661810
1934498165975078850127621818115366077303797988 193591139890517376536535792982742767801083178
1297104854276452332121769032647506252994302752 1087932623968667501587803063045650756127744399
1867240044791771773711173728644863601352537603 246789174120156548230231460953677606220453622
1362819684399361754660927698749018953110674874 291532114137307554215132415605206518911147066
1269631013283268635156171509889226849792504061 340626538485261252510821216830532695016471040
1871849155558999214326530622106216018449876307 539674034191164976680036625031738118457856625
2019928845360800765359518265455223910727256033 312538976200047887295309461332301186515538853
1320603823556001572174852935398966075465348430 594874260409919384610680179809291389786989907
1551644411588008475843390149544485429524608957 345976185473573497885385180832051889500055424
1157946649386642493127691034939068440095626104 1038888251289401623780560464038533237367803477
1132242878830570652831773000475371507847696019 590747309074099720811785330991593367877539584
1162050014103106503878175567687010063427955984 420590939817278309678334457170176210440613170
2174241751081121785366936780198544891327731766 679183256577240744124276215383088847066482372
1497679943628552935954874107239401106544900377 529600979236452331675723136047942212849626298
1322556425960497262505619278819932670281967072 522391646023126587548310396416197760915938152
1983578754923113143666101548908369663216497282 851193844194961912769330835433200658787308060
1669402266249975301132116068823100743958480395 433828168791424427521542366674884760988344522
1589165750320498801163454176608066205000434723 14619156096102908738636740776701250193916490
1524855687446899570688506742813100915592810612 506923423744601865821795043577414195861260196
1471146103374583592205061936600398087573202830 157474960454383203093143553988774358153715314
1527671861257284811562301812182712810809060876 891152369260960282365963895612457810938655010
1156602614951679632207762056723163696139963745 561723108283972616653446907775720952564718396
1883918449669110748204974516823752635494946739 125490303130247770333207058573742748972233284
1761524729105543244372328126571723418429766931 340605804075526746379412978740544103741834466
1187148557824127664255638534584427104127378487 402279099189353848013187504249866071404204173
2122050948911262675876754713350312834194857039 10264946920344996490053787308551134842352776
1202312572149387182543073049208126250816881912 341235662925985578027837466417446789969679551
1986497897048927878982013894032915298121374045 1059894936910966552771929018730118184175571483
1470342378277536289477035616413150743899396803 535079511061969462872542614449829014282104932
1470126333304079591582957372191080456167569950 250414976067959724390820173521123486838492830
1208025484457432409096252069319828635112360063 326096088858930393652831103106109902018871070
1891540559997733548531999219477207440347889324 375691967296496902444676535764008415329473097
1798098795170100286018154959244039933217002222 585437351513471504372378246451123049608230972
2193576246299893022857638273039917563294784908 986920064379570024423139377089273707982916712
1607445083827196512354286313695119318035242891 935696888644901669393443007112207629146501012
2083475685780553206953735476512207860396096864 1063153422025317079863869379159515324690644604
1337701796870453298304820132959375989987727985 662239065388111538397638892763137612237154110
1392658502709676955579099099526515500298032077 454220120458604357835259250899189001136010308
2208300105208780324666584279524510258270038056 739769525714143484939886205832702315132017103
1508614577187949797516230413625283864827677917 928885568807740939149874330103681822088685299
1460410544141730362952197443484016417745728957 1064527973918355148198393344698729844527390401
1809822675853011545496254374261582735253402381 867336060155939122276510091491879433803508965
1223823136351257060857171055543476894529601012 979047338937984713837273161021494723766876961
1884764429999870582979829402346502164798521292 344178316339328692359247689248534998911819064
2165107164008459790639172628885646174830388214 715518286047842405061610833282357956047588047
1381851015904975506622122765185088927326529368 682848497852368357815030131952321603542155361
2168660088568771960878604626946716527792463565 291897860126173458631857850875992506695239217
2096405262430285821145011364116149302874911631 75763253384983808332398646780577489484148687
1332074384421446128991664265745141455106871428 559222638875701113285562351792507784235486032
1123793200851648168130111364535505240401303338 97869468135146585458225230209427280668306956
1269141447736173182873267808303769612002555149 1095074923196208830805096211435988366466004976
1359017069074320216858915461655443638132197069 246316566858989324183281014267176417586406011
1621348957440025187507183244258211799705351734 619114514387693783706454843810433576276375633
1809131276383523565426963172789548502027490667 1069047816202094257094916342945249897289955289
1257494027416758378972756644531671778156676151 658263246242252908101222312565258244755562211
1347781019258580945530391167104309783837177760 957239568858122824845014494873051350538427151
1985450346602954935105558922890822611673020465 247162452623125475249672020096990461811019362
1486407145161892068320618924969595366479403954 158882073167782572650172733346363582681312221
1833192126594865841484470316545706433703452675 677879570894109171638319902466410186599749860
1689806972303955798895065378423930518104909853 672296255338650340042199195727076600123820581
1815912636342803578586030019229822059437000111 713523236485508029255503159705333472940729437
1674947430591864900099104596482888935285200881 508631633930007706190068690713635862102058996
2207800012701605468147513382330961150979030479 752750328657911572067127589881868219099726731
2205180809175104593947945332991666782573093396 862046458774371262030126881988621240452458119
2120005468468186181618775984559559956501393622 94001821843363368719233774934682132033250310
1778525258938888966064570181954423409815550929 158038556085799893409871362987328171716304804
1356708827768164546408671217287458999303783935 766760180988102654318789910809163671027847715
1359807289586429607091556832233612131674306866 495732418383687741688919527229298742613710616
1379172696951851753698073045186642852630825791 752129977542345433525907998591645494886386227
1796529620654523165307278962826078926035887995 1084149930999955325311948950228260622355128206
1379700804486067004809313148854487583966638611 64687292465433554791234329249870438428667116
1838003555352190513436682938115107306153230792 598624290332506344307799065561098510173824246
1232319616428828436354180106333106034895857332 324141854865012696338994723455859171584149265
1950762967306369760533674112199148547198193105 1051535506846835348381342683522858881602193070
1438858174119438534069520351749516075545150953 635704303368482664832934322705220577640012340
2039195239670510329034220870262832350698286067 401619298335815716914134012726481674909110173
1761082746758072011331835268627313076625013995 129121864337334265103749528164526822746761178
1334691084893206362347753343196372369486989566 500979268612338235674296742026766555247272278
1493662903093944971820434182661165889711721095 793666542862131722568427822398030611216233960
1989349254567122167880655223632222940440917336 379181410023669977717406466901626242464690634
1968839400638274638953417456740163464318652134 325112501266179261906228544905930172787028615
1804970326584680700556868960132523731388900321 1067639750632253734485338666806898566168992051
2115570166029842017771109325546992578672464422 790312489258355722389519547307074666639190610
1710638775338698412736609002368961176083776935 496476422971225601708366836736055402057444837
1324687906351588457609797904203460397501725598 489562893640823088659827403492054593442965410
1484315481719756484743252976568140405523782526 661749572011127777105867137970203456273770940
1722609421375475126662698692615831284371475132 422753804654004191335306360440108270944827693
2171452192594763645931044578605486596187584857 1026420802383654285791877129001621492341713102
1294442947286788969731477145845090471269877617 442468034809004859391458885570907957358211240
2015421121405292787516929922524636858928658279 512605426907339014929235793621976619633491819
1679372242859749529161466817329791036577292376 186627603747040998889135714492568830131327306
2092195663368912981009957889344240623109670721 731503573152975594230521757686235127496018426
1768635706242825041366751024262882383461729663 882449966802235215342535469411765148844606755
1459647494479658026499219705076867647173155280 880377203232632795773665043994954422042505792
2053422139827100376155832190095942436583420581 99662727305695410756029252516425083276559550
2113585955190903774024608260934550912732795146 580191178371800269974831743648903009586661801
1620046674330765117919742667748280660123309542 168052708439931881415892382774933546795728543
1575351334194506067923417189996130082076517897 913851335074688564640094771953129269031507459
2070689167329008705107002991501731223577635300 863440072870539623844183783518396373732091882
2173735926783668021174589584145633332636997287 53918588365795498416550633489499755881094794
1229688733643466271984290048202040771622722243 642375273083169100502866531589686990504046765
2137290763441102839409443779620798845299149746 654501977800800366242203341194557675033338567
1572659980614857909025628172553345733559692041 178874040525837644935802899278255296197431866
1116303189390282025326145443105596750749149040 538875556147771496763782314248553633375853697
1821869160794527425897792281701410292301427863 295096392201970754494416033223989907282785802
2197657662886179514201018181784880124018342390 918386382864896271243605955420857685851182923
1760849223664810092963650690166563766157099880 275009161991322798845517402259586750748883273
1515958756221612193664587189351553278030205315 351129500242572760345625585104694405326884765
1406633019954114975546016175783588916359082136 356081640604003862760615447729058433013481549
1588551593640042813362647473661478474944984630 215897273064804116813282030446255496430665733
2033047815909260525076097010832183372130032103 1067090272084012790009498106076957303546959283
2121141009479509171498679662532327434666379688 17764743474308183594669098681528120729523704
1803694598209329999707176847828769481176371668 837160195596509745595383707264153153939111206
1410773444139939409044386076056818891876440145 874952394574979453086438155497582185770599099
1857689521234368016330060665560483712955425862 489538480934958562376803709498114077083617008
1609526628143629748204298144918026650449226305 43235535527909873644389736538985944446539195
2198973798497923009869386485458689624758615262 333895027516691489971782775190867467063991710
1850773226880573839126368951378855532462355196 446059522015907492501446458982161278536555079
1120140570294446370171425498743736601917407415 278257918902270576326823222428114001039974021
2075558746919173773123400051514532095486471781 253766435135964866563518480861250103398672405
1279790422855613239282929450166537699049125746 841434616947370341985879540608283301081135627
1747905380426361292761381439895563655295871845 206450219521442941692559182961843728106447341
1160026130851990005975440600907995827987612194 869991448707836783303264163182558625256338860
1911162675176989937868771267520456410945391376 945771391026799566726957983049571007954419584
1828874205894855380690389790984535311525592682 876082128312292742530052483918049300099042214
1355098637662380249591700208673029358764420668 537092603914476037305447664383300539565014554
1234516251664394684971555510514258145429149532 82493797359331893645938216032408648145063929
1987846636279184391147050080474435602038105342 1104833813269959534187316135901847747113562661
2165172875585696256827172984050326186688924332 474263899466295394686261822571159653231120439
1828013749656059655656563495838979196367920961 944206032384218487908957610469860428318596998
1604950655841542268852751359799666693478799665 858874882900658176981834351587656692011933582
1188283350178854852832118943134777261326623410 602078337896511018002855966395643578472355116
1785801577340684647677675489319324075228728346 981645816954052223224766661725307670761354944
2212896720222538891958701597325626760611810408 727960580621985611518608435633545531825140215
1543097463593134053157058750345524530612330981 366925567494051292216919720180295019669988266
1173409856650637283493686093901750979926395692 105180274297371912295477307990229867626446132
1890281961155451795558721768654304779740017805 227160652163562572304813004424458061557090780
2168387684206840512824055384422652494168609606 628906665906385223054722159866855860157411647
2046476705460222710474055973323728218417217727 949804780641653846605114079148475269937734189
1138773793709456617960839048221564400347758543 757909604893402113660040467558388834927264238
1619790387830441245314374798174101582928511923 417878161756534785831782627421964424450776073
1903483709464582712829487557906742657296277757 911600450980164704476725473320524201790682243
1130700949046773818442461228355533642633818089 841739146138235115517633026882788170805170630
1524478371678828708802492841599520597375262589 802940622635277546573767218811412822993800904
1289192808118319991854053349133769936677633627 95885759712553868781520458300341689040385325
1125282958677255597765088759884978913628477487 1051438886864510157486469168508736923460677436
2134291440022856146029184316125563393099643277 865061276194367241692215130041094385179181724
2191228640868151485280884813625950988826071663 530546220235996840152171733988796696004443906
1491807568291354859298774972613078959492848518 615637791917534841023440455209985104253803604
1475958900407078598045153238768948518098665205 385347937178762452178941802012763931049123200
1177003197581325390427087058429089687276895128 832208840630394315278927909382332886708722545
1839014466119931806637201359693868069820475999 172110252804842213025658418325936333346750180
1507506986993068857769241372177986415606034604 175701312545244311247104494363270527255175290
1903494110336725548091680915353128447654679381 656826860513833970348874396030041810525228893
2105730179295641490643592054134653840839675659 463623699829313487050507229410068849131552988
2151299547636757515327976158023982438999015993 249549290358682942476124750942739720951441857
1725554458975867824932867943032753287737911754 322051618248033628889996443859442140000241717
1776525661715050517001720999909176194922589013 131168746056405788670218813015282717029204280
1269359663301353355472926885316248118561996272 132824273020270709430117370221069997147746003
1762138085040798274094656900430583830706615312 652045052899928107646260288583296790608395483
1568575870722959912554149030620540697409783586 705009529614137008273637850765904496353556373
1598073992684229398123061463068025018678187013 1023501677644076511460039303451360900387500415
1425839299594832810986598306874662377963942668 889331218747618522779518888694127278254249891
1986262134736939362595012704114959272187839322 85079872050586943641826095496425942299334762
1271782899798012192134337564863601241334012933 266281447829195959979291649153432284320406136
1565946160553575502299025881232318879740853519 480245599723193689642607578891798056062586108
1345575491640890915120604703873084998102666416 303529580260108192183684973953879603799425983
1711887352749174606926691347006811090756797214 839272871308057822581535053477816984394174328
1380178012588834286943112119729429931972408244 922287156120396994338369805576201030016669539
1553105021720132060019512704881452038042632934 1101542782853722127930407755602799305370040617
1225989333840446979711025891493730112392795972 582207773867541173229092200257746184846609792
1718238374642710739040530143006800153244494553 879847987833371436128316677413180012699069648
1925283485068825830372984327358500644485857731 32611744079549306586391410282028963079456062
2083733012223031967566253369620398129344094304 412101565715316392810791015425492282081787787
2057078796828885355181077139393670856865445279 818569863177203582925124942861355114919358172
2101315473640089783475706258377042199766602753 592518391387596222760279807090302849099182059
1713957767256013640796396633103177408725940962 743274937890386011086469892858320190944965342
1775620227809301139496416972320693995633505868 744529903181341973537427524405607102635272000
1790844521265284811189940688388385714970642581 417411516222364319076870167112721705217350182
1325688027762614256289952762082499489272204954 564159299429419963801716213484758905004985903
1675426781289357250845655353016996641589876209 406974184372654587876839508216286722930737433
2097837288229251214337555198373981327191078032 832143066126012864609834929219008183221273204
1645147478161876188566472707569259951175709677 10872491404686695882443277244259118932692112
1505673264259621049240611684231101593369545488 786825560529658106938451312607399721590663584
1689452273607134505518103280910889970402197551 496371583750861026533905345635809082776621505
2126967865499915053418972098301624698993528574 799652680804004740067389839956870735398809513
1340420482461258420434328048092934197249218321 280126338659736060859354690162118642323333801
1545397369454690868553546320529260646178478098 602272319873071086060698493785199342838493595
1927986319849688072180019191350445153024122111 687238305892214644484714563616701723444238021
2042382111008881248469184391931142107517885084 1071180432938343930942580749734492984353142690
2165439151415370516809189040029232050990299054 620954236693411074996015482309494751134125406
1284994102111818419301059598434354966482988066 166266827767973430958278960319389304013995816
1485772268755854942588685609377504486220679773 210965220666359218178620839422456733050436154
1672733097643192042826606728526805715301689678 673976004583148604878465413882628736015891394
1179968257878892466087760402475414463600794595 447829366846778070305486844017581422161832712
1663979828943854228498837636801298618162706620 517509636842069995079322847366477578386279682
1299826288704884592740383258663816116833633906 382717082284605753709286954345545462017567098
1212376847295723028942804653672680452319350334 62568612180568824749654080948896288188270192
1415426253140838416122870638511163769809670035 647143943044874369399569457185610780183546898
2069666373159846872536068432217725203356786002 182996660314662106482742213887822547330769530
1204814984103773183440652886631242680087693574 222094894527819865751171790162272211643998767
1543808332988252224062351831050424606013098545 471281248835346519964683536090295811344091198
1841943857519704899916327917377568539252652026 853440658729966979161324372754897841517862391
1347436009048819069171709698501522563663397526 151778073706500717261255925966990125224009268
1423890359641554814288899546716400372384990284 1089987605390457780138184478247950972820202120
2177048996723785328761936103385415939418865209 592890492950121371976507646094324610738631815
1568090497993027569404802008356715775116926960 779326510283205998470582865739544216695277113
1832472593954040403164251899754745379872508916 91327466756883675422707252915236214215091377
1720106797502039970287757070371753836724493597 803390208627247025742105489657262309725885057
1764769019962104456110019053686552798586015058 473003081764578890714626778838127558485896
1423689729365189337797737373807851261694282795 472957937361002306459230906545288354884125367
2058671501672168970613374249336536772576626610 27126428117688863672006802865509340607655843
1861189032149114942240861112571464628354557412 99630031683162623175037823422091811441478006
1209874333598249201927406390062715141950703033 804950740232349238727620122120930585934407966
1630857181322616269973155124806209581183052762 934576649927203392110063625967217321883444745
2207986589925079614943079327686049080595802478 170022050558079889171676744934904830889566605
1406108748531278539478340118017062681260122891 46028024947129985760518365825494755594210588
1472946692887791436792943823645987550230193486 329729038033295427696812640752699433307997225
1172913664351511383991358925976766665834801304 544484003110365749108295562521409365803158665
1706881424373926850440222873176410009247990788 378994819378957342581724152225076832878359539
2144811956160096759833412020048083247157665532 1047340011465440285572010774478992544622819389
2195462603549165041272034239830489513857353365 793864337259628417496075098596039215694875767
1563904318027173521105607097176265864172186331 427538604351697500879520850777061897498449196
2212674774526060616271434698528766234279959463 581764394201337590723177304536058114065255414
1194080536589608369081319517750674153507413823 667681851899624703956579733977551854423454222
1795832143782652252837407717325567607423447247 415242986981569889949646710771468639357122882
1715343463061093617996484873195562915703662869 652907740450831523888541863040210651127601946
1868372620406285927201414448739842984677947143 782438091384421043374266713521745554515119734
1787510195643506072247528064435367121007573552 834914932051572690137975978883565648899377427
1839105023759974549748145804476434028649920286 105329178116414144259825944678654178306304245
1833659756750558498807733285127062900117773501 535350418415878968588735802722052069842871876
1442244148285553420537239374500825787997117181 1098281619318595324587023185389814247494708299
2147641229205972228807823166507946248533493016 823874258868403376782543312357566577781278782
2100823704752846928159343249528485371086706845 773586874482334212813129476589924300513545559
1911413618888167610477936918609794478223816764 27076417719971201423780544247760253478563489
1597859481162923096803859271344245620426734518 291968599719855552573922753357290482874833238
1589486663053996749949355986813815960014892819 340499154809561714643153167225447770741136988
1267469754459765710640990317800216028168149026 894232358419887075135905784931810380535476557
1647203315481247069684570765763412050178760964 748286782468460712217622159991991409191746086
1905603851890254348426023632007537764293475928 519900311820088512907967342396960833967197356
1415021938930427698737242651827130888161230063 176652475425499594685328260904489137139718324
1434510648908415851260905646812131371726380523 975072721389295818506958118856187329363541057
1564382143265487064397523400026714213239510187 367816908150616788205375311991586068659253790
1357054034867824640165486774997166889917822738 64199705720895008447107044937628702312283397
2058999428736710555482331748943558235750617328 930013068683380545356477487198058625104318382
1255502326648819081740569854480225209511904313 898489367420120178108491101222549950028331082
1434026314600711116036866637935541705664370164 377284808256732694845450900129480354927173325
1508124227810168553864150573131794079196455848 757284178646316286089625565744033687910056867
1267138797093071823282318838527703702670016133 256443700761927839854774216880963311740853440
2128187186475632790880048797992117892563977895 108890695810316296106181675595450179714403541
1904659050509104466721785040963617050458299934 800238200708906273121772637690526956066949120
1490194366499078037298106483796592340830103607 191959378695998468328290635100644450632529973
1908351123615796783393795279440368966142220958 203726990896558714202213674414617224735166463
1361837402157834708281150275310436921985787591 371174780579135551467688750992203821696755673
1536498660495434507928514979425967959877377161 169526592907881325797387245783648462786057087
1716669206933699019770479445723876130525772332 175903178420804347042822864346766902188298529
1353584038158877940620292424074632305540852651 1041477705949989630413432741828215273716713437
1350802576268292924339518890127720969616329906 345806431091581564960674371041048304035546057
1779648918992543705971218474759778498255446146 146253285481188823511298540449966884866420958
2113076500962740573590131716530766519187403847 835332339692442047959875531291405338698633694
1299117576047036898775765615242265567981619590 767973171451131946713732259973870784964971578
1143824577635383959738169350352879072905032356 129807691596191204077329141658823336160672331
1802432339720973760816591494953885294507348151 168673494632717918193425612027753974563678347
1275895249711382210437666352661147203079361138 158780347967287530687480051660610912244514503
1830844308128648264933442446887324849734703566 308853453979421864850769719573512730918809648
1644458117937389207851706716632542873735834468 587597889387583018653340014514220743633313466
1704907528084666234668683537591011062181336673 618759139722442234713749437813781923959025644
1459266911045566989556902296190910979462606408 177041894686486353637971623999433535135606818
1842745458600660939659277939763409220052708671 442807785719434705332917828315452373202755663
1478050634830984472825112178615424143840232653 1021416212871400412175731125432775963019211377
1504668847843775965702500871954462515560615766 252845930431484406747271572763234860658053453
1315721566537791444512837936180087479835082603 105494483512233679491699429753854505126584008
1395891024498139940796517691935488262666929259 1033522468128302434738463233645760352893843825
1178429329912408995810934929833167309808356205 716298562143062872281218571039647089978160800
1236702590944913116826748646298656418896617986 964954538046619989565462035669921962235682818
1490081456673141418931183661174089948050043427 800491057139710968339737391495122865771225019
2096740295530405461714623357476079707544892544 518177107305250538574443205030075238159095594
2195409317767943972018608276286649661839541599 587844044725054593074293278267664077307264246
1871570011943402673869039430854137352678772985 460638937952765744532808590079722354835980149
2184922614501904797994427800476739249513769330 533329153050819871644294336003746281254885089
1729676052471305598418886718480051891962233402 800221067415270520590261319169073855144718533
2109905819415138849352990279121322467493905090 332032736414575825632217452529476336518208829
1679176149688933141982668352802889998297286347 3700436103353340917434064239742854282283937
1254688585472020943065126874677654908473226009 49347039837746677044255509652452018293938385
1969724242757327560841840208487476973611066397 786096910149970183523374153162039870801626162
1582268522592659774584584731866049213671973945 1020017502851016835858571363885930574203981760
2167169637612268470994410794905927777390515371 1104063378043449177662756867428498488124943492
1781625182670750659029898213971687452698115049 882079065242753954597862514027865167847209167
2080225921381920203586656561250339186729157849 605830677977529472005739145870837258721097361
2115691211101034878858200492057569137387092115 555354220203024876693227055656224945424004358
2059142455630501515026350375168783268413013240 982455269308773289615878410136810040141394186
1967140691415347667224652332298473523710783279 429550092807044520039280603305482540894843905
1535731794574939008329584111031791603228076734 820198482613500724201595901583169402415588486
1589299293983356133418498532535473538431676298 392181746243753065908419275598649673386186564
1194979994024247829054619598986343794890473338 308009177688105133311076136630367272382248001
1979990174223550473830508689505275202823768841 847101529931683391296854156567958462038818548
1721952903705661103922519189134563433531262061 951362697469888081002915769713201736522765117
2029091186227374945487134221578372987859570595 492419269243256116073582525468566323377089399
1130189996291498230845394598904885998374629723 811403931884845246214916083568122391025037715
2080263127898190333967015985049302446355727347 412261087682148928984596170157021040491345566
1659849806159808837680649449966237836187205249 30929588915247752415755585967146283799263735
1302750125398253057274899450545602109200566484 887605061920207802042593639045244854901352864
1180941575709542952890963757584099450581293395 655871963613198557379848560152618393876219265
1750402784310399529321896286457739744575101626 653102615614734812073045612956655606250444257
1516206640453167366591228464893858840857575200 1048015344058906434676795825129001309085794153
1492537744024876041891170449171428725261691701 386882286408764213338322866507034375712512435
1330005897129540459479834296250295085909383994 752332184822322996016232933040273696244662866
1496960435023521080301181349415424630791730356 126049108423493813575216430038366991894931017
1553802732682654110646366237742826857434662012 440325113701779968304015809581407690488113961
1707421220915573294276287504303892426025432805 86446928079689371129792951121012488113416917
1109807862821389121300413724353417933011318210 491055779147867724921492816329240882975433946
1147300511809625485843485213947711009571810645 1047549128572497915236321313436363475720671391
1986849770474349072658874300702549631949718292 664538308171909155023165326973658305811032515
1992965276419802603423406393528718361763545156 1023722092856544597290883677201406848685146317
2153038639972268608467325230452961492972984860 1040884376867084573396065353203704707389908300
1438279203947235952367784060175830209778803998 803837046159030387037642442906894035722910300
2008134568135007414787091378212321753480746370 571822721065745359441316452041089704756993347
1600923824038446795441297248360363537920203222 502949040597664843656735338429760630965377939
1189099097378178450833932245770101949442981826 915208363337332881442619685260441725797573978
2206398335549903757600375767109559391621041812 1020582356066376987843757462656938173747538949
1186183214034561677666623388355457751782667091 660976986427059986123779554972936343735891877
1134398252912486610307229399194554501419651414 574231737512031875213767281826947315060824247
1173789044925850875787013907294637669324902533 95527588296341071643582031441209856863945387
1498789818321192339784061532298639118801016914 22074731211679008958880295659679200017430822
1627572936437291557471258470464503995626215599 321210977715994297299042094866398705612588631
1609225785480420643929668649802890351826355878 705750632686211685008496763601862598730473693
1861777712461550334573411268651219114096635078 633039460947817491363642189534339176524615156
1522202103787610331134470446249926879799695887 840807360347859007823991621924835856974869299
2184245025638934209479484410041151073833373337 735015018690411862386375727088697584223228432
2178798529543290292922196188134106144873697472 136439588534695946044514838175157528692007543
1260821648825078713596613705439706549035622858 784225533586212596569775341450055764889630959
2017375762241409314989362962502676613087226902 394659217121703509718322821920454932947462754
1842253771748006139719817121256189585672714980 989752997717084987689358978110294852531151863
1176464350529481647406990019649903668439200859 1104266775366472255901590714303783896360795162
1740123222151959909517020210845652713096120207 1057024314721796747318282506530936733222929682
1501220847048328460033032608797475973536284429 64880897218785498552485397714639252995177969
1603543958608230347730894042424923640914285054 303530392131196700585827703809937687799291442
1431347960922653727551035219069455488113421345 22185276546822765669039501759162217189954799
2103700146042356349494106981233080105964588957 218186166353510252080653278440381691072408347
1327166449965080853553937807087432368897498927 427138656218746923259194243476292490807566588
1516536203673668483335083041313536378674568418 463796932400097083405210952187888367626336888
1540019775834524201080442283460370439090001516 439056943075314930549231258864865316456624094
1279966966632221742568331249554893684699428961 610507922484970549441383423336421799591236065
1446143388626363617990842300971152665173675575 592498439241336512279547589521920295717588206
1640194685740555322276297654686977410157804732 539000819701283185214122773899982748727761117
1154300487792915894099146178923530934314279079 308594756425021087111008024641477816889307270
2092022561444556288283305744382433468195178939 952229770543896778655148256291875311031014076
1806972298098275593792538022532257064904393709 1031811842056636343202383982247387332546581884
1783326424965940002110038744539973256446960804 913195932290370498354114352419375215460711295
2019228325199938166168827907290493911699016584 47943896002594970342423586979120435035660440
1164113461633097925000160273083196869186788418 659744711922483173155711474690520696000901824
1611876676113151518245590124086879024745366977 723003424738916412969744278748381780384673951
1803627467932320451539897230748795998825994802 637715843741351754075871943226405198198249683
1918149893991380891917746111393869999934130272 469089973646022469412296138241627947742666357
2040726212913182405697265729973976441005014362 902473066831867178146047278168692103005468981
1486752325232466366826034575734157407207122108 101856236052114983842158938748008018371445854
1741247858194239120632923240929483235760044989 259477924527167185231328381613200726479054735
1890379397423326457301589600578996862238709674 829961213189854969568638063027701245599613694
1898191673318342473056618694822960031093952441 967528674391377862416846535917306689467441615
2175129727483779877963319738474353865392374998 128714263112563639862303911981446384038294600
1327314582371132905882118151859172643165427345 848712712292204924278775405768436268388883201
1856768718076399925583266307968700967898961042 480007188535753100297580858596167219784770558
1448685125636499596871780801803699869441887210 286282786239424836418344086680976103456662283
1988885594301875037959316696787072658649084862 921338052408548688399968621920590424002676063
1204333524299167950685755885692405580093712970 576858851797439841993364087888629589920366450
1868295874856321710594821012693609580388968396 530386386459892374365291945268985466460970277
2109240753486664074341002009529899159894345738 1057471129102041242500890025947820112290347804
1546428180090684623634079510730204041103194118 72656015231402990384289335563657940711382379
1293191618541780277302675768083013590975699370 652275963961436486232732379969714543249917412
1193275498326822034821919861726788917565866505 1075618789416990166702002272132312729344329067
2031412444366740486936829980948305555821342581 210037412629029423063397452346719379730805281
1464082114924693956176834639010644511429852298 275302492951244097643733273787370051988387983
1720373592171568685615190975879704698616785727 830941991126330290210383107565549812009973856
1197455667612332094024507261164848727140655545 789439535617348007112640691485096163975979895
2007117128504441597682609021305893119427232563 1100378690327976895047530888674698688303108262
1132683937832434635177158539906270166649540917 32287819412030498537868501272715505553760632
1332287220206705684324935005568907502834393006 1092345950030243078645735746731065680480973894
2012909092389238194591630065013354872492397431 160621523181136374140224666479287469143915912
1293815104157234137627013337665229598376377625 3583897797588775942113439807343513115072647
1537938094658345497949776827443160810587684620 343672635439931698232752073125426990960937582
2154542172318931798200959957251723584817111423 468231330387525498840911293072998128689279800
1826799119782991539887834201095359157608366718 77017316530145106867027005625970679463359881
1771438514197781932808351032900339574073619235 1005520842548238464630823345054285096662277319
2109703960567000749976375031334039382209081889 146606900298207905282872289102653483971092816
1567303802119127250966557107909346048928530602 824585889487422927165593127614923062306231752
2095555282257291515392489963042626922778697816 1099358285622281616668445885198807794241540357
2123141406177601945818499582283589359436062252 657837843854384627635864666477221378747246206
1639874748973921405383972099147768257212752500 466751497474728843248634378036344988134490010
2136329353360779760948902821194534896724282029 160222530551974221312841047785984603937126810
1768160993263975433212570935714425346962425175 392634633576630151131131202508104275377422582
2052057406953671331179452138886941774524923968 983197289975592337874004423128744512175244002
1683336274102494989831197252786751110212698456 667170853291047911715586117650843144103729723
1189594508992044152211682562174882141217669019 631170967235093440616000697263888706555124477
1744327063860820393132780964621557488234586200 203363011844973673197170485450850940240410480
2126505582969186428134527578250202997229524328 529543468135318310233502697489407586431087406
1646994569057416784769549108054116635589653470 1059732858654433245158624154402517864301841650
1608542472558338396811833789618302374931054202 151280359287591565509872243271433414089916292
1990885218780257617771308231262738343505847713 788595109755815086715932472464744268813180733
1979805043682519668367697681808513578544528207 281364424617504146430483346870986015699051544
2047999565023306848352944824526289277596962781 164679188396591564036387813126895995223149612
1883659532297041607384628540955336554406418021 818143463439928843801219205026829317763179697
1437257934770357503837146884803189870902557657 402833907312302079933255760788106265357889662
2077544422017076021105451231921442818811047895 1006872388738197244660295321557543998782984546
2137554787152106872184840144692334250256199908 999122634688521094235130830580068326153639482
1474119620578830443722911279660165993969288905 443868105822797631308479923464732317713823990
1696958686269176355905594932318482506656640053 384336127444385253606005121474159937907262385
1163391493194086188746885148802342032232714335 67715541986746805219735628738587028344080743
1639932158909193108660234750862233009922458276 110215913616530629221926263075952725180360312
1656558926991320737306857540565294714197558738 508810956312357781571600113676673686529008589
1289969979620167956497631110992095852673796339 331620434435729080301002667330687733424774100
1146123892422738041326068355960731405632489867 54473976903993875905152051257387237816680645
1815912022498702237304836436843955632079218355 484289935887193751780888358668619224511509392
1345272436111925174111998162635126179345851085 179849665248833242003323691798015620010223758
1962885192559538191265410428470546377828650831 150483980056825815047367584855340570826677358
1461597160934225877186166636405066738616477284 55114746853417695812419592989749537642431450
1151098176112161868235830739000691136408849761 788180816386277705125889416790286886542685385
1899759483415149903587942110964770505636571161 545267247530012728967697875288321266789067636
1468506349786549823581485325554445238704845792 198749790758393657782683286560216458017908033
1400652372449063930896061588900509031291938496 484395390291842728705191202120974629009185731
1466788152696119373172068148526108674250779478 433089535618739910837431682206040437659001725
1636756311849384729147126325712600824134720768 776015458523814716776891877371148075916647624
1531327611646596749326961778315891566260331105 707898492781504517249328320324042568059080855
1517799228251731309100869979733131609527868428 537280888870669341787755162477301097331802521
1413394148747668143120039280734182262080500316 647607539147456141136098883775916719806468959
1164878743412621129114039731153505976729181538 255319937675327039781407392843776927834003289
1492343053877704241114873533871774284518518338 418227572872154090597171212630718132320006662
1612090663811243362677000807054664013536613649 838964713333395292107351596010736121321318451
1700315021816443016795244427042507738271500209 928032656494942117133370346668244142457770922
1398340777017213726555845402788827829146904052 1087488896074915811631868174487608998260933424
1121870292564637331677954798121891582941483746 171490182742929547554074886530156492152165903
1327399213785004903851016957287854560299251259 839379863065713955795155289847567258262861307
1641968091744548427132066399777485815945615648 877326641373510557759515976008951772303947818
1281853839342494387684346794450086821080894398 1045976604385468688884534450892924505065084020
1298505837770205770581583733422659805617341982 547902550501594730167672893491537682534950737
1602869992759320195459998988454986167698791318 316604627951570848412764843342489547939051629
1980553244725909222229434413546951471195999231 262468016027673133004249966217391998056074493
1363454440199053252414061879136213045039208021 109458429361326313941614386244224327460223265
1879393421804228307859406357040627587298345512 688728362213142741584881764391785088587810825
1858116481519889952331070124739028799128755222 214990397593156369338893361673082424785396340
1236100836869715869054081082300616612266588819 354778707517476118579664580111667441666166062
1772790153584864874427101198027568445271736747 723032707011884601319175976105847888359914065
1541234709464042410220497542100034047571390482 335085283822967246275771701405364854369626344
2012420912748081035763527060981008646242148824 319374372900950730619444111282374532042339241
1470848770601795709206846089498389483821146486 775514035182561686682962214968353102277148064
2097029349847246945886894532510347264270544742 781567863271293183377178604790431959029760117
1157678864868455045711512696425642168890193098 994456702915362162226927114444274181867014111
1471199055464056912928662976398948982526699078 911647456235229879178556078962722389170120148
1620054783506807194562838735374118197813964751 670639955088712599239701980789783839276364872
1735316238937923421963449393082297112358873313 614371480136122918463437395011576283400552
1175984817070812979071980702999609588833982184 1099453318747262773354568854992637503790698058
1207258052720132769510390799716828155897581055 740656746866490003848829785167350860260414792
1379255250701044985768320064376468392605000837 270285589909319846029096737949518615916688231
1266624734627787104598030256629155530082627939 677932520950396351623634227495265072343550513
1228405718648272299141999142920610246607877426 582070396149618471460989137466810625202206255
1782020257353835641240422200449982542587369002 21653093332537660453232555619930039317492521
1214218710825369730622078778346020236837554871 168956493829924841625418509774451475004978821
2110736860054135646635006534301959967490718102 937653052289931478247335058994619285613686868
1328240562429769163505126240936999441696593915 129041430982532389792233653013033125148862456
2092206654148394310540160606116106592035260463 984151898299151466310223922405840993614166772
1473990197024065388025093298279283734204139111 558877558986522562392419453890674753644480009
1592804117675335356236951170901846652560026221 1012011162140919970408416056639043809901022360
1927103976338371592494167388771992654109651182 886315851564461270007513457520463727187679361
1339477609090466776878098613676187046551098030 132664885787720661519844540974916682917408141
2151432734948812579383608113595417739723639858 110973074888679361066729053047978579304491975
1421196214486017913434547093260872846156120200 1096710984876204180941605537326703183007774561
1946757010619346089656703465195078053573070906 273356714102357778770533488566077618371244871
1301858321913535450332943538050830160570008553 845190086025472801021329658179432090222511508
1312219247934490701500704421247288734708351943 286925802018294063562595709294311704067377399
1885201577479706890470333358529415511185277743 293316451229065826647436058288069066297714941
1246977637148763403607163779150667981324407889 1077208233050865349129992461169955280751234266
1986083561222063175799798241979788918463800846 942089724107869074318467568327292411206149347
1797866457765077644794908966491796773983314705 705733505979737780204795740705053094553994200
1322740551647320064642131472589286437751730971 1002806005043152425386074955728117793466964605
1888145720085407720676969668791883218391743033 761836846638953542867297782955813854813830538
1696314796414353032113142416371177589575021216 672392678519275514913313827344735858755061302
1645207963081300642225657689852371783000834676 321706595526236727968794905815007625877382989
1294728972710889096657856329054383812877107240 432669778863145408470690255930378254068066167
1820017739821099078374002892092986667990770806 377309684633972538138362214115456820993309344
2122071565651191637458101104846925223948815184 1032345720304073059493853240917412961510431202
1676721348814660151038474922534929656526488919 142350973640225738710533931318515054896459477
1759514545334870646011683046170621749071740094 1077622099701477997228610898992640832659245200
1642453099846570577667232405934660808770881462 252443591942077826133765334805182835348227045
1494350022686833797152706929798154871895911748 1029523059135503921448956092294386867424181380
2018724763427714651168578280167995343217619718 977989950866202405863203873305674802191436029
1436293806150995239301857025350237008583904922 984002175530928246696570806163266347103359599
2091773170843711807309845697579925383625988511 340562439808876475534266532299802284916254002
1679204976905219062597687098319837608435995778 323125212453381436172267254005399820736543157
1951637566008814092898760409660201392182718613 1019625264490316345822516954961389633264641456
1455596516049905004322357263639589333121096200 448636032522153004847294756385301154413344467
2020115155320171044887313336628864153415338133 483530215406388278940611335995044145739730497
2162399568679755334411506869598329796262700403 381190452597735024550391603475276648754590087
1545795379476116163879295812899545970817894206 754109801501691488104235972998575999605826736
2041165677668715674258558015569248460783996871 791299083016623188805133435640614666377998748
1287851404362997370899551073985623575541689714 771223483954486908913839390334672018799475089
1418853339050772208770042072811824593385223517 927297288446155534779106182186259127611242998
1901392755548455100867101751240278729155617972 1004322657828112750935850729860430937323879276
1338742854285543289050359345789984334780080678 1032963615744365961163361329171561936659382622
1357028371442584107302834845581136195247721152 64094845148488205512888456742508050119052109
2078022092656613734282089722446517050820970602 13264723921834868617357790238095369607180566
1613921391028366609468076224811604498226485604 1083734944513369708622210291456436289154176419
1635954802791778338164431785741595609838010877 438810485498716336367005695805141638484161039
1494504934909584189995988942441602496850767808 849855557045320832841354521496306135324724546
2174836942057640538900442140232659033059819563 853697959675576048969734758887175827761960867
2136167078773579148829629068521011622310524088 651360838472738129172126526417691938866945724
1489695091190857106654567235381564715212436817 142762484947430810180025073975447067111781470
1373370440191351877741239431732123047508805449 395337051171692519853102157590180239528407484
2137885977572069484451680744174429427115192046 894458714618561800968698842411960997518988807
1476921831885106400603620270604507793691067816 70649333126862529993353179072042508077113813
1946939776587536414998859346508031664784342931 935051521877981160938237312507669246535734257
1447699340778423029978836763141582636718240569 726955494105557310811279884022008092331118373
1803603859524556630754949544130036340667277584 412083436519555386655250196699975651486847054
1914666633385506341916563189445180378911595075 868246722458242394702186251861350583743998995
1547383127978417876769193703004475864893540798 20130891186337169751138937855069857073166535
1907933993958374254895034015927597558051527142 74679026852346791922581171174670800813199149
1160827634442762442565287403126259902307014031 982387427699242911043667791726744942697423048
1783330058827430549343008496704097730172651346 898142728587607492282746366743056262447674910
1803350942273249047342043861091720359975006962 97654026246820451585971689918796509446117563
1912814486225245710564174646356291788214833500 936381765181573091482917299379977898681945832
2109608115461788737566901521486544399580067897 61158854839929198972428620506517159944764518
2146198218504164347105808025204903657622087935 872150421888428114298879888648070022125271853
2126104164981105449128144667746710745356505252 1042030740280165462619597928095976183314393199
1709996811729044503271219131813657740074780835 670390773502697638855808346962182953096026550
1783266594633962753334457456136013375558994585 499100506790292758833014729786226535115171810
1755111597079967433686922274961946898114702219 600642546044210196107002997948501559881653651
1313210301953529998554386785729125707869762409 406384197657172116929250823587583854748416067
1153951525610549116563281555657124449913890793 435676136012306976149644016270983183478280006
1654747937575169139618372200495327861905843299 1005702161689980306802046999220518244773257003
1456887410194026268040016988134020253425464322 868484343487512683773797061030638028927742994
2103641168677729131131091967504189451729420079 112145666238840056661446738572411396129096326
2005716589579093822955296849586611924727697850 751611177375847537899834816929341521103296705
1268217626187874897174963056980235555560220019 309972220421742187471793282740838460192433204
2192156901476476918035460875169919553045339342 1345212799240763678309633933997633049689558
1935806818354580073209222381585770545533369070 200608193500162912218313348376805448440843580
1931671239526211322423585765145255566676779633 401287374348793574576874833141583229309411774
1681885972648803722916887351164400590932968920 650616709661182585249340820139235474790940982
1799147192815185660746421662155654566634750668 576129006286623041914288693001068728693701659
1387845059031532468962135676909807104229010044 289122204438833221593258195821295876340155098
2140805232117102777587002917124681233368193335 169864262109127721717355587769568413821636678
1864890121055942681799198370105896162077534389 852722484769227794228949202183728043239899955
1691273315639071435659910771178730369433640868 405992642487360761270192342004652783523817145
2206093868103103032250731286646239735390172789 1053853037797534406595388513352313074338441381
1315290923027462335651226799148860892991529895 1088445893043944857610398601096940173397342825
2042960454296170441808501531938807238430750148 1107728712534035561366072145751552053806593249
1732179702911129936758762113080922038030032181 476648722654166186083479100810159311964249295
2110922577099269188425577013941601842943109725 489144762313211756580262844534109929217083419
1282526328713741546769790550018018444687228720 402491716396458380219170171343195534845563126
1812638077223341667276435869289885858685728420 381985440860347648074799379397199745572338039
1314639326952729689746220945536166991203214714 277434221695665761225024831944761519133099541
1390369822363802176239045559898401910482182223 35448461176940229087752303660258815544235011
1697959818031336887150551432573168911121241696 223574668541669814013593389775275867618859449
1185800712757400005893770406160576126853192258 941353907611179793412529446471794577063409340
1401821850372471195386626021654547069303566956 1100823131835623816481325889607472234189209029
1778222233448776439124540937328953017658619331 1031121621852812302445599792271537240380693778
1436315789716189751920021229003411293334588922 562765619675956653683716409351091329761884186
1574142862967995998996591028417424490392511881 874459077283673424002431117351847454058237546
1598253876085801429556445342321276802420300879 307547403206686068707530843165078705326078302
1273541493038113723776089775836069866640593281 741662303186185825816440692784631804313191538
1339654431567308334220414810911015467944504513 832709487118073539846539308356137105951200983
2063085905729335151253455434426133517424172441 686502336663851389118313143294146526736193111
1762708681065321337628134200735011641047515917 133982489711152735292413787019824201195636117
2017708635285688517380484716101110591958053392 309500239033170561336021913939283614338745407
1981927676379898838846804298798752939784874025 66216573242227895761558539382344058559101220
2062943032204270824881558967963203227603346537 483873115364529676109509125450094308219248969
2186422910845026122806577746107954055398258338 320275876357237241946726785015222116520001522
2003521413361644506120948836122132695833814128 523128427667910329611194409272184901268375161
1519849113913183009729566417285780416854679311 389554424053986934367276130580880743701265457
1392372393146360071094680651202229969462197477 645383928617610165138719268435719509668089007
1982116711027120785315340140283930701139053338 971141022190562308847317438333663675556512117
1380564401472305365163203091827191168403470674 301472484302062618239703751692329207709651185
1240555211542110400132458012987509695118302472 932094720023472262759594013706913460011538413
2214008095786005560261185790505433467096186525 1089021617588958669622978417692989744683942929
1948314169803200199566823697382366388371114698 828880184181801125027612543539766338929928340
2053926561894714548058921023406505053209245454 477466978358108793500191078266238224225939228
1361873492076326387516637089142809964009405085 838749895277576408955705063476188621785830108
1252603980608322706371277319738219671188529108 406117266914016458644430270365697302849691797
2167697788601995291772710009839322343022393478 301442201779536414643524405844641304660854582
1810013598386066995939200899832527301294396667 129509701606394979983684786197863547049729497
1531764169323419158581224279756157157521889261 188454900091793843099343550560253614811628925
1446713273898995834979760124158170574562091281 1053154846274992211812994401273937580107840810
1603697754414437913081262989491295299627679074 508267847592257861598090003766999256219172
1657892721819344169963493373654318257569512534 133069029963488886448110898536696670346010067
1313081263928070675163544397800306807929961900 360046035273553352646113644241873056551333184
2015166742734942648314239313520256793406343345 249498472633574666368926430384776365696213591
1384857954976484326705714538555972679227154431 489252204612476954172549271328180945756546543
2167027403657223218597515033515498099643614784 429634860289458884446052552171724336012554883
1444760775482471898733004004505040521509747310 712534826412577952553279832079110964659626443
2159307103421967077058609343610495414449121312 1089703011033248801333440902438837300752159186
1912088052874988450745893627165412123741252329 26331395480344056671242490613159620280776677
1186498257223963974074501913268477711876907851 150953038016626272797417578108016101801788706
2171314399376842776528855384956758434810072163 356059647169979544924497868357517818219182482
1851309417872092969272048918755826416465757607 24008163932427221930096756406732192321068581
1699409667591399626761179277663120918952418456 458147144555651159999569014162374261304736793
1194454287824247280476464002356190295658793716 22354276828418850546526124314286103628713196
1368697882337368210330591840690328630956201571 866330611602432143705375288235857449751660403
1227806860089621988105758569950217177981022511 986791104386826166146323264520824666371645197
1750206796497482341721927708419349229278829059 335866266091520187768959647497761686979945554
1118726316702114121762009088528035807216324109 629012635247241177089775824458175557599579852
1241541861355117979590863845868554921833650346 627258722490031030975274709466217670312424629
1831336060410983411515071394160302190664946192 311709166047268177912013000835655827939621826
1379232485683638662967120705236588355423026176 24984926352042916727506116473146818194990207
1863838557543111767940060204097715539029380024 283135691489563805418702191618507545129846925
2205828253919894294915422479059704883123780479 323191567694778598458057763055663974316584602
2023046439381207645164242158755591830347912832 518914979256702511541955045153911618082160904
1481602437606852894005784231507725775974325011 275641734308747183895978916506379453243382037
1947238962643319031867946154290102145723213356 973340748820673222167878960745674201512554461
1496882207105277094190237233643416129504050491 22233346345333760097664887156269579802350954
1591619148677453873515591461516684021644761934 237423934049755830496062673632634824567064728
1762526609533199522019295369843782003358398276 320458988334316429372677140051612827956325228
1129383443338635745283326284510535184153390359 249360568622909920064077425013778472180702104
2090605109219322600257604276237843923547456902 809495549039479884294668395447392457644084714
1801185141519201188688358512411330430370796645 779893355875358056836602694867699681813194511
2138001107997064206658734500094288068872174886 31510908573024201152487677558868903974970678
1345616743593476971571476646045014374386929495 97280786610613788724942398877915799703894684
1844568353591527822160614513521821780769737650 1006404189128570042624659458495399161041843184
1756837243371743830233066287199823046919326498 781821666832799306513358793192666628861196058
1670220191549333226277331131438317101140449484 210018231021272000152998680476815240755124781
1703627122101332840395313639542914563309410488 841034462291566072734343403792432909523039691
1546917157600894210133558195453300306031431257 468481410322702806403044241869456416779944725
2105784712435465735656601497147043398209481472 125487271112746001049972134295002256373523663
1918530465322288910576149423876961878267678180 690065058824917531636996180653588598710888880
1642722156733785126391943583575519509167248137 1013045765917155171738358564116318934721560025
1987876257165401366860785045893728754292759769 1014959025276042627496921078053680578507341235
1113749682318369221841618461678700169386728287 158861434544530081632666224854157765395080539
1670659626776194851395827906317535319441840320 811995466445025294557993684194786285489549313
1316562964835977936673275993485324842548224767 48724689325244502166015183841007887611015845
1260470671528912384851137931032434368161983064 693255775656689964303632716678037389435979993
2170431954495798488587454566475768358651032109 279298452930196308411979251961771050446534906
1735055909104384163069058841695253989508815904 379836807034884430949097557782151870158754365
1311613118223696151930317897368797967697275077 933756551408812505499511244226543671159529045
1495973813904840246544260639639820300625514057 206310835521221216632970555045345378066383331
1928391326227476835989301258326368996433719182 57546503917339165117483596890552194410671709
1349396372551952849397154071435965414712773471 1092416750544069265825409076744586452895892697
1997168296752738309890179462686237536747785886 585390909302050396903839628494199685955180852
1835111574464435750026138767997104829778984982 428611960198134175440624436879189498195652129
1397856909907734743802978340388752938354896943 413582485356058468944878466064016753301141969
1488512480406907462271915987990093112131078441 1012218242415348502098527409157043291971930014
1387309739847547266507398797238105279353556959 937417076495012752390910352215802633958373521
1684853800048134016157517475858773158384481270 849140198897647938500738931909440676204458234
1142398707666579807549487181938582229342014563 1096331803191602677175027032498441747090381422
2058783393698038542070426202496006078872137260 547920142034183696669146336712941709707600990
1204093206381083574522040840825384433794048328 898152126217537142872337363057685963991443588
1113365413539871929941916648098740521620887262 462326740697662881528547106752083470701541660
1118033745011803686717180413878561495933892457 363378852487045199059292063730948512053516848
1632989181866135547684527113506947345067940324 322071396613628487399273950694423964726944751
1740070824902248262331043116073733230060358556 388005876867364486367368989054509522386088578
1948637871590224690261380971501222631703184305 545595361644557104049137171294561632141882490
1847070085239963024559154617642298568668344139 707071727961986856166103663574890187440394305
1406913136449455687434014829607260690758120984 1068850506520271786803382145145421315922436153
2001081730511565905507407651844578919066391010 317384034595688614113921202149672239460752322
1525930244675428734650024074261030007723259316 120726997230753450260664435357718041018345633
1362952082427689312964684747519240058996458749 370167815347523432237778168630473656545136964
1903328953134755982586024453013269510719465467 1066992875339832917489602328590838844336386119
2025181117659888007652901699678801118530265793 955577487205670150174126953406617860251060252
1363404370655626283656949468089157421516520187 621452375643296000476546963527030929421111491
1366617510833801152965867002278409681157957828 276289926183974697941740281553706599452499869
2153866927200840943787226976650206215867147021 836442794775259088580641810845006758850441395
2112904013948966190395464392745352342682627305 282923407776364630146847621294080969251905711
1448129762109738478544099520037752361957226196 852342766430228527220307701288137354543688210
1819359792766610787646591289602114779454936179 988593980432075789083452602003146993476375831
2203327978290871926570319089537332852461266050 172474763945852596500558297860286242427632946
1644995442682565682682262184110769785379056568 348786381276088236965802802446103729794455736
1381396153488232779961378493294606074870134289 634857807449445579067939614399914146611043874
1750940504523099894310937850335766788770227763 42546978809844053921261348450364278246166865
1326476875004411750139381724413492492353058981 994868059852832882620197353398761661774316952
1731944467195850323663599271457340121401146736 609624529229439014605205111672080222515250252
1796821433540912345268638821532581009563191382 57730163299496816665849199029323624224807567
1358076817044888897214720066065576066620546547 444864231817806371280931981162748316848065507
1895420056218277831239816652999936512083157369 868327892280711039193549034242265489551234453
1316766425841162853202420733840561778420170552 100355918167264213862849900306189299022087851
1469882064002678368212594468763477787707408273 752904322351509923364403178641976347396745307
1708334730624558882544978108110674557525799225 493470107568270971800588397974569156179177009
1946308631606453269997056958188236506361541714 530342926602269210677816582015186232885402039
1919501748957901076154092398118834094288933567 1085522944143793012462188804206279404451627011
1114978838806032592565127565773915035563014449 189289321549671192977462446993159274185414272
2033887155594574093198695588350200035257669349 548664013868417659076079737233522608793514049
1934066254473663243399210981092713319932991824 574993346456745607146636345067892342601765799
1524837437350051631486496993401967312368083832 175025219398613553642349557253084582175038770
1875473296858316003509252949121127219545370109 169171160927045781684058767241872969990422110
1598375061837115774777432848609305559254285626 535224318996845906344560266693909125343810495
1275569895247752778623163887178218802757477994 1029870793209294246435431304490862413139551322
1593870223001620638941327818852542651066140540 472444899707629940356491140281556001273366021
1191002802654882998839651894512044046329991462 425394784247568444966899734752500718814236761
1159813531759743908126604041990146401288724007 892721411377627866691749722480211370674678029
1141000552098446200908502763146259086265778093 915146908235252274832945287855804487741283341
1279137139760323634506551756825828533385085645 757777599120404038588845122339891261325891090
1299008587497684735547243201245207187432324924 547640528277465200450038893586547565997412395
1677091102145256367733761712323731379485377724 1077265013068548445641836214887610007436715862
2032513917591708475022986701800904324680266156 829627925885375142102206420007236300319471621
2095649443547344708311687085699115302936793081 550340113937701997033581213518761674511967225
1986340828025537265447994848429792932396426823 383379099051770037764841067445836798250207791
1974000270085774804876252860737747747753339286 629274552644141092728663192820591357655538708
1385643344639879763397386036690323048650965778 811107047755427360572392298690675775158906408
1489828471764248054734271507405089406016985867 584499378101129649272176605118889758654260168
1194926298010469780131539016230402675159817550 1103051520456987471721756241386514205757730055
2004360035922845254912424440667561040396865012 335318130698560752802510565465614572245616982
2130066302516106345226619475204604503264286413 227305964751813490821293911054986028517324195
1896724260166920119656054164395508912988674666 1086940999176153164098379141418903133267760137
1851516509121313339408741540573122953887640294 291485594968963276084409362604754118037803608
2057894087849083475563996324786943272956101187 290439133503954585365252672243600690201971693
1366948654947287927322395079590918064261719547 665806654329299900187772402203999894542001144
1267840144501397871534708457197683467478060838 204146816616826203402674576860235016017782402
1605493397272611924265511643393823104916685054 785929532339678038440954226464921942151422748
1375580279659837800006243509177534635245762200 300997725437973540686738797926262313644007021
1897198363524385260105736384873244972794043421 418218779376048534502434795102740794415369683
1213653260659369733718056110843790365842712858 217512320227116446587720260288573794013226382
1493345713994238015463612618243556558092919074 727924580128997808004176034615225444776991993
1612439252974303863568630551399277803034750131 954764236210573559946178738221345853456159016
1991918977722002329579068985193599473856396380 339125147713064079619174324330220462164513946
2164871430582844506614949501492029537191983893 243871556968786656615747717571747703107430391
2093005425004508461589846806188922408784173747 418538351457976841949860840267579468363924751
1382935574673115124834209695626559394359707550 406463926149167998305254437345038724372112160
1263921547726726279054737739594409049846285035 726057694511342661269847687631584194189701429
1930961903823260830053089334512847439014366670 645525980907729008478845646234967888322410859
1696146768209138293458781504039079729105953730 254388784677780208564459355513306357589033221
1858847912493831548204806840427792216747840709 814460979058243112255896775219883831960925722
1884526738005175433420892077676003349923940239 690421276877307539379180214259493714180229227
2201109802474253260423335199740796605972972894 241840219682141815575994830266913116031247683
1126336676520904204407018546810506464101637322 343430613252901936038768700291579056437232743
1899518352180604882160716539687152332743277556 574884120660772743738968943535720432934680345
2131114793807673236681370190412976509604597316 53829557024993799040237584149296632250342003
1948842321535114223900125265713709802290102432 214069608897556169144696533295576137238749306
2082892566820886564410855815534341044515792087 908759432019429325741297477692069439557316177
1945913161126077796732127896634114430048076231 175032463792678029965778265997101884903428239
2113602246347084520089311319151973294344581935 572652927188247968820181357041971723622632458
1287271808137201850259149542819588773774602995 522225991764946506222601481945870672329417038
1166565884496394229757057300167712627907616868 1065826221616765508537000281126803165347281287
1505796339035660088765820263391050138304732111 782649678628604751543993417671419230884388775
1987522010774668717311975914613818258657121432 667354417858524957709256708014351260701640677
1447932222386700061120228032587023694505900074 705738039014275285637526511493777559361324871
1703880981752805536593929477256470570371216712 1099447363295250683530789076145528215165786056
1438535216764823085043091795364633272485183412 528690421221180382233347179495627871337962908
1812656564595447696786688271172392746518219214 196774605079722602901681635450391924760449220
1455340473915868206638657426592131639675106613 589926320189264431663898492339469636648455426
1242281306672434262943219566034172433580044575 336854239096696110356852241053697785471139253
1365924661619577045418260225509422260794069705 929307474729126902659893821586156043388384284
1167005928137209923485545532075744900574326626 781886562390070157247159036378479908680986543
1718244011904104251176654851510783503826334214 1082930962787935790000781572201356903774747789
1209172218193883238547168688272696819943556906 24784493665579694536850014040659402973705952
1466421756892867055302308377499637350991889517 645549868763855943200634520683263522981080296
1808943758234458385540226059746484204040800533 456933469329570607366828687502044433600041500
1139361522950286481460170868462929050652645888 297231171708891511232113031064254193343752609
1862091754616245973704316302285047268729012852 795570393752066061497107008807154771842077868
1214964896575068327695779819995132401356590404 672950792943502890338205755481443983894928408
2108127188563636238232366119190500821202663620 509797644431936064357156524783829413793357107
2069175125338129246992957922662314255859256578 822872229866945436674971476541198925885643848
1758559572398194019486337800838992974358632670 447176921827282196378703151324993263453500483
1170412535656426145275570013949293951246293828 858964325107613709954416963129117026016760782
1617922585431726816376877017633646064974344163 664976946448145445974458804172673740361223728
1703498107550018365650308610486647579683931064 773762302416433783614427081212372962263871310
1182739971991374958417234978902048902526407802 532026895083334564351467048017820921923707612
1226943384593326007647072625112794259944846932 727853896831738608103079972330729829049886627
1533923914678778133355017076896273136935002250 315797988979707712729598652038153415435623416
2082122515798641786944832329835273373363039136 833032391892174882395304034138513764144117279
1518768962340938281875267643342353847881780651 266086199067898245410500835135049987665454579
1723087234590219522235030033878472521954031492 645678033607261368514054228833405094812306449
1612570006831458141397295436779921015840327061 42339921264541142534449114599734436226245296
1466948869774827656710800856198137260150090467 656439793758476034382519807620714089917364013
1961016801165391176797488261283225685310594401 261098552265092428458138704681214465605708154
1395960497983991104199187054995227954387107030 937574673159454937092989994840297550451556526
2100219020702098965307515998154161646045515796 728294585720115886948982760021816435075018249
1704237070666719228957313889964779006484247821 584997328982551709315227349948749897780812603
1881490351751983009472441831754971442403486712 879289099104351772772207873154554536567797052
1531648547446063079425379721002336680736272374 142906110650633015359771215668096448550276011
1336457857135026975152582100055643811962391261 111049639140417422942661214946531465432752245
1716202168199254541438192168308972237411409945 933741816753896683178657921367496423867329938
1679598783924669676115133420624462353874842622 997954164917885725227278377562165238863356501
1422852243382900514749503931586864377130815461 349385811802604836595478358482564272197281006
1712998563628562073922999227649137083194227786 43437662487756190331785575385781977990412457
2087905610669173821177636583638672251484037234 77019759126861755037559879219688666294330027
1541096996492033101436073846086329425649988581 533348356618777777180441889615587063507364048
2097171512349810073772360220241857520388081336 1066487867257156099875142692062075353534154296
1491279836470130423773684328734379914037093961 229089506267344122722551508863269987263270498
1555349403417559266115636146069603038723120218 527351512700549582524030322539617713858011434
1351378683378426554599189375584074791935435796 470310965084057755119184369446575486255167260
1698561628630624315888636653939881171123803412 882579673844150620705410088533694161574979565
1801726595115193871103894432639663943394845517 26451607360005364363991633994392624207953136
1470578081488603604179698926969859770467863095 184737087017997173638079283834052402430494891
1564146395777298910703019571676159893674791593 629246520212104140156303718685324755643587329
1221067423606808291446114088227194931422409938 602833136578091816879310401745567198019525405
1589959153516981369461974013607930394698056451 39641150725328823851114841820659615860698027
1899735808780425741157268372506113224143514388 104562432235196626328478913815292805529037295
1142786309490608467006159959821544216529402472 637754257564400872748287716475317812863484379
1722100368325236654110573278892705254306211111 717536474081541745628830059365928430009859439
1185229309659791476839249746173416623314119889 339344876524760388595114102858422779537539191
1654546100676036444860296249618628509612339559 661075793327072914605613696445690173544003633
1446893194855790945618171481764194522909851827 745569620569770600768603724604971407042672831
1984390607138848114031037191563352733142605053 518788131233224833626340394670923732373269132
1337855789381123357936598079874232510883795186 938140976686011355791017612376280806533543678
1276852777566091531775662226979739709933420629 1084854228890940688697238487755305899445664951
2183193577326789349384652321814169021612270257 682812491371022155096615057748558910102647625
2123873734585297883717297540929270300351429132 886464397190983987441554071439468106432933327
1253123609699533584751384145610302888236176250 985187925407169925809398924215802815443579687
1386668078143647124553869902265850900906153314 156371181203947510450526856420504172023651075
1223116777942588001910774413243447505299042241 1067552729853260703107833839595292869918216924
2121914629124146605015093801475979703881444217 1002699047066659650904400685661257699521734232
1808429257604007506864846373806078580210255699 922607100050439543171630303791561628356723434
1623305264057187453571884890337763635469159003 514454015218298514358300966511374992023726371
1758929859671251747777149971728385052015545975 507083395448608744834153558995203036750223200
1151053626597696480017643194069813541389601590 797846875290536799818076530468521925002725573
1186411205313425711265385023496859325396679232 815472029858122176426792342136744423228193647
1416867674123600530720219982962887648795256411 908149605684084609967740226250686949443879520
1680878019848067032125532736564318009226489785 472032696567206943125799405781003702546954526
1736609087676411796093016921565422401611929062 974020635237978742072400412556099403087041858
1705531892186108237628434353944461438968808450 176342897991832089787324073617734881678377990
1781984287627532132577204035866494353005934610 299868728913354972070630046709460966168978630
1848008775216552346837120833814729110723609320 649497416288293982038786700683484530045050115
2071930650226259232367838136333983450667046470 146606491494721835900588425502358892229910733
1943368526471756517902535275495480275436487405 509400827191990878666041517591630955190379530
1246805328751534113439383585509529580903667179 32488547105303969245548720868486340075930880
1632992007699883045353558049087380764741882512 964061142717163703534470309507450381095402227
1804508460147864256256644375957344552770026395 637108980017858349597408650899481592466457057
1875075174745699149883024572522470870098160585 318312222509752592806693054165945364211599288
2078387095764464684765181369154842172125579162 364087349650945209834878909723837568910046805
1489184933358360477139542944411980912253137261 298180763729669350264672835131549301809681618
1913388847751992907790751729571823598557792161 738297774111831524781378525839078792787468087
1688369861202831777383097683816448613948612571 54068208330511824630953069833814504100246497
1126695010606529625569043723884437353917799347 261081879649082627492020456029351815559496717
1585993910684832320980051669938562641757301086 1042291151005575842513881059147120564766707545
1234828774632529960539150982067553593435488422 1092315663118487991474779209240647484336682522
2025537919924477288463801128718436586749878173 326334024311742398030553924510466938437230383
2041970855681482282439602602951759600301640189 861238932296281292355113556975220889159863917
1822069771470654432797081468459886182724262121 425987853597037719613762597901786670249499261
2149270893670787870343471885638433296005518867 629882779218262645228500807672727270855112717
1459819414005581283252102536784100479217374561 30394484310639887754404648691647494963144252
1978058153168417437924886133171331583209315140 945682940957953764430737606744646182335802521
1518599195472887493871303138011427660166903362 137962062918510611736940101506692683429865008
1167941630547909212573670872499639630828818278 934647497458125321801115344639588405283286865
2016215210707576393639269220844470626519099604 903942069018318857474317766323488136271846618
1939231162151052703996310020884398924038220904 361225489052966689967136696033709757237620042
1970946884958163895981228229698061617684400336 515888865028151668742243439040269764846084672
1738804146743888389481255986502188831717037239 11430834139042189064087927169865063410229826
1427990959439539139371748451205581178165412864 960067995534002714466999796489086552869763835
2142915508183143373138512245867289533662734611 140813668130022054663383231854260861235480033
1309934082202768472260436042930101659605742504 946487923752969414803386250408157135645435733
1278427843106846717402448161988167791451048516 1089909570496609348949684603584090058802752234
2174951952879149247304033751895216402021500181 190004791469273049333768440756690864689778257
1348350102987745054746823236929273332235378700 735305451669788989858225927306375124267438100
1536385343427809069907609939529001294663752206 79504645903166378690682429448295689205183869
1852079018364392632473846528956535579353426581 686553721451916651976768812596177576692272995
1756794395248972653658733206895461971728395474 885892723713662599114721528168591015332270700
1512993658211012713114012177803149472494296027 909437004051507162422991843211512144785356543
1369581804132351847980007288573702644875952167 816736056030439797388493387356013670217885541
2072511615935890597877050498944666253225616534 951668120807455179856974817177342578566505204
1884521561114930805586445467936716515991545972 116209297246216359894283411313090350244758734
1526974899955161069242601304276800548764366000 533128486444695358208482932929674947272085874
2079271056450473968329791101291894694920870870 767228251816296643167920504724413315555350331
1216328546858256575085736504029536963634710171 1051331202582646525639832262192389410766031881
1731116196840656298332937478957484041514860691 488417678706625492343255535432978008279049214
1917093398725967563176576837309616030034480609 681133355417471334055776802588067302733030255
1234797213835009007286184362537284320782092183 374423689639361687711145790684852805047857051
1667458883388661451032440514812626694412597304 149921476109176859870816811686089572835151696
1179282946569248309063472238871000921601441327 1094861797631928895208863362751969204434388433
1652767291570083129647796996080680116762908883 247989699398158149860628486735597696696278747
2096940115110540048378797832023325877108687929 867867200250614560588283036578569293758530579
1195297917315594257453810237204267872614052597 274026881583631423277593790328471545911012722
1220135414160493965141270648751243908590392484 838735198036627819783740750298832073767209455
2106536023644264968670434156065279929189250678 908605079185722492529332539091072568610134033
2019099061087676623903977634814137101615208578 1044335961193619994004722526735878176050578025
1267837956453194018720438733120382373190613099 495828933216417190566493111908855500818342928
2031012931831927466819268269208184185247788087 1095708859461743770377713724876989703574080937
1264230638809312161350706868137784994159508228 618512083545746688685342927864527812810721436
1634056903993834401683934477064565620915776221 470544672257675896949200421870459713721620725
2165273973614482019437941178522541490616441623 13518172209614396683776109284368163706876693
1341940136731060490009508278651586803186947785 571991614047508472526837767395180619025598896
2172221980067686330379103069078764272736267129 178154410141237725052862187542989268761839055
1720643658186705307927330710950699827321642170 118141766407474789080594847776193302489008116
1848611310202725619832879796782104943875512257 514071929059511397334613958205259443654651311
1223057540305231588589027525425883797279053663 72702403988221568014863139016466678222315795
1597769599943220529022808978928943120341859521 201891144705821416328596427464715637036555788
1225170184450220804550984632340633936742358645 650669895219494025987401647685366008286338354
1547495298552872764244784319604417087753111456 682167321907011749531993194798441458890189149
1852091629446397874799313009639418436117465117 1003277046230296714363676216564413415247270832
2182493703380798213847933625285307629208212621 1036597896020940928019470235175811191727631094
2102446756012322189355429919991521987449854743 736383035059431464685304458174828478576978023
1346003151181451490382613237920074757021060016 726533033748937105033193500436857301464127415
1866962007082264231668259326308358742930345153 440605245845740949434873003630207333352475420
2196246199359090521841845532331042848734071618 992499627853309093455133615541490348527781041
1711341799315174493385691059979083320838390495 1086281671857129807617561025939982167971846460
1771428124314103290098362982549774837099614500 209980925419023918252149623964401791395590450
1620169312329473561974612508200074936710018115 118565091354798901148836768210614168395274929
1757840846420109776579029925030199048998297745 221336290630148662618335367126994106598348341
1899437940565271144142661974031652406228219454 205776940866203346203485779722530679322978431
1524046169053853037187768347539460253052049316 404121877528088847648048611649091684989768331
2183683832271675071227713610000016691246737067 96365718402528855562736044230984139583610130
1224974756267985180662367571021385336067756669 202916637387636248843623255759255816842443156
1348092819703314896281650452987298338166211800 522021584578193325272731420635811534888936467
1258162168943333491565685357471518081704308069 178431717511590922221543435795312510568951136
1558310892761433178600643309888995542393444866 121785957737118314263780224609775037417637154
1451523060852202691253505152299525972538004202 428382044099164017861933481272193456530379132
1345046941111709006644715209239556512399407148 157639585170179318333728166223811324981081941
1250760326794749693798882391601005475654783445 558106332906611334004682366333719291876299262
1273126841639619594759337086668765714674343024 896509446931588816726107954463743985346773686
2014311580399546726693402603062987616543066171 749712384961894643965460726961267732309255231
1650321453906475891677104530552888496501230495 107085622003850379418023629095421440917735441
1995954671231750778832200954607257132338841612 76101411122773284566138167989205936454821749
2216209911804658980850592751365379186683984670 271086942978939738558411341843704658392572778
2206749195243918330970297525996538531845844587 503667093045643193901055848470052625279345641
1655620361929168474343467623668745179069244138 218193474055015182880276036949991596122521544
1122441602093585609404994811854224680310320407 805517508058211386924787184547097487828941707
1493637117919720346742172869924809104188341032 509852103942800517768844732214959084802230783
1715409669644301018675808497443786804843744202 888231148185194112173233717267105252817476619
1659733903133178057055026290902293525549081870 463212979819456890403429519864878166760651175
1224876535154582939123257386235812136793697036 872076919238923358161293847559191150919058726
2104259209810307866234147471071909703927272094 1016325368205817834717457358091526608258721523
2013720047373861834141180841792583690911157746 226999948344020599258003678585917799207666144
1169659084164498126409385274201019442253311227 947560768755577798463639571778397736334138092
1557464464578822766027491684042025295570770016 996165829229649365685509030384347108995527278
2000147258870958994291016120380365305288360187 1019248302936846673341890096048849424681016832
1434693441233163142863889135353008192684030780 993623608727227685849075651481644615635960696
1585820380187389448592241354218293913439154017 248567078837540455931722479050014405599187799
1674010193340159172459759170683825426401291272 959453343966618470070032171100826218647356621
1337728583407385180103384862460172624495088220 562702720395433488761557070501934138523333681
1389539531140071001927055545075648660354579155 458454219304679447878388464042310538347295269
2021698384449448187061147815250923635934694126 162295442107497761139574449468756978007018398
1971423967704506530409790291213929615629518820 279050736758446577980485568995499192888547938
1894510204613987728822152533972688421305011837 368628890485501009472897949179319312216221214
1347208679094516300786262939000145985870100686 877389389869190016323718852040916934522755866
1495717145162504602396380857950069630633857287 545561456825795676723299001574626010734439578
1634845191927030827365263298589076697294802226 1044813520313044807280187958462044091762833819
1448254458674690785849450863862695690228148867 946945107274044973571017367612350076071485771
1252659336986982064751941082362849755863935515 805047935253802992913449528271764274990253751
1108495192287754652762804959183383535193937066 809817156766831732280731311664865098131612906
1999537704293042538488809714206364540222149018 339795508899141937997198077186686522429014843
1710508281831013222677033457405824186116955166 748368213817183687997536936557147328327845453
2031404494584281431992243108031905334376150161 563713769867732809688825554917728872136537616
1702468153882397486713606899385755222089799949 520310257462895551094567313379252459213278602
2083085736626783816041469282045611874422455708 743576007233246470735010796352818493356996005
1191177748823810739988985379373638961840543871 542197550251265485082587124148758683457290513
1940527595670306896306657629296927858799269878 703026101588918886486028153519349592382519713
2062661186483561360039427239073519629381094744 377252985581075366574910553655816599776356162
1448256673344707739167341365711946293045639861 1024025816369371434834592105153256773903478820
2146083403162229706961390922966725980622253045 659448897834101451973809673237171363843161956
1765394984253571511280002254331986044846423145 349449251849301977664607232780028667291450285
1823787063881152599997216973267862709185539840 144532944634151961404422862550800953753906375
2031551878301890981295194898096453155910197720 351184854224168859338890138456709113310990243
2065070284220671038175122787000066849259487971 652549329831218141260463128765994942416349683
1652561606842000373212358494002463003596044255 450166613306192481365711463344496247124131770
1502765101880286585963836143002430751644595003 780077752976919554374864240294346992024160122
1339237091811440260416758181125162745532878909 651090331275841125715519246269690214991852404
1286367890282888723054989836656058344564309217 1033846926983290227046088537050673043832362433
1416362069342615921533398825253026178371953517 350513003495377646229107070356427596181186889
1501852878244197465061081903682896201934572864 757414049402211674316884751645281568538665790
2013022496475215743950716251484901292420568273 899802441292738169120083285297274649868826056
1418759093593962191742979414127364604360847625 455824733606266780848580108930203765898201395
1301962605719443076192870496404342645874652547 694636755473468220801845485526900731147530057
1744931617782135726651115806558849850362315549 458036715010179561363676929025780420821285338
1547818902618675077738532275577012932149390524 602841436935540988287632350041517251323003399
1497503127340766210962436867685251075519048021 794243194387890540033212464302917448420116226
1355010920337563293608098726401382603321349142 589759249483284284470153153518920496875998052
1806357063535703817355812894017529531122333676 255380382278006607098637893808438345308351662
1355365591887735266375488274241502983584974368 656686068583240397596992233739774497976861642
1860794157184088635528522836180141969918694896 395687851390953328667039533986310981881249861
2188565699219131484511911940819362169275979315 548183452464928349364068959055776146384674557
1542669971661205401884246394757750414326830698 349626976567494471646691215663922278813508082
1239407195813415055649081703698855794560079182 506597296514930734502267143865272579845682693
1829453646403649094041920557109336998289333850 431383087673962033225545654253127432212932139
2087616035603527951271464837481689093726777143 807867473818120224829392730095689514896369948
1640937959286152707694109689372467800551360359 838721966701245770268049768054768473439817430
1164366286923793618916023268364221400615023757 788188659301687930741135216484833806145541365
1670937526157091173337654706020403009271377629 985544333031476789197879435796286680031582098
2101347827667738123678525962013569737108809751 530968301654444063599892991085646497982952404
1118494050513914220897245856057907372690467476 720452235168052655983547114419165759537658654
1959281183047852282253848670459173012411960421 539686886838974297051169227385064395800794566
2016471759501765093661252127797474156320399418 819417626316503808920794807121456952663999630
1615802691881092373933016020381298335875915871 988188966096805414120962136273620525545035149
1647791643669590527218265075169276079356292571 264962513981861141488590391746114062111480926
2187579187570343543789534758929445502989412438 1105330838865833713982427482802717290866037025
1149806099089180856179595778301401989854383607 453451137647483957074028597546388091187532779
1745599527550584630015604770206832046731354292 1010518751447799294566006299474858281336596479
1696278518124252801810394347228726790581569735 973113664608780634860708895931517338751403049
1412118500997872742277501398847342180039294500 659779991906162682958521507175685309500666079
1333098529933575967983826203427866092985846867 969362789498375621858263489659449806934156106
1752948942468680270501018819981300355564246030 237587919246733578794719903292394315584711340
1697319003331268202520481953592048410399473672 810032672876702132047609941995689913664548329
1705130782899589146851213592124832339000661081 841947164945475572438003378579643602118156942
1605247694493218656982990895600830384526064252 813446515379375410969771528279393664416567818
2187656679808645104465838759631570711164826260 550576084541910060345361046882446598001899045
1368747045118516347382087846231062647377418753 324032876065644856464075562725345886395409238
1240449864243506496410175734458731661372882055 136046428109173007562312949233360792630507339
1182158909891135053992825970862069010360850485 662857897929732005025544345474544386401550397
2148271004288907986629753031873778039155841812 84270922243150939359002247500496143904019736
1368861350744338956063651582485022613461362066 677858789855134678318454988730146013241369754
1401037297986600419843779124873838820548753992 285566542930741111596779849911412872448867555
1551670891957023983108918712941690667722336348 25735876885413811314556889334587106283666271
1569092536518300973081170547038318268671440595 180133698060009072489075273802599662886386715
2000448184722748423085865170196703702784305587 722636944102334272362109638684349094544491114
2194388068929819375651308127151249376030775324 1002552429055581538974504548811563028483435315
1540143740702696457057045097929749478983564116 74153328287765405564764972135559721016588749
2027502794812940980766332355864223113131663053 31777781914066486703063650066822791146412632
2109097762426935288642473541902242674893192154 577619985639764148984449232069924975309874734
1370218071625608918165835254546717776823474350 929612720066274201416748301999192216003842196
1699839336207626949080579544110660748360203855 240264533263473910327104202293821200427153093
1707878917942971201936759118041729249634142766 222022636890317204298629535049121251979480218
1132015048505600828205883703923217454109355186 233042595334582971082420181113239230360291434
1469621238148905154176915035264841949408880869 90366625724921534045293436097741456583796761
1838934665797632543200794492224059649517114316 678012928830953772547102062995768434118651593
1237675056854147992594478238357038832130604068 940581834849380350430745902068101778604040111
1983122499918269859327561112063022332727091690 595052554192664323991296401281469859100057295
1226505546015531864792029520068873553753757527 734707497552468968168816269689370881353158582
1117839870292347442375027322974996664893170777 803599885891016646034376468074393018969765582
1957871866851426904305904622352889437784060437 533773036974250135300463929679896394501267393
1553620420550246807643424074675871096868205544 631793486192671425114750462575877540445324014
1463178005805979435008125230719841296835936270 161159027304039344564856031908153830748448019
1408661693340637107891782223240514479514151391 1031391377291793889421709256430372842092301827
2015400679490702665821594671720554776699255105 341758484247800302660083182781427297182091853
1212906929200009979037303388275058363970039272 729813720380818262848562089165259332518712955
1478960522008883499992252183642628097428750586 884053700234347510923735825550768302199855475
2214679879885187544631064885002336486961425877 951229903396355563051940586966457318475793697
1959058283600899587421403270489486702339176843 1030453629460194122335817066884459295466285900
1246808353150529812660481773159653249612509853 1027974444640567594039109936823582944897820087
1154165577771496343505576025423820708704529436 113210350728036745100439746517046578039219364
1840200671280313726188169983415506636654341524 216568256208571299300146150910174821722085529
1759751941818345373930219794505886048266972178 449399173697116383401114776116304882125479053
2016351598427581655865236492552804459041128988 350395940535826165776904244681857169505244618
2164984075459102732118726142217721138715589505 596792724156100725178962125589261887245394403
2085470891484313951667498626683772096505253247 482073966154158333193255580450668680131023471
1158792478116658141255374044534460231187407294 840619058030438703151295590006433915571778461
1165200768425290438424695211310521054739999222 515149469774616322558547062077652664241102925
1557239520576326132911282493594525023780361125 42836148089483296513265512842740072329276145
1550729974695938042411862945119664942728708106 212396440909982547043461509444971563615353048
1127176300488236224400301109690426908878056934 258196229710986533482238689476504349990660739
1233530993920007711680563775264542161904903032 908689104612542220553123571533468905975894989
1899965907684141509712132193254936919049945198 11602461804194204452973061954395144982008923
1829648221776254764374840007572583653344626452 999318160703786488806810513609891338471118783
2136608082479533588329161303123737942358709299 1029019965283673869689123767582270929787068073
1810074205697262791498177789954172648642460972 56093871070416154941510582261673871500822643
1796881455522471026672900471155081637333062664 167166439348043376516975816660510979088045067
2090620039707130006802418748855524527265839411 1007696870237310496876840549861302246770765664
1199052682789530330296121752136129411872645718 358512261962462460830445095498557621364527674
1414345844434795119726953324913728347877033085 210609542808557515154096857556145716110619925
1920423442704630946261243941483719767668510405 860535465914807575522451151680153436191767194
1593222900631642258059187319182832238691316581 305099698312741781407880186080237632406265910
2060403596845979991347598378113544712795996444 272865653888779150522409384271213244819043981
1433886073080480817138407610524528161367410561 682574241174859222516981198360474607455136794
2142623664141507703856298188891824052601790000 298542957793452242789198240489337876928372472
1643789290440363123655919048751452215387096357 328393588406761581258252873972463214977739365
1671994446925683078811965042611749860860888206 590551180849442186496702971902132241895538589
1531981008864138905954840478075462182042432689 1035615188389244197323495742348100965239933098
1635117933697692441299913790003386010371849960 193278675558530524268756784625873596227861157
1505371737385628470040020310224237387204849736 579246553276589780232286241998796884437450233
1724783945489584831878151928915961326265217884 666243090242953685303834973119492612448602974
1918203789663490577675697470419594284678161140 72013017183644129031101220945372239522145732
1688402946343861183941117569060456587830314704 1011688917232608499415019733722646930779497603
1912367451647039222969603405003287935422355981 213102910372750301119980889709881456408396528
1208906981213102820055647180143838264070618553 634920615914640531435038392879369672057954529
1216154347490033338908078966070821476573343511 428214725861133450731137044214559632741284037
1657043580305609653811353026411782414958231186 628811552455007342905814743567247824964051623
1132317455084454868781956707565555094565140001 1016901286770732396282622114158387951117804185
1305931687211330140163806882192898435515431564 822833844622695013715048255690534448527004934
2048299534221584928235110269422756140425368201 820378387921609204727024115280379350585542466
1848809486084569995720302594208866734420451075 527753779730303676867167826565785000189302523
1350629477749479770495610069875564031844267655 358515233904306630713652484974633441273227164
1603254865284348599609196244117350044789245162 124639614372727280951640038601693321843894129
1555697530021849431988627102410963364155637339 1091575397358280951615194099697975779228430689
1977409235853811388216078479598329073810954715 650700316027148946677084394835051508179635864
1859606934231877700660815123642631727479919634 970454577825290125909878048248326045675931493
1197859756574168108468584956237219873312903770 924779130939013263386371472691727416400642391
2216031349896995588357416856369224612640674257 1092155563778023785644988508493989206249501863
2012039465397573153766331768846091506421056638 1056000228778624653403785228780401985475159260
1222822226948058980089658827031094894733186959 77653850132585676837208821304115104837769907
1212527875477129127324859704909703103343989624 586061075989672146029634153827298754823641359
1249251933749391485736686052076217439893057561 415857676509890760920921107980559891563592412
1236708503538035787705624546076809360973693851 305452066592899506198826294511340403889272913
2110227932359457224592120171329986132269318587 290018048100171014131695898586076062367950871
1781974045259895567109775148393914548298023076 490937891801212826365182850130962994474740738
1877537395698960892211142328031797817876115191 370131659083767002916373128716748119987547459
1496396211580369537165674921900967725407176609 225821512367809533616072418882859085672461497
1961784286961597762210585016589045953043866865 666420851154307664326788580327696556458601537
1988096619689959632829782097865475088763967493 403498200128915666768180403075172976235345448
1646921642825550048224006422937681998534368211 187765977687022692696949807471677429411257970
1304878580608319431461292298848320850813055177 148782440363910132126704023959848502574567675
1218396023838690241751310671132371832006686551 1076912033157465916476401355910828439490584612
1545751436526115298074835805854878459549220018 903640275418493511422919377273863852188356328
2138790589340167595366480448331810631631830537 262201131885850804323548758577205513372574100
1879560748123404421994721150104399686149122088 583563628903675462250002773529174530159925087
1866746117450472572451223913613928878873886324 779734191543706726950145820666430404508565458
2077774358440636864689789251491826829920396995 540350944722971597400155313029722491892985090
1663717466926383774208580440954874953318116171 628608101122790477847256804400789974217645320
1310924454556960408892670344905877806973494765 969106632642262477555149756841883575425538011
2093812083629797703961105028568472499933443889 1011689765280486813170417350404909024257384284
2047498708904835590708966919035399500641585263 200868347780957788674479252313549538516171723
1634446944569041818831545933111534195411497118 813953702104566531806711068424933207560631493
2144511745884925761543138240852066125559823442 993309475403388531145904401693363382662211544
1901171589951166151126342693314548957873830389 919177621943691299730764443021061076021879570
1842543416004011942634174005882153346510299743 860138013430352558713253951061292579706925575
1903313354984478486242462714338816143232853480 1084728741159867844654433500227525240615400101
1913955802383984349569087720048947212891402210 810398232155224801817527117299208331700190716
1996138251285683257095412340767917295736464920 1033667692745429858874657409800726483695047887
1709084647197895493164942111680888114941116909 609097150594814093036503062016470103176205434
1846151222942883342794445533671221941194457383 148357651318779115715583497396134713492311807
1912127961196960420485715488153911113420798535 993887558547846607960436361864157512307677131
1910555772505112349380181638858962549394836275 578694175913848247603304042202671905400862517
1466938709003562177521673334977784416511947230 576056637268515823416693123335088930825618349
1213508087094893024595468300555588161557762451 300823366888469448712611558806396173475565264
2056003558320276599833050377840324673089349022 936252793742092292666573628480526156068678776
1594451460864799606101549295863300398331171087 359053507202309932953469865015876518902567142
2125743548518794348308323473582493127471327085 1073019532447133958172345281855817094358462831
1749469461607129768572642978828157565598142222 835670755243819744261528156660595845001346537
2090385542361570313938452990504099906587453045 278128840354059020715751612707519545085688104
1115135375110413168977863405499381385302552155 892552793318820900192902018855626808253646899
2076046650172383249852275703233912777719104789 589598159987353835914064939026030724666608656
1765739908962487215495095982169401669546235219 80373699931074914094977973309608871136290190
2177569456515651153236379781488287809439910155 175250878815363908792043621166834689135180985
1145336155841732074475292246191815692761100309 96476644135660757965034242442100915381270637
1940149418663666034678540694495531665511834951 820918396620517529564731734086920067523130792
1142677449260457918752194939238025456163826516 403282838009819503727173591543668503148542268
1917863048080453829472357183674399512824297842 1018789003192620968074199396334298834437960119
1404763842260261147920341624553918213646210733 870349265880571687909149174100263449909017439
1550336816320071700856833664186067686874369727 787075455074364084564007514232981850738019280
2086240050754128479997774228970663576443282621 147508770708104359148400888426513633574288480
2101637797456590658553990215237996661973252396 952824361683073088965852155317350304151004369
1322662475422184024433577319894865120141532601 630274989389252355389693856136082839437363916
1693818954626954614385709775603958982395842033 936993648262925569376392140652834327377560737
2116912406775199013743949087569360601253557950 975484318103266897517534435857748894452009313
1211719969715794298125543732734453673652223652 629489805918087350259077090226177173835025990
1475326771497365379299786236187135386446788839 308384467549985541705678676125984612026538219
2135285144804595149541650349831652131430903142 436887449730320739910324789286176062187236789
1401042352520725129826575972065034028411382640 921269306409885410978161861797976450721446024
1374298946269215728381276367104978665018493095 100210316379510832837677940064784001706844388
1671830527398095328076328921253379902666067136 419224007599997593519442868179195332133046273
1407476607838657375967336447147017736550463221 1046696120527209556009577337137133471330202063
1700149720709780687796566002779830818520733070 1024618089871651933217657358244749067885620499
1273107059012152524360269663688784109951892459 488184832053980812522037327738866541571127654
1659211969971517554032846842793903897566644429 439573898889214406042249758511666268251275575
1819730207930398033792406715804211668269583078 945959202164172717368834302737846110653548621
2137046249835745448599414599221499195897245704 408535713202472798426365647272416447160125807
1673274469262034184595694376264321249309807649 1064725594171228762278455562818601305279604507
2211795758601184007275969394732600386519549011 124084185937901198356465006363434095418165029
1528846227971229206628995574707376128082735971 292937976745060321603556302271877341431989765
1786400295935681696458999573279396376461606092 571271854963932057444163498671682279086675177
1489172227130479209960223814269580113057473044 474195156667951256636299751128756808964200442
1940319645026753628894058673228187183940528229 351541194680544963999735728186213252796841576
1800429633914753712610099416574250642711406917 423759590404932052941325462965421535476924556
2149629925739163742230106689844054079530879778 834611171158399900074988758599695292972190998
1267969976690155205815225549224423136873963627 1078593261773728086372149603750532892334004878
2214510829467108489743664144202676313347715478 61938244131649745387893614530759945610931384
1648811494118486455745066826114368772532966540 340751059655377375530482768002715257201773017
1237021936875422939026939614494718116073433009 390908201176941325366203977822823847795630204
1245460952184401916700890749668371763139483947 1080927650019524345251537125844380308400617054
1902964827842212020601726209830396493655284388 144210451483556930912776558681096443440510677
1677192135709614552406653825254956472381986561 556014414589292663466693087658430052354466403
1776288702493061550653240114105872979639704092 60353666692489044311381438427336121541111803
2214643454413868438064975433210747775570505887 76866899848585532417559530423714061186604863
1982308943973772530702604222590794687170015974 281961792085800292859705819025510157772481618
2121009234016133271598355997526609889849349187 32531207986443418301697730589358945903537254
2107113542237825633480074006833615865574354178 239742485355833430705172676736476993762234858
1491874896928841002211222475144119457402156903 803284216150945809238626016116273637739473123
1873537799243377011660228441968998802901666226 479266032202400314269664780029024216600297317
1776458465442874656406732536096765099953455308 807506377863180597466564731695570327366421019
1524361829814331782611476277419630745907230148 254572996097911977418986084915521147523373926
1800052848234884667212659218050675482370100471 9928192954457217709168123474074429434300103
1842212362232663135671238218334129096338562671 196453111871958660833334698861272416607887973
1282593867024519140094448037395152238710895544 902086729953642804031468807218227577872890382
1818766358448203822036491381669334517318873647 897519674884221168528644382819732822206296753
1950925048116153578003321421149282865595306351 361586348592174787166467552719943488621940503
2122345933799983067465367132764185158058504704 860757427046715109436855791607925983884300577
1946946346677298018543117594342243012497930365 228308127151818462628691625039861881148281684
1807307626344235569377600559691676953261495058 383653950047332371701749928715427942880355738
1154381376041672154342043092055640351182557936 1065534433484897609362139298026762764912330772
1414553038096016499216371694218578214041874293 197062093100435290881976747224556283752513378
1290876927574887501189652610333830269325315465 298651851712509144764574180782535580674322510
1149649149235520650619435653449344140651519126 286859396915485625811656571860476801761851535
1751309901235534690562612245589096909147833400 409857279153969641606473705853257268761576723
2031066765196051568051258528446341726052494083 254878996930998193917438458667015618077380500
2163588910447835182282155142104315539555110836 142648948991409797565664993219936564576492364
1967293412575481044273316918406601476983249799 156963276438728794046994869022239722779074863
2162265301393763705524186479153737124214214757 91765375383425363975600804972229212790735639
1547375558080884840967989856209017384427176355 906517520281020656837388369852429763689941773
1210310594498020900163054004788376187190975909 767046160926154311713312143002055241119784224
1399256487835610197395012345532307130542283716 240700324218906461631842096066797520757812871
1335882916368087579192334037204856423263888252 996001456608202492779939229154548002838336409
1967956737164138126952150712062880830081802844 10161114799668213429928880864202107223569470
1465325318289452998731368496955578516698836827 885720920520115643735537681688850097811681256
1310493900360179952625638781190330781637573108 789648197792361307252436345323523784335115635
1707771440129612073649114924165056922838397528 385507093671246113853865673730470222574258201
1601428202795161312091046322751659509842710082 391547707316398142131159880053338641852441573
1937767778632373049571837333186587327019549304 171598439250185420244000991000352811961532121
1269333087590369745125962736350842563012764840 817892140368274857756556484821084088821234578
1324895407354355707487442192479935346044863585 625081294748815560464759960374357384715074530
1945618486667253476158559868230366988495346781 88760834588337339326522251343898565359833893
1703453935749449760639677544246888996589944862 214679950908869758481688979008533199215296047
2135445173017275723823123417699854151338871667 717877944909775580183384959680359736030528175
1123748465028686766677044453569221960836483748 692662803591359074056101578711693679661179412
1261568863464968969941361202569480404956514727 458046199847057312831182917964227254835010166
1154389808027928759714436910764244753737454635 155136959196213189539567367226560633009961347
1623749775442469731100798672408790897831913166 748511221558530897878612791707801649521830896
1870794151294951435788239821345450349805961520 672330068717339441819533811017037619185282054
1962686983111196468261660418773454796920742757 686943194428128766513405525977210622564105571
1154218390385961227240400261651533409847322887 175155506035881590403314299569188743319177906
1677750144592161332700101905949337133515730203 738931411230846062009500435982929048726251967
1671762711990370552124156411954747276230073840 922000805761174071799681286076232894812635452
1695159944202932387560462268681535677983611603 1090613568493527810450607113390540916712263196
1719976336611329084453368015273450349310114861 399883603796092673243655281365233679685497323
1549082647018075569344801873035842220953064860 1096423394726698438084648981760686712445365311
1219005087758766981464045157042097178278002116 286395339610224402660080386037229279708598755
1757385851203404628382577769018538232392003951 946184465814109995447997577976643413151383330
2082854042695594855135752492343623627167342622 238486689352851663260253579111305024284979538
1691698155317719293431446539658239124567522638 738384077083277441111343875924377350910074445
2122370123342502764397808668128235864402437176 745869831813181548147844994552712121422397066
1577320282901526671108705606016989616022280906 181769940820287578210582521198348878327679071
1360903208337271902501745845738903100105004613 551427835882743037125919927373356321947767352
1391943953624103573923502424505304623243837051 139153878012668298869795871962201248599172847
2176246820913200151182272659864725713019279065 902249684982265557956787441761255445286174522
1753670861331661801175124209716511036505668790 758018013112073475686219510956236678759337833
1560039167375076974168807472589230908138976630 845218314844097063561040437788362067260149757
1680711548647059657351737974975995210802024781 27197920408431382484710926002131570992169211
1787505784545472151873118757279886092822962780 485050707301078476807578178901075475749247593
1614369781794456457678690640844561762492223803 535448509770668244857200405488511070707643894
1969828286799288628844593309844038733807705554 707604902846636347730164907524180886430371225
1210281241270820756518006096851413801771483086 1097429918014908103804555071310026995126576984
1841162498697993135401404371898197968467593371 672116870154320685517004517572838117528257586
1958616787697599433758815665041743742651459093 962463810513539612143309194428215433722968615
2190336397593806290678799646612978017222016217 175741807817916342215144527365387155007713137
1244789896025304958556298419079578584233859775 153543608398525691928777284705910745926617767
1199447114810274222514705892989555848815146998 1026664839434574160800554996057490570117187783
1735250873734942788233817268976657153238212874 1043974680602079137575447119105162515212226639
1834626387626268239843760908789632158478803855 709808393633810546729512663969229243607680904
2191912953005949355984267997002779047180215864 967275955863307063271522969544874492841584277
2189705082772821484949104016894204034796739512 1338625954595703639459746380545646171643694
2160035838170234337873133517405760027221139418 792350310046661840872095740545593380728866726
1888609779882114455058565125604409041079754412 345964250541369103567139177192428610523519920
1208504948687503669956132850705056681629638579 713551267721400965485920116979734742750337277
1194535697746345674214070059694786647093204856 1068204308370116432130176078540278250621933559
1657103234568220515783390313958423433966260613 740354251945167400735709345241277664266312033
1980147885951781528651531818487216136334110177 525011637449028079417622822716465405896757182
2139056038676433562769045660502701905634391030 145208989265885411869614747227098176609505350
1642052643458684505231592493252959487689641282 335185529045433274247229802784036323607851832
1582173431364241521886274724772361576600738459 251101324542647852859400517661973158900512515
1427123749906414004728335594594567840664732976 425644314262091475043945325446642217333782825
1236004342613632850619231448191974388635750332 578523145698722444792733185581557690208000369
1168693222669821382646253974725990875264970724 625500003140031370212619359549335417739762062
1387412718846359122967481429718753756902391972 423924521747275399294415739774228308898789749
1810818122327847187671358150487243601134477840 902657448274590048525429734676519145452781574
1605511732048502204376027178376402047268130288 633961092138919030028322187723665300050539315
1269128268607503119063020077971399827263748733 193489424461154683789488181971211218347773720
1158767377022869187171421685992605473558522609 406046635885450201755861632093254363650902627
1673882546170445392189723518309826755582872698 209850244109172792857710586781466349994052996
2158560879226870311023604323950755919331517334 305774942674820064483085679247214158042717717
1866263658829240480380935268388479980927010909 52311123814378046900564951211272744622404632
1222020254204622562294267266821516247941086211 875118226711076281850374232730919907998313859
1461222656135109512750261761082920914326983372 730782013395592207421171456585864070831613173
1397797885527522237451210489237446491499022580 372512460414981131673100354474501717093590324
2002820272206427980682497650916569212354689671 533563752990655065372669045866249149849174186
1986619057080375021038187694551768551077239236 840516587932122423093700622914533421430716966
1336120225477443968716983765273493706226027514 115487237508729738732974952727742233196489521
1586219376527507164650989916253157016197586899 465414682566246286936723807931553746199649511
1276300026435261945654848844066300339810850778 302734857389727584948145522634189161528076393
2118623676830851159701853620452875981072162131 1036890597537286076739196435251255309177011899
2189952814720949850577298079262094563535782930 137112892831611335822618754398502766573234130
1955229853962532172625435674257386235697605537 210656338164413431756836763671682001476303365
2121316469186701399327121915612936194171887110 887918935776043588463715174940205927129409443
1653978819372317478940885442377910746147497759 384908469193366890053228509921456639246368899
2120833483449902081835044025356581044367724380 730606398737248651104893128592502929925331547
1857048008167743709499392910004786559787871738 923002133004280347286053359714599903229768811
1316476052006133061144404757596720116609131364 560389619210059831785632338856304684182233537
1841135920696217536179860078391550995139209749 287710948406636607706463134802721102267058744
1790146357227087873313759983415004561132257801 768802839310350036203370217390808829335536078
1655310651395105442229296378337579012812917452 235626229039069202382648175124358198612991419
2063838204561016687463272751812500552210209188 654449688380773744095016883224817546047122472
1433120739434111428038579301280879933735377301 507580261300602609019968613522656095996715735
1254648522540369258114681569961867324954763400 44225378253257821411329975408513402728992737
1762755912778917081040058271691891391870425837 1041856954037284982263079611132132802499284848
1143202401286290983914690358016063842135889761 474570584237042713219835998051583659236297665
2189870107192868511430828571840304330826855638 138296926403821761845628834947534953811705917
1720742459725929985638858955926073283015802353 641924755429009026774851671474416413519064765
2144585526034286540267455483446390925360525681 114280904940060776390878226726657634189704814
2041360386368017162405210717874229437570882081 756185034314010575711913527982825204374731859
1812233799526518476768359824731604225949307241 349022294165879474732210485432767241645786891
1957750203174170806547815797366995652356379266 58180585089760417770547578448717649637403271
1381621666143045837237402118251162697169090792 711703852032070115859462174156202696857168720
2026668184616231411873247841814145664556498002 648602276626091096907880157924993877988386390
1766082176944533737268393583347090554739485939 705034544536307837209647477568751073771513422
1273807437489201874619073783032641252859263101 539041408403413363836945184510323350274012488
1970903427635447141498592094105458416392681012 460705220022506437274709633473139489772399242
1385760360305557020574919000832123074263592183 762435389881721583244893419657458234111921765
1791813471970201665460294791078106666525041392 276283316422189572506933252855760107115666212
1566758743010112109814125610051596259179950135 832963916640472513367422948047061250085868634
1907494454614164192616593848934841273161627983 184593344349300533724806313289521282387999369
1523931953330711950160427388752468002257150095 423573649323708815604883867388187799812075356
1903156246636473715051616850990131241025382853 153724141118621778111720255709405970723690271
2095897991909911304255668560554531603789373501 804561325648532533479462538522566518904111989
1447409534513787281139695410097158259452280629 937850416796802300036350624401779165556548314
1614851153408950323846217009577757566739949913 391620040675039520320978804619514860130164870
1720160355374425827277756224958861857530624084 635213309304456864365826913781343461585957206
1205715337151883598593536860703413548005173018 630951336287936080613738038706031143240727091
1114616246554477702232284396304842153467053898 970287954371885078825568188784755805700396455
1856777421468530615441496844005016729638982431 661098465831087191908258433700338312460302526
1502595557472706633133988290097948092047207508 301820293188369967594388233328107090011560800
1121464096925519460064732213471360814884924397 878513395920090303756010233112598163376207682
1208111066256971405985531968331641474495351377 907938549396359116876609239113064474745069348
1269361822274054688319534911197847459481788443 481009160699425551725331264945263216396770514
1598612337666150962117950622878374028467588501 950262091052389990014662366107009307282348379
1506818290384736834546875115425242408429059679 111231114661598674849742850209346702685026961
1249627144575022893310480093159656539044486025 199754096438846551086922209568600839609835544
1454753564942667169129899290080249712585643036 980761712392655615142584084317958519870869569
1570480352101519845731409848032156487433114976 564033233941003114257761828632481602708481865
1347990153848727787797288799605403180558751527 275986112769230898535067900322361495055933895
2127189751635931846404581587595357885834489451 355121007899368216316988206906735607506554313
1907930863804346697444124021325684870577878763 140748773276212869702313779040882163107340006
1680017518947271837488812868412177778878024097 976109637430037136045588403312543711641346957
1195168911368005201521112858834786379982534313 504809224901406224655160027032992464549387202
1862282897530898617621970449573211953024145865 401931856447709902231348030419383943437697861
1522864738511535241344360769631825029578007638 995954358747286450151631003132881106070695231
2013548285838904578784758017596093430481385014 390346430176958978763419513450103363690415357
1180504810221194474827634672819652706049414245 537442246878963452921783419890228010769008041
1787558181223332663012538363043411570023706595 1020936196815608486289786317081215346442674377
1924194203513002670380214070773958865025330912 1006965945003797645887741208217054296746253209
1349026359217852252534100771555861936950356141 1032658034792510403549894060475472804995395732
1176871328626948956215992099071976949392762106 613179420182667729153570825358041701684159551
1514741259390917972349554281329524313594116798 218448687360495298597262754421805263577750786
2052816583173351678752351703230040555122793185 673999361730410763059336628548852869124227811
1981971429275319282500879998873018528333209529 679581440024632303060966065653831326694287778
1993677762790649201064322018172751465958789341 636163095059875744076732044816863075473250946
1921112037867250370556891684581432485979588938 51094367500963553870741493179233258097346619
1945756141919022465487075384419811475008188540 15866712843626555490249211883845352111920496
1501982746797974317581439251001372025496321685 807673667944554756391753029401611635813425766
1326833992847132323087801789191757206240521775 546907712346709749658342824133765945037782322
1893465255000382290029573955918894276274906603 215999293039155249408294434521348064792002105
1181444257086119516218889955880118782453583144 492297022571245254395793793820095013055131153
1749453178480845314518800048127975060579166807 961306315627978234867214890858819423029357577
1943650944561218076564973086720380418375879495 754014190598134326246376060429462574769588460
2005932693292143804049333776118903263045084643 650027789468910001054740447306970950621518804
1364157934478047993697170143405634138412276118 1031722609802528792927465200315939558273479521
1475086364040514095661064675695946871161032851 97060337047993247068678124821363080478221711
1351208771407887361395778066269784786890538572 675732241646480420393456428706363080998746565
1705478642175601239601480587927233796176162117 398110067117417553827152173385071064230547659
1127871797515744672702385432413458038047365924 981133123297047084711487907709262834096886757
1983181873402933061564429128608480596852206940 778374338384410732401311721190131344703932853
2031462513204391042904700981626985780270687454 1002171826006473062104771473639157300125743198
1316407550711600260084807362970751754039351153 396196842354591372369712041496095592953006909
1210257575686766600157819971294889375790551123 851417948154879893609282155493937669991914524
1182138881009002744730419759190815710882899999 516533404445119803954304678766134307748977277
1360732802358804715929983354700389168470293781 439660092442725683467674215192828990888725052
2099453737844919291070914880102828847108325892 583961915292913180536984691266557911777906690
1150834031738408493853906371712339356860080157 819784339667654254099012601237809115740061679
2061353174833760234586456686818164363530865148 413524810423088016458791403995900444318363225
1815653316732670918562392415079055809400238439 105174516586270015592403242555442691112623365
2163501275912174661963430649440101617654080131 754513311842912144274312590653016517153789323
1229757942997278075513600284463262232024055059 534421254680695957637405731745633970260502481
1309468778179570546702521379598680371084367076 843966024610659962771483934529040135314059931
1493453499668230460184477696910777300888585042 741790622139406077754003942904701823496592659
1773518728113150838589660089007381812249168069 621289668525483468376188959018535611934760850
1395468632104747399532123036108848184523933631 633325596556422976339691382233723223204226791
1843528635779212308769821999855361728909357973 207069780794955274337516495209012029099900846
1643823329418439626204017305806081495443993174 1028049549261181503732031747144962294474550250
1274991842484494792427613422887952986356519194 575863966947813232847152965637122533485953569
1288261530120293212349076467089154577062852980 283549957910633571785227020942285392419526425
2163207768813173244879569211311599808701349871 998975974837695069833814219482968389794560282
1676160315602172721676463556110594046072221943 386179437730416382952441837346284594824411810
1595285474290100394749956515126402112028737824 638525391911120470398325122914343156408294048
1690811968451223199841197169659520298815898653 774759002784811771660335877956266774609988465
1398678306568169798536301468339326416841971883 650522344026836788381818550731007590640637786
1301757341003785685280333266888519540596934986 1079219300672228977712069043821734110267614760
1895997903548613954089905208240983893898886733 507859044455277613198195002523018708144871219
1705163305017857309308126928987113001899766607 79551773371914803606947247115844777998260341
1574964791627744668565846033646503899283553362 1038659663751747578355974374249082228509110704
1608686063086825463367840605631983831605280934 50123364629854734464764327956931984306308194
1636979003328720608781717768636484943236166153 442632324781055995747111657836647546903279468
1793760109283022805451722650127251233799398616 633751799226728904489011471680161561820489662
1684330366236274223258061097864281644233825429 69199690844914796990544141981860157893371389
1945981263664776654833344534278313418880676411 309952208216685549865090137795582334640916961
1512060842041427475234894711767360051996285196 644075024879213544175749564007397840803858327
1329328302210839639513674254176823767912377459 1008518433048310727599001602990752027393907522
1170455426687414858906836154765092571825322233 339407713932158991704672235603008204027969498
1854210599675052391883552086252032720563886744 1085623262914848793072395074425721450900269408
1536632965000187223515954178977963820256310610 467335431075956258024229078807233326312340690
2095449069835073951507824781551457648409128433 455677121945431486674378521978763463909584433
2006806380435238101814758283016179279167392461 416197089343510403446193726481168810864315157
1872571259101446812955630950855246347421456619 176321394518225834249993712658547805427166124
1651746109272410812557848529301586334292561536 729231839260120299651572423466752892802559384
1558097119097955454234831178333451873875975917 113791979188479689379027736601698568490483753
1671373573625759217888047699201027228088973397 302444213990712452600762919486512993729662922
1511705610178297725079399656545019164707149739 710203573075937581539611256843236447566230227
1317621281163690127436309246502708831589287333 487258500967084403669976921451211974105441180
1151969528710433219925572863519712169701685660 217675965949261248691628767831187520823954146
1444413554599444366898758007441610487184355835 138938495356523923349030226838330372544552047
2012275694586371469286540502767856616945048435 561969273983852355060097028889937558740657912
2101863462330337092286641634076223063540078840 712951461326178458177138905782191932397752589
1292872785170922638168168423763201850160540790 897265067334833958700734020158227395176182602
2153585881214169663573504028263241539487278231 340901578845834789991413884129001317514570155
1556142939104130857021590049910175719918918637 1013089847361090302874505561956692973540454616
2067918043445687172314276662253533442988971910 729431025429337103189038824014162570101710476
2115786976730537047913228273070606646449045149 661338190502644949295823125819048878415893096
1600662828880486232602749658591893277754061600 570971554820227950157529434751192119847739004
1714949621038768448795203044506875372405354273 683676095059542830606365718694106496250198559
1819342832076937583710557570403713802516755514 690504740028076245608924175224288296836260864
1612183453632697226890553037894862319691109200 559523467118495774044976765718273322057255203
1873607268472147379869834252338298596670566422 239429657054111570988617771901969328313332102
1208937707440711534046072725133517632895135887 307374429645469592769575939525726466628013019
1150086322837189687207296252530863834086598390 477181673201884426898715683015794712777754053
1265319791910528441697807505106898565343747284 173475179687724063444841126641074098292199480
1538515379495589740146668024982089934510732533 254880272610340541891660128964031048494078601
2212719846265011245959870705741968925524246011 880476780548639090715119266994796015195093647
1497751610307988269197588951284984896987189102 32738488523754070827235354906979973335088963
1910875077869029998593158397773388102549901044 736924999689454765038195062288610305699101265
2132444856298480759128454833178419262762114068 864990659539207751970872120948962882954824670
1855996053723198713194547533561846138617722577 841981206940876395978705276948372640790322404
2155183710277404008887028191967902433672974643 547864085506004813954564231607264779960753811
1478737352382925617747915417418720262706908044 493026750853678918482768612623714215662032587
1395939939146198631396840897900351518381124379 564326527528156509495171631587008985732264498
1755251743212930407563409015677105920743849159 331567170987740648758484929407795802101774310
1135226948683099996460196673669984462931883399 735515753912469814917302265141265423198062500
1346254723772049216985442290315601323541745392 387773817490098483183599392041552838645686301
1464473743737648243032339982096489130705972374 394509612780044060171729961110196884228599467
1933161996353083495161988491788426051359715978 63463883146101425247662758715168100924088131
1630872876240104784072318033606392789016860214 195205559580975197947777921113457124999814276
1859190135065545064325216925597943167837483996 372708090184485783103233122651861729470808622
1186811714263896680144292412805946404816844184 983296791708032791114160353287318624571142570
1727582706830618412058065185565168472801289051 1027692577090751092023425308007368061843527860
1548375448501747005832488748913476891839089032 308723755680677878244862894192184328195931943
2093855730416783291584121648812737147900221422 114184146652502364186496222002396007513807013
1593969729470773851007210999865632194982474250 253938737942604374812043640151804254104005603
1184829619105457854117066010281434034612959821 926482548551715769729415628576776284830683041
1109747982149428228139147189016452745307442218 378155501064059254825768861459379966579961092
1831389185628285303048560711476751450755312728 265486888625014758423688493657549732729153031
1651092727187353498877516132130288212702766518 1042257919050025408203513560881598337246401508
1357694702599046414408999412452288487306442526 30127662699882274507645942390688914146725196
1814097977875343198284806976926244348683524294 664633570811342632586240773727273481063151032
1396947080697414443003079177768894274082902559 1043718047154679676064942994636683577143112630
1387721996097873108376666465143265908032086567 307010105198621765339285775779899930657091919
2017302819168010461883527396110347603035592875 827662217552517721972750434569702375025597053
1940634363781867535280180268320350247545575108 39269451869908760069678014212775280989238115
1559915248175781517858012235421210691266163170 1056146950208113359191226950289124577709660915
1990875785919837974030853123110008225107014121 648581039749735492171317863770927870211860412
1331847061807339234648470018185054210789792726 448185321954607294715168826530519000345752778
1946934738011291060677106784835080828210619583 637475648446933572304550060359105210958951027
1560126328722103525060310275939886276208270635 875549185960062555903160556457334928582778087
2158972423377420365485312988065402741348264372 984411529347324452384984583900275458850101828
1919154901405296383430779917560834106102005408 1100730469093994008656907404034445433897261396
1451877170926634741411490868655864839107047707 332323068456105170742170246344670993869581194
2095553065052536743082977654663041239203083464 475444411968143500194363967163083924732338939
1822924431192754363898852380331957443494919017 1029936645061981297026921395421263269834110147
1608038057266279635780703889273672226871328035 782509700922484234270162973125480867994493273
2134553929741941423070520697328186709061870794 280408947323803819587001294676914566933691219
2016977118433398944959766506503425613935600438 871930742450487965587892725133054128075478324
1448637034542345387670270043092180259225913411 514184005987070016370950976398939682801100504
1621189083619377945259995727731859417140755292 952190980763063322217907212175681195588608870
1593350493978189712686388354920628343062229971 1050224608860472007744921354204953780599272117
1802173399573506882806739797299357228535118798 937762215587441798404921263704731929417067057
1475375390174143352535873102218642643787327000 408380896127312968939021865216998360502475274
1991515100988272745248805262736295924433915493 51643261692296287105509629737451169315471935
1321819829759265211258921673451848775725404556 243851003811366191711001476178198897800786195
1636125023497525642141357523895634910949858098 40359918676567135309974814085724165198830965
1538897320282486014292517414453024718008916182 445878229811755179895922223488403765331060993
2054313484418537285609953648962224419348449724 721936604381828263008928811139945859516514317
1768713302615891053466915060574428285212780892 524157716101220675593335139961117720279348072
1113181741543401388877970559601034777883756772 24373083067003019798802129205911189092431019
1188239217018374383942158476827460676468856974 234944165972578485527020287526960478204891279
1748019557015051858786897631209829149591539923 1020009956911306746475268198737430167123865184
1788661033546995505892362920311094602355507519 595828932564089641684890656980422870688986224
2035603581178152678958780583368073357471275569 789448241910591800456515553673497619821061532
1790627043286926672158510933228752230750333317 144209835219286681583439823992020851843898137
2102290381575705006856971419488292735097918857 1033200215427882424961894410315513027222760753
1621477862572447832237411254405104116561780790 571309331790401252334573503517920742771518978
1584388589051005005553808839248048771243729553 880975996428604785739883240235249236361623343
1909730796616943884213618561884170039345537583 272841343194583615773345447398274028726090619
1927656016207413584226669478857050658580254797 421848071733766485542939453438058274367594629
1414610762858647266522672621813764483529011758 885976681917481730136421117753550431840208932
1843987313525764899962732061786820873073252619 923238942435212763081394383481499239411567412
1724542648345476905525572642040853156657629023 872272018247752228922969442272944929654344348
1173982884471760653774961020059396957445003441 664479514443146640748682066344662107196703971
1554644467395059195869130659248043458015417767 1005685301150713634214946114301599183255127710
2096977572820890968660672284985413767312453618 64513096215310800254994605813199662753085341
1425828932119552414517832142496223094194557229 195807837289220585204459559989301554101641038
1576937605093617324906584364228827860170510388 1003555725692040894352823511218761624607062279
1435268681540874415838805570456327761242569050 564113444600788597408092727622256104166879164
1135032878298147639566538691173198103092588923 737626260892517636841750498850586722152691064
1438565416865285837254820048021268750895064748 784061045552123219738840330453760519580960855
1838476727773015579792485553706037750668078612 397608730213792889765794220267401244045340075
2006771084643439414690694736616587736725872383 971051845848076446261989504867016551626535156
1902323913236046019135463639863783979643876098 381417033589776261315358283244127402890629671
2168283924541720827335177845878679315519075917 628462561702720259533766307479590592116044922
2012892593740336127969876284417737059686440302 210132803257242525001826681342616544229379152
1249296916026705539255086123687561437398071417 836809143151375833819852780842993210683757938
1179157865711389905758105468908081638846696247 161291562619292468988677506228693496033807591
1297194061715192654504703132716834111216256727 560858185055071047635021767205426109041433143
2133172013964467613976393642643892850461988288 479507293563378182221006463197501241409401534
2043829813111246068237192786015183323439223027 616534489755992771300729997375472313183622953
1229427029481536921306019033204373185895553429 604363235876659630087583171610799406335976775
1752242722222310144414104187952948234737852249 484458179176214306475868874015809186924873965
1828052130505328635282995000745054185839930739 934842865878298738204101124500214291630515719
1384834973183972229336586767673697874747334544 577290994600652773365654149357693376011734233
1605233716323004042532345317862418212469521435 1104590631966410643424557717522851429833716804
2059678042617519939808999580897170838363970194 507079484370371883548019340843090726794258060
2096429545804184863702062898957626561773495047 954748621677227397324362908681819184817417997
1621184402122581348040833599424789182439401135 937847642277111279341416661532619000538588158
2115010004767267468090959965612153474318666969 914897715433445216048332854124150321136451377
2110088774120818928989430009895683165597125101 107457320675601239634629687762725661200440432
1619061572996093433962944211411692670752512127 98589701057284686462510756919255492035947738
1260934711318189888908260979176544624763140237 55012318947205867165719578545700161629556397
1632264372790230765185443282303362290818129746 173462678186402313352723953317209579713945265
1649503173686634057820337888849513611436970130 134751510893022297728323124419588647784414717
1393148919565742423039890931058502235615187702 994624013937225997697465539336815798526648161
1680431178792904908473387178220938258035497397 110202412176668701283205962697596657981144103
2207838587427230334227079851039331378431506441 162809791662496980998685656498145711940599625
1428559987769375268677620545262807126055190874 848628508034205037762056169138599008335021612
1299255405888606743260912358075616654829903582 680164652828881951280365091514406996084137337
1398597206805855990917544723409903987374188997 800628218340853566702260033072209542111000065
1700338637395139153119131749707866975002936799 803064601043548062608820482994629686977918666
1890790203653079986476320050739055010673826007 266214606054067934940128812006926237602887717
1836432137195171682438157302585872434453529311 521987075297610929531568268512317414204335791
1886381264339842181346312819808606780064963575 38035868430343601379465362407793520768433078
1915903970072277040299822787126648542434290610 619489078262778403489989789406331596481817704
1879388797993531475674710322457368031176459087 367623917020916006263174802959355786288183597
1189194092116934681771534223446784212243731836 901561634557329073005064078813332407612011168
1161438830516515025207354407848499293513666512 982334418182561225604758852444354040473890762
1371943612112461584529520555452387976372797992 870267069699677582968785366994898212468606302
1514856238607625233869536063407242294361949236 1041001351888085458770592977946308436604660243
1651825033662455173289200980509156866639953761 237902764270424633332169023044612134609839837
1612228694984477327509364912568218637766888139 206009203447623689030703234277410765096823714
1866862630742996045373152181286690073895151870 111500362099742560033089366298855144701155551
1262319497185051302453077175671670931693314015 109643015609865353229879548977153918995193192
1149252235461145345087811944720703786213834423 104956996132965794512441886678233327975652729
1994002985488770655398682013983612733752341975 558783211990986574252687584789335464534280929
2154807151841259817097013401044577056132470331 491218104056691595973108155770267507728539482
1241906331499514872912302401386077203809470620 638259250809042825835470156712243690295971979
1939524928618277356233168644815826611128858052 955158688028600364823295364147349969301212264
2029631532045643176280910237744056213267462759 222706317796006048567166298582705473739309264
1995748071359186972700174418363165602070027725 24401141178616931112266706759850553169662628
2033606058609457279287042437411802214457483172 431523191393563266884462263468919508305324645
1535773176711657735384579128295646976087484598 986212117531667850413508783784999610460019789
2159559209263092124242030442053898347592780981 749010905107775247724101395968433910610356315
1966954884689381335166423829841246205999626241 476801981416040819216705571221643937941024996
1401886622627492908109980203551359745352948194 982284117548773353819991201255578892779286745
1548389413029817914562587405793291297889842739 371468534622997229508455897669938360487333433
1242764540828716592571609861185220266434710904 805541329289790003894679082970677735448580938
1175357974463680806556340567710683841567871162 554960633218187349107034921378551344764690284
1679953466870340445706350086041817269406655467 1001834931690101458751129374939310202789803164
1244565135072283612349247239872261890995119885 180435387932911639502027901253194938063268296
1754863122041505804838630699479970731144241928 990436441372172331826494058940664679796474032
1132461698978119993763962285769963337542337831 490395280239743006749075057984635500613675500
1762062106505972290876684460270253689607104375 254648232933486974066517650708344787348745293
2176285039213721447587887169529938472664365807 413390654777126957912816291348849593703279222
1399109848790019177120915594199344703789045826 74341350255348210342766848062404326110462030
1939075065946533931898286088827064669929643186 1103949892045666433286681233472358399156248772
1240122382464369687338582493236567621842579191 348244489580564254211448317917645846843994034
1821852302435169358650787261067891322920206556 9045362436564647566606724093578435001916921
1826234941137917948643921864920731056892866868 224584306923643092926688247611098727452682055
1187872521016284016955502011253739145457384710 1012276579761892312589492379283022252211517801
1395360998489822198122780446865443984863442948 515653866821432297970360471216982649518251963
1469146271639785554684641397250754208258960454 253298714604878815206517892934658342322829145
1211966242980771554262278413802663522555985279 162103509324822036454156478807829301729925672
2039432203306325188417260654450791979695316324 259042043153254175801451340729051118527178580
1640813375181041251776884311148138272534423262 252183090159347428156268794242547471628026964
1385725203717864775174324706555787450652056172 1002691708729657891018944678709795021075284598
1858956345384327103501210691444300883971586615 1066498207919921105508413304399943548166098590
1715537367842183823899168950236065696549771410 294728467821838090867109329044109737579164894
1935729701434032052337452163402187808228110525 789460697873446086570303916256428947426777135
1546309255382983153237198452285476799163239437 256642757936261940527325044917043153142648398
1647235049641936935972182213257130843317344440 254944724351072899122038727580676327910811122
1874889412016207319714717198192259136849181496 614145880569561947023232784433776913550579370
1968625876084263628797938195564234404508809196 799857612261818059876335128889309553853536274
1877927563012770552429738660538058473503608642 819310994619313768063365952844336909136420947
1676760024501613350869293231284995494106915681 773428165203283719809401016774945902253545552
1581956684150731822514139369842983313368014697 673701738592713699592706000305565623864750744
1817690398519919445517658155439400921596524939 264855570847433562458252755556157306913073965
2134489541550845098858211925140154553743630491 226160205015521250405211737779526302772390067
1581214817951858177346050590537229325068611419 186018465096492640680190769977391060445462772
1186515956044360404055928431153241812893479860 1050220030142378171461283302141533634736208570
1685351719437809092826559519373768784067913711 403415649782647735953488140730223199711353904
1315368567159205884829713813769500877598445008 648698107751639067243229671987049961046762940
1735117968600796940103046690517784897567943048 4705276396475379452694058749332952803347619
1187778213388505267185729305116034564196233315 526064633164942947740808048686342032640238724
1242165629908235525359216429924681310725176926 470156855220953610477165027018756873213225522
1241014544930967449234324535274076584950341365 331256160913930681963422826818243759922943002
1951799174229662142588460733511865492360081523 563349584513443698839358080589496886045866068
1559846693445048729096281634775946548428311652 392896391728798302909646033611494787483541496
1856345387495429880589189825274817935814545960 78065103958350738167788586176827457334010589
1435913927603821159293985277073347597941218170 491469500793054051007898492846448878074276020
1782623592636026505073338621532160571306382436 481606740198147423470926469221235087177898787
1779537813447150742385240195165411512945039906 39929890609374360875434121474502827915001073
1761806920138246015949038183393138224957050108 606100615604697419742940861636396066669060861
1867748688620903659081478047275433457448264616 174192844400464727014566616272470828003957592
1985375545418403597063548810274341949472079820 660257833677472252610691282352634894925483195
1947505375433219600224756918367194436326731005 279310079345589114932555735969412842756148935
1398228726097377314742731106921912469863096836 27976601167720106658882390523140928889588752
1298182844150253621020744714584865942306950511 28203654829877527892624003172301464929259460
1450968684254695833887484730364272017456326707 234712883009530146343760258296731450647072714
1894190005450612686781440779338827199729459231 473568614286212846457163619294134957142388045
1330361352083196713946406148562239862406628823 41615738995594943780506095119541061299695859
1659205451683826851203314578508577750074300471 764224346511500689603477061941284126482574930
1251879717747829868196312424308937143566420917 755738866135441626033473092566932924910262832
2191867955156346642643918109130585327754716325 70556628248095731933181084399934696915902641
1624038998302065816431189348625646279007965240 697093216633522917407146956158667533824426644
2134308146413830534408506771755301347062515047 735618156818815415279310370496407395445719498
1388944279420484394963126490249161896352690822 174256181832992417279386082100111669883665148
1914533833886587626551958751043971807212613638 117211301695180699760977367772269853739874698
1326680313276606669802293389234067775086067901 306456126046738667285887435576851492568564323
1987076715518814589732423704628674002918654744 140844512939616441922514217035458279715270937
2030866071323079925957155901042228817580889375 40278212901087434446141998459495411278709165
1848604483491585108506199346728608949363113605 142267621135262074502298223235645453732100342
1283869581825521447355443408523873611156547544 84843673319409838591267345231065590469829658
2176464260157345298461058860135241810185483486 108830409054201524561118760745716771988171993
1528117726550706299283885204119290012186728454 381617579604821108854041039648698439171450412
2015262739055029284682291020371426830142025576 515777781825972731197509563824944700015469622
1321106516039769210884532971225001695595630415 434277866817196886093320283411176443499568100
1921634086653891894783575038423836812971639756 986722421999681538061635906904038063044236113
1249038122498733759723905167922685787270285085 200739883360404555176592924047857821635916619
1727006289951308970457935338663586700779720020 251982664122590610560656593282448442854898666
2005662028054470250086051802081073139882419203 104430438451834890967163977940059768998492500
2025780328043629674364682967520642989698304723 1025378182722929519547476585440105354174903988
1727881467086638119987178509420890066707331423 1067383741181240057745685091841054197557844093
1443156151348316711420133701681109563959935523 828228607530265927439629405520552114026585491
1484475986050487491723105549415167431602094767 261875216595541470643426298504924788180402505
1806605053879793816986198615124948570079323472 282676875876566833094323875236165880402551414
1624801504673413170485732919962129236017320206 366253882055740550214978926621722896413303547
1329712337550791297167203096793308125305187758 441454180699032958550256369275336477486212395
1925950036531867839637946310370456288987000618 124377566602552437594084575426857000553372253
1925444803933615910393254836929349646428028763 783495313205047106480957787941210716899968040
1665615376606810867349599222885806018477082671 660661251428643523884558087151364253203868575
1132360813071443909754492553475501750299321392 1084665320966142598984148999222049840082459001
1648793928882019157298053937094542008231802004 676051762250107404274164110649142630376677228
1127921722842058491539223034632993743255430751 977571812649184753350039067595909285249110564
1588682266205907492074390571778734334512835692 817402619015223615513917638058503672644490240
1727143210626799205026618947869145033120455451 69344974273157461696855801392679191453657318
1869792830643225870507140961911464003859720403 107486239086102789128248969218545228129873718
1735930461706405030029214631273805317495082469 1039316446304350347167343706658006463224159940
2110416188852714081239140842385351238625120498 699575196824309089271488084396897227895492937
2115083470076824196578159525826276181916091843 854638812527462075163627921837178270263246680
1979634584017336014410992419593116902290776029 898468002462996168525454642539003355588644283
1308778683322399933608691091241654701271472668 367103104008345740128208154505883511687327502
1207292136883850923704145362349507532421418733 666532954690226122840411877566733290442798088
1519459662308465193836375116657385935878773200 1086168070406322494769560064082804911379482311
1239129133713098451956372206186813698607744828 47029247303146333420644079563921847896552806
2093972125551878579334581782865624922767900991 781824505587532336709572327707195127973928944
1665879473004385756460972977090138556618642379 870114755069065899569696559143884341907756947
1124099976152647578493501156989520495224064184 741622074092252965419527736762050860342981478
1478275444709761185884447823877948529356371224 181469034599046035821481481963888702101867422
2027075223849608111365405431512434708115548546 740057225960572636114712810708382903081484772
1115442099215130142503754795171923354870501340 1001951909567557009928735620429424145287124564
2207874643432565889302881611704119925109559773 563044144284328178554868304856424524278418000
2080940594662755829448139095708583454480023686 993369069785395168887664291757915433453700754
2091482074669285621661880336696496153114773106 829665026821323260616477683550689226370363264
2132071975348443238307572030257582903445095793 637065514713532964782093692113670720471666608
1847404779091892899846954349025749625061806082 742626317639705282868487792968432404280349062
1852182232146664503539380119420698368594387790 472247971168541980625240990540904556813687679
1901946434041428746398434465226300014100945929 887655731176118649865947566571982598051682406
1529960523491027673865693868262713043226521338 32209959579464859060728070389030077855110852
1966854387425378334683479250449328265298290252 820707259114419236563659516359231512003335234
1563410285828492815975675072814383634107601978 632375855154555136809604532381477357564881741
1892777816254295952070985397621243380586417895 177497705686613962456343203813489952911909846
2139604168019261731997568574429620149864002769 1070958439670578055441295936450039774511703347
2158838891770177199792329518352406596577265850 347500467511965533316347733870805965157735790
1907850377845436332980613299656414838423029419 280704370456355937802849242933040387910281368
1512787220446851875621519199680758346507199277 100316577491683446542309030459909462526101935
1696376063091550682068918419575603185753575016 353556316382628313009996328478371342551733640
1557069120671783071659804260867218252570701657 315682863162831609755378362516900570658406050
1835336315119095974898473778917811124198371455 918061016396114823750261512958912554319468093
2108282219586639349473155229139668067434980505 771863506622385145939316079600176770836944578
1902013375728472610096637615527989290734686209 204185024288276130717483875976694559726897390
1680926895646440770991354284378209596832294119 551187514767733945850419753746484758969363468
1198359646936281655461015918643847839996336280 1106302640967086750861762275217644883472689693
2154591042790099932361496381067030658558311231 875289432690904296018896707166954144940049842
1814704923620322690436304722415405037008829281 946696100124611856594516575737612619331859150
1988449089674429700040315101496911096773602016 1015091170354756020842127826936180380353388992
1466158613141772368001867778943228383545542844 264306092172532036202846324548435744179979388
1110195757579459059532424556379207022654148808 694757190518926813415826082157057336710315372
1793125792250381598241882569803203441400502321 736304705754017660993450738398512427566371558
1400010887024215336609862889176691741159520235 23839109135683899449897154418896649834369730
1361882421498743345018724135635054434528195753 1071823991656044873000212213359009836220919111
1663563948599559888078943974144514579836346831 880845545273636967866829900539121907860555116
1271561481571278990263204719904431014164592780 872648851702436847498297321489822478532856234
1831398780220365578766445134729636538169867392 303086549879661211710537886677536405037364289
2152647872436076463138718465762631099590280550 1047577915384865950284511552999950738962330161
1880794343235781182020335023481479014113674161 643183508307691200997737237147708016632277880
1158875880721599553660741856539081391373419896 46557369630389949996416400687522018555526892
1274206607410370144631784670682743414148449726 551098861718814359150179437926719990978875015
2030100572522356238888509868422824633716509451 986855074506399175495078035626213466881666969
1752070828293727343376624220392576059886889813 199812415128300251562356634253577966798539812
1395191255149069208525373121578845806312765621 498386688345060000527360937220122355163329271
1583090904264441970169578071448237385741726575 963857381618465601264543129104687127007803844
1598865948435754594851277704032395230878757450 658985361778738499586832060639864508435886328
1169195050207411147088338157848748583470473729 377363494681465555698803621246153319420051139
1938066352553426520000599765568606490151700016 304056737294486482692441464288729127479253962
1729733590155902229459347482138610112666274318 871191879959905557250640769172249565194647701
1541526969047075305584184935363817973938009049 335341314827635874925009323036518712166574922
2175464210520194843227734322755835705657176370 288242625147478119777841112100494095873147767
1169770499098312208646065633295916489109689446 140574526579742462303200560079918214508614196
2075445907876321239093329448565462095787540615 132743076568861932595167835072759965531555203
2195981704583856673909051987443599194848458097 1005164561795082406685665769768448918744435769
1227730911615087642157938269548738160180034183 44509996345547490631154528066791179057899206
1159802537836223875096636674867945221987982400 954534292939344260499070407524995558525955703
1165254636842666070513214253483495694696736256 299427630754142159168162999217682289825110278
1970020918261720390448770296471467242299637604 773178162778748926081996512033678189824837780
1928790324279640866303179602252525392110894370 745720334379331814209551136413177044432733397
1115560660839947430105881205975255267158426098 408065202668531108713196857312746866071916358
1838591292809518701558654867472510705884695824 858461217386092547006004517892367283876477846
1764501313999961422594293029664817358607415248 540630681076721087329348060248720508056619366
1294006136912619867084058971197386980032180393 827126268518394729029981275001885820223123451
1473725985944664528503087657813956128543450184 165817631061676817439984727087259835990793548
1676283443385172133434761604722046710397326565 401553508305964838325534143554016923165993976
1533114288729992050090164495098948037583467225 878466914152917274428157049012726105887815347
1922347272515167968009621888847702277477363646 951049428652496093796216226515178687520619593
1332473087313937640185481530619188389929228242 828926101875093758213859880442567626778168160
1322292532662550387870676513474699263476244881 1082140642752440165166908270477951312765691284
1562839045624918928855614125034458665244330043 379163625064261422668269731869368736554521776
1774876709961900533492603740535176169072950758 679458252491373013347340869347849354077105852
1471511039786295722240279697715584366776624841 1074908403621470791339362825767485498042333671
1328104998221887389265942314059168915358137996 542590311789930530998711713737003190478244504
1129923912298943320970686032316976250729464351 773556416197880173211927758042046365986349401
1579799081212030842199255392733016491674248765 1025796153744055697573942860708426800682155417
1111455570295852248356576758183775147231970707 61288769957920262557737570831772606939794032
1131943405390054674436954096569725285585612369 853862227092961545795306447277982440700716488
2007777068485447126536291577219106546206268035 1053652481586706525989010702790738579255372995
1228921869487242249344134388159269816732136264 577262934774926416540362234649230267150993463
1827305772011264093762462179545658740493229077 347896252147652237072554597067621403683446394
1913924065030001440106479518138736166544300439 612944851572343553789091309897567547287611644
1638743553759339702095576075877573429264653323 305006653683699495236120270955677296977773577
2044214004875576931529887833332281305575812333 638839823179288491470659624153954632726190861
1490714073729903548700098655553611810388974313 85199223563182093497559707048060472006436781
2099406623378925828918790767229915076798680821 227651866754267253211424821016448606146828875
1440490847448106420170206510210919307467420105 65820605278310180561577560837984272791484823
1909570588322390305824200974136506032204760026 52410600575933162617118621154418583811738069
1341595245071622621811616182522240286068603121 972890770649007996354087512162743802072188253
1984414127720748163250554590753710155231473566 704222043264970841314437429232085882479121574
1718484541233010017154879173607802400624849581 245345453565590031811584887165568121218628704
2112075183250938113284194063319140275952196929 40006729781748516770680175594482594539376575
1681439938011253267773390252304790759549109933 1031297907351793729291069372259964150647356710
1429081480545298571395915872408612866871410830 579582719671544264638708757993034737623641308
1682293759635247644968845481472574611214706526 981858629695655032210099772529521581321388507
1798243761737233560700330951840912707653058366 55316054171348594739863447349945934747301266
2024367630056449946703552989245875219997290095 368262346434948044289332591749044735944105639
1651932680245363328158294508787293611013924506 1006899664362017669467970051069551658013251555
1868171367331619947098504461523104423445191120 847824940576019544808650830641726365483045131
1721284402550539371098009383001214352309947635 289295389036675316902701183599401346614740246
2121845286695623241726173261371913933072910758 786393181212596473282939019281221981758236557
1243460604545942315725002635363524226689341574 1031607440192320615561129301870389757294941796
2024405181902720942400224238600128373916351324 772515322535808474693993631531198737781148086
1534363448754922455140564287837141797802699961 959324116629481020455822218178582085618248083
1346424226976692352021455342291999952332696954 862219814101505388389391467308548473808974303
1551923074931000210641863477437600853265869561 1011529693214878657618499763073255631362622399
1561603989910157460457954952310366205590737871 935457885075065749120283169426512288516279283
1957972904909925787337575229590565980082246478 1076602151177131441135185382792250930542848580
1609454516896495799309274519714333539061134704 960049054253765330226702792959781494025350476
2161153450792177608749145032920925831763259244 804801742989484540567449063599527574141601273
1276566905384609142947359855152901365627312003 593551179113265819859958723711642612418943083
1835043809157074366813472742988601112238674590 62480269698581817065804178581495495660923628
2185702848695038398486171042137034119674896786 1058785219190679573601536641879382637540615768
1323831848866112708460954478061879471942002461 141575173988670046002987537995167635091578487
1357450147081699181042487054842413464637087812 464856442983364747693830087318464389507517270
1829616625520780008560713306354335963119379414 36347756393381219462975525474153932535922995
1996823172296671699019088019316106010470033814 965639088069485420442945610642379596453026400
2018147802797322574119328910611800641490479618 1071153908560367278551931772898678528933992569
1373927882139906544843776573462164277337342021 258677295550287649320369338396271389048191090
1639750065965049329220553599310476083597361215 616180470541575788375105917754616893388285844
1903263243151484516942881215020004586755870505 232813867276031028860095444160348635542783376
1550485907502631352345517961127267689113793869 990609263277489959251749485231811023913978650
2027567939328529883618186447184864849411073887 12873303183783692209696004623158015068149508
2206519104323445890055399115613063517431259398 788974113944393347605868629705170154806501345
2097599169990929064833595552996930415283274255 169259645483579852063211357340695015946208208
1532800189383721282189116233031614128315973015 967689575779835723140985160714871402356568440
1875643625347880087465845428375290776644020214 231191208143737347784308526771396178722686205
1278057721456520379958241543987234380780369499 926734898484151062390472370589506048452715926
2024622911695855928146558809224971831248876920 195348433947105968433033200400929781322353124
1388177701428952425595341124081539378521967246 321107682877569549920157643871897582024805587
1558209170984267009816364815416721748062071521 243424588528069219446165426878183536333445500
1155180687683180197065938215320402678268633288 850833287259038656516231613255388707581572897
1775762310409149870650088265376944116700547758 8620842467988798350212886680918102267245467
1573491881044438555976546893267022223658818479 364632851182980487245345689357597872394749675
1595196787232767270465443247347618556312276224 701613172393981076537684136105059811599208166
1928069919660723957773777919908528130790220593 1104932641371497417016690589963451325673084035
1548581379367124352429505773613098985414537659 742214146234577029747549912917214294833037764
1200041471925885094818029194614819001929946806 491763998788164052186736911006623713007273568
1521755772196762907322310227745176341698161332 705198814630725585241984969409921730451115994
1773197067587416585708330531391941615668645286 1010282791574674691937778479158925936510348765
1698491654561041569802228364335142986557889536 757735731528077034600407679476536592468525415
1853898240957421906617830256101895050931405426 922768366859224445503873323477534172847442314
2135664843158408187847020589481332612206466757 913488694259306601227507755856875581051772013
1646007944657178990765635090983465185978479168 1007808164773973335859364099846036807647262950
2180097383025195600830941659101932124749682839 860129312989192264977662966942166694309691801
1142592503277745760476648395036849717262150326 941242400307242621158408277156904903503587438
1565274540529318460585797566499156659609954299 54288128560400511578992712309966169747476834
1792802942322399268295588512890950856426993018 562450648568468941060685914186928764046905265
1410432688749688732041351849175243525146213291 318953954023440486427458981855081142535933741
1205784914601155469675017810314552857224620501 381932275922258622694207730629781424808753412
1723483054656501730129549408937281621988104008 619365134695345106843219300822626191109587476
1240539846167259203952175171373600875053743654 112296095378288407503880311467709690553494899
2000034510627190484408615119445291466823683810 748522010507619154321508005063721564581868262
1642338995751274935397826016126763002307459568 1033433007652663799553629033706995427479505550
1424414090845543140310635910131297973064677083 150619218404714940716358674372805150999632446
1694607838567949264997598291674811866875787113 215809716793947458496268249733935157032769312
1872675162315154904691899019177154516551154878 744167365802020470483304710346739792678242762
1172019412708338016644195199749953359535155562 601062915566546632275900774671444673551238744
1885980795196043730848775976564603606657579608 1092929771289627288563054525538509069519996667
2074098579668545656495625653509757895034219495 775010596137939764999226660066643261632593954
1793481880809811883400543847591623334761229730 518366501349709679458623359171900337561724639
1847573776419321021392198319481403357348614274 900284517053801769758054554094402769778540784
1907021002682312586694597811857443149776159407 33778884304539172287550634543376901532799532
1984510192565613622408217352368093616155747633 709997156549289589514944557124214598545349717
2048497964763835591356282574070922946466264369 223566655650076970918532326246197246140316658
1817227570012771995871521664859932122979294967 122071163046497963967484125509217561035282844
1988028049252226319633666157709876836042707463 26190124994512116437732039512575008932517527
1997903389961569385326491950470457951166255088 961506762649097820742840725547728324988309816
2045939375133081811598928675473013047387909723 350065050192660634710768358244185756527823577
1518117653069121373485455680070197184900724678 783147583864705394702834166533469838910583519
1689334364268430873026313262859077639563521106 461725606676438027535044961145586095825234073
1351410298677969802326772263031398169775386071 222877435979116231864242890099705227097068670
1855886823606899753421532214843151346424340841 504840916696389589826862015254100804686318735
1525790751144466307791057128617547301067455940 180622623519371093786660359768731175429890279
1351919096073454574475970419501931366602480001 484202767996962709892403844591059165314617057
1784969135614462312517031299381714777127460442 1082791880768816385080245277095991252285415471
1292339744128696615645135772161954799598033173 542515254019890388088563658126184265055384720
1952824612451875781932014480855556260151303213 134334284897187419527180394243922258847094483
1528353950169594819313588384733146093679435765 1054590564624402310628241082345116978354357951
1336560253356856960637065648215969288851697357 160064152470232169282465052519391189427951292
1699170471721704277004820152603469039452277537 272872876545085429319119735339601184634921140
1116390942578493145445301189738387201509562994 354272989604889150763620442527543303467475563
1574913244955258011343004353425676351125992186 859829710919651277861219808563329248154460144
1170169143068361914553431856163228664940100011 687563200074639282858632780870077176160878636
2005542704466085163266930836021409906729190927 580864050887225006926542990989354138031806911
1737537968019633069060758808108974917312117801 77358116745242548856945228509885603272399370
1445099191783267476156180488177091840036672574 363514318419178088341690726941552000943177748
1457510577032238606209730963907782423025215168 1084460398309555360646883650893044682403803806
1439852228326471041469160905260641204127828638 963693151819215746805563465200449790568267516
1964177742491221624833992595191057372710034714 848011885665693119788123978562124492872915024
1615997912794462314595527673351162173956778197 1074829822359822243661393320265855917855669547
1677092496980631442612969624400719266568859407 36833253665582029670390386483770077294410223
1704672141104961945534269575109147121376766996 342993707229773322287241431112660833729262970
1710179663484492238180712071914832713563442633 372365833376613734672379053734510210800239780
1633588408335282470692980227961555532974601066 519922230384062337654147702624453053673486431
1213892745297236081069842201509882672071776464 595686777091445283809292563157800847956052056
1332752000112150298988154324170951769786543274 248656928300069207498740741846556753883156959
1236253697516806607014966275154242377667519478 7735147263163356757863918581717609842819131
1658237349808931103061071570918812874656978247 247963395383031191191281616946216021848216135
1483249053081948117013354132298512202040287188 382253223100214211697067813068704771734454304
1916179147625438251343638877435738473634855084 246124347103885808713283356624641464156206595
1236046268961636924768997185696692307089203509 255140693336855960504838283259998829710130994
1463373281956639874308998072034373007516266471 163694139651534065364023540415828916655257368
1602937525428576980298741160539976793626352133 381212829362935673480240153466439795022917410
1990124206864371413667103270817706149292837533 1011347383037444454639620529063676528569701802
1708512355502652933327343633272240144958840737 776373292925193646586838884251250488553604012
2077617358365439760422951847125832864797450274 500467829698622101103579026587381668358337967
1439335169388195138549276198218241864312139798 954084268734204272984693909165541686479627048
1516147583233169842744047858989453851983273386 90441213076109752452718234527340376712695538
1555343563845330910276315696259475626439357119 491363530814928937836212658083848820023496003
1984896518381919131723766368190923188428692291 1040968965760067816722834505072224090622492643
1192697431697539340663803625653036556057235079 359186958958290244898642403743922449390980608
1293293378240507619141826211322055143505834175 1025002871529576372302498116369204815307521620
1662937254094318460654369275022425419277203560 590205327055640484094096496845145298352429300
1800967915829458698292524867359265644693282809 116458242896962911786614843586509782956598095
1719850134650319563794131787646066206967288427 582712741239042840388159017409916012380361160
1335208152698869471669675952526518210617049448 459779262878459006838874833875635708859905999
1222910179359580298256890121926950878561995321 878501366625786339882235696927927712747129006
2011462281448789974931094698845024758788624011 533839458401042634127597695772740262557991500
1748101450812737498397947723314605105929214162 1085100478719073184572230815684318194074754788
1685950447660962437165276386609423206654521574 909608671710688511362761742315680511382652342
1983061686611809450650686482741873189482740244 395715114858742151354781516157872330853241689
1247465102536302321019573395008927190378605423 762343479087905269106641396407420987552597321
1923033525211614691406157772890445345840818447 969917759821966016694114271113652210613140651
1213032289177010557935196425927850295673377070 254618677443486769414794430784391002863324977
1797421104955730717478140332870302748839304753 16815087493548346738139233327406707461207554
2008069645019052599240355168147966829369518359 151382332903640253749332801853504734503830269
2009101211216689168247159068296328957940271784 392603692307799512010353917881069832715101084
1693433214444505684336196536310242058480048667 1023387908348803926097360997868831213247490670
1731914133773247071969336270109744420585658437 1038959864150628845762820822329421435178171187
1233131579722607495499451631180975188527695372 973412265086949026855093802840658839502167914
2189356151112080187082209371285568040911451837 760345826486119748938869852987711340882358064
1667268358672414398455511400291746135791337934 448849115156407284098072129112630499333335593
2025051047371206366261909779020748370252148462 1075560204532866611254742448596760199627946696
1609076928378106596939023606449648491347680100 194666530191261926807397402712707549321510437
1809154036883509375258375239385647127389559842 222663619442783621887109501870266534563415606
2155568868771807046924520478136244068187765043 648475611091188532123031238452167589351838917
1653092610233882079512028115103571625873364424 126805021080199019034387197708887161197945820
1518757107796472573381274664884696701544063621 187778644685384893404141084343918583168199458
1498882106494385989702470715144863590288233166 2626650768091629831679948742514243651954508
1853663612717225106457607628414913804705078601 505131447586703519061785498341679016987498516
2168551355209167872610223492541081221182146154 738105447672713942734336098729990030182023541
2108838764390092263053822773189254875235225720 740417737408967840371054926992848121356287941
2075596943825639812767628530048927941649628039 796173016940233113717588797240797031517670574
2027797322291123427438213949525623391088549339 797579043477567889323810708868572747323408563
1205270290478293741703890466655386298154018884 639213504687991310435410260638140963652056965
1714601356147697501445375645407369552981979010 1037996619592483628705484918491196414559988979
1678999238787954903378097032436236961196052383 665886304800699771098248353641286270571910220
2215591754888872097109846643456045931959711538 74572081548240329569045002827502290072058988
1578563469736316676597001176626310296740469223 782804627720086635965343650662739124054124831
1575635376613276572851426534050777071055128510 811227636936368950585096221495083460467063494
1870787610798459253771986346523862024273898094 979961419092921023623987647887480166046753688
1680620759530935518590510014224311170077999042 50576795842700393472804171340706483712547082
1346862202000659226983598156779897227983300104 555982501462507276456829587817213760523624551
1153330872723254828225077308954926212990716642 152128465801817218085562267189765268149626265
1819692518989896838043619850185930803219518686 798012883986240802936263139135624090578811268
1141642942722231058388621429424125637164502750 1075554589330035596658005151213180051999694921
2110846805116556090187833088802780327679727323 735145018685538902847919736842761341830206628
1300289998611678476524079645009270409405568943 1028917649352590861076127619193887632765326140
1601034663677280436779032711706267271439081751 429822215740366395531604541613355396315511753
1832336715508467420520223626357312449904363893 364537887669472008106334811320906588186991886
1860814037598953186149701647629639341601918583 66793728464136464099073548777619843835235626
1800341603391465558924380240640665114581197498 757635258514879952118727327364413735976071659
1550893670091882805944631333164863392906630420 941864811686276977329651623468713699810574856
1226217235433546517961739255709718380846258499 858829113740775042840406437322788664050866889
1559610204156346270507273058003479160365915207 201321818949588099818802175662584008443463855
1480730902711984325694199551380532078281985141 16229613677287711612547378945884148645712947
1585502114815711305472848346139385069735017987 1050091673015487134462440686699878100565161295
1685931284679984437281673110312974265195687246 445036248179913360201384869918177102140039766
2079752605827862606134154495674511008419479298 167880249033206243207657069177784839469571441
1603521088843634183556305710578250532523750094 219707981242349172891077464235837439816739962
1655323015689260979787370625062354029762386888 7847267933820365399714357188211395439654565
1218290467410623466609077174576940692890042624 11017301919152803948336555531543427466267231
1117559604164780562453562785650491180407874626 1091415241820282645141244112561519172596624815
2214149461078126828324716656348018573780168745 1045891015792844680107415984888040774253437449
2064999401226089309662633006545235699857516890 1047876071490231016073105683144353713931937291
1867728984108370156832129792899566597963103035 302517392754136289394954229745396496886694241
1539516147169906835289602136382412418788826453 90189613380844750407818951552307070573175080
1205496372845498906640968383028220454153330722 552285440640487090520450023566112331831507048
2030131059009583502164576184382843718349978640 692031890452926541700081014492269478646528112
1400910248228192674078551268180191561071069231 82489985340272361950884073629476829165656229
2009090235696033336201355720827888506391651459 1085141095970009041466609221721785189383459750
1605041534896232029523135039409724648731939403 423771257775782585576667251948062609399870133
1816287243155628152834661400373954726750027787 666063855837676276184474687272940157390355905
1165484769195904093768949604371659998610447827 896092596223723111782752347105109534244505210
1545101504672476003437722668353230915332208679 449486779303673870379928513508908792537395161
2155764256485977915266665964510330625214890833 748148165987174252764429863026881587744590480
1219046448776532823937438841209161511658698971 508881933468064433053160688958177391771130545
1355243104531365991826367441335807963817631020 174802473346494219598026843141411710090375323
2202488014497734164882070988456269522578662879 399084820878800407766093972675207563399082014
1204131760211877830421222848133659815433382970 847637413072192498917889622612790999429671843
1203936856231001858531338687828852435607740239 102941739125173219682023443905708615274236750
2174257999438191675199460109813132770806165094 145292287659803536760326337890762835753109569
1241490236222462937963758132336564536508404100 1090883416729154025786610221949513912496593265
1877153048093604559366212061512525455423229740 53872018726941832572362954118188240556295200
1958651904414302494512585846713671223569595709 869760659985572848468346457863054524522430640
1834154433121848548200750302550721915513106590 1032049869663705847222173808680929662280915547
2154395540170035367996362129559367810221384213 294581093595944897097824810064180718432220893
1146742371294540414286647468660403453490442159 522115351115569781342367612952213416937151296
1393530967167094510663754448447514785178946785 252376379814414395615546891533790089998351749
1938404010943114479103760215645679855184218880 919331555590906895655149320605871635013924604
1389517369324396135929379843530616189216774059 70175329471092360548623521217106692536621250
1871852922653587338724284150359639589520131613 332087250203820747230531068285346093325926602
1488786053345915150426622494380487325971898595 825485649838981339384889506514685419081274259
1660901229339492044603310146907453473159402716 621388377678229339346604288414158136148028688
1186457578137000152343872793432225249166517778 177603697841833273354859801756975886326406865
1527743913602429647918571239192344877435617983 370382118922213862431427707321327489551587070
1826617918670039539238136741155373151415001692 119159912705251558729211085316132401800395527
1379495632451211738929625094700623741267189516 570564683671737182763866684354717274888111856
2001817626948326146595574584650888295911329741 305700487606535890530880105081104192548519545
1963324213790353745889623575001010274614028473 642300093771670936439277551840850939773991416
1802822071269741207955384771424011736443873186 675593092497749471291051636241430762110476634
1365502942179522599249448947362257063883758647 846535757048855043801046018298161129049380800
2120096218495379203109274085215437832546863248 779149509063646219596091809623756456356133759
1255307136750270246191758627119232878505923755 834719654774580230563620887173573517980045305
2056821211073236609263750344069419230190211940 88820300075120289477987337316758128961016107
2068657456540630715369023481177951111904775023 193552888353593771353264415096507329823018544
1648464142910758151841526848504327263639693501 352588880661174714024191635165615719010048587
1349333932225369120364343858330031449208334414 1042777106696665457936308238350998884618736310
1357729632254841369658036018808165518269267605 312175400221745075484077067320794045195104476
1589139247210619105226215966694720553099071205 756961256467151989661982779596540417860768112
2043509552436191445317088214003412940630734698 739056438535616728508581899211074666975010341
1858492099264906260570485296905543848533888307 929343604888480116109959517210407097263508107
1718880499989541454103515212098240976852224925 15272611399694895868925225668446710227911566
1196805167941400266374419786814359202520608593 451045602182772500805267132755787999599996570
2144615230060263590412376861257537351289558441 971531993683455086724958451871422045564322334
2061412283725899044052343462392431437347691332 219888657092912420914506346563112518181346643
1543301893253739767147825803415427100407938481 995895970640976530181850457285829761748848161
1507036390309481709158120964599546388095728195 925256915352679731017387559498562793947952117
1976218466030374098067410144343714254837034831 400563443040337836037936699673163433127623779
1501280055957701489222374178130823093202659208 1088868373500295307113282702290703587901603825
1277980388888529880629455837008654498713683508 664882087709461196661327849920544323000142000
1155150554300172741391924440780207967739074944 986590446436411025853614527897680818482487476
1197125069180024465900901965314130774413940637 357428776700602954409414060533517084344818623
1141788078078575510451010656332805273968991212 917805298055677695417141140623456120916709219
1192029303580187725732200520735941923925419523 2714312363945549947220315569512408298294940
1773933711206328094550167590333713280435417510 690212744514850174871545492434125892408701842
1301834318936720661400901592179581159013154390 1086002293993359495324232574875664015459519423
1903500652220189725125956480005297658434616732 855878898771279279659218072610646934687657102
1896612896589641372611505058627351939647725102 352529021277218328607634355301855486848911927
1888982911072147916864706127961205579826457640 401686406499883236001163612042485330810015195
1124798424854395358519710092911006599428895904 745973134184742962707671536564815954430982321
1280481540805549939831118348987944178925808134 542314151334689860117001991483900947857681234
1712460871532022554769666542065144237777648714 243931937568557702212530064518633071620136285
2028882531644813715152959439710541260942658489 77933322532167989062094169452978141631936185
1559950124347268023742582657044928602656068627 249054475563150345693920749764007194580955743
1250695667098258146195302829328602327515851649 74596027266968928471055699547084322204727856
1217671991537403641666892561234382439961312882 1048090603227772462255498834340543166685332025
1897268409484231311289046696009671618286769669 182512387781768891857971736734182409658043123
1317047385400021317783146065040113217523875939 583929295425644527917883812814441038177444270
1341044487644879651793207072923287174829489866 449895322502882237880942891996091707534275743
1695590653874581939021290019917620376266190102 831781179513199637524444982179897839026652073
1282704767029560747321077208635687827496384927 880713399422907661718940834374375441994323529
1910285159330185447857885178738924183715585742 927967749069427082675731854248650802135421230
1902444260398242822515809962538362458428410572 394822115925226147303216912464077466367652323
1416984833263561813322032271769781431899353142 127372084770182638919113849803253817780875065
1216532649191236592923605403443637584682624976 225955686591969011666170267458993554414067532
2019092417077502686121369211219691006206960449 250872730184439622654110527967887542115247016
2075223090631053668727220562110751192157081792 855989787838463941689622537801635718330318642
1498808439562727455292148664396228321870281835 126303005401833683494648704476758225974195487
1166376213352941740735930263303196450386053415 807300420489239474759159631616882425574554458
1482461466967999064972903304955269565618273896 402941438673227504458102722080827121416448448
1541356712538589681767759028352965521094939260 78107241412169021753891550257183290715451419
1116500020101694946843332277029491435163730624 367241016276976300580511883235127932590087671
1451840275962927881536463107997200268488236734 408257913960932469199902658597170050842213934
1779099066462944871116487709089240087856878775 673970585797489013491261650905719918608672524
2001344838317450896833374053811008875417688937 797115347165945514615462447711794996540714859
1199347627970948774158681956618174920915257639 650672923911972477050664363984321467727283035
1684597974713922136637074273476401837218785011 911567752452534057846360962468136203029686015
2151965168351847268688501095466680119306728350 743613635379533581935088785229976806940163199
1705563691760147517200374568685181452918069715 765949090828748353501559139352426634308931523
2116981440886301948969248752674023680710008174 405251605951262200000448941184383056670173939
1703063105667943886643397555035028012412873537 424759277144106620095049875495466105537964828
1373666246108757215645305764423941795639799129 1059904739211937001254842943480802306654348880
1646978487079215962825747211212578160760391548 528172175894727543842906864830619220236475833
1751585527084657246866842604042454400723055814 839171871144123050964607269772194923352842154
1232807205616514834147105210445949912203590318 930771236108140965063837466119002131143856616
1923028378881519548225855039345911624289052211 298612175981063608151667266662090522463890184
1603879256811538606524516822123606547916915465 182965234572324172096151356528608979748901571
2203530817212682392265734698893104934057685245 868093489234138579828310340667943314413547526
1221941969530828033193477703711442817186378660 1062650693697122664118861350650182933219589928
1699950850777030868142545726638855436650334227 576193875523512006358545705887343407689650390
1303447654002714109034191701380288182796501904 163251680130654571898441068744884160131207130
1199104107995859919067326118544504174652304257 991333332224872044605512829087025429253629722
1209436327502304551840596856605889080270531299 717305057935628397328088948149105158309491435
2102876507347529807256900597352396230126357640 66172996275093075957634028860386657256539560
1610892425031893775491731829427762590419171050 161705183915346830787273111687133118245809281
1255670533875084320578759143267133502911817476 15770327940437834611173543787152525036154326
1957565152379583574385136374387106253969296165 839067076341652414919296231645424235201945239
1455779332076493674005575164681493887215605964 824293925750403365112480632040027818014468843
1262455059654056791475366854198983706889715158 130492532154079411586744964709364082334694257
2084603154418630312533199593024897277850082498 351782896066944430486357520836348201244400591
1371799120641464805139873005394204088807037452 280371775001804301150883544418966739804454968
1538615910411048173424957977676446465571775104 955463357463264452481829962020364142695513206
1394660460027010481430648133558483399599725415 561336379863690604301260102394605615209280171
1661809704735225921429727167247336960207114723 595020992855823434764574638570022552485506020
1122863569731556727449391053172800153180956846 335355734850790881674414663384897731420016222
1837764630295877670926814238171494464944742974 430487965405088531526444962088460683043555988
1657233820871046710065674552543221766517854133 103241684517585255393749850817722273898326784
1224252322535855633356796021911998375428237928 673695601581957549622200974698733596455929437
2039307261415253402714828681600701129162668826 176585359663570534619645540781464473197871122
1506258779922896571348391121275401043968781796 652224336827370518005120213148103805418711402
1922237970410879030576978457593009213320470416 490236828036236572787095092970869661835368930
2208815548141047449702071851089560088719491060 575063351049454300838274102945185591586479012
1723491041011766407216528129878647859822632430 765155549317745311141730688350022636149483196
1540749522783654619255462512016899483135602737 564015473566149323523415284703178012297515769
1563699351957396283724793559053612820702524129 153684460804724869028241089988506578437852285
1784530474093584670104893312210714690167242618 1015223056226734030903755762946050137315199448
1123028732587398237859101859246974058082073285 763764934089984780728236443433971838324106947
1229170480257530638273136373469786666411866324 886147115536612706631086816271192422170891948
1865647356018910414402150893391864265300732924 701284938270714350094284834042783465372013397
1108486379893881901044523833035274547177751335 598731335559574455434099117890931989950348725
2148406843461711620889973216890044333202476551 948211454471259634275883733729954907225670945
1545192322937983030806094038352385153278724566 217445661020953330462621217998964080526961476
2146030781870676116560505393307780565887787266 870661852321513402742658709168992185954733820
1359527038638372521762721331021829455525065926 40779626730950878246172929846992230085538878
2130075773017940668044185198677743138263205053 172900851641625725671253414760585539925502308
1970647008211713424698437680545670365453850062 625401897002803447665162225403691366506094678
1949240298584709386952119059933727415987179993 947785863554051406849810202880203178144880042
1982299314500967894827230197749884183319145734 872804698799879625949617534861241408698526156
1533322922451166410297934880089947558187094082 147797166151346965507005195216253458989835679
1430926985354841023010642836658042446958628233 981406009472909050253019785596911674495238719
1524557986173756367201628300939031512642077484 519527192194310193359850101413935572241733408
1313226280693048101443378914142758196625537956 456977138851926604880477199725567599649032980
1417336721776846383702742009400740476600563723 458560209528375806873631396165130135674814571
1783199544983453605879463448417811067181584801 119779377612609690764113506493029963029586975
1457689868998914711881903292444830765257826284 134641693727309824254606999949629080874912212
1733747870209860210315031192370229381627779083 494830659499934205986830836459152514968373008
1585544072213072662903694396128050605140498402 1042851412289768366087353640163540387453146032
1934923611846202963274468620056143580894321045 413830208735079637241414547237451832875557082
1651943901179645275956770165275300466892713346 1004217406937058141190569494646092909437743730
2186805115051713186892537445510485421532306080 491040357472962354574672800350879228300167945
2171068281933803598512381112178161647327324914 691738503838043448140177231564004912780897544
1655739852009049981048705122762477047043575880 329006296867488175175938259503706517381446173
2158022647253809213209907958927440929929445084 1009024861818873852108440992521607316136436398
1801686703714262765567527828782906999690811617 677304450080865133800922495681501366025097047
2136001847769795792423569790167176427056284110 643169479115718846499846357148370180585464167
1804013990180806948094459748617790576788678130 1079754441964965041920045840420634570921604513
2113717231512784425384246260349749771103331456 1075298725955332440155534679356920221173784298
2100619561210220693842353025668597052781704352 960666765401998116221442379332696174414931971
2181509174818113905416629616975652182985475027 1003882465921677153737559320152338223294981914
1674700400826283770489328073911202374514111036 550166761586925330139674734488906382028677089
1438771334492355450209642860831816817186869079 251375896832779170640888498149719586016324504
2144870110569264883333273526486674512980556914 1017246336314491752033147556756952268332087406
1432483782795526166136577593038008643358776755 577894918647990375977667853140672796833099684
1927091224560608352953183186914850985485284514 535624423281185486815969949353481614445534535
1830168365593379285486180879689242101373283674 929575989511159075399083135843239274134640740
1260006199789262292448102765800702439359171328 990290534768843371160388102938587900628301732
1667927829443997130179630814728417944287852684 767620546012354701783825484243204190306179439
1570776640832360400365625280596156671397718977 721546415987797906528950899925283238510658718
2021983048804768579050519834389683127125343434 747589992554371489141037059705554774684593066
1468562173023337461111846825445469341868293442 201574751771516782116350489911218046379924063
1253848684832249970718010480480273482130254285 439317125082176742992798644272775020403388075
2125065191698862040042094154771279640096126698 553731435656174517230579157030208268409402791
1376033224502903437256947321668305184549825863 1009395618350372724913834511111010168511733984
1745654217231514052469005404495000356250410899 582694926832901101175242167799719069969062674
1110818738565307443443271644957078677827441210 678278566948869005613203266344081412193056164
2044525604370253571569067071174804529517989731 1072249647652168556436825958050625658431179040
1183738231973879520394524416266989022162028149 780357405460338811945190595881125913926529426
1875511652460964688890487805604961909408667256 691145563208273848556083055209782559301049886
1111756697818184784890383420082424528830588014 482902134525779504354226939869939945687192487
1274976135121785911163641691421789052469241300 360506530325343631886047707828198936949265661
1627872604881532637027955976672015007908728161 533784115008000566026851343090148112228878539
1445356500305995296392171305680681873386706873 45878309803427438767991517051230286654210143
1144087773529647813186673214121735536831566387 538172186685858781239535827859567340574897809
1881404708881076739216557227188667095345026731 620367990207948788074506184738225569969599792
1673281894561764261413586045917628087627256365 872195581724963816097562183376333469159476149
2088734549527036284213898110236771035353417889 328659674429807903671771687196927519169009881
1702424006831055495817002032966090854078714086 977939677797977240394703451952136510957351989
1466225652152879524607652067863574873535952395 278937678827805862684722643011100243809434436
1794333528863095162357566835013538130585740245 275516315642076796248877204093999801370562499
2051619915348017411558950155206260308381598015 1056014967504240412598403955238634574721935633
1429496006847084411120533419631898134781747701 624735425793889227912319395981967043753779385
1441753949941516569154078390345148304952575036 817987382716426563680181362051568317172300853
1694845185094868247826064083615455831188088202 270905510202710546236744281130492400237569725
1614430300468244399318005000085315836932831535 28599845996336064813231120044556228922312605
1200628371042253604327075226549358925033665058 457485209144797041758385110053394703205230761
1469086418130498110577023611085210269549271689 79359282238104035301562470502821274408768548
2203226849582083308671376676635827778059308711 259814029073084789395018357766365882132967040
1440318932493182728310234255636030525703931354 574959950153295019332046678202905579483295507
1316481106027232667916713219120124513179251098 1004266654204120758486170809351083567994820401
1743688269496719999447389897665263657084896741 323523206493075961011569643175728257199540809
1582926402008055689994070697951773516900362264 262460714075838377976920853032181840233143405
1637949372395286407199446326674110530920718807 447720775652407721753955281421849272375112759
1505034526160110964172445367122299579899779053 813411178922030416643067158565747553826862050
1778426310713622581954824546016190854516592847 526642846452828856483991872955048861949505921
1750068108936098178033404101247590766341585709 590626900071210827384386478521961436583527138
1736467402432632624763029472890243238335273919 242932973649052026730667954760681274649971906
1168519833254291382588057783713741173330072669 65224565692936111146467684477849873582788377
1645127446009708098756802450778891687856201866 1101495580326274339476897403509537661892264554
1970475624270226203055038550038319799443036332 700066027575762985032730170772094693628955470
1876188726282415586340154547114598343762998218 1101159440019435173158030152974902544989254681
2073290258677280493627055579318615942817579526 366687465555712065978440227746203694445825843
1824572236196822031207747663387894159019566048 992812349918173600632941443310975101539926809
1312360701222055172687376133655309626542997369 655380128197573660902863051783769339897446700
1607756462604413385445404816168846893262247686 954588665738794435616171828221617153500044520
1563423702283660703314089494041292393716450939 1008331664708333418875332424691915026500669269
1725263964206242818407542636202798073872611638 868370030150860704315086113467926853977351199
1220270979710241286276807457638905918452965593 816958668923660508260907545853126962857202192
1917735707483092667093331926541849708667278934 915777634159180164673484551472340870215548821
1502776738725927565830298935065690950720083584 998699658338639837423250080770475978472268342
1256557485847098621745112196318679253581220576 618583435035770255609051688000875619455779485
1715838920826821291121700433219818720890482354 716956878509199216546934739251684304090485428
1417004219423269735527538830542811008916233500 121820515754685830127622184954437540154754573
2194329241127795414665276099784874483890568802 1016183821390732509605081268354179584027730482
1569990529730396640752626111491851230202927780 339416444546088947112008333009588641384114764
1586390367661858692983215898182151791129454222 737427702232456331822935045894040515942752401
2145403508377851974977106375395518495084676403 68891547304201956267950014670064434576965153
1226415642615005400721206331580640720744657423 778860316348887148107659200925752665133087545
1372905309722739870565154763149371265664316715 190742233399351230706342800107047718860792520
1271146426952626299567336833037541610856285151 1090194761730509119734563339508282414662950633
1797553789816190723096879795200367035297424551 620152656060047239208978398067618951098456421
1759051329925806331930060532005369622017131613 626953183971996292217043643171366627047358583
1683026869170535047748930822406050154246254194 186308350598885005022703678383782221058518319
2110390989387864410987500999308193171351632426 12132008610336085003921477804943484312768993
1437353404566800528176880323132237527853602594 256643467128902543636082572384901929142406115
2175983394496202100873722933944123007578645813 639332866697841111965386553887585336868487465
1550656261806165212162580158426391989262875394 1006841411403142426471662222050496892832821226
2211930004560695845652478560572159232491782554 412250568607475390734133830934121969486694253
2078979125702162195161876944657633856615731753 374631080275340788303732209933419797522207527
1547924437054368363277985706172485789287987386 559922890298533626019386330126529505556454797
1792305921770600224400142017989606848870185087 1100230441584132860131008490028835442609530305
1388603133192089508923666214876367035669373097 631186658245372724582409947145150441804388382
1232051837459660314887634627380073072075673621 185297513298921482680353157099071410302635201
2119438537541884513527479772258282463058663154 857555709363781116173685793957134816658998554
1566033371841197432401284820797674032540874113 51760212338704208784643130511774539384977716
1604945576560593823942480532840263497231533886 1088591156168723691122737717857111235623139596
1800855043221267190920344978350982473094165221 548152263836649093411009854675104056823038007
1698027117865582044763257388061608850592812372 807084401393569150931848317962987839753924489
1333853484858923885471956421055204593481164683 679368903275285152394903050647867799784249966
1947982383900870181526476088322538309862529963 281424328543761433456636612970718179915630636
1217537080245625097979953879672785799606539128 110488060353544430284515698115774524504504660
1111912287830363436915988177158171061986912916 672127914500009583299863285720941555449530589
1496036521470696395589230197537311993517739881 332668897507198308091438106854311178238370284
1216298830200136834605574139480394506389659530 495241234815235830996871051388825194793818271
1927967918341617906729641142671869393955381278 1013382006407180154195103102807785487679227417
2019993417268886103564496079350877694829556436 455017996631711769950036842695724981515885063
1694518491756432949382225156066097740385031511 552449858650108119064308235170713181077911657
2205516400138623377460120846227268686772846173 892203174159566823262942214020962457634989428
1943722675925001703446868674931661998855518316 193182828044409454852452599694352168980800136
2116764914026992728803691359392202452387738485 317748442913025448850440651032451436231386816
1259746730675791584667606004768172741070262230 402005623178234299459286061100604985406692263
1479992136347181133238296320372542253378096614 332656508524840710152191696082885443103240436
1869349632260454359859423708138131441775648939 480956070152476365310621960818930087183078421
1776589567493561775177953613568468319311740196 553608186193628106157438796940079197336955152
1419736220742505096959831675867229433125594881 1071032960243253161536743555124953571394622329
1761108831429890131489629879416195450240987710 137976226772825734193988658341916749671197629
1919985902890164886711435157359689258841659045 895639962167052990953853201223313640992391344
1423594099962079366776101757531955433313211757 851110595264277841408349381371727010995738807
1754312308310328630747707675098854327769612891 791330084983058973117706058367841039917611377
1194972664064868063283927546499155820430187519 451919628113553523359363797021948452650642422
1530892661322366805149236090258018587214974371 883787576301343298831931182454066391778636825
2202828138291932594796805626052048218702537825 119052291431507703833991127278626786394287386
1687208196544322259469530695377078215089314264 294064969880907895543802326911466592357659299
2113182694586367801438956849047470982678157617 43825378312982728075543627683402681146119215
2197008582651668049391874333229692900647000584 122649851181943194310116907832763256717193756
2150795749294862377506582454829436507622690130 278143511331636667243656229135550862120370636
2202317191048165635399820398419429828018936717 475600054677467182560839450576627808734467023
1401042408166587550060135291854578765855155593 353718441615703762005990574474591372017160442
1591307778873511846438342730261425362041419831 702323386989459661318631425562707407933884960
2071002347296842621633965500379580819085283533 129540631204286692092091346030461515816817896
1173648147249072818812752211609641894230180269 186293730521163259226764097584838467643606199
1917717044177843292582394727861509331904025796 171929648367872032020226272607015148584119656
1831325926030717520340881758228610401883360906 20998945219402962770567395739516265342908208
1344882891160023527859866437027709372296186105 878545515978226315258431170859381319727146739
1379913103785775281703274983354372419202662999 653136534668244811842744932824436315586983642
2182528939510637109817730273715750186849010721 90526562245858858216950467037556580185692933
1644367263363362771636130687406197997234954462 429028859681782110918790853640195122454754205
1888813099346686067314387364417052441651216659 620687225652665965879169380845967641054517258
1276479135685267605126864027211619935665645449 58490235080596586050480557418666563658104749
1516330491558798590973364286360109652283240883 541482883913572979374141805714381018053193854
1273034720920934875826746312619912677607799060 771872993202142411681374116482379394476719143
1533271256495115647060354852097696423030515627 686084202173836116616947357057811234324520224
1471846588105746460735886591302222631237750434 466779806208098172752394864105424459315340290
1327848445765604800416464490842819997100273249 764739096872394311906370676098727100165352428
1561693293217130193803613860858044938560126828 725116864710583036643805202000479986552366179
1485951530780780200940957133870117405046183315 1052760179317418017274812722641772234472469108
1302062553629193043820399180151666591694703168 325084214205797824843741384270693486873657855
1282271886216144415443326726701057290032688565 738867026434479995128235816719022786870092733
1910733000772555219637478825653980452612966907 273187051636866452112530611368455525341133828
2064725305013345590902270856959417711457554997 327533287064213501820484195651019989391985376
1247070539559852992375445302735109391011636448 495614516895029142681565267562875315874948028
1430146071975651402079794547785610972734067009 1009192271303074142331700753388708201508053326
1711414490835932508683857961394408802744581635 997177690582670817338290724412961117711723470
1371546291825683728880435833134045422707696840 631999968989583121243940019825019468648819998
1521767750564194485689599930547142573869742998 121501918269739611090933296067476619525262372
1776512215432601896672879543112317432366390518 524629662551581624372768654920703873782625295
2009811205675714818265185161032783980413823460 350073713238625756554682603834614266512165810
1976077546199548149634704370547867762226259910 1094703262222704220634683247203028775879469685
1263624672494394642433648553661427034042731448 909932225211000256569264614523304737801403834
1735999050634524585696587761775047870127417203 825684653949003473672379538607430521633401835
1531388236410555003420186620071512992064400134 1003105325573568811192541815711787571974595211
1345950834083527543087455645029321073192743362 225469706873667814039206824129728428105826680
2104923371985115501998377303434639786506415850 444457934465152499854482462709265743070552340
2208436443267163769957446364486433929873243714 655585861326902436625162664837717890271530380
2065219987483013147937746926610588992652647862 514800790806934803782460478026841096037878386
2211697044009555221652018010282273493169133126 327963927255614565297267932699391570301726360
1961602124439413141756160585419550101027092850 705962828650024323830911366215011144657765561
1148008345468006876205294737943294579208736576 664938612474749819607789273779924691209823972
1142165540599493710854143670425233327886387776 741109997945142013422072175796784478014475205
2176674307589642013183593284133079144535016486 590390892796395080073129660960728487514656762
1926529354130276460855121018814288716209863133 344613696055275749309046971419466811362145181
1510766270006435095473871045779356520859851095 634460334235175614448436695071918004626750648
1754783438686479620006403134035846684761780028 1045939552134777457556761872464330777331811468
1971684892428392345841362896977928555909067733 9942939707050444542551592262603059803040531
1159326181891543819320912963508408766538728229 213241479536605775026277442657605129099585153
2138629822853232098822790439295504109379607404 402757847286631448901761775140552013479870965
2117023770739532888292434421428441205873345530 1094610887240389393048064043721645526307553854
2052358035049404787011493486094437245891238723 117414872993119078213215782278872595908045437
1384010681210960581764586407584925765818167322 552236772069411864189669012379824383519720610
1345509135617168404750732155235581551164528437 746998180730726384835674489838305949596208844
1137079899524469864543493668804543717967540340 175429982162812211386580467706887510418234357
1565820894833374620319146229475865612379165885 682496775008611224471056006129656789917335996
1509404286701270022762676119992061056733231899 39143978924538853546873920461101670341904978
1524916859631366280166937650684341860581307767 180553112512313590979141499390882752180586484
1508784914648976536851700014061112889430667756 1106855770642222881599281486384241709452539086
1540779192757735346386495015809421260072467268 364199624913429801772183517818622805351709460
1954069945960680631083834394328925892166185102 383418303787687559885683365591657469027722280
1496038731859856800584212982246333133975220638 1084427890526205766250438950471292576862741263
1800883740491252189859566968007921151565444137 360909485517126156279910126470612106998022760
1640235261646200716248297429596986211450197810 774641131297683367760033641289634725552974574
1681049288345250177287601395516293571876592133 949596740397076027203839119498826404568850566
1731061188845000942140502399929247374093694760 585932048429215677943411586990965220595299173
1705256157637686308232117891841593818260678124 515187068796118517488492423051346798427629086
1989543265262675179501501516206707126289614502 335712659457988193440994847245639614203748441
1212195282694652300201227620854197342932156253 16534971341205643964241458930733513713926383
1461222687406287600112075233496816281016767950 581401772322539953481796492084514482636274776
2146298403573714263304361954165887406860595407 742332540832226991644967941105880415311095570
1605977059053260406913431567108989283037707362 683249773198176411160003837846475540860998994
1783706860186148681701712499700795243996707430 887284061623084539182996234175307119272963095
1479357481520033168116812395485661843466588979 961800369148563633486404565633031887689174558
1711015606367723993874916327590580089465131027 892897689105601777792943243744294253062452577
1560031899837086760468368312149031166580504435 1007147501319404963959803987382680433969475748
1791763886964591744843590946572769463991949607 1005784252090701572195626958782937009539864737
1863710428361988838677835670202189699323493914 499399086322286292119149398467877810632972019
1294459152681928076391651173415969345320781750 11893292370742347800117016267225598152490147
1947664676383097626190318722749405593659960638 1038423758930245723324787168447858928918456975
2184328074864070413458606617811457552317108124 504251139220668504144373755257847571604154870
1627516304224979654552490104858421192268246919 473187237430236231834677215704219078371599623
1779216852097271271678019692091325002881660600 602506756162707422664505383512431769489527986
1703660386826971664491850401240836176932235771 371646779663752519109389960941422816222684183
1159824618198699019854312432895858821646139411 135506100818267362340402156801445069470094854
2030984748270302046672361574252996876725885904 28093919218634518001751551827505138846027696
1652949730551221676863099412053345330469448180 499472394947098165047239984619414479088688313
1112462148557802272043238603254525792720819958 449498024208365437482230021295049600365841925
1762837030986179681492280098291349494242113130 417576513598930265772254798917586245597395554
1610674901448576465708133288031123291413651692 449635198622430322112006183525852812413894747
1662540321824280201624891537274972735729610459 789985909391094213565376104405886922995997001
1639024524533768043583055481175222274342102221 313104450834454849507191573091172598258411935
1403362108399422143790029594196754322889987492 606039975175350230187479524102673024426003885
1157613535695464292319787947260696930363198715 766839735201177637366456016429764975018662634
1449200357185662179609783409536456194125752135 978090922575167283610196999523453945634194325
2131883008403592023742975868244525103774556658 758122818999946390146691462045792556485159820
1923171492408000935313839622722681209330970429 390306671183123182778913539856421051607705829
1822307065043941982962611729701029292397202895 816891587789091667978146009228699127397736416
1187306466817272486961491175684968010007362690 1081695840520714743577757678167915541964589544
1759912067641072789884321348903521130433646170 858794403516375486490626159204964586029413816
1686576590143614977456751210087044900610794872 896552328654712217950546060472621886576553801
1255244411376003945206828765777777837423414019 198927012242021201289455333906224202132251143
1602830819929978779392877895338150390554021048 660567452680005989094465208638126699274787215
1893659911492745431876938334436489387215387089 92230062443123012035015909597386546923488992
1676789207539562114286930605065134711813407576 464416562693232798941487575339194284078861480
1686613457354872826584447034437899720681915720 343455060671773632317389807614146604426202432
1193136154998910107560438802512543541937325185 416641082805061616188881977946166897078243414
2021677760801565807145721770427935106870272073 956881835081282924128264721137768174421862819
1344556360043612285673503787755301500426656364 463049141983132669750875074886007820589618907
1213415031823805297411427065322815735116124661 543476977286426579301239295514666148835548571
1269493250588225632343474741101226033137859135 802823313109482850759268737780925687157860072
1669696749767189062376184243103676552371858878 946563914382550942804857870248382284586228306
1669902501619822598684370139427413293633993155 1010011279036702077484013025495722366399043080
2095666433300427440776432632213986682155829001 419624170689945309230605374757570298108608477
1408813397354105680347639705232126711089958978 440542696837446378594442555242903398962603094
1407212699922280901778940393918078986832794321 830436141672817530887243235755287725263573327
1377883958379774404266321015062181044319966007 561612949713296850630607946103434316762431880
1705052587530898248432740830008787127050555784 823217392414356627550967260190229431238975001
1364701374377796975560700674802798959371543898 779126621745345917503260538865523423757895454
1133278988178539263660245474348927605909008371 782928455966049580768874361609226661851200367
1149329688335651434088731526789816925162438566 1062208154069557180859446919707819773917105086
1882372907177288039819446241540170493370042799 619235964776551512940638803086377544364204197
1432361400555306863272137456343039926000074229 472161585672247648048409732959576883039706902
1691716497476747174974554449921718776910643746 854751549461664288993022596929944884207607489
2092278987264053974936474210497964499307911314 930534594447145118455734831033467510678408988
1809158392006949101090046327821808538496386055 1074840791552182926596729412619929899016728352
1965266442727936688700240136281692207897554872 800890681377018299989836686461527380374557188
1812643784703867290193453722309140514767183985 916101915820373281392745548336680127521324779
1964692761066679431384897008785803363866021889 313154520757324928886633590089110775902213232
1406531229424032214569308628031168955216524153 39693979068669452165255465567086760305841839
2055395407068151830747436225546670289694991420 372817730342638547844920468161879508252810732
1279621054695306862049495177236786467484030179 240840354453114033582193792167113412549413747
1276446008061666666287660303339912046800114487 516890931063933314145485999041605549294390971
1226978134094225055706152823771643493885732331 918998173765854030110770629848321247803641812
1333171524648758300233463727316070884497381898 663844573348984254759378578487934481029575630
1692584326366165240616788451651304654450846609 571411118385719551565047378286277207405160056
1334222080859966502211899516283538006027354410 144074153960796690548474394077350358736711691
2198251122786851666907904330923999682217529293 651504694760326135421678130109719487939239370
1499695935567674583216095715088146005158381652 452520631122359745051403154750532793872776825
2153114164679179934712925707970746743260065511 692766340482823929708162924273771028310670336
1964211708812831706149738442432079558581136131 1079772325337237479805755847845016174790879453
1480156681777215015482741904061430067169869104 653087615996098209522027405363148396049317181
2066522721967419972561490199647762076194096364 168330759904929698994066993784325104755900848
2155844429054198792883798203435874647839544530 489587118457718759647326377730761162802615875
1175830029064026083475414901896969739355360288 1039972867884509654827571426887021121233877319
1997873298681199305763986102578571250353886891 149720322665432442982364357864614856378242196
1410100127950943466014448329175006551741082215 32931523810551199099824115747549253200751574
1688203933797486346894285723159791963014791429 194485904331143545038985426043944831924608967
2145088484528154082581941111906246539206890900 911144463369153513613139511584226547062360733
1533218382880422628517128892003757907255173541 743968930091959595140227927593224192632872136
1120027777662378839977566044221526042275971885 698483067494450377690899473126701889337262661
1769680428939296868150024697415854178109542590 209276668596075287218495598604905360634278961
1373157966517153912601815467231552625147338440 985030354062180880898892650844094279575655240
1822410360658860638727982165662564576920706390 212242842873282266930000756470515016121449781
1768896114692201239815473315524033251573060022 997867201211496183624625124956975863609030318
1179939440173943286698097736076329139844119888 119264172759836719955743618763401057749699331
1461011705850217737297313974698524645351164054 337369784742001815761187081107614065660942231
1926236753305551938331218962025521399298381106 908539392567764856755561807095595974401034836
1307385845430358021472044231457592435683347238 268133832621570948419889378655989922357734385
1528382614919370063796593259300044094405527522 860913040183218858594751400221805704826522803
2033043633348015743113149686821836430385414467 278576616018198424394239455593829698208012399
1658806351412457398456085720669857999285578237 858773876758056977277541248318472389848931589
1144361303642714009853618216551829745862491901 567099117627147174523514653165115761440525006
1862019649822230320647498104846297410705022730 850347938586290190444127780683504930760265804
1759422145832409850979053680838012607226197500 994434581684689076483978316644020907096207577
1123810451802579296687609114463260476602114529 538894944947197080292821492959806465723691316
1366457027729569426721121810065619081067713345 557749240850237337240781815954897732386867732
1572967271336147100998034492511064927186456269 24522834726561716743644479973596455880146440
2211613912355426660482172275162266984117475032 283426825282594445890554434630062628770035579
2135656285305157330257230537177525215278430833 679288733294886939425374814659403725930290798
1552121432534707924523277934054330189792722506 594778475424968841596906709792367849151221971
1963171975647601891059025693404022568765943227 452206256846706934648076499825402366243124895
1660472070656882366322221665344390417836771294 769131392512679202572021039588204623956117800
2206581075213083726668575785111117510306301457 493892683003939110616109512808486327743495240
1698714791744387371334818208988092366492437102 29734368421388883573631906731823792868644926
2184610476504678517646531426465610562156953531 218575361965145552044920451553257698098912860
1577804618658078826589327452720025525333559704 722962713173784137686623161341976573810603845
1139155665732250543369415242818766781719786989 780020270671375102306606121474730973676949787
1883234380599777249393352361479608840568915785 214285435207159793612527268273811623079734431
2163043982130778496742195279141240183408726219 305483698841251940265829506005607792715624587
1207539879078834311227254113691411541782641656 940029377542956588027058975530408190788421360
1108946614503401309946009145598045059029499268 1103515471913675674388864345144511489187539922
1774371757770655693431453071545297295292044829 463262381578889488249706533260112324149128733
1465979938924522984099220227186707470483145153 586014745403076077284909891744963520068661545
1157199835375913047198750314786618347045515347 116731262335526580828536049142106433948861898
1187428708809983301704713785460144709768189742 496393132565624142821521601956295923580604957
2040184180069750189892761724324053182524526597 736076168394091738332805440966595871871142757
1193977295611719281894546256542627987749738939 616265869042254908280207700518401625124372845
1563900071185292083003240457113780913916415036 207860965026478681245069111308369507230452052
1327018938125900873958271476608511551583773140 970526174380008256907974403996968574295007891
1558571228187516919731202456580239194437904347 27857267299092247590724912544295030255498422
1161326082109052159866079769371827170471866559 627608775678996445357962672403919497194901929
1525466357635891032746757961356004491021824062 866821620084622520455465030948314007847084021
1146814761828980950987697136324442674060208584 485110500151578261208959948841657904934609725
1539787999926067625487197232886750273375433576 985437113428626360656087283664388709148069836
1706477271512142871939148104216061182946957634 24087074337024711994884624581099518512134655
2112959242674050804870932373573903584987945130 559738034510061826230080389671140287772419821
2112846307220070052932800396324223517855777106 812976995730716111824318449271150684052200821
1694093813690652613924037842291908650502940198 269582718056142106697186273826089340238899856
2015991799794723552410973624479407824585835217 832949156707779572634358096633852774834665374
1465146610179884867225357181827273006849304077 856429853529144738148572774770160123933120123
1242947435569191300764482098220490021500411568 324636864765831910997690198367084711073422034
1341317915584940328365798120685405850987689253 931878600370123025369582427976550418750163228
2108575030417142790479849733028579082766023963 842205359205337525964132956305449520564509908
1688112950787158284278766549767097137804450176 36881857639814365623651464091877324545622526
2194290721541208260902969309892511505977531824 412947648566772921436053675789292946141208991
1960211731845774102786016659516788268261709636 611469197515601147436766450494936201285002281
1910449623412798530390067935368854933935317638 526152538868410917019620950996345021210223280
1170568957325912151128113565250602508275846828 880768962814406159672611916517383943848905904
1332473285450064800919119266432664458998240480 674447839732484979542092617483725053506075709
1483815327739780403972989188999094998755925724 265840072468424155254779133146382580099088018
1799413513081051872448097103575714176885212910 558101850119157102232443550050376588097365685
1604174439427918655677720706860406195068857772 289481439193766478031064434818462063015373252
1985634593680613893756563529145141133828163584 836773041836774700753459996935695386768874749
1513995984011622611872985488979441414844284914 404081492242303777076296817340203814224720897
1621267335683542758379465391405151035094083809 24907712489708816739520732625257358394529964
1355369123283978004745690500576350565621542248 316238229082848915698981578947601561930567027
1978302043298773637261533017525926122331689464 324889653649128881389989819755166717957910702
2156911311171964143140126886412400562817681526 110908994661294738513477585244367653544050949
1282825009062391846873913925999180459051135290 840102370816460407492731178561059623030145056
1394751078827218557836064890584632511562639088 1076406938740398305481368346184422062804587639
1700856446603602376578086407549768942870206050 604894145735292412722838851168784400610328021
1182379243264691897960394121006657514563643385 79781934104805941956266896800266905084096401
1602087370495406934409513106385852943215764803 125842738567002288895388547908939707587361867
1476772769190903791455598534892911007449447193 953597888151578142972175149635620014206777229
2110086572884863192542201341894478352843725072 250028012330631766119125074303977823028804025
1989937731317920015074375319849583461388956787 662188282441193403129509779166338077828900102
1165261213717057086281366814296937431943782209 838600223602698648589674230357173224270811378
1789321659934939858529211252365294062774815830 295005769574091735460806025686784612987558361
1856191340384413021356413742821813654400717372 275510337601011311493641137838189285844431089
1945099281318805674829236999941768749362942637 806358176084697596747021921775628875630624685
1353769096295124787720907258971213026340662886 640379406051220227812304376281232009669959340
2082471205683118315280477573341741395223799700 931217301809652342503668512566008210273700423
1312169099781792053575120346974542116796980676 170943859427190037403045975316908847828261805
1735564904173506353483781232613769850373778675 806353914349610100727122677670184144105221575
1181442281468485305005278212288269757904123117 67394119826188894513750661893393708356707
1802990229539852624102878568412494290015138558 708503210847592506251504826948148886009555500
2197082366330312341128445710502659471343978813 420572556499538180687913022691869060497563065
1776767465001683259768451070047838866839636105 678895699259857756847754486898330970730829977
1278556821791882700461969513199030824569454802 906131943169122274922848418747170948128542021
2203363394081981022078128548800160051963554888 975338292855054566242602720612898729756241959
1503092223724131336541973937350423996062053483 412901697542242281791082384502632255393836480
2211429383749439663078890934189047564839496985 907834479356836177156132252497863214960866348
1337626630780270068412103265821476257703965193 947170130656262025283644546744809398501086478
1111683575061495850644610281328304911308165422 865424956087897305341112790209548821489769687
1691802207889878535608785379744396123242556573 240094882250875496176557047877814177725031333
1305008398132165049514238342707551337039299537 23516987837663122674797907943370633250635915
1269332691078006320251464319585867716455552542 406807991689508592329688290079830914956362365
2042386792748283820994503954613957249202487108 725450091701421058091384807329801716267874013
2114405830475444869053082309424309254641909744 618116072167773989857412394545395895713929866
1732742929702759488040695945214605229983882122 407074958876900667034768024636641790344341272
2116074815190293174847061900512924529777834498 522660210314876969597897645078393864454951234
1480367364582653601355050724849925720758115590 401606076070173717315001080916814577552779162
1427641444454019977107130978825119409641252786 1057000152926132082142832463340240649908521127
1766751125754284412380050313445576588805963313 917901029024171465098690957283149746038478849
1917483572805052369236205029560562162937656600 178190049283904750715817644325872986624738968
2187280043610753979856092039863279999864536383 466572402846377780138680662539150772637201743
2101236584201514023109524680823570663010412232 122570944480106372052053269954059675296923280
1389219596695131833101845602488003928032861095 386392598269497046406075644544465029020725084
1254666271041355555090535273718650112632333380 460539249971200399640301016058695304565576893
1838535184386983415743130601827357748932702116 287839213494819619678504156009005105338142237
1701569854651566590383566417272733902212334123 766592027134391870671364316994594272044069513
1370680737174835867162807608984187774235660747 1037582396610463176257483032642059823226990622
2166139451318954106864515509992385941395575550 483806201785519860729437108332133785564756696
1457744181062589397832850847010511521919891328 928676904772579044232163182520927663676896135
1325943936595405604829646798604855034180797814 457143139190884717169800050064943218912819292
1794164202067688641200980242833920911623038254 662313825728102073121976307664636385142249795
2006338472432755857220196958796855799173442480 736714863496292992900738178485591448445254695
1811671441547323913097677471060589497162195452 1060072130842685720556916851283370942632966913
1548188331351993467972017444803540237917071977 325219228006987221935387082266366958626438858
1520002519861982102715455662897597987117247298 989940173000249837361892160026985743757818767
1293758414042329344359351594956527938567669191 1058715902465245020145958626252233110620875127
1683972685274299473017301183980973385423956684 121496887248034691739726803037304439672494176
2102298487606489242697529344339752516252649869 179223750133790754395167295423707800343141900
1964630690398035919223899841935854550717187685 280454412699826653368954357068713801151584133
1820093639764058574330849038255893228279662510 397813731832666330142293591534160752198903247
1584443683582673140605018616888682980725175979 226633242677664595384832774182063194214185511
1334297609533981530730173254447231862256221129 71911784728620129192407750035922319312705437
1584611280370676756205248879732746101759542339 815442016846732853067303327280088198615718107
1513640348819497576400253457986139252894327907 320236112696055619757176205759506085356675447
2084738911482411172922276759770626085024970540 456649121679201323853968154153191552789538337
1458877560581127936256266791515236129231609596 290496651986978015854657841839561804239270299
2180846359173281213318572289391639700643567099 272257303876071298799121224116119118381066581
1439184900258568999904847844051228994652375857 784653689673109769959247375317536619200237063
1279771255407769449214350676699475609413925363 565280813988146993324848632184493956131627825
1641383241418026967544051929707935656703965254 71846029485127769591321608694676318087254282
2007681939218354343764676611110663076701308327 54124974051206533445927870394832451213858024
1924387302899063584226880238847756849224597468 576888915496276223008814648018452367840952792
1445104357741618720121566601600671473427196445 264775889666398277460534091139403795817325197
1541826137337130908939720743595954968774047046 1020265150616297784800227197412852424464485510
2013320545713086091001395870295302406674370999 571380102280033231262208695224076758993071927
1244395675129430362074798785578633302814959642 3473250820498385331425240256780730475482118
1189952645761914344181472529758903265382018130 965441993512600400954150418759917296631604687
1807238254547372660974791023885460909007587453 949043655650100910328910579784878893128513411
1824264158230454479708224938609740585886759231 589592371821131496615030922539071060159571359
1388640504232982561816631865930128196335605525 637696611048061925947996426170338411976356635
1899922371544639511257620535427155269772650308 250438678962264926617142364707079925002148591
1960572331859539066208706058056632231460925209 939493315304718117703646717236824434629565323
1330151157579570981356251473829041361604496239 234419179828748192999233538163119781184944393
1654070408971916050274779879105382399029367813 391861803094927931791150683401514328431244138
1975193512050938202016563284853598252932177221 844578819724426877660615863680951911687530811
1503885189839047706383482411895002825336671002 313012820086558483995308906516388038037862031
1926258660158603756913850248668114986500015464 173133685252729215471364198867602869936084124
1906308568164566524664471539803330188584709105 656646976538029978396680817923419758444974839
1689054647483917268699305745060972310067328119 762667950827921104972892357326873887075691277
1297751957866519423190845340824854520749065279 555883764647156037438733670529642084979099114
1417331499790459411306093700583513015567616988 704266019004933087527451043269270486194319087
1567888294590181021992758024356994328404744347 607342493547484888559732534840827495970308323
1660213440716537863529039992084475959784586655 738426010443321773086368806187331680578933987
1617094979139944268813896680822451692417319096 992301292834395721929921893219871652545844327
1815729764271158062693982847797746459682289053 319989236089243676934399205843476275102044090
1144509501507116645058877621665627087889865210 306235836361967790550603860731301969567850663
1654745950789889539983255198433399463641294526 353775314072874303244048197030723179981664559
1246280946425074670369393581397425686629027103 810332497744729176157865940809153481672010167
1504615071172847182369753587007904789459328378 645494435904940241895120167670156352807749664
2030970890961500625144999206413645397051707337 61820172478662742040292681582019865733875851
2164778320788722365848755960870172976260434309 1033850454215612075507546721342560101587788220
1909780239378945719341041530651286721329159596 806155464456383853032891029232873333848553803
2155108713450670570572979558039837708566954601 347265219841194619531242501036486441510605829
1526698445688779522709319880326266828162759758 1100517130414335312891422811145327882785865422
1299140375011520615451762522628221917600287165 897288797272362880958454757689617558308579347
2184270705135441963208792906379212013903358295 174395477500817654970750289316455499688736769
1386436560764622294121259550557556725393894264 835257879289146179455627211350312398833949268
1995896456072490749189376312753599460812261738 1069334126571607440222683225101328219530765459
1386174290090660562709143836993691663999082500 226167229058841061394560547407188618252219285
1146247469014292517708702227677826588092077841 1059567046891774530054321237859750810469367508
1300253195469295336804929518220059656437411516 479045123551252758132243454214884897989741636
1199118862182658443638284062816617610494659249 874734773517211100437400291976513148117933696
2147170691271866713751846541999582065552564224 707678571975306752013512140479713780073371533
1468029790827023827819874644060764524748077178 964773298894736117317977198384852673649248384
2202203363072205784915209615682793976748624442 221312719402497023389068320176079529859162911
2057797687999647124710069150033957734556311278 975672130261871583733807687141458578358027853
1629605305120569995267587188688062005326835571 266032235017692775161053772999520120979535384
2007039456472679743968252315932303186938770567 1097581869703030268095242367046482151759651528
1561328676100296553242621321248168632240842689 354825256926516276265634587569164680121644247
1779831715613433674846489390909605051230339532 1088792365068464208492258463705976162496742227
1483614803088900660336205948597534310511610471 722785146275738179686190183838253292675798639
1332447216988565329000606559284770929601622486 456054586753185981162736315972846873851168020
1998826933348944322091919084222432760160304012 378946165422848333549505489460027311978265656
1165608811296555248793242242917886858194089804 890579422217700052161172248148034679146426903
1349257122766472686480897750299313139520999007 29329031605584551378711941650671336747784167
2079640743648707703603585731229724424196936994 183382369683585384120393941552376186682363332
1999055297887827504814732489376710192036264212 919158512771522033194640301815790241049656872
1616234528335070943860982457824420426505447036 130322445443635198965428092691362862402575098
1860862661157754715332927352822794946587941049 606401998226568696619560095837569050696168739
1803430470425952525175892859152823465271323295 278969471700077761692592566827283255039572884
1243829803997712654142023416373170972079580675 1042729931248625137153631131382797919193231949
1596234209726169792919617804702959335768918590 135563340958318799899079393795746375879248392
1564060091937712073418384860056296889152021810 1105644059080147206980169622355965984243341236
1871542658468008737667822583137132327893456911 25814089199605378516763675881935692690477159
1921783844320927746976607147846906052828034580 378895051335917128126479291969995629254875213
1886278238900999087445603020325673304288126539 68839954316454244803047460022175408547809068
1680563098170919089893919035016349320622346712 456670166382528695373460107450910717256806931
2011143569755499406623573735086925127721488386 655113312825939327463950034562018069650692449
1174355358113421048823252344503640117259268196 547705040825601399136784603704674460944144242
1505277144340521740566485364392644427453944763 941976827206413944277643381230681377886414067
1271361900566082478891230089512451445707273516 77305113814580202165928628136280911126265810
1907818147653554321992490803150060888352580822 643634914562689461195541691746438047132327718
1813845086616877511456278189383689009016182787 969151068477225737467411470729700973887386630
1394471561756451066014569973285934826757144219 49136881226658247548652995207058366697512224
1416207692604267120767673442821995047460655507 313046119768123909226027525907404253558701996
1974997293779469373732477438346312782989313388 318537433258322672682807213131625460197956411
2091895585201484481103131342855436774334833255 9946567214340404253976164513328366803267489
1961712854961287858891563004723330182882003851 792231727191891542889688620211365323304748998
2090441658815159735317572395451310110338505273 616182496776846630320279772560641174858005254
1640104729057429164375544149128254452014289848 599809525172903951332650965905827907286965305
1855839639150609825078866816710457244401544474 286044325801581144431094480652039516395342681
2124558116560862531638342583613293212655281796 612600415167341681595621949572455259945260269
1195377626469695630115431772166415547522444163 435065507055984726412386795177179445347606630
2146753442497123155498582095421579956621277751 941491051709834058462841567141219019304639503
2149340971762268419571020375755922941539640443 236950742229544311230363598509284592432718076
1811303386835984221709769577717923524744122381 975138618133438209244062375171207587416487625
2152548517113540153861377100055128229391027025 424984395106218556275879850165158938797086572
1553721269991378076549935954212073549944507553 647569488908995277725014725384719747676254382
2005684948349451141668978565354357652999426702 616493622283391387265944569545217902161687357
2058689780423082599640832793081557882914397682 186870956556985222976668131206781594967400979
1154817304306388800115782628956400088275762895 837745033580856022975681061656891506742987956
1575916737837193788317140109162344104806290097 174654253196929811353818957574647128172459408
1226203150403332837858058496944782246350966532 110838955684470249373465957693369412213984387
1587909304342558075949915894434811049086685185 608322171390718364850690278393037983999559255
1168164516124642749386033117724655618876303763 915493629115151445232257736796887176974136312
1965575900959008147943047884023447976415629581 654696866266987836282607774397714181722738114
1983541988657474504393664456310039529687399767 185623299343305075280287272177083671894044720
1757312593806741040360134877562185338172647338 1002376819601823731179578448088756918283636683
1208672374593781480536465161560468529445886269 463724091679259756178383570571138472353546050
1337251885590142470922678790044622216042146235 854981500422570023471807819284075432760042791
1967171477001472387749689815554810608004350156 170199102789884042938311870641451367203254694
1758155676670488261463992479543862594155855726 243013964535733457171851198769464567390295124
1721966450694408778922032015652413434877363943 601078419618105149436912788647363886043563195
1981591566444758560346289464269510504129492097 944519347226333514750854320568216466763565820
1925702909239826921753277869278877787793565969 601483899946933841751292360895127868644575368
1175180592873803300031565360986851403092087582 878762634131592471673822274620835751982541860
2064359608238172591826531919750898523939823276 693908970371143009409588057262655071772275038
1361480342660217627020619749426781405771711247 987737664599809496830164477710348858042854424
2211646163074732667130733288987945310365109171 754236938124600130783621170291236276007193913
2100054067259482386673498601452950584590276410 546943923897432326132210384532788869538842594
1677113078290403052954807097015193238805987807 540219263649000007453765305264170350178330606
1568492934280135937261647990620168833336979836 971695583495783707996056482494435569559381471
1329892240887140285639654834498698659211589977 642471870558623002523841569722375379443787288
1797928253158413336364166929693055636654970249 459698651283357581107893481213329255245461006
1854337444604941015050027173298466451125025421 584418167783688351727925799826305085592704019
1582087104442973846278162750863000502772322000 733389281101561654545223227486285504068917598
1867038600077119218205868378403921223946621346 856239719647150868430827663272480375104802400
2145956998116743106625380322791229089551164426 371520062738301818085617305020484785146746829
1665405208123453487493979571316833562203860559 510959094456512671493822047635742430559420910
1164484264046477234373405745505509356191609238 92462087320052691415218174861383583829865588
1470503802244344956831366620893795320636301266 944205923914494249845501054559034696329807414
1198675128695476953138959921894387794426266343 223089797735300080608941693784754273445481098
1709920763760125848024696578956253733620379686 16219306222040125554255325407883190741670012
2061115847455770725916600367164833364082286679 430056017483077568832447099502474543518926381
1641916360844734677929113471395953629649809877 699156979594561612274203759039209135470575767
1773575387971991623947033820342858831603938905 264061305525482060587387191242723605952283855
1169227538486703811444454540021399488270199024 741150560811718523321702663625878377303084356
1292254356010225204631795635732948141744210202 833342231726386169651955442111712055228260812
1908125679540046906671196984935716492917069767 49156057004556011523994637340274395068547762
1351014873060089615180817560255974991730684842 252793045650826776759967053916328475776056391
1472026495745888102930151437876144004053155087 576875641876515903977337401655016776322324020
1251247884457413194807531743094784776163658236 115956772124364988502879492387554974258026438
1872189139020715078335893053987064121412723557 874989328527356984120004307628411921760255965
1522997521918427732498473129797641040297126502 598131872467694998051017801737363329751800911
1443982077226690889688151462912207346578103881 1024309100013746813224185328847590415514052738
1484768683544389376517435558284559697740287053 49685963488557000632219941576065614621067497
1641409153112043415363119637755284701269855235 801025044962612324521269414940599268660604270
1396122802270283262094621029242782847898179786 370370319424549896378456134257456612425646540
1694158074133912714001607470928129389514177030 870372827916992773448852473529790372742067297
1932087660615388542653411199060531066749868069 117173768403465819547702642165626768185411599
1740053863766497758326989779388679095675063896 202844631146579835487703405396575105281748297
1785459540321985407387371159714928750409422558 319978798792488333133152165577296849708379685
2180000725635553404847815822981134346808260925 582299748240809868520409951612038259694743966
2174945222879463816593682803927320865513300800 915637338685330352790383431347751791797387496
1782896403633762398128500017787041568969449256 1058543365133133885559201278534703688798203517
1175797678204227058063627096598554447980784491 1061108018725885693889513580800572037950160651
1903692657706344651296707325595678118322340053 552465479898958179135641804256167151723429624
1857563684321350784640080195201649694804251696 661161059053951831139365189544009342125051380
2131939645849301981737329189087470843711991295 236393304143786108016640487349120595333915910
1770704133775480549669254673301481533037782881 538920726510975149329885656158872117084223901
1771552833012469192606721321872433465577807762 227274755436458005950337429304757629548553850
1762665320775639139895859673884908086479107009 291711994486185296685447970443205520316997043
2037859288785848510960841935395034090279874956 290264535394341853979665305909905102590719807
2016917371237242072254338805584932150965105730 225571621981747147751092044171917464260721056
1155922535265166884804566721196923721924870580 782747737001378766991497990654052748375235789
1867091025014382480104273461793837204967854900 122991387459585085178972753711252810760317046
1635240999623487841005658851546115333139028711 490364171499312943252344505640473022288427335
2114344085612590444998550795376996946606671311 1006095943846388985018483493207073049265157689
2059657916802320374434987590602788746503722774 127675178683651937371754521489852589884501308
1444906246387501695130607774254476931272393028 892686107903598668340436055134623800942257641
1256457925550796363777096219379252326251376802 772298623410750602371809867870849390998734792
2080303358030589615810439420709974521620684603 984181488429428382746417617531535174835533856
1688715576169790552187186239208291481910460055 588169406431522401634729835410549703908917034
1346360673622026351132771345302165896010775226 70210716997297189682711241348537740850560431
1306639475690759633490007120711960773391020828 968005776861796118224768221013067449206267037
2028945246198227969595350948236677004838354893 763446558734103611029415018598664188371269298
1465735763836981701740743650481413251347654900 696113835923242266437216661118901712917383037
1888015948375382115632986919230242891436647486 406692223926615286943955383793039073066137205
1589818298286506962737105245797883476310129841 177796304048894492699580174741218958899944909
1439821246752372381185852370184996142314625953 603359862676666359562214963169386148905865165
1158798351023805736251369756858912456925588736 997232945171240669045369225956226853746517050
2205965634238253047987788578939388870634850130 912285335816295573819489271844179967360832780
1725607507955636420519499850040327446712489905 35287719004598237795842160309702759953250250
1396477348062946009935756040810814645445945927 183247579149043749012567628258150051747526323
1167959313004915435349320404723066123538520941 447179883949389905743191870129579540892833520
1813223612969087184400203951526688979720610608 180658704585593491154943090652040428575498047
1849837620262135378078758545136460699949950727 429923764236880677463253034073503150525568296
1712261192822938809455383656907403952889615818 819808520609485834218298742495746754836872869
2165322667468513075608556191073161565299796559 401854565285926193171702051822599029343239186
1885292060216587013083066050280225832892087305 755431994686824385666891364544826844766321287
2106954014659924282855811429292119673562087738 18437183471270642632863976163221694026635349
1642846345337647368670431895266165543025581407 848437341792264350004430086071759340201508728
2198780469757062744517375827250477930815381623 302716222545320918283384490419159427072676348
1649422192916027433282500494602041452131144761 498883692496072937067115767022482384042644581
1180476091271820780110910327761746885157764082 856942266324368036355548035974438715479375193
1642717070273481074725474416027337067842441046 597190933536562509453149591816851045448261991
1471612054399592051985532617687219414785553642 744481349405226215513609627333544451541839058
1997539193984210864371845430033522891468171965 1072068163167723976071384666888421774218318903
1441443231871383637914684920137818602561146126 64009631668294603914509151650616199986911377
1547644761368659067451504812819052881680294320 64487968843186600823700796856472144574047496
1383450441038682424717053432484864977149046644 597083920602204289711880805960484594338899609
1949557268547322036732956166246764330616833679 488490782943746317696888298310118960248019126
1419239720229691337562489455083253318144913887 452616965919863263161023841021959009550768040
1300149115668818868608121093353357095547732296 385433537731210402174339738677226599323368723
1598135908882206267472579836914685547002301453 208379266597900743458558727508582724694702523
1260116021425941680247152887734749853005453849 271430702624415341736365871537625517949388795
1583509641815019703917399594017753166551152076 117523867092486240841106866853185586233108218
1937936349072241479556534464748053006359275361 615236535326609490593208184464007230534059989
1127470458373517050251405129399993815254209542 824740691995664019193523482522421075662770009
2133198584339661028208517141145053160662463490 663801567141151330756875866282923935414419316
2134617851723538109730428460599423101868211252 587931170141621662284358279871994252785498814
2164062550185941279103721244377134775798404045 230610750479879126456829862332931605186789809
1151965762804676666862259850401361603422326502 52726921782917471507840991970713883673314796
1207798440102896747898055772938964569030276079 273873500493819871623294997611391725369577509
1592371202594753983882343815493669786643759556 500576747450642961624491369836951749777154652
1348059822547617657525191495042549896711829132 483645306581416032774852458648878616986116449
2102726956657517842674031755928223991913669344 1105780010314465705569605168612428556324067090
1305716551884066177044452161553834515693013515 911375606401635122377615127172843143905446774
1254616773408059869986583348212874151693387188 376581124305540796407651464866991800709779340
1118966560126716067800038677331403465336888976 138653830144004831023334413668357511815025281
1883726242913657252963314645759831004254127042 1050938960413012771458712708013340879690580146
1508783319314546468868308931822029705646557639 767010762110537729298852486959399750426012264
1158999677278690895747249299494411822312395804 678812966989361660107532305024648960147341838
1971665143746714733700786027678382389591921077 151388181313776532903490358878452227093398358
1543933618273121307113612750089900226980549876 336798785583358820398014976261637645296470591
1421280980855560743914938141639469811109171712 1016294729934409978584821152335213806733773479
1909277410335986316648861246479287720837351305 75046470954299075114395416419524140627078296
1752887883113561959016571486089709526592972300 410164476985157068465571341176165593016743506
1992155913947538385586277706937176344626371090 414080109822775763917648791321012243607407309
1679026499539316227298244400664301226799689513 159196899011749535488592294846224550795736633
2079053749405725279969271728603917513536248160 888703604285662878560460409963868162486264164
1958677177767234860126270526351842364184776798 387349642081273117625172892462640669949669274
2106959950934729495427943857577757941436413417 931495822084454346995019207701275701690421993
1217547154803721434586571332939322141171228330 287071637073299952191904052868818074978507318
1896126979871395570484574646684808988040008361 631049398135218154389086820455868828946128670
1719283672563223132357165526772884253098551463 260996874997731186001312920507347764719819359
1899317111633295872809741023768516759628382011 152723425571384499453960074055676603333614884
1751735997566165771312867008620662916123182131 68367155433258471727311422363892877134945619
1202109745303968635712234224370395738108228614 366587660972240401493072818233429927215882063
1568962638321729967285510103720093950691687287 893217937572236342111445089300108172781024111
1147423105215768302090589624148908530985673058 33566621129169031792886567118263310714148895
1585602048702648592522174024389963615352969642 481071936605074333500881211395100895120645287
1997402948218806505960860777500553733915157590 154960575870283485225297100266514407407204865
1422538005848854859162889016829271965305021990 1040500889287003691206847672966018715522125275
1544377606417828188539416406209755199950828270 760777335719388758084631883263769816213296207
1195109302064541128754183449916617029293230359 672507728865857462493298494943641696500371685
1873681062386118989962220026932262293697125536 1039260733149814395309328183044021353939823802
1919427280458186620985151330168661185529507776 864042269742482175834065308981015792891177942
1912336447537361091789093164042682402604013376 690544374603221965147656858818621407026646880
2146845104533624434205739459943911190104979827 49464284173735745072569290904831452774303981
1726614843015294592302342302739028543526864857 1007289862986216612947037515682090087203156900
1529962777148726500252019761089347780370726143 117660967800405762094972413867783893826704455
1214223047810702707910083802821863295915358052 272031723945956835824763581417915982197053932
1154995669664559623408280390719985528399802648 219220666898860309488890701614487656848995120
2061963674380101691533669219706221968195542585 313394186728541301206869670190050029079750013
2158802121864182776495652021493394510128569421 139815854530682195364738518714560117240923807
1472705541237042796239080506340568982520218784 871750904868277256224938052771643000040497684
1450948806058247678657634862060885544729507459 170172636517991936204873992228317963305049373
1467904474916371563321502887805077082753918815 751966385024368778765741015704531051505107866
1367174569194820960178070801010939449119877565 632899287536467953644422185948083224625453276
1408183078229936999479348938458410498815044976 705049383259974096872923948808523498609396128
1988518528947708343805532319364599482084165048 363692861098566352877063891616700933749376066
1129996790202920716759969314140559735531511496 435495450142636312756509678300411292387834691
1608708310680542705958387858146182259955014853 411455945068200932366069038571261212822300108
1981649165277294780474416471417695559084519584 889266102043782232158970921822216039320442297
1602907308457275799535992038272745239666979322 93844945826154186737983890535987741381568528
1133303097500499899823953853771142219931713519 880033490449835063034556620923038570145510457
1172659219164298868668096587756779557725184236 895036855566164478137449384189599700879459045
1687807021350109963927689206054228217598900168 414983387604956800030188260113558150323409781
1258786728616737740796773421890003900648381272 615177005368481132629620381902593456361128898
1407059430464090469977760447554539868561096819 967822285175490707060444494958204323679453836
1392480847288610555751614952928708710200760023 1051054124668618650270838445354986808832329638
1936996438855056539301331514919963859629645039 510318086288091419907285584406381379501027934
1159675023049076311730995319839861873754279131 683983531310789707988246834826938697986906133
1131859501534647652242397800012857416771539453 93614568149786371039534449499855651091999820
1922937681511085779023265754257952932592500906 6717738814675467635880110229309985955265490
1634094297747069419074261018302732441927739644 621919998451122049586095241379680013261204970
1888509314495503006539151593368943347773155641 534262511612808941264595755286844343809790420
1915076824397070472813759721462142786957163373 219138003756836101985670750702562528884288230
1908672801329319675236755332545694443723648912 849483875911870746325567830020596121021155477
1321009396878886525829885966224780760229923152 44941971397914574092784437659838017604518625
1628137783188493330559176207400743431854956458 989710919833062695144259802997207421430503456
1369743326534702750624180160837463676239596599 157526798693910130354755728790882340435799242
1641360278713076346359647785547238567039423085 179958714801449548221634502395732359815319767
1809272769363243986143425060419807750794090229 560043831320011850675256689246645198696476020
1892163196597844286749304783167608584766943980 683826277064079246492947344786629633049854833
1916147413786196602304375037762979520031072997 741151569694297699588763929357288930286947597
1512465056949111663133896409515627435205008628 874632365813838009200426110384228733502360124
1979961359489442795581145981530409213848738782 841500419620071038018465669684908424720891278
1785692656127602416603505290848932687300328052 412618574287997078806988899871928051835049955
1291421904859359111352972790390010659117349319 835912580154867606635165298915878238988229938
1988730100491572883256561043586582353330584363 172389170164642894401463948278186401828262245
1114670825159307785853308735895167479018332413 1083092706632740657547196458493634115089490594
1438629440662094910188335982535933160204854459 502022048237656264753200429654208579580237094
1916117102132270975307184823509124817609304935 738527134978551680329071216167912682367270213
2059824026900213512414624163907310939811051510 272699010247525935338559880558342338530885632
1905836176630677178903020670969875657711934780 12553234207487942492295502716691564516815036
1130757732616985477145125329996162205184165702 632987861284560543792009773391453899221829343
1898357670993642455924353072922212278283431535 562486013189807445840039529758926981497020505
2001431715503735337798713765517159496753259797 200254169501419635389250821424568861973584398
1552122804007666919300600594973176833330272117 497675186550531985406428660132535649922049549
1156313435523581414993433750566559973370253280 393453877338523139207543000211714998860597113
1723973451841864439460706985687394338860873722 107561878944756185534217846301553203654312331
1997765521567485762598057355392136904886461507 281813242825303074468164258750552854037265
1323844693441327789071773282333150743966520358 965249642368908441082637974077506258811912653
1783903515992056759897464214348567639788794279 555848273827367255238664534748961129205918328
1648902214021769330378202868290692824809193220 594101468614717858067763046337912967898308693
1461051298780227719007000433098501251475264065 709207199459456285432316879813825557894958153
1480317961163867822344687589306675788590227812 463512431363029923843536649814276678877447958
1710159532706684458366556418418438298708412965 784146444647285030173870263214805742257619465
1995178288377030901789003510435571326024351056 440112829328201771602855031234054449946579052
1183827508197722125544846003660212389899052788 698338407729576685081669927548882937794988899
1842307310274101662675680450643802976810346233 449338617007805047584592405474151255444394826
2032623237072870183941639179065611273839297790 281301926315658713170294487457636686955153917
2082455829386353108852579621264780143554466049 78623426707058005823412016815133155254276799
1272623444462475152372220448503078716755154338 368128775411921324092091353999201337769487846
1670416296009090724778373765468367603615032563 908965661213400397409015508317904248976416865
1752864756327369649916959669626561934894037311 985231595154750366028187566440734330704473030
1287981091158051267462348496256512584646800811 184284183866588455090056081719120143486923406
1868192791179010390806546797672491598134251173 32142848022253333481957921736310471789731538
1543959302735414243559563306779223158454790579 687589941707598942511594345625071321758357985
1577956590503862530348891378590384345320327724 298107869680317040445926690778641702753857943
2126121103764884183156306607126094524577694626 981979778049710600196999628492917621526739834
1118929034266035304616591618018255044835360342 39113066521762976546641829344885771757891977
1470365878914854194368533582747168102758309468 472738975218911781851941891259042039402853943
1366173745013189298282779338436761098375030876 464066138206654899775521769302528307797094919
1623174147176214205158870667866015190620781947 372580378428964021443462005543066135068078515
1348919494907513935214853905289334269454976053 162088152460716959028758623035459912700813581
1978119111300465374583094388632562574663499052 989541510946635618738155689303969385715745745
2077523636958879370718847565906707159306941374 1009268836235151853029079783688295728801765557
1707676812388415635124325769974265973927788440 1001733101410269846386477505730544027474145079
1830261238994513317638114154407901242689371972 767420932935152951322609394379418162339531535
2091857945664119642635825638037958796849448739 501114256790217287419697111430339803409034727
1489951950402972993114605900407104531645793200 170225702742474869763187328368387620752556343
1666681622300956699498387557574813038698357862 99234172078057180115128050636384693843372880
1792226299827650248617715535122574993365659890 603633302158646561646337783611877847052262220
1424476730549761125389593863504477521704546816 517786226155774385835091525182319330227804712
1693947099226521439332115758935385205899355984 850472809426869781969614010435001551251705140
1988926941749596047937799682405638655610921371 616720111191242881686852851598431731502235981
2142535117205900065582296810415617832168533223 400024345727393802310328232488406074991321576
1352061976858788025531239858045420743861910091 800999735695166644015112962165925413493144446
1704733217050527282857007813790849422674783340 460260458851011118981253749286003530437995524
1285007395930614270704162013273094393297505686 753176572586580710193325642968396020216065983
1432268441697624123941947858651304071538894122 321873894059246749350213576264276453721962553
1970249210667415751609229424688707812342045767 281378409604174519421877872640948134876607812
1932814848618471135985449502467779180263150392 96005930254307556375997113752321676390964743
1576590729504481570546400160040816880604334893 684311553861947676455405457988340531650674162
1420399744422283545844818303688519578245310231 974510124604784469106274641303183906753180918
1207525654164410798185110100152789717279766132 154653011002957409788786837284310770600786659
1682165374958419670150902736110504954235884164 1036481476072088568643841097672996359451944385
1423055037622363242546082910023200438109517225 624641810429354414801997356964925909999808291
1817258545229029596069042165890489030599177058 802532207955933799670370913329352291743456797
2090172431645315853785197087456657630636059318 667129377348177834740907355226909902047879417
2172393260487203457672076376225675757780921380 194297697376603910969718802798391349460929340
1433333013918304424165428114641364223128766101 797678532926306496245647086263617762330299461
1685097924049100506965045211544189163438405462 815999939664700120267526531268312261510200569
1975093886613635953702994464273975845217179543 698017776055025281004735230338779706849828811
1950617786116457603624017966100382419040198363 549952188047878143786437649546141193480672200
1653847662743079044503628362800517159413348774 99641404633625700543180274470451913268822498
1606516980787186479887963136907326856209773535 781405037067364827843996387534626910599736352
2081465714432028490991413468515701647329898204 697078242369999992604528738851337450494331991
1644294269461731092175806701717691286875743607 693366436037255328799339994211544687140913980
1228303814999454292896672913854989112519853314 878416452610740322385866467150276418930340591
2196623708190070657153897888024566634093319987 55950630945225762249465446121167916895269541
2215099331065622272799090413171276630584819027 702613827754923548059458840233761268523386556
1340604298157892051095052592145217302202639155 320445660735026407401361719054940456728043488
1637214072211126543918954992537193156611838184 644879309209835483648890096164464381177684378
2104734854335055102034667528558318953511335652 689273206171580032864406861559081852980731818
1821717885047866254978025557706103315570324584 420399316548939679405586006051242489113523988
2122447760906451976338399165258276572187587829 213811507926476857743342896777333440140939561
1497618786991521373831049779881091936353490082 1107465660989839996575177385309478335404498468
1792894303990585594164927961599723384606870295 338372584722223311907483886489856678194325973
1238856341888263508870255368171963964329552833 429674455323767563298093760884113823132182305
1505707741948114642083509407419296272491680022 662738530886233601647745495247070387341416953
2177874112252533550842397529888522284314429217 537204034199101750417097957077615887964432815
1856731085426857490715050821861419302074959969 306148680949210211145960019750700851675568594
1676320324445732086646626352115507078189883659 274050646892336901215705493973099626693674557
1200439804567513656696570932830878213927533750 778395011457554864023850431799537799909842509
1713710729617277709465394840923313218224746670 373581577857144186216876549466593802766016302
1166066636458003156501909304412264495983933088 721285941177867845934412522557454454717670210
1860246155190724757958362361738353261443495600 918527038326537214310021645579818258557789610
1279679186613107785957728844604885721925564391 152933577710924453765385168305717935919894539
2144832660789764022052571405100518413757433863 1045177253289234299967832143436523985879593878
1545659673514243379638880727042730751390371656 879917749190387846362713991482508988133918391
1675526863648217277080629331900485774184589408 167219999083274329554789956674346407269344431
1672656255591974452079625599151841726039912477 507634938594921163066644942765011656570292448
1118866105040833039277516445753080153898328546 242950677333107744553895623847371114705671904
1425279467238712885142819996630505656265749312 298860666017682274624640316806381782578813053
1989769788379219817439185899117030504750937275 181855378124231510307056608461981342332497971
2179750046733213443527647061013045078525798218 1075937865453050535148354824892191716318867069
1344421331816083053157541386548252181789826535 864416420797774560619961235936249203230014729
2177143222138798833143789768606077239046294665 659138582568422527090241685078917945753382623
1141086646905247269458485518586451700139259027 7235307059854130937372151846168145952623599
1489840551894849322475569127264594942584526830 412755871803600815746270092901094169538953633
1799139067364668220722296236215039840387326778 484756700740250489955043093249208679414738789
1256782560258709398964410738839016903319668922 934260380863092652584459151984225669153881944
1598272373631447378191189082687816865792505871 86263145514612312541487862813074480268883081
1806020069120379389964960241165294995412983126 948627283549896802610200268742374618065797769
1729901286780706606410996057045656525228744940 1043638361690580579116121939734460934710823315
1652254159003738050329267916003697351878609809 503733587439999388642718231942982240062173269
2036263648983852513310942355410473228219317698 116994459288604653052781722148743311119396341
1786345603719601191963197935435018485661231776 687195512722987170208119393791926382917358558
1748858946094917868364682897228761039306995544 190227573402460743804567924202522963518990710
1277726610340467383138738972056861698834497091 72172767310824921778171294800229811524062808
2195688759778311958192644254403662570866836769 783256629063566389607899992461229954594931416
1600348686187851029097610194925011003899909019 122314371225531549573622326757665483398919787
1377555827009794852470717734069382548717176351 543871854685462696325323564248344700250411660
2076366724284499235943985583878881471463279805 1019336939998298341479658371123140981335371621
1904177525243490948247586340578121625012386284 899512109353519432264393494789843736955736311
1421547083912074017159742987830372505378899842 79649740678775935851988938761910089415899253
1146105982444830796065035268575852860416239682 117742722711846890601569224833551446122329235
1945175206267680797965409092403292326082655243 1013787590561039412973100587461295662288515805
1325887906722205664449879238107249535862103536 1051216154983918300754391529093125932757752381
2036275474504196941461961157537930837691727786 85881239888073475568024101980811498974588389
2068133278543703508016243742663871664557075278 497275752231862144198798182972715783720932383
1937992728533452773088422440120750832831947881 320438077184441337314810682573119888919263874
1674984464476119424057075502886492558678616089 151079895491648151009238606567581907037974896
1129502864072542960967671642507244505869194992 463403910942039403826848193387920078695798530
2043214750276862766572297357295577134284007167 496288291801532491579668810307442982446665240
2189932297507089114544916763834962097671828291 423951118864484895605307698015654059252323109
1318510527349344305298477817482926477958648248 664743448788349339196127679770840301179011813
1759454130063957951898458033898253473502662664 279520886032450174100952554252150754139626384
1379038739163273440333059118894484016393800597 144636835602813181746192146540197625794575974
1312096032319984662913110287498974283787434253 490395384536380326111327107649811735181908594
1916316834061445847657297028611866208452164287 397077177243891080611909280780615338265064716
1738444276139526860535632049915520025295424929 497317074968824680004185966176682193256004764
1349661383291158414377848213164966846453549521 550529871433480369283156704957643067674164455
1806438935962391056327156947092065149865242466 553788316925951025968081421133453984581187975
1947406558305601206414620353476615949289673605 338638714988919066591039517982234447699329399
1563796198681741390710019132264307020743119753 1007732194989553826522295545481125602805467515
1717636459883428198024855075015142802524558952 615080055822412874055768033024084454212371350
1928234962067008247693730675601150495888515138 759306043129564567903605670197026331345561964
1680856675259751835065349428227061318582791594 136286200500789051952077660718933289277966671
1446795983371486676380089672388982894998000237 662989097556518839718270168195144751350183984
2082761108312429182040081236241107715308987798 51164544728954741133176311495871479932644415
1900032893443548036175439059905526701372748785 804433833146123798284666384321368567931497027
1216549708112801763333379453588358401937707213 814394176161306307238123211179428496258832906
1810802914709407535342398999630826140975659663 1058429227878725583065246182941426376941463988
2143202246202797767107241772865034965245475757 271038488015647471510860638087835153959763642
2137516500221100846101698574736979598954344525 666041908983214898179711599335240943824415516
2095435198718863297111570045602593030570575384 1020189435402042033538866571311844602089655038
1753286093537466729798239692613361725620740454 524295560344822190144880511433522834169468192
1290575299485680653391980651787623579591097546 671772786947911400670674164589841397317916842
1839526934800936855229815805837558596478236436 151772956833217321567737141954809226647048388
2083402040778279301105614014474370062274135013 212885806141234300812569160723687149333807326
1602760899566416823308394750993393761378769120 871441698565542138486344213709104477592767769
2144927148315119240478209097707188677355985346 971408143416570063452995196018680092533543868
1958106542718839358185722016041129905222901265 217524683614964431382621623191385046048212206
1181911779679828815077792793326677360260673011 63331969956015574936715854269870974476990277
2012395939216256236381945128886491537890125731 371747202228980133302514712897032811490364333
1483667790569784905877659993205397232246730415 608115101924968835714341868225061143879659109
2078961618019339692632087679198494619030048782 129001008254799804645905690925798256912317325
1406975143649872756037816903222323134006094299 1074393235441241058831629276369329285976493044
2132144946093682626524175309915681240361326328 175704943102927256245143071029793359622359034
1526290665043168349743816688366596676555067941 634874150484057459932143114270544075521943889
1889100771156955191992732654594549277795535329 814673612514673015075480513634530855131052181
2049850172806082691524291616142182332088350684 59377172385843629729095547794790725724164448
1603073998349425861470673721848961433537604121 797048365902143213515812357836999221307027818
1487877637374925515177239910529446669674390155 888954356361347968749440264977519381681381404
1229235171466828792549838672997385004263353792 920704672084558693182975118829642134727741998
2163135500586078546219502999672785338853654767 936742228989627987031498290223301664866396964
1300806203186269977357455816160127416778556583 895827976288308023065978179491165871405382556
1850458456306776297376731306499940483903508047 690169298768045713650032117643712857182214450
2209859507512663409837305512983983017223517903 1029277459771709180491979714724223937371643111
1410110461751664239209974801396751405069956310 825775283727476804844067417835901774678396150
1808478399443229744758011584508290662840424176 17135084843945044206090898551943483358867158
1364045898055658434544628620533347047963969717 180404150955921270397485238757517786591326470
1307906229723971507952534095347296911896696890 1038559372854129212637478902507600658203751548
2199414064607729284411470336820869964929765637 431281479363835848399540352578140193334189118
1314151738183994427801978424135704410964816714 1052166079892046222175182430791189698264307742
1492468559308094190302611685664513531298616890 83631659185181668706503088258246917686585799
1533266796715232911380574677229606398734643250 626424060397710642007714119993303972186283813
1662424718721654246421790932474517582357452842 215589807748775306516302552921854798911396542
1887418887680876399263029767120584315615285350 494679549955262408191714079832615170426539112
1170960359178862473599162185397866475217218962 775225880636680807983011613288900333940184942
2160230182922050844970465894713462291943241334 744195232813412748941691460169207957530962714
1430847276689444950008078890659220831116403502 674518600195914329268294143988738991869956624
1891061274173846498478376689490038785294439093 133380257264874947238122276767855520709486604
1832805605611785376652225902119500435763447822 684081520483615964531492917313523441966869315
1727037951612649196351332550758452210176130686 850820663162207482174175500897382446047133999
2086915553570813352119277436882188603176800499 313233348015895361874034869429428489277981204
2111584652761356530117234317344464778862972835 970122086864088384614865069024777450958437103
1953003978570308515782567778339097980582366113 202525408847881562593761777907625033293889482
1626495885094220715092397039519302490309724653 925918510090830895870822236088478642120929761
2081902236272919782156591863222835227798631508 870892457098580053560948454228590973723719837
1840730361333774041049866912994109410945669997 228381635481509921287234463912390603822169711
1780825769175366892161540128842276865946412754 464955507046577434510439569225002195864075835
1255822628983853592550804058947004201105993816 42015970305669121924712543856459572261823710
1826286104229716469502073693128337996808951639 283883153159827986498592428718118925340488760
1571087333730485667693016483649863981580475167 521408323858702129333248220399635265320862764
1508648292612708340096284882058358286413087311 166436448998752153306015930598009425837836503
1469298834019827741744674391740173590389412461 310005262862081459219107078946649092641245984
1851410960483194504343744720973687038884915317 543473127186189060900541892226461881647093560
1545405442937208594820189164076321756975058630 129734472592886536669504239226781321008179301
1832815259542088182563350749585929759811063812 342414819601089264154516988827526109832009076
2118869362245844206503083533205378376997385483 377392414470957171111225322180283769606983643
2091506343273285523771517681755004002075567597 129492669102565803096225779758622936526485130
1682758227338645547175890985101778471603138708 738204383134611389602848994218820931907553399
1184500031891522506687051184009627560593588630 661521931708015784861493409605205758425425522
1748615370196545414175928812945193238813952100 1005073867947933745469280602729083279430324152
1713806528756761109691914696649154245920280579 582117049686092964910958606345791795514337313
1323623455813519396775312754396847253454855203 985892921909788225509609991397526597318914667
2002663434998449467406220061526959218192253127 931467203677008223197983930683914650170155165
1658919303192131917048591246605742998751858283 415103371296154889858766340413030745188297932
2168447540440420171061904973994016992681374692 757925134321670413010045400585007783350826205
1274484574479956981476238877594172301203694498 783070619118301404308583822213957508801454158
2189037213240525590005502044113774542046388538 1044817250481017519991481599130131879424820919
1280579502987643050465802758254490731313838854 480954735435954362691159473586496584880344659
1643640468901363937513719318432235035866507150 150414938202108100428672240617067106948093668
1630970229951630848732858532825978748886725093 426089639142020893101319896088765625661764239
1955815335887360943372998182160546424885504393 225888519970138505460548979036637326202445913
2085884596830079412159000396756954158529942931 768165042904449646768219526921077690736581188
1702230024448542808595692750117878701062137686 422827553201317674870083567590710499178440057
1534054500627762806085371553655947123270223780 481357403555916007514620047137836920974834898
1855132518545052562136209410005777554703115609 527730243056436944185632524225325459665701666
1876296256516980863704142071397835176772436267 216296365193514373038231389822686173162105627
1305813671020108287203516199173395630634468997 945867233653036813609671303363264148581254871
2052558655395241763227971799524919682819550420 898134490140647855687702831725965673933221121
1388314633909615026464122120856459201014695667 636865790879952937994957265577547702867502485
1176214941621433389026877700813071402970655618 1099821384537371018157693776548374963017408460
2215588016043587425711837753234609014543785119 12270050313681559568119391286122302167518199
1110633018214070833679970093184034340955719097 1049385502963283595023140406466693832251804935
1395227640006827582044821580147604171275548929 514014711907389378268804238770472510666778455
1917267529101903201717027931084219194622675211 900656292677033101300807674250417819819343944
1968912446484781316060925098614612668721979791 237918895901381916423904804301233539052175866
1921284733244439478792925304638092487483950833 483546679621430217066553435274815998602345561
1147741686214086323526766571811822004241275174 1044868247210952943533833969080913991956684638
1318689026925221872084138386584626931155582915 992210712440194658544884499809643690823608314
1198892038657129547621320877417511193757042778 387961799770078760118396910122730229318485443
2034586065331975738284500579627067431540055875 426518104869119857319804816991961066319298406
1305091735151765485623906005706087353026484793 666605348174859204232584667128591035096086486
1213758693492099801061508102034659839870930948 513803094258928258007963699357371466716864891
1804986556851233496601310371059591476027246894 762725438636889637302394535935039658180271390
1193609359740660575053655274860710093950932991 532091166698397133347084711906730057133531818
1187824951685438214124594683382428183025915115 760375178467272055168559897684108666057380357
1453349589194295656530309637643849238949711277 731652691430080110262039960898597261667894191
2115545856003594628353997207705360861861344352 788803607739861155876252225225257593082676167
1680607498211561827580742434886631032167522442 577448160161349318738353121276372578808165690
1748706027942748109438180624468981727076981029 716808686852768650649582852553451624469642177
1900070463748114425447018917894058519896162986 799905529562719535922051589391756338930943880
1188975006671910705105509227319477008383466214 166450277174415556380942758569930258793739623
1940703093463381395983346559103735956978233662 339615476818482245891967485394039407871163425
1396289895925753058616673842485174176169978763 621667913477275593686058771921408045409929075
1696858400537888641054754128733538741247707261 511888125447026147314821446506927452547726573
1634097897037489239780917369268703419437417275 510431892925117008742012011727792545730557076
2046424388233078064951689331654949234673723082 325239270613384193325255695988395631763303549
1792462872705819803278114075178403203244467385 552208829828273573324822960280015986663089978
1347896601297179362644061836277373690865032382 9496006495944036784445637612882667172568845
2108336768163902828012880333052637995009462804 894782624133883893260574442731799134086745710
2121863085261891640075192026599564098884728766 178851180207465204493220669921585516665421872
1922166557175346931760137992938111656303471353 598756265788930609703523944653267002850312970
2113114783474273834754673598125932666388395960 623169181879516633585109793280850698115210012
1272239996719678960080124089201116431733104974 1003063922580724845561409763559179699090443148
2015419130300628033225999218267507492885975140 555721410915627762725635402472273824875203664
1643370541760962833661449515645844641196937553 1096995643932339993096876286290751505223770836
1840694715083224036847137362044012620159109954 1104426230930657696308270276399273708623230657
1614779084266148971337463615713562819210497488 558527128310021057610841536140813527855206927
1528939924280115350664397602328774430198837152 895639176368195422852899911612054095489777541
1723608290452703879165766180855391886858128601 200743705674549202247425933568075683881678756
1928476735486781354915241488154256236335252792 952465181557782755026495196146791141563844739
1481297974557958006506344180042604752179668559 509636237957354294743237663105594875276004430
1118930529766249678260980665250223741705856229 309922568350932438245036897108303184174319260
1407598407499576023226075394346680192044579547 211341270674706225514506547965386048291378165
1634382775567810319411933006978015695589723186 740099967587438571031098614938802536420849032
1497019483538587375396319135242046893276740650 793141795034036322064420729617587548171232776
1774606290153266793066731304203961229819971310 350011139377807469636660243985512924898720844
1750366768035896874163164028633356020171553762 347504663390189483813111360817073774018310190
1444779901196347169322677865915571215330545423 242835527182116314031590746631878439197355316
1234411501176757389221564369415496961280191981 869087357237812538597698885000307380449272395
1560076838664699679021792119999567743227198619 472603271799820658677647176118236255802764290
1180703863341860300880488882264793044900340651 350926139376560301246228316689139857781751405
1157174557846239498093071995362629954398470312 622913848471127844286216028246275520626838193
1375701324932976274591883066798517559914574857 134762834266909576830011803935799824874682691
1420825034668871937780348271439466411135758068 829821369572774176193184753626883630804753108
2158606820376709134700687928958585372430058436 781733950143873638423187030959299974093546878
1391020677029056255125882566653290448169491338 672376608410059101285514573698309737690219889
1363066379945387053056273082923521368780029423 262519572550579911942539765368397007558087853
1468845565857416708941649850208482711212259989 664487530733115139354588650786711776717405530
1177883645544179102555922236442280313348488652 1027972182321164784278351938750893844757118584
1281901038328245990477123678750370187381117921 180696965362186209816567178091142512065779025
1415906250505897930539988658163733817971332028 309277383671971895111011502639302359395103667
2015820681565291677217513134144681211627832761 245413996580016761949817110895037476623693737
1834750171343942300419202623895115944308738477 94631460374824560473940523166416576197057477
2171353490784722129340380494031524709869723690 924838144926968080947470418363147746641806124
1894454040257554780902532409738454508377541985 96391848520842658139720820611300850519830812
1779630465053531793192378771411029044566040367 876283486291666126342573982545094020466792199
1275020463395728893147858845194713335792377632 727619159402947945616154233640107465590474716
1360183430338082484313144834142192755876024481 395830427103465075550301840782764372319156578
2186007160021809727189387706000310902294456416 167180214513774734067217245963431811574078647
1523575762876446101265716799844909707624907993 564140922729220224048290590974792868623935085
1826277971124140274530186604810642044584829358 778604342783060093915158707625892871429518405
2102934000542096254721060786347319174176688777 747619723738169672288232830201046648385330894
1173738725269764047186367448410879681658273149 595362504594485784973467479514497904295735340
1632537934858522685007971923596325727157482817 655827689658275905617355968462179100140599356
1472637011882377569248632291347911378539176743 333370156698897731792917483825149283380242869
2119970192572272043240184412451703607340375075 261221736382961545636296364815741362436926866
1366153113069721837081480324088208989876370383 840177480477128288411513285877464850657297884
2127856437089020776719129613182915158400210452 759547099800803693898660015090904150090127155
2135145202520027176315410245866493950379642894 162750313331620744711166268882259835375238005
1481275294855659085481861596432961173229605563 479010976966085223521210367295266226781254205
1455419600188004233294115415581773320210246305 428701359471435070655845819959967997978859887
1234233783445586643864313590785319546622265889 287413943157189403800451766393465074582814404
2044889136792708642226348765832958474327372145 1041070689542214312870549499253101802824067362
1255530564031745457384127192745577045486758037 76979919424865375438566767247771653646465244
2144104032104584113775118790685012307773127572 113781749790724149079440373281465508675827816
2023725319339211366641516760510922627639174692 35105425019878298478592701934444391984613314
1142503945637961852716997500162331592366692748 401608074857351578679564929193254549596551734
1895000347922266221678508996862680837388344927 912411353380411496182478108036392969935566009
1134025008572039789704694205695050348288736033 247676222245331258530760019656096656754273676
1691336737454346592004353716729371620810201848 478321555726556365198440555800531465373918773
1696316381672554207360691767466175002805462563 969196855308466796363459676117274757280016029
1442481590814468698397781819636386854696870317 1045831166191970527507280274121101983987236403
1935055476876951011885170866523252654361300092 672192332214403635005149602861139430993870597
1169177383509211030485656368973179964704384908 754168872194325592421837626911523484516135384
1693650740661962956568822203966858240244914311 816386317202328159908967809778839880419795554
1905912070440021025203941590300313951529476558 946494822512379273487352257651628292546048944
2210355719482919677073759967361096870953479243 653468978671448606319873682349315052481618429
1265883906131098911020447643528346323622326134 845822941313959246895147166688118658424678080
1690333475462188942854483544098535015772119143 299718118706300468691438462180287776334990217
1886130574766084151839710237045967528987193668 636632782918312141533419554945525553431729729
1692173788024779282262040541749264275816589045 841366854509059810288269056291949043067372584
1611775172471980556010466958559345510046512192 809289207369553373016725161990600880692679239
1741444495051726483253061267851521103475791555 251911898261439654104049566777872203686743105
1415166694062767981119786905274594018290600043 513537582670611925826249055473310148983824334
1346550920531277236885727281396980169482049095 812204077529615564179297655150985102142172405
2180111138801080110131427369057488907510929807 975747459757648584106913544012779505044486186
1138042312936406000046803851169271117514533817 439701291352494791723363854985952180606911687
1164870623142268174934352681249773117355262119 963249756220344840779139740607170408036841664
1675331758411572537378389630253444137449720538 143770485088930746910485898019481079250862791
1266731782955282275548783313826915633289378021 738696620590742751607571963540900994359463068
1769662929815450819434136475844884978993662992 661430324938877159946549518721643582865205565
1110158696539863427616975017225270490919478116 384143166172285758372622298840710011273047476
2093938739857325506264404353914731698511221593 376029564928153536160166917241517074840944768
1999102526671285460232624485464450181310973077 689580819006209578511784683461262912344855736
1161174869017392036682439392500485549002642110 64526208432929767217666294602617386845596622
1507846099496474373100795437392547125097640929 1056600356630725873214130347499673519888329496
2029487992956692358318724064495393529376506850 895387836799254009346669654762685375260402294
2171498154919082030830594317661173230958805383 224880045956103584583782150458967701789243278
1573771262959008964464483756101371712001657662 88327823755727436087151119683179301076632028
1233528096502015645557414388303893973872076256 600777578794533931848435707353672200967703311
1208252166453267558810437737047771096052881290 903145575673294644804671343111726032105794607
1838761421792195520739974738903567129335571681 67469050358800318650263970466381026807098324
1207913431039365325360591761602162388217520754 439186685028320284541427272936596225295775239
1468698596479796297909843446446085531549407925 198764741315909997441686350274333988059530561
1725333909287400179534945320200055229407178847 637544284906876177029599310264959429864951905
1719024929595330148355653703115162729077658625 1072408099524712041299137800875953289686740529
1886740498502770161753915847552235979674363411 745549780992747665187962390546559569184018846
1894100861404465041186046646241814137841770315 682002191461081227983817428757578835900240457
1312092492701571695970561999360070131494508271 525662613290577886513285545223725180364161138
1525454456999635694733438100662537680507303284 515136274452960031076428409062416105782188998
1656926035422178509994661666095102400737331311 158208716919802740483604593167125203467913249
1519287240968064531768877114495113987058623575 371901800722068762754742630470425184189954331
1233116871123393796747614437022466229200644232 538005368797552049282741037978902073012108838
1161798820766697977478954593935024948992626390 768499574203227053702230003654865565182329068
2111522213656465328904882426222554890321330585 68316389457111161897099594663719229257140566
1880224169815712653676565347888352508873731160 939613438675198378230990054110385947510325130
2178307734372050980122186872953063210989407855 1095492884005102439587276392517123357934882056
1917262884052701670226182338049073776593030676 869019642467369081098646489627076173771128055
1756525953037130869288373183743147637019956868 452309525540853759250446608169583041423368509
1467372178154720627577453157485792625728122412 57406295999545040357394015082975054820191250
1768136448640338840801241760154366786119185647 363374166050822201528652837842682581816202452
1718115749629736146217192678544010710525060988 554193504970349787229825577149214366614237318
2094082057423314590285724065904803651601059963 92274154398383096997654860811546126989654416
2045122283933655169627205004795005985669219208 911049419633314266348546328357752584393593407
1675761434967484822495254089342001928298028623 926072441871114977954328372939268377402670564
1615792876553290766873096916775280647855057083 308240847282792049272324666550041057832142941
1487742476304463977274441484941048886351450494 826539839181958920500755788913708553900886438
1491341906094203972333441027468851953408004364 299075370380142172295847968230650541859534496
1223303890145316854096976526951233137918654952 444085835894141507002564242298991521665727475
1620136713024659105725943337261627775928988438 172526200151164742860968356455763607009553862
1253368427960657151563218175856199129594207555 1020687196313114059832824488726895664369931908
1507692057561078074927706743172234804367691337 872940259529088793398386569414097556019817964
2099910966778916733212586366385153869915452537 171614678647120342157257845911027818374552607
1427611918553432424619155482544434397626667785 521617584126415392156749290127648241075154419
1516879574090869844111439503287829352659303358 951060406626560774235874170074097953817906851
1921511717006529198900590562950297980152556889 958549968154836882944582991358187318916936252
2053060671348282001505615894136144263777385272 153778588048884391474833270822656367805911627
1700203627602003248241911850385220174251796627 844964468582970866455842636483160341654360076
1752757182034000062519345481820074041920768111 322223436265482842518586829655980040840258652
1541100008509722190173059968917018030279920645 613001437473809371038860212516737532248288313
1309254085813949717960176809465875186513016804 994496499744300604610720242035526814482785538
2198993041440488716629229730227387360413581325 762871459386258989145783561107325304005859534
1670278444306922626885027504417515909686198485 412106117249990790139773036071037426898666319
1430876287317392551294325898146407536832436293 282068798399256970129350985810112866069624039
1388622984916167479377678352519643401533467184 882972148525282953407688573205771283529397702
1887020447416397235491316732812527418093845236 151842271706946216613012504584367458368527043
1398021209756615139221314153254643939837312730 393087814775408343622931645080908585278984376
2161069572944392591676669800028620695920091766 748822113427061429076798489760581518363846132
1557735797015636573388647539593265179929977377 778431037982659121761563897608631401777206289
1485478241099245969699648436574083211071504138 756951074611646870688078690684933459146436011
1269176168584276152703856778179776637781673161 844502932815679948066498284686089197491954370
2077980676127874119591823439959514806219174194 398246684067428004357018353308770932784399509
2050714407964997220923577983383659953792352501 29599692378601113051674025290546550172349048
1208019937736763425423042786702398433142270730 867471964748267637543943622789827105135677638
1722949125691730781776515922206576710835974996 508183514626421357745654627209923012423501385
1245814913888124413069287470757234052212505175 747567389963818293569616859745027017875278180
2204129463571585651687136189701894337564547678 611508450753845677143420895900014695130356349
2127554101293010680078932633175285274323345548 951373730714323883100146811358315522606991855
1573513651724750621852441803645611568643396236 540943105205177023226393567872145586874130517
1165755385052705925768049101579325129543196990 302671303744394738270567667210217620995491413
1678223604756216831816806340513039308196708492 301145946614857028847108798133031446340998349
1483257194119779920721398772183778182568065312 568397587972610943017811621494863559453152241
1201922523607573702551986541118784753103853781 594338197233425939801051340834538615059445838
1801690218352255838652361659586006559738353930 697151386983929502873430610276483034096396509
1459726478948968960407312171642269124793964562 62456501954684306400999645885908002443350837
2175531288242779720201252665168326752456802374 102521249576912367453710623276437002212141870
1710866871970014216986989201834362679134208222 818856658939856313959310581153359634912983091
1892272150071182117950476951671433338819612187 50218396708800647718628115671001975888755532
1482104708085262274759909606729660541551411846 590887200075107739969976191398787679203366422
1993744797003932999756207847650505033491979250 185047439505791609238923388674319399359086958
1875296476075256594854790627589804980654177206 793728021438323291098115112683979447573396022
1397207205203783765621673727414938148480547929 810652649051706956598872050952211382822537054
1671208359329386959560670641614065355342617754 530891286326713313325580228554125523021362254
1160090951798770990682260649744517287019216615 584736970087250487233783859352495315313349131
1378939175948480082164637678409652336842450874 981212306678506087588936118907598162473666859
2164260740964701872256967731673007872817119274 742835708005071733970553560387043460176260431
1939284301985390609817226385416203196322175272 330096920287173268930484770143891636074243903
1480112991899791066345202692964893419967683158 404445767406115071608025386695466651778320242
2055229375132896486034790914056902865720663470 133976046606211541222066169060800395147727530
1982706616526112657347378490004014533556535493 308334286227627968485364100913840295120116078
1548761201539917636220068576305715285918165311 846715618829377198450251354693506359481044457
1112915549314666103302739226979632568910650919 209906112523297197737563832569119250567655685
1976949902487465424732551390481725388276370399 1024736754209634833079277735501172597903846927
2040494470943557116240413199654064433923338989 331167723795846516279514884255120235256187371
1930309855346061125372128630307882508032964364 802498757262151125352533609257322544777221920
1550367134725361123439550295475379151543940861 151888832309229469382420156479737055373177746
1258971639246735130560997793659032942307138901 1039509101403148534024533433001342905202595836
1737168688756180615260038232863799827180935943 46617786241998991215738024455099085612211394
1817085905995546124182261040990103570074297267 908845490924620641533648391522278922590155522
1403277250638651473155012268123300218690940491 683841735747752409311262800307717533504622505
1862020124021702638811629064284870644310673335 648020642325075642051523671292844534126589056
1652692131494025688820951826022462001390897238 322833837808217672032091627469914049944023003
1235006029491364130995125228966665827856381182 211097921002855800098792366673253106109362518
1389387498504672172623999652495397439719103028 717459094473169014004929153250436274033443185
1837821485959274542499339449294552481226642867 492139702606073176915205436582551273265882295
1550505824384414602418981566726150740580347684 295681116882863053323646980560028542542723702
1868111690680751214446247030907899439234040872 788216794587119449298094598356453941998741104
2047265227771838369249324581400918689725044871 612078491604962681842063959148292955929420851
2214406896915439582372626304462904337959010804 880710430388080180900638617893938913417378316
1805282058689193655578266021920142455060348681 672499789383685687288828651016698224559712614
1460170130757753413183101184362589720738154062 676454271487368309071279403106448181929431572
1349000683459286429739715682182902127272654286 1043165569126841701513658259626569401265108708
1241018261864228274850315272338945469858366917 629025881745296508476336030042869906855830336
2177930049023716082320744317448103657769799564 1083455287326875734185413261778071216749097539
1906940439646260268974012141534573445019971553 163825979360566563363443936261631114565651322
2076436186672970017661482522679820640982619957 641992613955751452860496370614449552783504238
1562622175711360666401591380074412313920629230 887835913889997416697052466384318826565173620
1230592116024860487647316492209234354060040051 16602865496648510964127861238823443902126067
2079790965126582167660548240510030892165691178 498521827668547473036176204055808681779072553
1902458214510651203268465066545803134162904957 551137962053212032688476299019017033608542521
2100578012754924618965932435366448694908889042 183761498496660561154487648755726619658283710
1890157525967781968071532672950010195432419986 207883496110365360473177437552717208996586596
1118307172417315376495356260056305866799204466 1061067420218728268783601970963733294014646593
1696482073723125287516838498124060563560414606 315803261266364836190233989103533405280751502
1402334141706233321892762065965819469242877376 782652799456502007898802852810757949724884858
1163224611127451504440978187713398866619069514 846201006525342384275647911284333735997801132
1556623870369413178496935626067754331247615333 593588176135039594614591757841683498639298814
1878891893088103887474101143983592167476654422 597334189101058501613714266113593848606363798
2055697702259312075135467558299483056600550552 797465678428887778511571635056787456746618695
1294337306422888202365728937532638525006776108 238285108910533094730814685234795116427163160
1133491812214672606766819614297056742677387969 824451853275138865964599048761473477230681262
1992898303956368162603822963056313320811521266 419352234074152606687581598711256293280197831
1649167048328397056438126046775742388675493214 696505429164235147004934517335104093601188829
1774550739207535490448850590332014151766439268 675505891122210404869353250691400794423296727
1283186151610858849978088095219474118704952588 852419451843020082160773230514708259379224953
1389578607362843703782480911607671075169324188 874163477121831819669836301691506332715473586
1247465314097138758854282611816238582095255220 48067534468825631377590730779798602243375403
1305337457869396200675257499112083199743162439 37096917771422854016213478074193368196820737
2063139111788934322855367326467726466456486984 555303296719244747439729391221887654110943466
2148349911319242977552143001555795909480987277 790233432532399529581929840574242278041741184
1647509197169091936845830853495435762699606611 110286478406464009377715196280753092498734656
2136532887808348392028846921421205472894448290 353207615548925416586727891480388098888156297
2000540567333362805255180918992534545121314859 107209422098784139339653472156383799474892789
1623266170576826255133904696226327494281843790 123167047192969085736396710499793309667042554
2074602126996196180884127044196067922358243746 582082325420271970340087093014845854626784359
1762215416667182452072514633600541858855366339 836666340037350803253894110341776633587699290
1572222538172422705276862778049684855815266339 263966890536608218959858233212342393412443907
1404065394766947454689801045552549536433301730 452917756589062187945710862062771351974613257
2211541533023081404690457377931262994450711514 394258186500033493544895772959786261485723720
1809328601550011001782424812150699542174285949 1024722578690951354225253020328113241817625568
1823456564854203995680613279297168681011590279 799181333239657552686120232604962444825743451
1493113538798606667940111681377117645936523324 719202373290649481484412306820608314483829967
2134396063458815869240526412727911972863324508 502533916556180384042570194891079719981931815
1463873175217364811397388328412915822885196041 849522838911436839695577216583957863308755206
2014337309729037615896982966823810235462360224 950363098874789534568581810018410205976172670
1712612693184836699626552149869057953555337166 258724494372833818255530499691143413212878008
2088767673659103442072417310530938134140055077 776934461666657000952577348464513423445957303
1570331292796982162675380727492324239120192871 398893250924861971562496441355028883327906586
1820731296676846815866024979189571407285121278 650346835484298204813131479009183591829275533
1791556789157682365354713190662039198349695528 177070703804239222513261336767216686972855901
1526993248220272966724918543528183738108198934 563960897607152853217556754443724283026621938
1654765000370453817787480846940703909036377419 13682631138928478957565058384190178637661947
1940254095849669570199511438557897460293325736 61253353695780192218725508072280996189274426
1121195053596920826953012909718696998723112524 801670229093773403655876628476136295540068557
1582587084252483379375933122621847480360092138 650859568070732117026172758333042831720286864
1459870020943356940289944622878807104833544170 335914768473271130930686785013463751087772362
2126942595255150472617089751383855686871388016 445684217675160267842423246722154657267178494
1808043645144707082896839586519167824232131910 923585507983755380597009162855758079217583347
2029882966919986964933240482293619226238858992 484499208604980727798607590536960099611091374
1227369850225880096378277535142411036404343276 173944239292721222053610238437577799663504838
1674937667219108317602935589116485793903936601 339999067625328623912422247452305164903395410
1371902543990480421164545461174766162586508788 130142419656740671145501771661114207452876731
1953470473560300968567695031700212706915030102 445289726124651763790632299524794571814992055
1714229290546504512354059146704581157035450760 714288306150438764491957303553302776987620700
1270757046780265924458991265552555496955602254 802226687106594175010573925461605955774146605
1758981520742645719427676732125562740139576910 910280344117844090100478490754482978216905396
1317977165605151343322215286005554819548982420 827194035853900504607655002817864487721652030
1123766065444785762832937024166079404565251492 2051510586874463104101646886989349031139142
1511282283521926354381239965701689435833839832 963138515946670940344590875509862584703282102
1572209988562146033377111393084467127013470610 868428330716579976594021856505429651031297231
1442194843832723516148577885743894465094893681 226929273569696296648087150868849564656398611
1110710122356663987182083932759487303691438655 536133216977446078717112418619701112608260530
1176767292090273757480777659910815649646474928 333016998496517760134388924897306180515819451
1449500560592334673862621086913154577110019364 554538646707079326818705293374315606825130962
2181316715049707972339353418263676386443427301 427186023492779060968599582050151289084896119
2177615377731075135808618935928614813006269036 51067394076388192024193757875547006604670646
1988160565852460353355735140609438481748265139 325675664742448018037808722772088905557293790
1425483036365055605833692586994527282245493703 780662326462963795113202317757505297294742904
1398678422280107605658990032618843820383746090 951674105307498301079659617446434211239063925
1534871234534862928463744391897873332939849009 1083560867064182634424783795250014539493221103
1267627157408272096003573161610544099873708586 934114459309019216967746688586762606573773313
2003787903377085927358179304480968579569848129 85283218685509112109050517773736994958007734
2018196624354574510084531704857961096510616229 1084741151082969648802781677748560004978971064
1798000645554132217508992042029648637151534039 511248744347977504505699785286869235761323298
1659892503105663337933293844959386250693165946 417434910710331540898786520915728035150912148
1767143955897911634770031814439873357952943371 623484109755916584563478106498024186749760862
1375859263527623664224079018310932217966334697 884062640712583020799744571348934907669248401
1886982280695272413622805286855573345359702200 1100992198141703608612272511487009269587018748
1757629205710422973348534024403760202243509086 864109657065638400340212789387632451919487840
2174286836410210754178140143030230150842990148 722478272159691571745252753539736867296840002
1392010537048830387330398867830512509385222679 185561963485385135468117062054136963726808672
1604673539052304626613538846419771489933529371 720033336913267771312500743854756774949143996
1142353454494428112552689914056979588073222385 807124257904434871544779338852837730105214746
1523541872387404552156974714115480206010366664 660389781218733140728254041816373850466641249
1655323083582505170277091593143087998864867315 482831231194262560236794370994677805263381013
1346772132637568913331231219210360977092460383 338637278439327967730580555841138521186442910
2156099532551978390160616590391912172970692966 307967214562343005484363967988546608071322164
1389206854987861979346813661550359361984284685 111672672578769265150677737987642376790208855
1662003801582698827778670726546712448512791645 897631031544703354359678517129273138986766972
1694463300050798499677832578350974966701847013 110846340397265405962319341649479361163305421
1385727296537688853066022089795149143473742362 1017770116117909008149672928674314032966876597
1461407499629787748296043167131154165849523311 838820150942548914990385347344178636936623884
1900907491708205917492659525828683004864127825 188123595432303506012256946964320084368569242
1181202496822045475325182102505117088861022407 839562655175827723041282266861222481408605386
2127283292811039788562306992646378553804338606 13707128548774991568361236637506740460912165
1382971671150743849525451537294134087335693167 901114906848382900020862514166732722237727230
2111955013846028382059780493663824617043188356 337963165904301073889391890115656431381403587
1889737022587294688387183772602959163559457705 730565914428688718405606487536177515413255453
1670277515385295421130888560123225276012641395 264370194907344742054019045797103666375751844
1626124104825753612596449672963034786998851668 914470872806052070683759531400514356768123129
1227629908674648143902677263101039461919740438 446500632405945322111753871844144270714118761
1988086102880752354366465274243152842092549158 555221470548638716552853083184277172362792048
1822122094804476848153965420768801295964140097 426593001781701034782634542480324292731480315
1579728262887382329035225651743327548652744144 56575398206283355221907554368628358642412258
1605440337896276058508770798109601332426894372 752506905413386863711348227534601113959696616
1134386529727597280511190744178583269247416693 802445112783899038979199210966882419325786018
1350847473161891207420260152758367933546935018 986458350326085203278783888478772143588401344
1518032766675858149507143054691990118804652227 202896753689069151767888858943978431603665731
1753825697286834161420559950708813037153788425 403344571542223644939381738985430440577783737
1768883495686848371403851232987226655306675384 690641169079818657068681794349148901882720816
1810519736889209990351142069185520315349002123 946257304746716657935329660195122295920376087
1240351808212483659379264542799333224519458489 323062417784014221847952611898037827547427089
2154241365458393751467920572302539875803011013 364694852573150187625085724773433492825866944
1470298189007789967428806438419105145775386180 705500596942122214569917777088982707642796798
1440394299938297303885203818610455813488485882 547488131069251825373012522768658635268584660
2004621682486385726153916613499782888760748849 2934103306021692781295750448385141480869126
1389114901355048307013714176106474589378404888 1012889325828681151454981076777908716972929754
2106894366663328769754456313762765355132015915 753340280969917836359377666150112758436291804
1386746220020552087632556644130355237989776005 733906828329980048070789351617383573981954467
1394804180813438347252489008011295453401219896 201453677700264606419479117387117661702321170
1711172749660293379053438857674908364886226766 947744618504516068270277374441075137057730978
1341256081596435316180514613943466819242692763 836349694646984125427861117028524117942087334
1635472506469064194599264020006748919653901811 740240837889238562781578331504445923068611771
1264414969971264964964878586008468279058557982 75177654438355408093829885070699918576589736
1215282863811472688997010416678955841969660385 867972011930747406328860224205844800010959731
2030759122064732264454801474433576460144583615 50154208756146247977984807927247462108165613
1814013305305802910983463852896727218101752626 326651210203328405994905573993299006585418149
1924237154610551873135428624277257175769752457 120268164531570932149406278974436473619912630
1163460044689741750444197762597557586107279347 882292356205314159849259501192339884310232136
1991677892118786798313393454693221236066523426 834935481982277705939431631595101230934209023
1772082941150366024276756922164420249713917015 929962111216144644572057679479519337645748460
2031513642999823285211667853441940048584744669 98010781478042729607650680643043731538959212
1148070960144049046669080737949591320376516908 545703746148715076497145509197548229428048941
1632818748650332549653455290948373973309309770 51615158059770077383804103930442217507734583
1373981160881784632141940855817647380330692793 1076445824713584233255154955954302724027729765
1884330795766598855994104749407407657082934664 225348900729889660933903176642354622149550498
1435617615016674569205924381214486878880170216 752461260759273109063947594949531563011826916
1685474811591201921885860322519686931520519435 464434768190634886888359684025456453287485919
1930349044201628004235377569401203673144664538 181812652575560597162514364822441812087775919
1208654697682629558469883337015796203676206183 43939097178327755802911511369361442191795782
2006436200195448450723939711066653668970162505 571384035228868695213731785746775600573479810
2061325255003698835686583663627059385204363454 435384964558307583599135615761446491619109120
1485616635571884311773113362036900622955277205 398875665531011461229369552268870270998618235
1494466800320782552207285971381764449717366581 282262687006331044973944373041081607894781856
1691788900844050934021389086005777070626075233 948344584320115709769820576307694475577910803
2119648690112619468721454699915345097750583883 540415381813248302250328172923263366096651848
1873673737779867460562910777171349153999583094 645525511354695820507069654937613911084004211
1161425527614390200538826090996500806674778257 146301177743318743855433154338982750897312940
1799606644592973063869727143424831517456419943 1076476264436777640074437549997959955467490661
1399102497552015907700157758958458082495398239 328367936425418123047868744015675686860591369
2043163229575466278865652371916902790294839238 378314693682505375606674416628509937391798037
1658810103146875078821288334188446001005575060 908655403419473747986415634215310154767475249
1607998922163712905092525663113441467239368356 651741244041966606497969806774577142975431508
1932974879922191233055649437012992534984913446 816257500782451933980777227884879888215718726
1366546265893712965044559891469853388998297371 188075775168226802901227166560477873392357787
2131255400654900405310613649917696311350479867 992958351568270981892088768804005226186440341
1473287405218137622366830737701821768247490068 550510456288235912104830362772846077366547636
1876214641570549279624392487003988238463039417 954574153719884220500990430428015006240900263
1937356156720404081582207135768931836394971954 871195043365293543106754994485611431005756515
1292460903622431312397264452638507541202041007 109101768206731891601716612245974707294522654
1868345361241871730057928224998627525168112992 1088968814607671662904840353473577370864139627
2095442495974633856735933815914761890166458341 549843059855815464562522000093488426344973559
1938017588964737536348280841804195624657367460 82361906165786777595220928357976661233362316
1497504607115844922183599645727054727194954731 519871436277407886893393086082030736914968875
1407388764878121147937751788863751380540346040 641178487935372953667751122364477856083255157
2097284890630997154665390739935944904864662852 1107555414237070373603859112995320591116402944
1221789955589689043235291528679848156193039329 1039066541705031413947618685824294753634446917
1804948037580634738107313537811380908037755536 953775364367114641482098508986694389133573231
1356150749505205263636545719983426915079776920 792966272873093231375696015594456872807393388
1559172642399582946295275303814240871983942837 599107495668653391874651239466194389232941156
2095976872254260294865052607344463466324092658 833157179678556716271233438607434276554012424
1605063366268690619951739379523479599839142696 553833725005108331652302497704903514180921112
1133610684631322432085819226852225343831350690 682990868392500912549354907673460336211846508
1311787956134110662558632611085072873840445497 290557902751503413346459606215421459957588719
1492906258152485398554679836093080584559459484 687889380248445939427002191353396927410970769
1471345710704791419086041325608053573694465425 22287240532366758954225004366478778427871754
2111915957397688859567317989864532657842798415 416780247424980387757387060935878803648034266
1993275778323564524948834145481411994085167861 342421474202188707645597939531044483757251924
1721296743585803831195303397456510063993826081 197740628806379821220356594835722515483588454
1799370047571460202371055402502604327848153834 596189604346444741481664538880408662592194503
1805313764584044258466107568913668619456477525 651904152072205236908262905086851986017271848
1138091500309040295941100540940182491663099817 694603820596920430713475103285221920624150923
1515957055384064883200333501803614797024696241 158133389327466083137698555103613891554080707
1932670882597553411803914740038431579990418292 997097084618802981567690179647446527348296676
1582270886857764251581989248856168956286969838 807982669293584177848309949757123115353794183
1791569308624791720918672154180831309020612890 463002082861255523103539059285298576478763339
1389961371795135501366857031840488510917252876 595299071959401813662344932001959228914849201
1978733672367754388426432043359496318892669802 157624905284279273085157263604938934124660693
1206728704751229179842247224958873281483490542 921357966588033500216815525540313194120459931
1943063296433336673059051399585639099802060210 974538106197723017414340487148594391059241726
1674545436279600054447991372949416123725211501 264713843036351122099431429269081272809929456
2017355209015785153290690666400451594322270246 515311502231144076130346387248095284897887590
1696469650342968255588961084840119645967349458 284079527329409601347814243668585609552317671
1341916573573545073369725054102752367396766866 440930347548902244133947275237146209562666698
1772917635752343204237132191833446173241283151 246053398532849869863975860426046105048750711
1515895177919889734937252518496221480378900511 574442431800389443756562166151906908473238789
1681310156195681478970886154124987299683784179 293045950299073205202945910093996289987071096
1371952701395973006998484829124252273552736137 1002072292767932802667186808209277019875394173
1119080982212539336966436260106986337792256505 902109636251407005293561504947493840466532570
2011616506835829041322798840404905734803172845 912437832712187371443317713607548345484207590
1311963234994891976509655971776709333889015299 846102174583688793224895267970878898816830298
2034571219893378111202868573560809475011096838 335998223402400044203608551378855973119538117
1357430053131219215019070762938508074675468814 275269974941413170433155023648428896104607206
1213875026700487058806426730728756983020447456 956991954054561065926010263002066129808526884
1614071284360313756063986507642315633950049356 179247492410771194249267734286313145560646185
1611449774880572876499826280317771981186537611 398828294998596234143295050793284376951090383
1161316527684249439125472284317279560153588425 192900560984619790599340652816578154032262689
1797634888676670201114941067176189188173690368 259360789071880892685023093845219695941280950
1199122733712126620708532191058933574249076381 843611569293989046294965296451396357385902582
1268680102958034304582973587995101590642978326 423144384307620281222299703036111361519698468
1899743016120839697772199039372944546079615431 456287828957474341671325605126202073302374749
1756677051493723197928248109020481739027629411 765952692123264199349824345959841216791916183
1722841650819112092096336687616830563936497828 437827623178747633089877730589537802110377850
2163658450432310831047549755253450146042572773 308093821905733010488178676434253688573681104
2099135897974973004938949829274040519264568382 905508106703287589986975116486484050537424439
1327666947195978212647030021091130797470780294 1042415194387272059694698898442009617081554749
1596364143586683548134840435711976068025669678 668989774810988079315160883978492342975493431
1653772609514252596910482338417322227767571296 279478337944152856891329747207522014500536917
1595075291523333759227830524918796324237014405 27506246971989976273912084350799335586407943
1964505370673059130659143870024434593352958308 818146652583755384120625357603526293812961902
1514346852818640548140579198958198227140497613 72882109608157855612407728032980898326777453
1639026787167216020823274030095442578720244281 861449220751757549932789346622360691060763076
1985507613020792098178539052190970742809875230 536126864410934830317900869293267206826009540
1176623561123831855139028261387928593611467719 546212323419131104204547774262547352018075347
1563238618583054237391294903799714699782496206 1038614583642942842799305763676397899376527727
1380788421116587142834649607467842230941792227 910515697066564390883021303635716882053786286
1852969941906578845328855006880224777767357355 738142134407217677576793024118285807567550840
1201018611317155137148252043177339040819079038 973097262998973885301490955748781050621303096
2020192780165212967703340498892729446162708461 548081729509582041032571019193642946087716339
1863667670164344144365243629141074944476450755 683636823158122773533907850353202410588052098
1773178522121784566843905194376521214083787089 954220774737318964089768894117012828085419025
1615837234625288399614052477041426213234984120 933944088855083595997620712411630824774586143
2128070054553522298714537816934001477465644662 718082945268956890306062833587989331548648759
1622740237201776033989983923060080857295129706 871208080309643036650036240847523916341028348
1117247703677883484758201044923657318916501588 1013198995348063246885617167470099006140412756
1409200532032505601427221870243014877463915033 527595549950167005849235790532523440940909903
2092071208843902231682165475612261458958232172 594354174169967979611257573497470539330409711
1281637576706610862718200664684419091525023834 178611868634911052881215134458977477630196450
1348013342351793042134703662681305501892346440 931213467690257781416273552889914482909191024
1756364294353634628525622653369728513502739580 686633448304687867302295903775029812447439474
1351164833838419954661414935042020118213926326 367558054852852835732026742348594450405517983
1134642275021843266151383367291821260716305381 574487563824308580286912606556241287386544014
1906531460237629230183893050800205017397271570 716794190865043523359682992526818095118646579
2105672529399575777504030091343609383286622412 273725504735867029733816340554048458567322128
1185701254218940248456244393125156449848710866 900033342260217405005806441121318033302362234
1558001967839995463804054327102218211391821186 627636922273993093072860070128796635688697914
2149438895403098503967395510671720707041692847 541009660844804621384812071530243276445086377
1900822571724123074819329874642575595749026046 935378106210815543683196484369860724525909237
1962986199515088716225799804170267100094359847 732854580429000335038825742795987416264956823
2147791064141273918013268833319320973351867485 461993212634827825851388324013607032030783081
1523878181208979901485838535781983282929339692 553513655178071253414863273418837346696217894
1202987403436795146532044247254882194725994542 90763517150421418282214525688259626391674493
1173488990197399539528236891577786096630131260 20201838876717853698847017101270220807485636
2004253765714355136095774880666268714137957445 281996951683272645017406946602558942627381237
1730283953156515241796231003054426926287893185 758386694438986524646456798659556131169287057
1564133185201032837320794069948317000679950676 335661315728551340991318786398812910390795218
1434863989332857173688333819616839665580344663 1012956522076582456763812807227441897513282698
1725945007621287596936168651620842364304150082 964380106317616964080271310139503184953887992
1674928314103250404717460428399924844246169892 1028031859703111895998430864182842284909741821
1967679665138802113305166010055850975401055632 261251865811927209781029217213252388453571346
1658235590087058395129347890611499760475439330 744675229652432985074957836197988408174781070
1467555850677738440853322272437379455194730701 34088595088726332097237492697279313781298125
1904445266059746085093270995395693760177832444 952062657929907745688753595637565877582430799
1319717314507254734012734895770310843085654648 608109277170442233619356374404043801924802423
1719623141423787226718366818644082929732281027 180893027742854887827009900886872682807394443
1472991629869284702260254077431316815154747422 703541458090618106734817368503897906342935879
1278104388438204074822216537854112814880419006 612012067787155849478015087824445181583851107
2000521925505658199977904813503622003494729095 236657911419867647468564996101617274371391635
1926646752368339475311891978379092419383463352 974510954546069693348063714381695226344611843
2090667915875818078368713571546705363723164353 1093499810882657356426688606669561112956997307
1599437436690201983264710829714969450003176661 227808188854715317567043795296556959020563331
1689462343221543790691213469303034134174452014 306618327212970634354036781038987947766209364
1174509997135300507453919899137508203549965642 182988039805994132590196427926359147553206730
1152928040097108084006837355612941635292751990 590873057508625383664592750944158777885455651
1268644564482236006563200813993388452065877511 672044559389944001204722456473095336322096490
1298825766564457726326138355185348350408764833 1081547162661037408597337466192766470076056719
2003186652045443455576727602140565626948295395 356957153498920763839771753517593591825744733
2044484360108329332399151365939281674789424492 369399440208403442516600195592304785079923027
1390977150262851500595567445547971479737841451 907720299751735057954131220372988075692476304
1711312241958436962604943894028631872738808879 873803106129891786209317973979302192536478446
1243317631274315806479601854615205198090802996 784254048066565950682001990123460887925135394
1931225106655985297181623473712696409044499586 403023109091988685732330502133248207408961705
1638784129341357843856869807523995118324565828 1096530455110056151395855296518389384120615334
2131924201959055864216928389874775574376679411 192048072174511691618282026071367874213876674
1802807395756143718046358268949705030691029878 701643270164541574484261893661550320092944862
2081249679794775863918318633102643678126688528 1000378580543327298240222627601329520909326511
1575010569050088924219204467767684994407749174 588214925375200661614931198795170162207055837
1732947343695960707576951011469575257568452318 231834902952122409242639184250195236450913944
1830967469175734490461468456924791181437679842 89625509171666665137033469096828582722832194
1715441475914062284531035293077680217244303759 216873052152560562082269855063722979420438675
1270550630453257573365421991242644512968283792 273394326905813101548719203530417909024630757
1213733437284843489041474985230984286458686873 645316007941225218261504238561535004579438830
1714200493345315382283802540620259365022479061 966329996692577547870378049375386513767858305
1322142680612574740469690805932521806825440209 84567117438372682329550406485060869625833940
1350660438738739272832772913945362075561599248 185926263477954277722830542986825876251996133
1163083926504482711631350003859403530157174577 87122415934796573293309967420222885282458861
1700147072933139986753232874282862948031638547 404048148391829009942634540646640095549347705
2086266036125371085090150877666779266369545002 65911309392621996487905471241346386025043209
1428866967204966277506236557603685322089165986 1087109704626668657631745517557641857330245588
1961528567006351117556725304022264679251431499 739905265628315323057809432876922993666642163
1250074117263266132481543510856811976204469090 782793344921813530317642739599098757090156936
1331907811234405753424014072999746733421707609 822075977221454691571997802648598862940390697
1964188836178519925342329057768409753795517625 566371222888334712710844056999365820346793824
1948879646662926518736334279754966762287729825 430773980759513421487981212725372853994845486
1164247389112396552525603378680400130617441468 332379314731062512446129048533238913245042582
1847111397166309519270810078316018515858628749 826433191290296097645258543306116746009035736
1478465865453990432015555360285418402363049777 647308970639221491197149273178860999900023024
1779232468657284328897161342623629470769541774 591051749419864537956572258131312422264300467
1128434962034642131290587908106225650557972820 254702574720100327339905699519742559335571113
1519119845902594293302387486384699041039508058 1002182773769940180674668969899856789545810784
2155970750293420649580460846526653994427642712 976469360460092612810706368639820663681399060
1443878165611040200138903041001980379015461571 112590965785867515995529089130408381885031416
1722388040309399604733685914088564913760450729 240602835953561708478916349815724980714767531
1467474027810228566622177099575818727369617266 943682409786531881098878052826667947840363865
2003517231775618047008232835145826428926970585 714449901440560732677997431754805054409454138
1174906233977118588589159876871805950948063461 265823667897035556721357155181872234604540361
1343427593127270798228651754707564983175412888 364352766134702251877996291027426371330183624
1240485104324626469565463273618068306788742817 453765026559229179455919911427463539774859101
1952799555811683134632980110309171727227724987 506782543117775229430704199443926551257095416
1379276058894465212343547980891864901063347211 339005046981396124916216797815712201916141530
1240266158020933560731798801440935484730004181 110868313835541928207486147211237442319146423
1936326818160754719677571065591614455916021527 893531920732650320670741013433842446848093610
2035427227113526699396936900475523142051102489 62322562770624356036559068620398048646960855
1626101965328421601572943743777604523854646034 620291135307332105812855283194403867982435417
2076846917477773195587920922084190109379341325 1014899566219866403254257548571737167037345382
2057938340149263839285492606635937672376337774 287162272397918326414887925998960362291167066
2093537026555963187447291215743049354264650390 443545879370102724291660622327628064738801293
2187779219459516246689539234668823159521272208 28735346185711737636067110651904474945635849
1842686451581806466230679731907739802883734042 811524374426968132518241343708545630295574539
1774681509416189692194843606049624978409754824 467769162488796926607231113977281318513602551
2070431060965979419557751254737092962138353751 296678039993492608120267204300846020379243078
1804546128175718283159679168489223131852851097 374678800694632836380612340140853404130768629
1960491709279290267057093879887124621889892612 330537054115594676774364589064423974873290911
1961320610388323991798232007223769896772421547 939545922391792018772498558095651191945828088
1963414167101261691825055754241857117148302659 390365667477710048958198755393100677994831357
1931036214394613758035470306827101012067045931 1106966973599389835565734988743726020775246144
2211442649727914744375846147915877479679679727 41581892470951714542597832261381016983931353
1890805630977826745592622780127000936142724036 601046804852825473185267405354872071760196390
1704795387024643325702461043189195009279797360 433923363229918025372913675465624563574379686
2195725877996365516160383113615369554074693263 239739974853168804089222831505051856806434440
2058868178204437749402745686771047123470015913 886424450351027862434630496579600118732569139
1218272981909700008119311656974064653014952357 172863245786887845228728189291684120576919056
1739212739402238388784658279540737270793944977 933127777010909239811624181632398749513117087
2163942912378244312766521431932870835691061398 5098197494172285850057833581397662862679105
1127025230042572994174348254385799982884586874 552166828331395089459833887971249155452433153
2162850161422016262510753012934858115148126714 1097682753910604971128553936967171796743727731
1218264710335078715077394180516089551934187694 995244114033179423723759414607840376342606860
1301228635929262454891129481007057963698008947 331000406428640791108260527932408833194742215
1537461931456872304387313627108629788241864379 45866482714861647490054417811598591231765753
1547061458786832418011886521475808008855926578 938944795765078339162003650284206298032473541
1152316791797053827894191613081053913554722498 463939130269414860727238344572909745320658525
1993572136364169289621218865643091558044499901 127294552430802917043711365193307363351392598
1314061819658239388161890728038880990636967895 917524889680856059896041876398405653292815174
2144930633706204583548012259960558790645199868 398369147242088314480947968706639554738367268
1805652988963731517600534360266981857136165160 590850399078402858448969878820453073525989953
2163001243257212078506305176268271719939040607 117090400587178465518904191318371776488552043
1840401521013234828686440213723655539877979378 760191708848595628057485610991882034444651328
1112811629874935163701482386050129529162897096 64454835204223754910936922826823334711369839
1230252850876909165905197580024449428228156564 468499309229998554033153843809949509622660501
1531192852480092528129063083027882581181254894 828396032459814948734715811482203744693176687
1755318872034404382522892071943037979617049931 83088162755737208210930956731432990536324109
1985694374177703223275638070705969348176287210 520555083437710859635898273869333696495393661
1769881721471217201370596147952672199813827563 736557522201793201136676848852737236394520411
1119830676980654844561388230468109718025987932 1093685729422345846869820695313310280136796766
1551044118202540996630757460894755056418574896 669869581382893481969459353781996883283726371
2137629187730371085374387030892639933846945691 108915836360377074464790954223218168884027275
1426792808499098381708153834986469916723918295 777510111332791226850233950537342369559609953
1655016454732820658216558989661170083301721142 679799570893478855027199206499005624623772382
1126882754602166015336721073128535349325771853 556698641088710709708140901327303476515346619
1839352047574965328821714242216923537613944157 277768443808850306397445277685874247513613914
1818305462722446449341885533113941656259856659 408813918140868422886420832390938437813968032
1395829756544984469302922289167139934857979228 423924767699541412865390658368659554188481266
1320131826256736388641786184729914388143057175 167120513211312121038821474883249533286607650
1321061129136552794098797802720926587127220645 1044051237943627526164033789533941897756205529
2015675410122839938314450231537733386514694269 572058701757548311129851372435487745609766982
2099975117929221574953399910344125129805411145 1046183684390568560008189166695218115232880262
2008736984407814060152044806165438033588044437 278145085971166139880470075239396631679517958
1510280230884711120075910775654466287763391584 681475596578039650090931970550850083074126594
1242527205129301344366852310707292514541393474 422518564824926116256742835606023743245687049
1735934423229374392727150877958558009491473737 907384774305805913475320284118543032542886306
1645294297756120117116270653193866435138389644 585350250711936950115105460210307959215316365
2035152482473985086407555852659962360831562961 557473517760346643985391935766569173453879782
2080198956632630356663578125556798737260209032 570198125134221286185289337973911623623660817
1223469051452462833281316882945045469045497746 47594922776817522667570220557469540992246703
2193404384804294787454884931805252724720602489 16050464060993162260040118907292285213872151
1349819789803410782945264117499864061494116789 822719723341209415134016046174168553254023487
1772364488865200847617740692835001790253901410 429559007052787197880959059127811755355707394
2144197919642907597909159728716225748488855170 391336558232324423028243966860972999174802976
1485726567572024066970461622090941603524885379 954269472631224361774720039576558796994045167
1213803013517819961293867218568066828433343994 403305501350352474972665373343556163074484551
2045256506483792646627901113153429291340743984 1030567691548267352023060100444973479266361891
1778479640003702288143558622476524491568128166 867300244187131757392895058401367187382027049
1245749321134594554036761392096360177807385733 98438682836414004885551308464124729303723558
2084845729874145887961036447409066549077962843 713409564790493697744849182897316930794248230
1863207418417412640639490290560063671802309010 884098206101947747422777356825632654683552365
1848802132732621996935520676905397256799379551 131538905443410129408289073960848010516163685
2211654885830575323577130555956367470778055322 684047672897059142543894062080935299021522139
1636913161051826146220190936062188527245293785 539833376439723010929939410443008588336438606
1598693264514402512479900439883562288251376274 381652981039729358621553081914502034225778267
2036553975680720985831264052101950209538829979 444360630122791514154299088000223652957059976
2173459333270975871133976786595715123107930682 1044424303826674592909205878971526966657856796
1963848287138184727403439375414040459984261982 836440538081235488679949984192216513325576855
2070823157276841142525923376132331700280893036 1105700257590292045044868035465704793845784273
1829845114841336530633343300105581243833799946 497008677574905679542145023652599625362017570
1958649810486163626428601036455795939161488101 334500381851323563984427062499166966716906892
1514504611482469831610365697635042838891920150 468440355582093096274069532426811527183552421
2025030530569768108192037352321722722984677832 873414500061141365608432062910588105558339491
2143655198250574780342471819152203511496258447 89781217568101759618886309757023695800082516
1461123597577328716301135395234801769431831109 389403370865665150250446763490298015102524237
1272269424683153459536777180378715389275895119 483736918175813357555655574988980737147003248
1241414357594509641466118228185523640845024454 922634884217186414672263897948638103934100406
1242665519499241940474784696778307574745866697 341629298272539324549026112612938380021721780
1432806036957354416911650257549730807707717162 795627379583971809798240852888125844108276971
1133850246094502388234494001717860781417625546 434259411854471366685611834675245905351986159
1931412999609291659010347776840599940085339244 553311850608539445613463973445086524863755761
1510305919521827629164475205518178381831044844 275582121748848831306022244177280018357483770
2080501895977251353891025926277932575896356469 1068058381799612332633856601228002389334502837
1152550690694601199378944465338873708720089994 253717798866824454754364302333409008463417060
1804465727097719903270322288479478439228900660 784676612937140509877374502961315150031531644
1748440688896345250310436007486759499773130680 424581015171449922938819311401474834408696134
2174679750293193301530912946414862042712543075 865331946243695662576575902394288301346812948
1816302741051273407157119628006084929917085162 73129841880366906670012998209497011063591164
2200632796384081654137401798827502781180194157 634526806651637249655647848216116986283397648
1894207065529379412877270210163210015814149016 115941552389974458653562097922627509192043350
2202550663221307975884382244370949557784093299 477181619959182140280826531389905233865193519
2106185209573518419767583465929976241615482770 46345056668536591083428153652072318857688980
1429030710272424872944862357733136047338855923 423307475918315117158250212534965072454061875
1140733629404966203252641313543268928848947558 178630138547695693575320525522746894311720908
2106113723737589750694122641433921199383920448 563614944962428745917037413286756751160519260
1489954149189442779306405732322322580485020978 197075244329239207788063488334856501356682983
1696201918907081819476091690714769964301331424 112486944613919556196389574972128327269659048
1651979861468048195627496893316263043481490436 155891972613456487128481513363858468662871200
1306847344507382861032348736068928088366312429 2921766028470526179851603485811295735021116
2102987012381936867656134079644335388440652551 404924355775332955182471469244775120408096348
1570005620275846296087204320764094000401522709 1089376391763630426237714783630761356851570693
2214076684477897899877081776283235127609500069 207017989264431715888066731465566249709733634
1761598989766430732763289832325703734690049811 787460906402981615977480784315440699519909831
1202089763811769983661804728039176506783475193 987148092707106406884131505573999397671322574
1247372333014296594806306910662466579376594301 1012587254545867485270010799523301190540639576
1898696091699469045339420265867525139308793964 52041378233741842003952336893857296459048824
1788664915056832234356488296037504609631732072 648701251584794055628620537856108146663575198
1683960134941109665251025061840745985472648278 851815333809575813487073346348106598481402960
1313829447126322738608454695347068404907411573 561041619829233191007288632902662485925357893
1130216642219273623889241049492091520444196095 353187746282905912561403222801020095853877972
1648282015565605575468494962769680968368183078 1012023678280314631954400464028886719795810031
1542938087308365840845407412889185449662478756 691940950257847738926342599205297580013132941
2202786549333689310533168940569355163707120598 447630947261008291924366088371839429045599041
1674725354611130232986572950311030654569305534 142356820444978419016618245481201218940559952
1572876679422628055243443149725429396524796802 1023843049870678448592213753098655352052701431
1214401084670893336977381431318616207763316206 515408234000665008529670070112308585593634391
2029252088626979676974278556571884947902178962 575708620867169437869466014156432722986142066
1875468405009342625992429542851766918761380591 568838373598450381970472869642992471403927958
1822140627604503770526353595982159366121387845 683901465597113353909467436386930708057417333
1121194029989487354701641306186455886449451870 9164208877324183770400820997174451524735721
1221146962236195846147749086331269872162759810 27682349943138450222098263140016342708998824
1547018092946508811327970401003593274358950928 278220305740592495803942318250423315006081776
1552871902259004094148796590375689283581711117 193710843234844900356739525229648984893577187
1751650358514985895408667039316812484333358854 305403150741912475366380441840541391291156445
2051864098991407704217127901568717331451006089 211156896900503851870936030001722238698219429
1375404309160662297070541364164563738275267354 1012816556181234218828038582002156405058912585
1751278293414892364343071646781624012474495117 325296156486964138367703708970227830507384481
1503303170754263795000915905504209489239408173 497255078208373079053710838347482136626262672
1760075614548902594851403092000302666401613660 964389060728414031923925012991951709126487660
1835292797515366909650119470529261800152808272 749773622125040570032083196886620611574151990
2040047724993777036689767179728796340419313234 1018200746606776599192873201729430144750547201
1853328788410114467834401098626073585447345478 751706136303545356624479211349850951848478325
1747489690364217968677703595285175820362040597 232079631837490546445938895503292996034419627
1362432223298106492685755388523333447138781087 719093099884078985528401242019425764457316513
2153240913230050542394582318543448138096852068 530532431163490961244557433306456137087748964
2150657877685838550733885295799897230252128331 263227298298699670368749617382019973633837006
2071610848426441379163345319643125389158699924 497006461926621553280285216678999864208311965
1117598111366968182995293603014904641224161426 412019751355033963377932087205612227514026103
1782663247520525946285651229223677006952624114 933053909724350793512755618749652348988412562
1285541148041816108222778104784618649515947534 668691056635742285113936893916367709437517686
1190786821054908162675317489258216013001772097 217716538508271412978486163675960628275626657
1722690447468376105508939842017233163261522965 873342950090359583099646723712261672567671779
1475235409665722366354352923213706781280479164 100272513358203625913161141010542488118451018
1625496677226517015945511881662086042986001351 675303244365945537207245272784852442898692281
1577385736625667724767170905356494863030986615 376273209488499080772965103777414615086761592
1562602454717840556861413610117933790469874454 801494390613829984743876990546530399243043963
1347502167962762370426716298608480008696162869 569263241834981342216882863325781831856936077
1727804106980080890464565111721993739578927340 447240208580727292567928905647083547932385714
1906970782168318934544983871341123769139513503 612153569963478004381460425137013134295475687
1564969077441133912403441265227924410192003022 1068651068637150143545519212046294512564002667
1219880476603177245441986944003511819478306789 782076935689858897837195374176046091424326694
1550905392530024787700539637415018163479816509 312142905807172975606919103745403339981441298
1889833784223278222884490381330297491281560695 1004751941508858686058871285831187384954082749
1186714401165184872670036850813651683528412947 585295114712256351964371931663960576518062894
1421891283220342458205873403609195439550055731 152599540092990078353875195766938488415263541
2072851063575011657109497939308168036203834889 339856013617259723191634276294819721121970949
1627830513944190160151230402674339480976958989 503657566780493390981487507751658023900940556
1205303397325906116274055558855884134535588302 804097566947389047565625479521684048246325476
1809933224156868616720377968720918904186529455 252971974225608477223810732315588864409228481
1145841238291969792000399501236782326344629492 473259608958348949438960950674058215089735092
1358547947070698246133507449803171350952365536 681067711477771434492079049464065812464221728
1673057602191336610439467703132576651638078433 414484099060961597792809521918997984825577964
1212745673455298179916979168081144738029435475 1012727165332316453251089463840518573551540430
1577014292765266652502508680402533255381775007 902381938975198064163158205928536191389439225
1563774542354897057527954504029627660370120694 489396818929364416051349932389339736615388413
1523525642470681464598176198746289694282948243 107365734475189383922545707861121586849539320
1549654747864626311354347953647539529378745416 19608922602778450795381640209717152246211824
1785866595130181989456169438170005500604542718 1079711727423904825408233909035059177899429915
1696583813968224653731392249739225192476466511 253590832192012162054509549473855814216782311
1454985830006002613992805649331252678385677948 360759640962973467502251858285334854506530682
1142537903853029439377752386626057296468625008 749661492117861988363598279603835364952931996
1940057092226883553703106101323350871609006399 961544966136784660789441643898882195003253707
1638696951350499281931041517838842862139673426 129652028793957027371166282719237001093861983
1952805403032759016701954471028728305246745199 416927031431872916697956191893999271718808054
1275849977509101669017986852515915559474055063 486529371187499886703480397081382723586817429
2172166197393143110308033774174637715074272307 583993692766318579128944417030646792778671314
1614332276531025007427085437206104759190625612 565983478970023695982227029902035356005457622
1461600018678558966747980981043097239828363510 500281139817996399665101802578635720985617654
1627733825596711561069747168694921773636371022 990509642411482613290539023737913366431578211
1314458503086652668864188175340740525350565531 1054617841171601754613666050879834971739391216
1481425042748542716983447036642451389095229075 850792843158412552882979339001763484362777010
1491272288856405813630256925326968109795767101 995060047505139278322412524795670034107911593
1781311844297435938422255351462922455431796487 397782145706756523819095708250409209811715606
1749589465436468965842116043754129111730847307 876063815713297030604215370455525043453821921
1139168058804158277095154759678185732819891725 475361063969683515960610059088826483565048151
1157433434108287896833471207651842105009639575 1054349407793313685790993612874407849641342347
1878914185722917739331639304828994909587677231 771425434128899792525083741889897470265591491
1856189991688731131390263429303964571703843629 612773903056671817883277685674568444278480169
1762067221713842422319019615393596928248806108 761211458746480758825763968146105389281014579
2167565741298547761617679214400895942617703578 645868958827893447192085255940513221566458039
1775578750984028282768497573451546372333038202 121855916397276483218616125424356576384056018
1659748111222844391378451942256874918446308457 115095545470509691448437711807888155995390626
1494407134259846375339457325222534648367406877 1020027893862613702751575452793011832789546711
1169102348858103875951864917047602391151223289 6866718582870060950538299781409873176756074
1404736488906456784099752446658818098103553494 350418070243094399641410834345713810759991709
2064619812385041439646769323712661570441388282 10412560874092944704346043730776556339513615
1941922122349118063266921511967997051512994722 288238122540517420861191912088575262297720425
1637799653851910710480395049496970820244001278 548672425996838526337560782274965640989241223
2075793766046411962930562734537686764263891224 643657034546856119520737443705704277316396932
1497792847069982305198878151309329440062070749 1102402583128060684566084186604785424479798658
1521589184858190239378656259614231024454382404 883753639620639131075526858331733130948827634
1700449202491853363537568941163271194324143771 74482375896728380473487974464174662557341749
2019303412869823070351532642584807130105686789 967194818272683236516753518459541542317675290
1582708839970377710495865613368979072961898291 757896389945394154982458737489104643081239323
1276526320853957337093997151579633927287860832 236666884870951110464597954924954900891563778
1331144431713679424132143336843132065166278101 852089113603923775248488834232362271975163929
1835904335652238547379910570496552083569426082 860272435664339932921014342700637022250530665
1904792022152190858403973416343248560532201853 596500251404937238257761810354194223416134329
1779143255075213372585169821132313700127912596 791354907773649577462315149708994339893186807
2168141631039080510105125488220928552266047438 1070577205478287061144715759519831851096835826
1423138249486393697545747729039835664619463169 648855223818400769133327873281526331050450899
1427660372224903895441441642971867141261679324 720957976229117861233953521590162283760740538
1645963826349741628279775307145565370460752384 489094722590883116418438402646232423218684355
2010525983158352446705187599510386021090839351 535513839244486007879050822721611509902325141
1420468940647070271599923377465529821234545484 949843737849443971202963988244599610758930024
2136289570696971083478866923242985222823847705 418323567582627552966521587056757663290900257
2131262003622853736463008488756525708464928811 932923399488626394228144254717133880411617492
1772708168875762662896803859975007267580603470 447861169681071601376730506395312922739066015
1229919404297261669293802679598451890377783210 999731770199142571771966470098626741171821880
1572106916188072802440241615497105837273590517 117348494280502470238645202897734597249252493
2078727030995872442809266895571486506852744395 507538280834792409211755073052373183312719230
1485045507171831800083418096597845901641625652 823164898842504482393666851516049195008242000
1902880032106949193401687685413632624809267614 825721454449667819386394773644857313618331598
1571506793413389418277765247354723151591949780 32239475060713399302457031000200276382633693
1340064410494362598968523323257097962153545105 1087706301486374868271924298922310459133088560
1528745294719165895072446473350030120555360047 886097113898244704374446202238342544870024788
1747864730374482058343195070562636359909618724 675743956099205569472590101033887449054389515
1952960245872872787023947492822703945214330732 723182689452022570137669437197218331267912312
1604440360740900612351985453007451967553448935 326953713845915782417659834742846839848838101
1674895906573108674603194734555983356569454689 1086810951603770898910828226801960156705080358
1597490819733331720820706423133391251178494251 154634585863359456922294979894199102968034575
1705232409784615801367288058098672113386525020 920688384630069088224064516474859839181442898
2130970983057251778310275446227458822243853798 1002210788780048245101039675169495259079619013
1128679211349156889259239593229308693638820942 824281972281448110850102444060922880031767127
1220732098069591824700284251481895811454792127 37369910240262150874284462773860750896072241
1722573985274867093256624507263231622554796583 781419611002453972659796394460583844129893914
1960680682040050941132335579479795429027880571 681174698372932045138344664857213460245815984
2207869290216582791071525669477020647376563614 644731904491600586196714300025890585692967429
1958610882560458192808012022303579649589761694 690407499783069731129443799514224524278176694
1676035679640309914854576374033426903144173426 320222033230220892328389265490428204818757392
1709653827308656669321592486789074986014850584 1097126933161916728775392446700380901505024252
1479577772138588960668844104130883263609474410 419627134173631332060929811277998411473668583
1863722780296067406540758859359868910629874290 838123893999735403075486719688869295497734128
2009672679740965571675462469380141488205126825 1065672457266815971537090169478621611778829635
1915013399478146179411287007465261597015506091 513482057317860963633398246486385277361307151
1572132609048526446046282596773567162451616805 533036569685412445654117168763803887183653144
1121780207313016440493271159237100972003728712 406520540682598691952483700977920582428838653
1898480603488446198065462396828784845079637219 854709704451762947210687481083320843278081049
2094321539676736660506751007412216799677059972 185393943316000961218836487117795583374813486
1251597316256528379018052216240360874431332242 420585693378732307875751742140517449472117261
1559596656634504792536639226823933650755565226 815617352703052466749594423586945389087463343
1875462999822290364295248615110846750072527666 970430949538529656461530528479866007668393973
1384602837653670534109403545773191705840622318 749508066108211577620462686095700289684004889
1218931934243107196739347437286450945464563316 738735779030810720594376860114563919752505868
1600676807204048212366611873630014495745617998 900300199204273747881763209759323031539878473
1544221210671506146676860333324889170676273461 522548976563715639672585232621784090242651596
1901171586637875474636826025739432122544012902 100984710581421081805366610197657240579040224
1643230957386814530546639377856105846455354629 600606538086684105849271639130149726853163326
1137545221932642734318053349743272956567342309 757391870307978813625864383834704536577701541
1408556289755930417374385495433881149433457117 3061801853192077148168146844000792384240212
1500944605210051436860367769184855724471020258 1084119004002210443873924329372567794955046222
1760653038663282593492088289040763275687594181 1018993243455779131642960430144968908422655389
2128612179057972364900228373551193084400898033 126460833081618474392163410751458337734197536
1649351134117656289864551671992019163415030079 152559895233821147488781645231232548406803174
1839144294236768035717752479273360884346431572 1011638149611070667037296704787047198131707617
2096144266368536356410983856619113371679808852 933323278607435092467405141782371704790572299
1955251236765110386510749082202726509747229706 640945647763127642884186978907726160267944159
1406302719584143084617696745203070048214205635 774753184403738402879658929334846533521051435
1727156606249340240281956960021876196742485418 558014017867723983551786449887258883218246469
2108206256900502220378975436068062471683565334 821050396378907246454508713507973559625506174
2011201391231116889509535377316736785737544612 206627051893368047120626909318893125784132704
1964638899993716691531243442376381278924029468 514773958327070249509276316290004210379566848
1814505667228932487123206358607990125642383264 179703027540199163893831476413785620899182690
1589317849554996988123306055032802467972334477 313331611233881019436804918268015184040572150
1177454360807845876242513496970110480808913284 70164979593841604576853827437535431904349710
1682332179181632912121014772125619820167414441 141709322080459406674751672502614859531299881
2098405985544418354375353428134839960090638515 37740217482203224655668423095156131129178539
1934254714691420467548106606169039494776199081 207491366513801962615167304581373742541939992
1699126426764692636823257476411362213420449190 476701777977326921075590017020678196488014231
2213996297989823469371358006532505135775845243 697285663709191383695235167569308151811251744
1269494894907462142983405691335690952813371958 136298052280709975605626024339595838865159939
1929835161778593597637375098488382227367106108 109136938359494735497216036518068420500101704
1756096063888324637090970407969084958764213973 31648015200482488856518361104609010127285428
2159001056226589533977776158464030891410846606 353757672112423833526209001964675895833615252
1749787849538676084362981593737638456502828442 412464588852486641031449930249725367918965151
1649469915052041170401755543526862598091404195 989004676318285638607567925927984845094755477
2185911181586319613221526688177622594567475370 761223379062667018832432898704530514134146466
1336846355935905783461841490174376612380273994 1077440091936936407779765110395018235570410849
1421187055202423619934859417607265413485505143 629351148701217766673922047817707393761253693
1164979755303576153284646817974101988590380803 822143935614975781751297930111657614588258770
1118583979961457695461406819504766211670921423 999080557340926771586584399521640808961200703
1365697351897147270495323636044145069889981795 868918703864360105156127020003978022809868367
1640274225733517022504251074625535004060210327 762891277294461960238108454848968644621087244
1251907968418280944585517975067053920290636048 1031492263600773741491967217049434639330812867
1716836320995669276162579878228675435881145070 925648019383076058470733288057822782176710615
1623612587593103052388606434027067809528556755 635038617716274388567521559549753745009060499
1697102950686369915053692491639194642488595471 28410311833161429409229397317979196959559731
1523526439879518117344620188130731626414829099 791438412263460687977954906085376614664767049
1616434285810349189356306293554751976603604041 221151868746357834022336313434218897040804409
1501279189456329260841965929633065380578191124 101580456128506944425454384290048293794575409
1507687845206546710078805172382590299621715024 773072963813228829393847126274564157030344756
2128556892968206107424304307244549980844219780 4296001502761090387801753764707798574540621
1737101598449256208161032313377316774590874450 334993082790994076572429722603283693274996447
1735828136557907107957969858780587481882160024 105303367094026087955986278889487398814888703
1388297854452469673302989891076884138607136017 880590433623277115980866317168061730580166335
1455307406433290765248398994471835025415683416 288314891033289795985617273221762007019481681
2171078653647380011157562494838669533554945980 950505330503617584916937416176494435680068810
1538151042991678121458254393077929164080356955 270726598379049656051226827233022808635732666
1946184568468162175501820581386586676889453966 510700775082280322367167109448675876129823049
1915348758438726891262157378820450616540257757 749504429161089280206458736904200251024486965
1198826941295675229634180573837491399494636053 595583633817157730313381912512330920109626407
1496635100794355877077901193300341258091806082 99686130645886158337959827729245868844007881
1579029316795686077082939300867555851900071157 1102766100804236708782944670188043096670001254
1439526400934843553072695839043444047820612078 809891546623012887546442854018828026429979832
1980311409995555884787382353453809269121229559 351827839255580961437143948896299918010951117
1723250856180356605796427137129601586131757228 407618341640720522004506767159515664601988992
2155986072390526185644477777491235679131501259 947006352633561586051354264752562277864275531
1814089192437407492820102876638288837555603673 277834042023747329181511306280439182130778336
1395496502657791000194852416455171354167072283 169321659648871650863357736674579158248100606
1506691319157238546684706089295008869439312324 100524712129628550731904724044905707897130645
1790609083080564113811201835765631722495605610 157460961265237969678237175771392692143089443
1421628789492087454175498322410160608749623229 1068724901624434599213039080297491248325832029
1209894220809435381608154345019523331373094777 24342223611204338047185088808590273936089396
1260771570030522064274499158322561323239095724 915708767846188180273845422747159853597977796
2173230029580811520617115242161332323978969909 1084974976133431457994100455422087731869663250
1225255094998326116583863566066441943452150320 823793251244260793597371025436518888639491263
2173957940912388503695030181629049815406947717 370831259293753807127165852916211544173285880
1871381722250755297738185251689848984098482125 101853917107704849244948399482978329975366422
1229156457309941148900572445949376880077898657 3654555561304524317700484524106536579602714
1840862976185735202862050364910463181343254408 291437707992770032086531308324257802768717963
1377030204517045671628747580688182501804224568 373519117465034127545500260589216453445204261
2215285212308771426537171533189005894775418087 134685139348974551560599559777112811613478709
2206623246151086007248231117749688030141907059 523996206737883620122341756110080266636938312
2048564369288935133711538043174173223278626713 123017178065519285464558411534182596908576862
1511719420594758374028017619400606983136313226 241197775906116378309643440788577701335623201
1643131421582806294639868477966593512150080346 908960519497891996962737130124665038153571464
1119779232763989826002048293749948923545916701 917671008238233419463402589145432032036668404
2081624017938233211650987218700154713732922171 687308220585143713030688088684187417045535044
2108522683003650160153744353437425653806372645 795934263773372606101318475584129746197333671
2087045176428946188816842515818738083519734986 354960853133166905929554433702179847620700986
1686538036888595756378195998234755888448923925 911258967354480732709410192826920042598577919
1743509792857394025453621619926355458936562571 346579977967702296884714060465894866888752475
2047742199745498027987694739392233702721563123 970072748603041104778372968712918213538518896
1628836268874932791598096381979918663921355664 213002473937670484420165240524508498325038882
2029697268608667063546962141516083888835170414 582471085631857321018609313152417842877772431
1172725044514396336273856454712515778044852892 33661707843944008831470739929889778842838717
2133969929154455452165019268803147119709098342 369383223889386792466950550432505915823524539
1518045592753164415929570218787039930796047986 620149637509226103193896584690207883734202418
1377451154854803906307849738926534394100877486 353956644149555198878421855642366673553449779
1161774313175107262479382269634459804074634987 162327137160378381371482311345516319053316802
1343793095547633098492142833151496600096927757 333731392836669668400918409124221369900598880
1402808239268162199953676968968117077526886172 43508360774930625271522520722856353785164070
1278484763267023444952666649775905623148788876 773003538802424400432388587506773648915468374
1565902901737208191900039531667039346779689863 579787088151820548457791621856617013558314228
1218911236818825108701287896672891491089921689 407800732556316597682960361248027147005450590
1357760372682740308668168345487283885024171607 15839622421603460394905064080230886844826954
2162261023574581120981226500062068175636799015 618464093199640215286092874167873113608377054
2140366262994982922098186207021934265491128700 627969316638340068123288612465077457456198147
1655675614371962739158450431284785534346888418 596234750984541952603746660142194130795387779
1641565997616204508226601811342531077209493022 886158196749254848500864515472084115978148289
1237583762265686133037078876268286656757693001 706391250473837018899907443868844975315183900
1781437755303596338390640982501979196466402188 384292108375428542079056906105904518112709099
1898937055583550056640385463898506456975467383 101623305953094858093610254891393918151020167
1843674453215436145001549132153964577792263114 165734418042190879532812806227092794794742861
1985146558331398882607797562651824848858347273 100550249050518352767903156346632433502843147
1514562261579448219959684673788893889002367624 490910027188860176807449677993134589935526870
1540415732208997664178902093339991910560530117 964116293215913858125831551094197193133033093
1186569727310912474603401233196429921385741323 106219886713741207675997422741592788983841022
1945779001552752831620053148207796997124275221 66056977046866322497320149274937721172294920
2083996436495652738084239306143045498998632049 570188595322932867987988013669321578034205480
1777482673196109757811521460407631347160564075 53513911658625200644111179924950599079181747
1423260810263309284850037413463687081860262037 1075300641349344805870067749527352302705920193
2076169962029792183180065262800468456737384824 855322253351278705915158726999668475745532246
2004958549118058153708758600673426709457046399 348985226374001031030611193618933418999126322
1415006749263362363724526955211031811358572723 434331134387776140977506988027104012135309038
1309644988703231859435022260278359378791541824 748706327979810585305340186731438245229638490
1325232344519088761746553855077378589402065417 241401377068265374266238737491938516724407158
1333900831054923257034157079016522432514512477 628142599434590630014950690114029910902484463
1994671578300438417078610176452783803440459790 385549810658482626914346307007642582975657897
1739219159121042676662244241394271711558113908 922325403778567168831574977695464686639446182
1224676724329153405862918439945177776860073450 980159220037011304026265283050700999647663479
1302342751263794739542682114563670758030571221 356996758348117337839945033595297055966662876
1323587755661760402633406029253485871175408786 554819826646332324259409530601396108781592510
1386725825478080087082014805796105881529991507 125302169234402736674500230868579117593062058
1561488175005470026695928751366159336770773478 10332997130182746418240596306986417971817534
2209799848808744032635860913508646927343923174 407206355163498511790886003126184267261862319
1267582129035081107205383431937326836923722375 524284450918889406904082071704968277318778400
1753005861050481091279179165307483522502658193 659378975107170751199858390177737960936536320
1362831271578116678086944325688517292458045030 454375689067420456920032454524733498155572540
1477511055840005286522755664792575243321276216 987534280904581471915352977707350995454799754
2112838306001487899052550411144794650889330400 178430250711643120426367942093576374937141258
1717087855997244586804779763476005828541067876 502862095382106258700497116564431836413165083
1782146352384916634157936274293667019792222813 518823024488490234832332890331098407748712211
1854027929377310863127441985305451182521849743 1021844638628684260604413068718199416517831911
1906507586792804578462567230088343590738941027 289796156140208504142107591949099544884085439
1926377000416155336698950932779411046746377266 885453385885744869935442351087234138920649203
2030221712014767644655503759684286298565393585 551019431491009648868188853797189683407457055
1678298731806050015149068260263612694925374158 594565879934281331315309190130312983818650317
2009233994824559520928716396083354814040442664 702309093304016130318052578055729287253408418
1437590656045288554316289337943687422161639158 1033514969721953987438756140697015134738754029
2192612472053658451600927843923008768802720328 957001496968625397590846126491586795001728016
1850372169354585922386769348559455907917612198 87697356435799185781034490064700673539376284
2059425067711187330174960477021322552668316927 341497475940378955707937351159807567690422825
1665738342005809793308449356102642433708703077 160425853210147234794915038125175539425104526
1580933188889993235313582429521505990094002997 976409833851671302060809084835203037882926507
2138930063412662035104529044547641769305308704 733436448685820470239187298905187647201868293
1395582950185539872423331453946895186964214289 704801594915856215639825099713904170024125308
1124327897691266870855215333406464745835352862 305953995290452580994912913887159290280578084
1886714027664188124598531334964045261877452635 1009861777092285584526081696934322191396303886
1283955929068226724903980669205213473998906749 408369107947491761779342131322700534717220601
1216702825199627463682125907588963898205212653 1054260207261771076742676451907315771369271594
1198774760311860245035995684976084464612175400 1087087647262611641100689767308908927484447720
1834736211639850058393678714567485126815650553 466073298843848161902131610947304971148579357
1440958973371603519261406411235790772588698431 590044352747277869410626999227093267253733453
1568367157217516757700966370543695717454871647 655788193510386102172057451175095832087210595
2052836052737546352541282935043972855435489937 29077562893236794802187280096156110631189050
1866736393881136286982424966988271627701491223 367100158072522999159813290084522006953483231
1940448005257085565184282096346436051185673544 954768638694961265408793714932714553570336851
1947946339149374948165959536873671449543955900 842464145841354562622996634611258441042705551
1291192568829270775332072926071219863303569967 386489232729384338560080795094413491257745482
1303981372224115676630176984810827591121129610 766411232998100197612462917870894732082453769
1268656428768335525790322600616420538687377512 396852228909501295078480340706904857883168176
1692039568996532831321281461478000797175242831 264252995732873227645180357170362520960663411
1111703547209794807442794403357183086039621633 702197754360785155808312562031676990626999410
1797404001460415308819331747850771191917048215 529017189980262137175253270989950035006468112
1949988665125878223893463822989133102968711394 991536612427862689925026299024335101120927665
1627294276783195792387828260372554257610768494 177627501653824860018644212310976007112102784
2057186305031147344044894424506731884277100263 167333033618715373277128322241840971666212471
1913593938809503489771754366095388672745187106 284721014556788036204956255956990980512217068
2118106821507452640168397128611984791997352493 449703644471543937000893218816539720038266023
1119273204249894400556393853781153226885622513 107562150948453526853708806179130923810010401
1882066278467945267091688296163683254209367777 354614542530529650330973605175038095810677158
2174022633227200128825740010142528547505761497 247747086397260934638372497839650623783661783
1414649830467057670327149828463167831210916555 888210156525403043973639813684227296527750325
1335246591481650319436981112146042415594176805 548639796017715581390989448627196645524128446
1316341817428563960584853511460859699434917562 690829931685879784538854767889322021483002323
1971454305263673064811150323495935280046465981 160594059309374559235785020759995750232683826
1518512811523838306752582153605074348310314930 609083867310303330781905383370091691246514702
1936427002024183820840757247894491722325255507 663552360448188873562767806745061871374569129
1803002865221872251659391828800530600732259031 740369665963335983014761714551948453875857221
1969322549878369608850596456239808378269044323 71837283849313835553255001574682332017827733
1974254893927909388758812017731534359517856709 1030189534535636386434052873998048408312076183
1512822769663076718000416789838992805846644258 165567636682022813381074898729103778462849727
1795959430274387265097456974100108881724158980 618904972663461700840136290093457950953409030
1694361461400752258249384313458397920677374737 10172837411277262955243716501377797785440531
1898366382362409112202638870840580978925218554 786851060876681444151506452532808692307387224
2191404905609197409019896875417154692155032649 719061258754404134207381329384827850813492931
1315728356266004997290576577897651712641835193 292252306751356213283320947287987922571696854
1870777975640419092756421456379520678922394379 15077220661669131653827224168758027605396702
1920512431858447034345954305176755227109426046 658082762601600008276458311474380582149267378
1715173607729245812848843190677488330652881832 680825223432506141530737692428078927290065102
1162795651284946602293244262150456609572168926 98415008221459302306078699433991158753373640
1459415348750450299982276248333585826645865410 561511930828018515630089815397898099642886573
1248839673860566100567459107168143255951558478 279657325461386791014601750378813645581932549
1435423387549863924562383168739244573707355211 511996603499704242865003350434812080262082666
1728956725485932440217557673150189963616550132 725208900278456034072523331247740854111496629
2173515523129339358876396324822765287590917612 140742213818028548073658920629608625315412847
1388569949020850963542016040523188248517856036 790263718934189648065441918816014507188107497
1246183645723447359568261407071494489948129728 156864543315780418113588921327191772215232089
1633011241488380869866922312749953891703578948 617049899378248541417580634900371419790484726
1386080395644009917542476337018227300629899622 721396108157749936799726796228442325618283876
1223620859973542516044063153155000380501405553 562079137501345699790183699830505801663895179
1959660084340700304926604296219982727036733582 760238876300878833078243934451300962771626234
1689513230174688634460565522332990060520231832 881049109725889226297032557907496963864349220
1586778172394038477633822366019971344551133049 821116523687235690777881831109636604515374571
1936857889539449069119000399736738948131062646 1048985122562842263923900323596976674642046130
1953211136640648901947371802639316092820922762 399531867607646146247631495753137034417284594
1611181399391723318417258270049737566109859912 1106896817927490323793506881164462313567529276
2066283298073102546653692600650643905537744929 612569560116571931864855232460681439490006768
2117549958316792150294872316541780022575635349 545885124686530548148635774473203338290894402
1562304334690843077752276507496450790757550244 792459595573200168764329744565689947745981675
1158985780563636308897316337864757166513515933 281172580496840640230470307549216807297182278
1971345711517159205511183023188438167447748362 982498238126215181860217705550724965073615983
1464940315153873519781593239051804111564019164 131266889461228652778024373403627768827775499
1406474625469110719623377047414614053273722199 263074091560645880006063804252431034861713877
1754175268659263929604887132752952461273356360 1062278063384726216016412486973145940050997988
1672739723356179164468020761151856238494804723 260268400967145938392793142420755923587409668
1333792306957212769384492578148431527124635505 85356832421851393775870143560006232237794108
1927345659951920787294822873985880802788860080 380154580849530574260837300543528919083162456
2038427601622688860261537952428407178134399367 820581376469428301736895492642446523775149918
1177983165277859263111511514578442357442257075 1052239721607549254379975724687058256331354741
1999390832061292847576161353193449598992020116 1024536178860205269792657617276799541781182152
1129644299019450312245805247928135406557869210 868765174450585052210582750182718032322716595
1393189534948830881562717723671552360890822711 493983407877872116940734463353309647427478541
1737526265967480818051180435304092184684737559 543709957203225179354942489043136003923960895
2144920468403050352783656279314823432443303390 319300650017901252029465942892774177922352370
1286083136259175653491498168575479862540046018 371127614479800230362780548755041250450647805
1366475507402356241251340845496687626564470893 111469197964652456340183659236618614597563705
1866211371657117891707468001436968307857048158 154247669944512672212354108439878077553803800
1131376982384861111339874168209312884572192881 34804568221143806250263197681789746119814050
1980121346895550337992275877294728439402772361 694484196354700504074903818113105315643610439
1322594793591554332563392510968071643965162172 799699068928714698978464398737218758759208052
1291902000801992618120346645704542458671308506 231183767162834053301177304498312364866205269
1294013607492904251795422962171818392462589191 618548729672770826660634644134557469045618180
1888497450922948085731782845445194058597063818 659065559097096512597165749979135986686327252
1930015068025788850140940357921562001681507476 450349783033661454787668504341451291282196799
1205329045027418727275599344719011794129317826 516714777625356908119055521272473791840494086
1646120709440614392209926549100926630701369638 666894271385753497412822268881518195793051245
2126110182681778199158597915064951002850431137 507266380649530189227502372235750896815690923
1854083828846994310480825107291506779123715550 562368827016482297430298497239837608734866102
1692217467577240164025532047195576395396523072 148293574559537867443020435805586078396186089
1406153627952706652702436914087275133881407358 987692941750614325396389870982122244261521357
1704962684154410327764957759829689407816317400 225944164993639421833388845242485440240782367
1599201448833538936156389773720330794583749663 554970898102308775907925595482486053184189141
2045903758315428813380229413848032939701291255 1104411186917096642490126519677588030982943920
1667057000143140073351790137241568568355304020 139858705857185175844766986916960440200621993
1934661748127210007195652386681051602736736603 170205768026833974797402111094128409860472304
1723965356793072598974195475733611223641074905 1989720905216220032782833440358110712628626
1493867359253406911087055650091120750004302537 614222078085156578863590018516525165334872633
1546536614777377676220401784979551022357956271 208385063017171291723410121571330311392206596
1242594826292392252543595181581698246877883626 100271033317886063153940836771700118442997059
2006207028094072111395109490721713535346683581 905038383702362620036075205594928831013926983
1261711732795415168424046734455454478507163791 790437006831616140335617838181188002369202018
1836879566114930836560455779198902042878984692 790024977475024548869134752823566584509322550
1919108712881641433893007063881937957381196089 597516331715052786310839691159751763686762597
2085465049707771838809758658759441480376231232 995309848284980019705458386264706024273025508
1277767989065296896947941190534378786848897830 957076529911632472465627435041141400767036576
1456104557206439526096300191230717844156678529 635302353594927600052381132945568791403300318
2169576584817149525245262563843842583196273278 1098419357708204332288231020746828459079497047
2203350646510375444675017568715009899652499683 530646065977299677619648887031629375591050348
1794594591770770595152638402442109238453457026 204815479593575705030545094541330231373780936
1770303033691530452438205085160255452875401907 97079694626351369566469904668742450398968445
1927333294192705118974068358912434789414145438 600445733395571179507214732974244396150059738
1913492089501061165902394867638182603755957779 932293176073328439818303134536138361406240053
2129414895293370252614761331233279785125623303 365202265725836777294233944882971256254934508
2148001104681129637555485111595447367986171974 671000461713554555571452365022830716900174496
2094283212373446731485046262854748454417576700 890346448734788080159910596280336586912706954
1759407502722336045249900840425411232980085607 983653717296423920267970642048411265564338622
1468618197827729171097771012389172233581836149 401535979006314289389612759990866218235731433
1389577689732247329606852534798057913080344527 218717670854463619779333884562607114484481612
2152508545861556252065720041934169557395889718 894028736629923170888166010275554044433928558
1567502738715951686034770535168839958686781091 137377510367347127969476086559917597400315665
1178554677154167295564690567835166663509525585 508631869889031083563885535570524780302995873
1268030234233267044262822364523606053925836381 1036676877241272059740457159762966951268762987
1606851522114690469840980138576860803293450174 430494401697177734300964665073987503724709849
1745150627853654983179214127801572054718277583 520500432833586152834723769479402357139082641
1709987836155915080968818091927642813525128613 1072956042413962964386234638371667412975545806
2192320560987757831554265910165820173078779100 1050004908255613698763343290635501106851186822
1405898020091828866316208982389421105646752865 88305606770609528981260415365742564337861214
2141475447745405425793391051778200165786373471 721394540226297686234905267595756355794736380
1551330850102081399680280800029900457771569024 845210204759190362091245393071221879082398070
1651798725453466085944357595304876036569039120 544517192411792021107009415056816256400208903
1655140120342051409612464179125238671974048511 674329776413713738522056384632099890187702027
1428902877301330176990170141060567712350243198 385086191943377655763474584502701532212746261
1334093289095215693562856326003603849193662529 743603760609339609481114175271200056359239645
1536602048719817353806784294961687900612297928 349213313269409752488724837199418148707485349
2157123867122674956768086318040256595003446262 572919957597530483043905291812820518494162817
1712212498525591882154708258437213460976490813 657253244356361129524453210186164278276296112
1582665286444748473369490073574959407391730124 420913314824998238956431469124992476700216735
2109084269185279451250004573545940734341063557 271448431972111225692632665415878062532796220
1561577974077665685781006533976277657232381306 879310481671544524289463426239648465131084753
1608283704430418195666896986054583506214672705 787982383874815582110518065092179077408146468
1562811853087976790281190301759267764308623312 967974142366063723237983930079302840359924208
1685027862547570601461499175806511151484159625 571737260298673887066337100236886888762088607
1824163247801113037864459502733803213179838833 536909682415689075337942464047371314901428182
1225002215216191075757186393861497067524678939 475221895718515086280440621888521710505275082
1984345594815309862662168065406658941706423346 812552690837936700245364905258717329201134579
1346918990595132132232339635666961752682957616 152271435259491365942595613888960953706902453
2154148415448728801012466654830598668171523488 226725475003880191675893035328171946862152402
1561061115654918060699566652409347594011033202 436377195943738280455463416948618086929722982
2153579423314363939844390880145636913504214581 578319404246371741508761129542720595488526988
1951642085340620619961787166604833072362854516 742892988765941698499004316059866400400840153
1385874695324451165996108003133007873685044296 750527685170799824559776961599256258331898988
1571946754439718809762001234587686615283679216 191968319966534924598657489081510640233477809
1703743876168105292295679938469321346725492554 200780656548290728987802530745745147373588410
2133374633413975855481275959159793875878210901 943121385124601646024363056434668857112973467
1246048783428123366083909046155944401590464193 1101203774524697771003690707383766763675534286
1572662160402898998537653967974427785755413860 449517243640322761355011152005279281398559371
1362978114394633920887745494886120847210885467 369281951123651041926884278173527262386039345
1210430274071594107361357882124203812914028198 286552600308124176033894359043845223349128873
1992911750860719350365424802791086421149180036 901427766969866978476700286531531029387306782
1333496712898449934062171891356996790946480098 258151535177761312473196759217314916198797797
1414715225997721394416755960104909399165605713 490286782189367861526297354992588254170114116
1723017899968247205203753306308365833526074889 157032683934663277617984358800707595424160481
1477574995698819586444033962550256873080386951 298286921501748262000052688434841975872810731
1158780500846533617345270696918294362943321736 366060418166141770039580130826012241796833967
1918180879562108958705846460023879516759629153 758752991559124080217626953779946384407101796
1445635357749987754700642540108991680203024932 288209289060400852637726185678372284260493319
1435399381755624784397252187407358363832336151 867169471792168120034997124537300657373389460
1649006840806119061076398567995462743514118178 1059204261889922007514819318395740818751388212
1109319527440132738827823112524042480992735393 1079700866619812723204656354179174592659431035
1516783198896081343113177825491861557172867894 27665512383239770448608522510253859784843773
1391377721769732280725963151201987016649789579 291652175584779933251030547202645873589693872
1622661450556991794251280579036436402269205153 677431913849389462704923086965000769543296449
1498089529326332293594582661962822474256515160 1100562963776360572564357427952437702657847940
1360552708807905737393281102333387500941632875 412677022369217694952602208318782852398851647
1322849669594176801026493536825877524138492186 770737419212527085746087764903837126763874396
1755425912199882059276917741208697299445271225 173530351320648511601231340601812293365630335
1899503517762963850644272914061648068422606899 288027891692702153619348067410636902627443560
1376163552339406254468070820319964709971981428 328076457401740274785861986106233376427838898
1385216900923539147098521233046458951788191069 404768577271431495985102382402569492926628531
1547380831129191911884822758052296667242330424 632877969833266645955547024925909887329511772
1373603518028469306996525367579888983247135709 418848467750299862166100167052379155308267359
2201725032415434071277521124087406340737027507 895433542404100232595420015493746644279101707
2089398811950713971246962176389317441862153448 396799200304630954433311466894221659367180934
1435525225933568373479805031055968304187283470 185141143505847173205425014482863550838442121
2189192709463984449749611432716598471982818128 412483579380781722758344863586679800039259131
1556949474640774895557488801203000273681978465 277642111605353074016303489164962473034652461
1272690422854379415100586400250546517704983481 334351582812341904761022149522371432681032284
1753696806832962731856199524318736096837273561 560147912704014264233785388925489915248524966
1279082630986065230365155700871832224591427421 12158713725773904320492544799558731662108377
1275567755614767733248935374074430752780272840 786245858313057233639961690446355221563043530
1830657174610002647524855396653747156344943620 724217040855318948773926616384889832263189325
1685999817858005431242202020934079448652825492 731193218818320948731878184804440059651403429
1491087316300382459558464309353002480026975731 921150517550861211166342848241941325149054702
1204476770100982156003089755683468483380330805 26800657294432499520414777204487462011076771
1118918007902866427052785451944680370093339354 717210597123245794726675064571854465934532053
1135091299005344758628805555085965447720719818 159763812789282756361019767826675702936249062
1654148605365890301131964957741699485348853289 623847500875656804134715785091377834403836118
1556678452918471874381577774380749166974059812 653434984547760910123181808135762210257356810
1371397120517668249642047638897430413632275409 132919299159696666105453075218125081567575715
2211556983512049792037881639524112020215956337 426338189730001515395480940256326155715373013
1553608667265605116347161765958028886700628095 53066391342308132704517078448761663195245820
1591951073838600288649978688185867505712052386 828203585535205916287372681722128790798112264
2046902441943989375872255481221557498311077166 80524331922633473006940306548344197917128722
1847174932789424295981979892252855397889640271 623672175774222649258821071184184561912457537
1652849455211528023632737258368452402904047782 992669371063759241734993628814551569537367586
1452556379074040357561516926146249171480136129 840107481435026179484052458971947457096832107
1460443010046542229718391199561542350958431476 1101331486812135457602481251160848648386521674
1780575062003495712507849251681992894906307709 1056738200590081314841898953772130073535111292
2094102768987491124669930496272333522635999308 167235565326054184682599309932668700935061471
2126547544519428046535947979162539258633882502 633212684935485521322376593284925036972544747
1378487681794175850352714196734688355887331742 155905296038457972328075449302718523564486135
1186457857446223033652225766908884721349452795 164047117771262750012057463028049413076802085
1375603260107793166110881131057726771624913168 794744650372489656377670110979427655638732557
1591911142375314459923019738477663772986595476 1042692286161069993850809375693373144324415128
1988546535779817811584403541521810750222432847 339099507090358671558262049028396887583945725
1711741414744647066079518233671684807981175312 428667336230516524990123583031459972868262193
1810668728689074684231722049209874198078308601 311385734738123844046492404668386833960500415
1912143536127161683766909218309907167880158802 78595324308179244909219337290818627196548661
1772316614109724060332547209142715135820847584 836282141169147546740993919839422279422961112
1900631669586062442415956911948893985339998924 817999903859312132059692546494055098323420683
2200324728726649829557881045883417606560395140 569869477001747795243109594416671166588714728
2150971229173358933578195203176849487828547007 367664286840513193994841495098879769472570794
1904834599571199922609071617655902081636753839 935652390765348589113893547138503915980532130
1488462893031887986986394558456029872632857790 184429439813311829711563047806800053300605294
1744321866455461752448662957277570322188211352 843774321155611946357940528776810823336171093
1278740672052541857898427558367883992710159070 302019537663270029539303751684067311945189115
1749490126864600520985832306432235267259960818 563290425799634642943123217682692390602879199
1121026776058677181828021899718861038784154898 663711775681947245511591310863322873840255992
2180907704798261880146579157971690275398130336 662663410146084182950118212014374177946196139
1663614004711390544153691973223942390645629050 125319997918568704112718128746561307734468427
1633219790807287833509448004609176052524624245 69282461902732896251215212866002813884722726
1488339268716725748191796479194755621880211436 225514963624981495293202989158030023810550649
1205159661735721623085961211420307950132851732 545375553684781475042350191818306768603683743
1330426327283194529352372145641468165314099840 433912117710824064519453462273627874033007669
1276229206401988775408231707606237273972060417 526260697274477509378194613864282430371326833
1216533961526768358497359695874909783623295066 412594191923873447760311540583277802460128322
1609089492495661171055835002110947941969159852 329181334086796946108967885285550843672955480
2205438840976483053425884462040556043175664442 643114793132629151449189923112174918413492682
1289641725761337483536012630206891242477677428 1074045762943242846877045365703255351595681738
2197839093525669472072115210362323763060078959 24044934739764592500275511997167388049563882
1958412375278403372654829882121786022019090633 259638533331861861170076041576505876432109074
1221964679645982724424834828858798323179435436 897611625659612850306676107974464453217934747
2143901453906778501261584184345627616778364624 468965221811656777920278806216311009575530125
1294151540041132869261844633983264774540517574 247764972755083702230717713441147289237270717
2154711299185846179643456588167146291903459303 486946769392134177178163518887111871617633165
1648546809224409259612522674124301770661488520 385028521482218394242726756246852495450090695
2185174010957101983964418224761371641003366188 416668819019995126178496929602002626758337599
1534248473960098819878744958237228748544730602 801589131156482160004662656769017491061263758
1836301523691958329068646954032242915250528587 893430221273678946993821770000980551387751087
1533835457131383670191364033124205421726217799 375588678580800544864578489483224690401971671
1899150245522099131543879065938133849955455725 261947316190642635330252462294635272254834846
1948895124112795753296229074528463205834200508 497104603423059911694062885430836606269458082
2184678346677102330799577374853626113142192356 540751373573430155679773976660729518661543756
2204472475414595824733859470184022885788452936 777746817483759612455405389473378886152395244
2123831902424389221067108635295193262333060786 966172805960704460639678215294278695217078823
1673434991942058517160944518364551375429240491 1058677076693043493550676844959024060361053137
1281702654262948649671254134982110356027923499 385913551548019547606867511524319075747236679
1349629560214190538987892599105576063929332083 458335499583672397251487677311502071806918266
1651484505728191096052876053791411845333231567 983319437531359204543995032126963077038535736
1255363844530742630416963984972633572538075856 693428390356847092104671176142625837328443342
1273486213258372314233647972692399939534946592 585059032325472820851402466419092573806454048
1318157320888029257188461473203497353965594586 163530257628774688150873263104303300049499515
2005840426970961244086969397206454291497839377 1034387195519616990381179594194855878747199471
1395128032133159167179576392648303244680549623 416354699402448615220289907901480555594044887
1499583418872337966228627239000922476000176337 1036355204119442953773371156821521213551414256
1490712902633294162283107156009575669616526900 751377187787299529075381952203030751698638145
1772901517917715653818348133474522033104308815 198396581028295982714608858420373992402532746
2091566120810098919539429077860872381261445089 856174534166232630783727268709106160961346940
1894994633716426622353674753928767113831475411 988446330381255330440769890742004312463639600
1628296480919422764261214161456519508833974339 385451055450402209055093625402842382817086509
1454420168454113029334814643918486494398648764 355071485599919917932028295368958072512825220
1747078955706505693790948102697874126665862555 663686094115435272905561741075112654983382361
2015107656446668718059015491126343231965347643 1068982974775771008195650275955030805608690268
2206779509231614392881038861740786235177518861 449661552393178470741150621953319963648875769
1835611461527807500159782092528700997237619288 539410255494484540934204227695149235331699689
1585235014023049321543322297550817149614473934 64457627101991873624822294065829285822703599
1696218348457088030466088253099303811966217117 13039663162850567334650007924358188700434891
1444129513825107417617434869640554653502851130 827423213032818607121437772230663227514788300
1942374676632725287611663759934594294340081792 821268702799644534274449387620130947797880249
1333384723506378423024717531023975339911080446 567806211415352173014254236685996706485865939
1138423441698241022925890066757062103594670592 135884095867229941531821296308635898788033019
1598514409051963761780615115605486603503989035 441226027597569988487316552501262924026627163
1511478556159189934528658888150131219484029692 758072505995751218371512229402060715641485445
1234223551009201407313684263315256948392013630 270348288333546448285505311063272102969631043
2025539170042572305581600704234044946862591761 543483545109853765720279437934812027114719023
2136802049140337643961506097335118836378503701 847296935059947052386925418225080565801450110
1158201124628760451361724598286286908999955681 114179720260287688675930151815605334725564205
1161586312621932362771297610567080610938734025 88295347354684214606989708852303631857830495
1910302323208039944783609100538169948240515591 911098033524423519863864330227786866062450791
2211560540607236433497316743847771149066193754 366456693775606709339522845619715758500305130
1846828294058947333598939144243793878092717274 228841984586535216812541366472681858825007068
1417876618966542639954925002930841268699219685 830531134745776378336884448436403604402483321
1819567648514923285793891690142534226996413916 362183446869227061871166925750061106942598125
1207955704921464090343315998510947872805164508 562019305318128554809105558745624008964549179
1152265847587045919445128590696433181730291931 390477108957877690995200980395084285224047779
1289278956095767767052486838717990362689697379 921065175004649700342118276874658821438170308
2029104483200965415866531890174129697650433559 111602825551706462543029399497582079968902070
1154033419739705593006341543698788043497573518 717619967254825078548951882696263592456517587
2208686295962570955443572686253659238896848331 215310546589458464831941421747328175482438374
1133847225294598882188751911709991582140324326 174499268441764756372828494713428773692410906
1659704483956446341969371384154181331961788480 640910908636708138390118486675020933248534745
1619785938729848696039976322824762334001685649 589944069715701629895947224029988270608272063
1325600303714176897010186259801476141813892474 476625784368531728437325394135190889194863970
1830268577128481279851872998288703324628879313 923283994556603193473467042326882787849936970
1323545231690540205002647434344313750524772578 249602265653401508618007693234493132387752129
1735849351563027975556365242619120954098693061 462948215182467559566400610592136660937640131
2147761605810604417614612540773045864186841694 974227795599506788405901487605678627996861325
1807024384084912379678598939506053002622726824 49598544742803860882601698552002249702635003
1480799444995610069247908138681265118685716141 245725244184309383659634984329740228228594329
1491798770599928386433892163860706420973970944 167085753079609051348285330973862737892486849
1645139244335922244822028609136989336676185512 327340756193817754351118445417461312833734219
1299968555814121438244046325521003467991767716 952598633853152224163017474442886075002923185
1169098002346211248516926432351434764778668470 1051169583809996524368264700936739488798246450
1986530478906368351125169135441276559455730436 470112560735752717696225289116869174468700278
2079245274120240516569023438497932660323628331 91628910808603889789361342040260006007263456
1164705397520384536079959984910682266982300475 549507016598980261367043108535487628633850849
1665299843224866308641929206068982491210013316 164868851188754654539434618546053001988668666
2046578515051043435797529963381503494561985074 26506163932969487629471047839830131647550558
1910634937439111628622157258192315483577947465 443402759327127205704074090822647013422825904
1421830213538441631057988177743772658569999436 359838599990065148630110065764288401299148749
1429247250038952606714502987483533167758093927 468458033784359009658597427696513814377240446
1819082735341773662775272663684856604063120691 978474117276133184836869831084530368518593257
1611719644257521196911047302374348625505855260 613345325049100652360034509663632007592293801
2114925994654690677596828089822730350225226425 510914113434134551291317132172121337447996581
1191950274206832004431016955545303443506563914 983969288898066663120459074246702820657916983
1773012599202475162915904634737896572626866752 348674371747746974140855631557372454959615981
1644410001688133695360437648955743909038760805 357428279633963780254698523742315286350305019
1358824582975070395503249167827864970370082984 225337176774652962060708141165552357711099168
1707736010328706160113230757789069797233918810 751978249254133218091607322419447272544053098
1899227793114138265399591693254050815130181280 948265921057738867243984293633458518729315750
1363648479579673461674383474718841728466213107 429266687347762578857625055010597612095891045
1358340802322258937897962181041030336913774300 319849987043607908245450019455877572146539745
2000144256775145251975608203201336987831015456 114353159684940547375440027328336487095073026
1395208403009863562675058465643414518417157791 172918663467486935887354143012489188687879574
1855232829862450490011420823931339139946521196 156434849672193212433758019350761392363833189
1932875073374428274698991794833002718880551056 454244276802655900121141684100173942923706032
1939838837382565477265217382505224444502583055 1006052383720380675564137464381267211379107176
2019624182789669179577212109609739985451158456 1066572556429860681208689123804211753049876039
1859642834387145925520778522407209148834502479 249823628549670927153116848035621197529012628
1810336708650046849798537219229846254578640897 230260596209263364504379595136649763963858743
1671848343460416277912457008720950073485478562 604853640753878418950741886151604575636164720
1718325114742210171414682086295223071804498394 965885235108890448601810946674295661473862444
2085392941800373888986762640612230348333637727 1096743583193847991120283910146671006651816764
2210987668390806381701291637726767646488548591 414024758763769525830720701979137964538554324
2023296174869297793469961874045450277885025695 860739703411848514835734636640223608637887317
2118759261371017227572965286091304744922070288 575064670551186927331174447089070253636765954
1373398601120211888606287409822324407901732854 954062123163980367463028848368277663968005703
1449247864638709907781648683015354077403039078 115012526796860080140821244681715057605287955
1615625510000581918948467350183308946332214428 678644853474535762992456917483652683996500708
1240817653450671371242819930361142490923496561 968482157648972346927362636803475506324139669
1386816934445011483693645033262480352976148613 619762558792254913560492365848269416981479108
1741741670853711075329051626842905141068020579 11849546070236399252655925879795104102623821
1937946928063648579250893739564596937635431225 304725655701733537892395842101260124366094354
1683216098640630948179182650514272480386109774 963367082774150082734478431810442200112894078
1750191109225056632615903249555841477015979879 845613363764658031457640648902895934539020957
2185392381158870290072433525357824838007289719 1072390302358784810940710879412992726130859063
1484485830976992020169258995222908322188944005 821066491666768476037251364231666625604376275
1613784348999267990776737009530540489267201588 954245953008493876229569943153346841047062106
1609731730198467393083265667270230652464860388 463474834069330601154995070914731780981400846
1902699227515138774570175790623005100551088190 1067374237052728988336002871461239157903695244
1496033678561937023084370656910184468469907860 393750895233603437616896284290348560485435881
1562275651502308676875377079223197427400468419 25427709317690366716294401491519202837152279
1176821068419755154599569089322565035335652516 746709559345867952813016332597379366668407573
1971173141374790720197860417360158566877087727 1087298670949667942234366612233156328864432668
1362552691467342105086823820384375505733611646 573715319149661426128649452204486044875085753
2056188757233110194277009946149445502750204794 305726268597964019429789376823007504241712375
2160600337071618404535151466204908532117605965 415818126602516487618941639848563950386805261
1115325412729266739944030241143722257170492466 249506536958756282678279581791409529520800234
1432376141961775956667532894642556506117900214 784506988575559205079724491624937363416342898
1453719118681044439782535351483645118859756812 855541446512149823129866459303915309051921812
1182306139607773835616984668486067041846871831 284899549854164215477755115848199147569707377
2144133784638888356097472618607007450472412813 693160763604495019944989571109331545204567734
1689825911911328334091313616301829921900301717 395501445675351623720809218337069273654562667
1143497181632387342535426395094755555064778426 821825244353841016082084769347512147163743752
1953848073085082750839931210566049373742061892 881118514158322627038961719781255098136389905
1826878995430318037956781830991939080534219149 1095845497266209358162431861808603537155223877
1757432092209981197890753416331106621810442333 214784531586561982034768450862166470306243345
1552199647283756075029966083020401219830269398 597975721013525872726584871856077821790383319
2080510726886129589801352085497315635754083673 208034672246646075022885448701374083265434357
1844068262640873900728859639244476237893097899 472727089760206996919277360173108537369372667
2040942179639725320432742002540763462352190729 829751103170359260533842390865355372116163390
1114952999471590276911681724397618746460490481 92957115486158490306028833506547294647943047
2215304181265724939987716234861234900160312193 438424869405421632247880256606994487723725909
1930706660450996949311701563841368161550433154 954763595952211578512245293151205156747448897
1909351154218735272446371072448955912237086735 1035696928018185232131103989396726375707844631
1844042372166266880389343311448867480372411096 135554547143312906862945222634134929088681932
1423873299144028388666235579903688949684834636 762461939299980924757711504696135356920746447
2202744661192995738933398270918101225297097059 834447433582671307173034281106005269802428420
1665943608437267883583704631728292487272468402 150131046928173902232903065972267591210508405
1493867389986239112598307491691127382902170839 783178514382583657311428860320924717133542858
1582630728896336622734941949490464457642606282 95040050057566199636613604084062915104112934
1945480502058413506294323554281151357096991551 167318931051762908594580954607533039422304750
1846303899890984042382578389933399894311553842 675632814938477078989098540868067379258617370
1888195272626436770823671985752592635882724509 983272216115901097796367660559693386292785825
1702306016930779193383832499469996953357232610 980535268420136748087997782223419727705447566
1588089429866573505492336611208247136209196339 980044738292623808619736832123293937890973099
1502045980855552039593707414496237983114846558 792464130639038965865865373856615135091927672
2110564152879970590042869357589804316630459206 562606137544360080982984422051106069320082608
1195586232819467431317707097655792852458513105 504362489890303801587218373772877956801397674
1510487313400792121748256141152191120820827435 168602674773328640404998852267745125774373219
1900269516339333892766060728491834332304971677 67113162748015944062630145799905444913901928
1730060490097184343019153908032181003739391370 579260505692363723688350599652755195153137913
2112898198706820187247757678909524150580068966 261211597551647639161631489280729484819266357
1633329784141395127817757746534715041817036385 1097776607547121349912358803009660749272297160
2094125497067676981378640506902889993500441140 709412861511736646178228570212848552703963643
1222426269988497025089185159372623864785430242 716769753020843424344053873139598837181704572
1407717618905000090515356443230693135143319089 539419173105068844952481209198799301469487725
1997433689804770908624996831814734272108858515 490558925653825452744715437979701899233666338
1382047253476830895637574177958551892466620022 624906324366376282574462957149887292508830406
1923462098496519391500717067866190924049921762 1003358862482894110292262134450926931642990717
1353808117218905286506101941906953327860345880 141713885557820358143831323614676809153526647
2043701971887713867330742759236484746468963019 965389898106020742063561759291445432438977647
1139174746392393051332985017160367626791462966 697387185640545829908835290795060685032166712
2123014169881682291282136306107895519302287749 746200785246417960284021157561986964658227513
1279070988976433809027032324492541927469126387 55707611942424918404600481788994763151304177
1877442936447430488847343648281272526199932953 340353572766403631464762402211219863275465689
2076801751657384225352466559937995051424587985 605205336871154776517231623054195576238064705
2186102478580555081147876124694986185483597899 230121737422952933140029372911943631879500255
1450957465456324337913203506031067624341927992 948558033411698915288552034617560979494244471
2148356704171069261875899106317679850503442318 579355531193700734214724159738355254090220080
1859642183080422804678308637308194983456298715 990043713467576863169403761483018754717337822
2001631777922296732494237360124499003058770841 456481669437628626650497973152508729385539138
1814154023541420916019618169371444420279881874 732895830042420839910395074666277610169606708
2099784762023521024450281370291917805234597227 314789937769204454758845463071801484535174932
1713479360350523841741201861632772570472560135 990102423230551090898940947423108856974404179
1957797577699165323834574237788881409318264491 911774325552391010230858622453878069176678168
1997449441983854209549549846141584093554717168 681499308747887906257429216928491817908555383
1950760226958164990584283518948367386313573134 237121792515926146872386462318235969782968652
1354805157621937978320132167729852527508587612 804391687905588944956467745655531801940695510
2201610003130799993136665823622667248182062411 37240790727790979389609826628627757288063263
1872495179864328491896461716545093668043003843 40551588034092110178839349005033509935892078
1654955906433296268859539412130169240300055824 994798787161432893580196826628741854056442734
1847216082443801721803441536083535395514115722 541955561375758233921511492427174044041272285
1419508204445201658263530270763691166631412745 852455578209391122139350204724814429077276744
1273208219086601860733437160053091248311496754 475215928815343743859921793578204433476529503
1250129840856193747356315811165904849219156563 636912825985842989524065642849636268260073488
2214066144717843876964704501798753725626188380 196570291336541023413120222355564194260047900
2209330664739821112463626390247063319057727119 444942474665500167953136699868272700863712747
1672971135521821322715091965385912039314138765 1087924409696942138521576107173514859950838183
1414018375952210371454895880624233003933504226 638125121061441256456796108125397690311073109
1717149878770733034208143720912684672903313946 773618585422752633896596888310637283109882543
1860767552232770297486145720475077005199042186 915975194618959607063528991330933793467109979
1159123558732491948131778334612102596676846142 424364836767140842686001587385794014409175514
1262487361412766896315054000379666201951405674 322001996337921035439623674000649428405942300
1291802198077063978670661142723440715657567314 683618407141748459829045785659578024216036656
1250405022713727539876918706037248612506787230 264115959586797424528568625581930724649165567
1161766331792739653811513894606062254103916290 708717632355646971702869247065769507690477227
1124614126169975537777905326265930185445502464 16716245453613780098425012535512672027361451
1823609270724499754053358380025106502379957574 530064176037249496864533630024977105051814098
1650501465689260388860277382016520677456794703 273537394331944197142634329946782692080289750
1909265654271020022044537104930045842401845184 123854982043104128729236222443034714929061592
1309637114218081688513388600131805313410842455 291360040545368763458500237335172667276630666
2108015188316531838305679205850578887387953951 839017833036327585785744457737356648317726475
1744936599612933724012011732880534339391816597 329614845729918227821782945162019118162499595
1373096835520645189386488909944186740571575122 342745920754169298499869963986234330469805452
1444281493359272972399528665112096015187260974 823195269862153021636151576294950663039199523
1857158076383230006710856642056631537863151378 412475485505327717724317335674125479413015854
2073362098676865133590511549656878285070380468 1087299994204021467308923105506206309618692217
2108731343278853082675253729259484462820132805 882235447747172551509589225637013382457341744
1968077036008703273337128471765521314571409949 173405773802795836139279309376840789804095952
2119357381547391182572675343934066811968797872 234046330551066976802196110123947635627749149
1552906622138679243540996398146130651941862752 599226984873322752952633323554097023139223434
1268159468950394164361436856293311138231494542 94527553498881899076472111328699557214451372
1452780428668465000204267796600411884665759628 473301505221428456462614175495006483839414656
2189559664341117087581786483798360910969186305 1020720368804168376722414938279219145152346394
1392401779224276576215798063025768107585251479 712719503465325272622907294715807059254376817
2068148038140585935283803495223837607867698241 572090953747692417147339103468296791401716691
1634775784844912391179820465069582651571083973 661621443041518664206125455739401547297002
1137170748243524994605110796383415709232637502 969422232313986915884453840109299465007665699
1259653918482207754200003956605432139172901911 625354646952640136719186280738811098765411525
1162469865508063167705994121623546247701964621 622894863081103396532747475991976050174955483
2079056719656740548142495195655717944387555588 221656801411561428037885254253605218314890576
1940848521645253944730511351784944912767248954 216672967699828780438540784708468042791895476
1640778461548466807051079305124601172802674018 471439645469335452933407909638409870849855025
1696421030677545112750078530289542191539021991 233418049100423394925220252404900746965925133
1936631334867473647427747424554908728251205820 767934882567583830436165103887921797474951526
1154701595804456467540484349460871030221573734 663741887292913259581750896593449494186531581
1817197800950477641713638065114817575010417727 595946331247133973036837001623304467299082144
1615434593525328143323240245354294535401797806 291573357572594089900615157084796195949721321
1257342048743640935505650252811504822930163447 456741303884910527344877436154450469871322522
1298345779941422961217051667164502835752791374 369930218178532629791410429136162026135852841
2101456533364067134500632135879876217127737112 69959388637276549975329702533085714457245311
1537651945261642797182563149504287077382699745 554005547692193874327485330677906975327886244
1316589747121086766178615801325114774144281119 296067592948542648829307584357578258304193254
1310896223171547802399300914761186212384297742 323361807198830668574637180160337808704799049
1609507680854547883849366974780617247291879072 758785664092756139241177479041646852104391771
1833248077508390129314269360869943191678460574 842661727665237987778709900329354011999646792
1210724558281585996020106154650700767525570380 875091742431819863984570139607081336715722856
2165355091700082522351421296328880376133380096 512701489404855739720341021134445599830551272
1214110537256435716312782938180472791456245305 54232634017821900643709481538077313019942410
1959362933289892349052085794595482167696348770 865343256200972932252522728267253703047697740
1280785373146250179461281808431140827379140417 743022832146661036610910880771849136826238381
2036310904517465186250934372916392737495617278 827797323415414451383199686292640364333246512
2200583636503185189905636455384754024888606957 986002205353765617589093947120013272632046575
1662012661317562656020763070617469561697583721 432203132855753231629802443200055588500848765
1428996012120721418801755529149331405500585854 634068098791081124614333365723509546657917265
1344588846815410074288703541796156486718435293 466474404285463700402737920227434433821697504
1755840129321677937312324889814863027456206438 1081250739261835581255214773327401893900189120
1419516243922555886115695632321221093148760506 297477510110427808232295671055754616852259848
1399491600776461987460461601596751985738706381 688100090796417688452542537086431141294861619
1865840468773656873996237860430531279282782588 897816819055509988252057688184615161718448961
1144822247047005464206602665259428674407648086 682996210293663044316050875148027278813270525
1828060859017950289881784541936983199049742749 560499474129740246054882367391287049507858335
1132972881454989123099085465250836428540078810 451272160147340033718039397548598665855307434
1805373583348342942244232646207128778173505983 657474337367554429978952876280841923340962684
1505422566502005163049234748455100365893091727 290757636165371904350369384759119598386460869
2206853436643981653701351000774548069393309192 1099317422399500787395335180383572403065823090
1410929743976963597900376670082753521607454815 292897474071162894548885765078095998569334874
1492982325138333291492008749544240468635957700 198057565249901832661539692058366954741304618
1131426630047733730305594228406965406599037193 315363583522198489990985670376698461314841962
1721108212157485338313808142337930473831896757 949896231039726121877255514611150739699477655
1660342591147396687265918217490798308957862553 261077422433016649550358556664299222553975793
2149944647600180006029744819512565723458309182 846718699464945703644579666909261706891111611
1148169930826487655691445546347094458348025119 567023962820860576893906399496415694619436126
1347644365349544656280088296808514446451555006 895342305842097156973975128557549717938733843
1450710511237032559639186765274469390004107652 670508681387713116331688667497998870317833012
1178787455219708743742109152485379711336162033 825360115730394192237496423207995452702391218
1826731235770789422146457602805540575723973329 62691093512185113939881369006559169352719957
1634899008458912338140526396251478364257579472 697467589068209473166848104114402576956912471
1682493761323720575261839009085284325888520570 1093995236938534335839933619409446348215684283
1790336985728469531376279416693223208516275711 361762424138416802872914441176433000826451590
1484802130956852958142136703420754140461679770 342727196822106688477090204488717279575948936
1626396337229440273457602178850955024771962755 859571057248206384492263280466555591379625343
1908027332410029499571375046610555527021476163 875612558965676897409326195433179500985930357
2155755142299194756347000656352822802579847754 855692448427402490042921553259226922312290074
1123508697897508640810644406791798123621896506 305856076567606904693262607084410713076434969
2213798657934411654628014683657785075394897864 1053068632138005688325457662103187981821780455
1114103647156169854320398869597491831441123947 818474613720606916217917931633829449153457302
1856251719556932797700173235697013971657035051 509395745722114485282959113459984596014033800
2095331675253527548698553570272343435953222488 976858671354328735952708850570708123785988423
2020204306714011553674574698579208783430775229 767871276815540764210957672659303287157952775
1971569846734352544510582309269678274818809525 768254651295656304044438733801848595172865141
2108286619046350914323986582065218131261481972 650879932634575670608496628540184539866816718
1684328160560884249427890068817546952921083800 918867014856650282652589845361617503848718711
1247016732729697653791647182567295684391788406 574030488798966878956985318157412452992053380
1764151796343606704283959770766792561293313692 576526215270319450098803683551003405572360188
1576360715744301922456047934953772953813840266 528346823618691487864744687159697860935142208
1306665214050186256623979048546508443371404816 21761397440992834402702227565121693965669340
1774539115303562350011509953311870844775303362 698682732088540969685782602703632363772422931
1805022403724114577215190070169476127067169878 309250303639568627212632312059920597894195092
2120993709661270834760273912212942790896587317 27343313297439690222330363925721306544988046
1994721199067981022093334455251785664959743673 495463973979433900625810659789461669222373204
1564617405921784658893179144098846131016959970 21030507889795102920014137378055042358109145
1344304327384452066696180616350862816412203853 571329920252614842357851672390010121520240992
1755155820546504860675031789690820887833375541 559986463015569843236979818097229956389787900
1887313273647051265594196596714809185714115954 255800063956886242380740544304329786915875670
2147938504340957274827003469019402228212654081 804055298737321495592347709401943958498752818
1557505618743686498729214325322684629576946000 452704924114615933073630659195874504257766442
1244790858708152146821073513222506295120435137 447629612783395387936064397464234060296074105
1560758268144534667100882714168987125686300990 57221245773368290837675723165229618887581153
2132110215164235177692877196208955328166300638 990070114216982679196746815763002339523734551
2133864271605875910115311229456509027054070775 1062099645071999075929858552290720962896277905
1420799982994340668984383126285092463005173887 651037783347301792641725371607021989323781976
1120724444607947725780293518784571030946249811 917143196783390442933563239713335988708508566
1264874287581289042574532890704391001378744301 623691798102249277302062690308440236526313288
2171298207393218859679782621428720449741948008 1065978900339653940791216763152931019217208347
1835952691075106825086237737849696567051360266 294131324290197074304973254571148214691557320
1159386113451158139777527866513472279397981718 601148307032427466253004458595211339946480850
1724707910815227176181136737009805863263368581 538182469714460902073789971837634390603914511
1410363571214476801929684524317316684966843299 739554233418657200642991937797730914629994999
2201462327444667706018912571008595225191370558 805061156883520848609457104839063523387831080
1155497087832686193693082599831706595927686842 792986976637833393053952016901718765306488621
1809813839030432789576897583337843347242133912 516781927165631647067839338837446261809022188
2211735342832300102538089162411061558498863562 831992893633553593289234382607080945263526616
1848948969784912956054044408351406554160025074 121447198810055545999840478650241495423025930
1566141736671491364927348436172228261274394045 668017338506262608804700677373674647669986597
1566742731416754572865272142265756047196443521 434495613406843117933756409711766798469709722
1479562228302460202893857683534600312364061439 719016301236390290100270988123908444039595505
1593042244618221826315976418601571127389393894 231819307938493587527531919386178284279677999
1148538066037046597334828566424220155834302862 768543726624629419819685024780375251289433299
2035642005912848707341289116065064328581452838 215734258974089447038684238606615891783000215
1380209645498093926302484915399273647751390906 459543696879233539356993525783243367251524667
1968056293897380535193570859585166444415414777 418547149130678133785301978047283173489279952
1763417291154345209903018315702301518317419579 765087876133125919432632483228056104619222018
1652123747037213214864916076125591812990544063 61177234337256486956654147232417709618787203
2093705838321238451300023330804245716634604393 161670078426330302052828327715819129336178246
1315079292296348736404308947705462683485327542 604454093610692357897867100848775891526605152
2079389859877594460595883465424285383241617528 461705715088709503343121939477546831153899895
1535392830788535608024595831094221325601106713 212412716187278695861025738119807036162376828
1913310624718991692989183067526736496269605095 627918347293309297331879681761431089572816583
1665253340717764013484624916849959502357924659 118771654212205317378622437134013629160741053
1702595098233558647874786368960526900453467751 407126070810314566787065337167077994652660978
1332526217203174290187847203325734783527952545 1054442363767407552180351010673338567350463358
1309306613033576014030006583784472201474491468 1031886751304563980754453538705069835248091788
1619354253530175369737893291550212927865556886 704331082070982517415669594804375666465433519
1437557361504174546216678737209783285223222314 775513312317578450926118790832330227330483791
1591959912199807843376847903020126759325989916 956033305494206799038552452448622931650605878
1172984379108668335146319050629822365343276274 212291691768476829160998309907147124820616786
1766826043924172444957807663514440662830595180 972032677410961924819198751698778448119727686
1245040538597042533475124300835547019701870596 37495390656083629253763781639089645357999173
1718951941851461105318428053761591422223332236 279191402854586609534836633703866181370065594
1606723941738391128180968057396226003828736059 441151169383106318928418366237986408213034344
1261047426293859802241998709663869572144820828 497136387360660452965320403471630241956199395
1648930823138914472872110068790752880226079936 33456666784448969680289315418679486993261948
1113100123929723512877015872733565514094904139 848054821442362582189998712970713313236413618
1565510614191876393120648338422987955729326737 941034450995345620544635226106570589645926635
1454201291389859095757832305125990690808350856 980660559509175866764286642782487234557724459
1691344798074512952067636155007940523927555986 507607645497789801884032419492076816747279601
2094977169039091250324486035464922956884205629 438111013013579185055507724419211829277302056
2067990891732373445440616169202750198098879877 999485606958161548223181635596724847454232984
1705136041054523770174381360718036155031496117 4238579851836821485215895408088444181986342
2137484950804706581312901926666073187232703273 772517381631618997644802773447190532971860085
1785020645558157938629225112485853786624020685 887831322047866109082672853730380318093737734
1259721795446561756967627628146115966453897616 387753845493151129719946564474665261763657434
1533908345453599577065165964015313263994908448 472612089181893997443486892262830111119611241
2213661301016402812012431287160511750409294430 1051845238363413874706056543453441396168511337
1351876323109634906432403084361732118570793317 258216133145028229497305319238148939732014055
1977807510859824456373842684608896733789890425 383365043546372259021399142854059242662272814
1615374960616516167896120997405606961087861729 64277892301498122584621401999373429668344733
2203238689386138611404191159383057377198918412 306923870916394244224721994982237985509884480
1409323171107680052331354935619558187931571312 815375455264895700783152771486592298991152824
1708006520829568098893078963433049247437748362 1081035201405824875418291135201632560500300780
1575369602437240578070772883776373605616566588 812269104317524303844802857228062933629225557
1822080062359182177856114599944482242626554584 893425641793917211188394136287841203936409496
1404783831158199264562865956297870722073875213 14061198707431975653632205164569870721095468
1347905620883787205019779419367082285917795826 129888816912561880112438978782706739019629043
1895777768004210364702913552614762554710076067 962805861299378302184706739293922550437455389
1515736041999740806437405585196992222071620816 192697474041128189518394157239440596597813702
1260459100174852759628601702279065091046239295 178085843601537133921787258110372786254072706
1369662826948658161153438310986025179788999424 928766359704213863504226483192882761021064153
1969585810804125701993934203845139346880737405 388267215139936986421642971343367009175323072
1170709020579339657998949638104262665754617859 523133597973270933684492691805570033812209033
1959565593936980468895593880022652392659337682 613492730258347299524063548687689818694375171
2042595480565522194419015420996828153356965916 945857683968768963312367055114820947738540445
1163104609919276240608860611769401207378744918 849290782334956066234122915206839680525401041
1552279858862702724227037408367110619970889929 367205851200995049976081374848757100967989297
1331558129223527766805946704236637734870415657 1063623248559690192742217364102402986552849210
1407676382010731967868197765259387812132907846 868069951096053813636832220558932162441379612
1215994288239712389789460353066090201767777430 488311618481332533430268528649703163276966983
1554033959339430291987229024382442607608676172 1066559188006954637331277610618221911980619216
2110795102433410344539946039130363289686784925 732552105011924302460023407796821206108718666
1660558590127190261260282593453319748176100874 498885190613898106528714224713282038884753510
1834887533879230611517778259661840503055420769 321728538097419754734110123044429486443040035
1257432137208719382681247010586428131501713115 1069625910889820281423740582077980781454413784
2084913707912581330603255507216590038392484952 1019275893714198655437120483290514021673055525
1629452729848933431794016147504997322870552964 1095298787912310956860501889668724507095436810
1910998948689878100609511651591463514489879739 337506675490644092836143686808733025864565373
1853312777876015227139516270164261210138085384 557517804347238878907979723401572043702453341
1892949733269951310315719286390487365689318626 1095950581882797628932899057340816080104828258
2066927759852771655333432526323165218836668935 546205915207135065612946256763816154124384656
1858531066525658776679208317598752664143348232 218495982843895121008149937579401234048914207
1242319976622595500690301987872921503065158682 939555953749233824392814675141111611670965505
2125417780958073056923677654363408869394590512 78445801219399167780943598732498491544377505
2105974224352893144466698728983015981740782711 957206518018486580294390365987692710863398343
1165130271860987973015132344111646171077203801 857069884819778575737446174762941751867388287
1405896579551406514714275238801895513907888700 12943329228446398940562125835111755174849812
1769118865187628360936748321620983205205889276 412541974502338150183151389523963925780769456
2134558806698399429940526138995966323311640369 623161696695513342574997947404407815960313042
1936219071698039248189659486339045190706282284 238617006841986571832892024512086438455121892
1926621799735738859523296449701581775298488197 12528872695459393386749816780886802181328378
1459878330736278126275470622864321356819413484 160204207026531118746201349491393538136533650
2007042388661633937791406194274474492635558452 716967350702983414317891232939753388083179539
1661193216855588020721216653584860345023653044 125707014183252682673016116916349859094938324
1746592242822220071877925161567605180999601705 1035945966618393395724930590043237608512036693
1565831373340755336700611438560961410819473182 676881195002734986940970032182743191942019989
2150275810855158349572174798406471569210265677 353009049669264693753464148051800102855710813
1336039922669284823533177836723900652766667076 699988155951187520178188189954340841481861573
1937954267031909297699087249552735154165958395 1033863097743799525809089021324420000682492753
1764239504395041855545540457835874137286599342 316052988930532684024025488107923718958280269
1818998694855869601675224621341790943217745108 907295396242096818653826446530291748424864823
2027541253516486038843292480515345947819183814 103546237974230858055099288662271722208542767
2039340665537364393942129485119673293743952550 483348943393197369298947379259416510808142261
2003948431275171251845751683505112435447906361 284867061053591401866231333663846097826113354
1282407647813635385681461272301417776268537182 273153974961861617298681717129343011224470778
2148383925574961323094659535135125805682448913 255089953082190519213984621019027974808414731
1779259609772090415482693197340309226996268400 484826094426099692736089736221995540613555609
2074512374803698112894055408677513598761123767 325486847879124080872710003744874412406690272
1259681176041555651518325210292349085399674498 274040779200625662490938140041141223639518484
1901674331205000365115442508510251750032039302 182418710173949000953142170890895650760933567
1436585500310950661940410547303201557621699628 314719028095084233642771364312094343805640944
2121872498859519335054916100779078821644037944 509122841742981748971396794943675036715831426
1694745629694325143476199265892289812325988186 213058688888615917233849108634753635392176285
1333207561643651503927734818727198815709886263 1075142935660512652835325619180791370232942361
1967855902232354606442588190970435231941282937 95121288665178780184674048744437321851671785
1356859959991082594242438679500805294051107040 353427163976195616609018662485259956466231577
1216214118871954625972064184840813153214944874 1091053284282370613251017495058990457763136375
1616948973873113181485538336938082083226214355 1064669530035115124583360478553956680065429964
1301382117362558097389946583675137361959410027 58158332111037036095373557900464187492791389
2159073443862525415056164148163142848669947554 271603934237695063928823489078035461667011301
1567859756780910922181217833926877613494434775 791098991199237514701050972427081797168689899
2041285650600022525306052910879107264571084129 437709096479753545239730242024199315260719569
1499879010388581896323956204175176579624920874 925266020744074997304939785605335211353187179
1593141061028171837580665357023904677568136755 268741644631489768234395988260782444968726171
1754852755486756573821829483903680277655286734 1088250275230111529463505986674653071128663836
1173708755058018012874929616319346444853478247 1094599740027828156988009401219430754789899580
1324620117330740895162012250360876909547090398 563142949493456464661778822204353105618803899
1725039070580745600825549751540499873597512273 232121589296953820857168434777872930019707918
1332557167300587724479809935592038593506076288 1001625331988658505780356937575263019805355349
2113460507021880871194896435782314845630221590 362004986962339425956610978085943773553000169
1544107100433323017646335478429175257907632703 811126151934262179727814439063620654817228955
1316824053920832991113324573259132090160452208 3312285505809311520195651512859942388203196
2038150509666201639017737033390800186427862917 215716690209241473577433489182706100189360093
2156098808694338086282495516035582936507173159 715165069253041052616340768006813626697553147
1674366986709158303233388187977352992410998071 175842182319264643198321742358849338892756719
1236910423687499433934166423530170369306695986 151759911142033345814253635413173866955857546
1935563493121225060125789375021273759694021997 584576076635055941640736812143622160206268522
2016594395199198004645189621374047225311764853 716184350547845252776823297182538739197609496
1981559207121848543064556406045201277924228767 571849189516240742558813187307808412451260942
1180412157169134856229108185915494766858132764 774742013668707283944314393781053749524599982
2123694672447816953275086880402728228396013088 491771183721164460238678464730288356296635195
1781390688276197152000971598009844850499290611 876643961725578912863511141172274795506675551
1954896643140865124570220808169537004160883995 393047415997369058653647164103334611810023600
2142481790271653309944292744395393708940962392 633758379718952701286365934021322451885379058
2146186406946535699892551370090836842548147604 733440930198541067065810962849008300267258079
2090796131789492447508570624503868169498806514 464850678999446170834737680242841259391890500
1444183356712343598576250181337032897530484805 401647904322426751329054665317661783567868036
1277638380485721840554251669719506230173616105 623620371365896884903093670358654987388634804
1308241785690802690126599545658684224646633488 596241143320212953575225404411924777161549538
1594570947271831525789087587798721877977804472 1046352656959257737832503474836857167122801697
1417000508714267717023772689387719361038741714 316352650027130417439515028364485575102008272
1986639583119158029738249648464958819652230883 722616390514890182545874563392981047578084145
1861646972578447494109026968703192629599485463 616531302522407081508872722662946551118437285
1717492037529882282418004572072930870014475953 1049677244118641759637990886055868356662616670
2053948722581508173741343626483152240827256309 537075747625909373893516882101824904989088516
1193287052431111679700474249708977732367293385 644962621066513541927654256136138503779417502
2026882661905778842381748900136045826036285632 323608835637979161845825342756743340616000565
2130865570476261486086660168763011768397026506 779636933825878406801223051780338390504335805
1847090814851669030414439411068073374923386266 585824375198495177988394584309201094807587797
1841134954045451302486732466656285566317440510 42258089260387420366312559883299667460031838
1206275162823146257911419105337221816996356505 825419213441182939687834138652022634844269840
1653596137450785086644935849603176175886407945 727763783452553456977665112810116446831871347
1789619787865391700448921570362985482633616230 867890071493701100455545427750500514063793722
1576848038747661370350709260441394229608938028 910894668855575853205690337550919360656892086
1650636389716347473407172429585613894229940913 609490438591499631197410319246909942266127888
2160146377175595010475727812779780533101410711 661698796905768548494652367035345836185851538
2024777810280043418930639871621799154678260576 758889697034495181298478851244144031274262555
1168719039740104452112235120623201462968381444 606691123851710298647385418037871869340273976
2143888060755725339788855313609818090148517201 10481229834290188811069757089643688745897202
1938530650633947342197024395624652325669222141 101335731028503652435705732789984269977515938
2097114755012591481212756832225658409796305325 768611807039971534532090213868413510040095512
1953429328554050543030331776889738384652076578 958093512570994636620479341094106410543354006
1274125394014804212452419310621204033782824374 301959083947988566506334137431036538604030209
1860538775888175433938277218490574912701059859 966791591211252497930843282679067638737784442
1827543846420204638934303523575710102914421941 1011734650591366971365073471370598330890823142
1136322620656393831888756881727231592134617586 945832735133563054193284530498883583806020609
1140490125681737443284703328897190919925558170 1047471233486436443342835861092133780836322626
1491260438497332891675122728857561264103968496 634647073117581577716860417019864120996236713
1776891172061994498955711985903020372319760239 363618309792645565211392351269543456683359265
1525637269030112157624446658253941262214572194 672984157869308754154116333353230882273996094
1891320193393379242983054627575291635282161727 43113894389520818557047152835319299018629439
2206673434730329699282750219576908940275322919 780635816527975952064071140265247106852468509
1234037131091204473575448992733624800705608939 567588066680535807041680369790232608684428103
1867215129309728591000964594136955315641814960 58783816498290345883318316825894749807484351
1483160763389523566212528691679472823879046119 127475217079608095390048346869453333117645413
1111887889434338729987361493237320319160977412 666594140630841215450328201963755244375486081
1318529638043508980457724935633076596976873686 817957719191120157207629939546147668704075893
1173932803798107640306808596557849427810390477 884765407474000534030811757454213618844025023
1602176112341598265097442712259252606043007304 561164732814430694212835350884976553019096937
1133613538072236430168497611718615621110286154 508975294412402723776906597416083859177195867
2049614459897454719951595178746174433738997426 67394054698368011909067242887171749727867609
1929674895297152989040133673706305761914421757 120448229536565328257767877309054371821259973
1412147106984417218594616432269656370631601757 195756387208540975732788434460984290312822996
1787572731045353975433110841391402055942179115 32097097195553778882692970387166113481207741
1225979753679909127440976719017670380936457322 992776932373238712160051277870876327563990175
1595243325114354300504181317346445677188479931 956483079948441972070978959050106671585359409
1569344650749035456917798709302012880639622175 471016568065250099988130032686419455594911488
2195199345870541936849653259693513282900097991 170858456659351417847021942474891164901522920
1242780067999847038069937343960652428212471051 542656883506987976675595801793741095381524108
1269654616575619216048543416521003749195121287 898868387009411443995039732608543759759791109
2183064446996920466365367477068017585858618153 821643718666835801260449762417656789141571068
2075379240314512692863242564346854238488325473 970815092021323954543103481124773400889374543
1723724766133241839031104363916432540925589388 721746139025814805528640200578564389724181915
2197712142829944794053615298392159804442748333 676521223308372206771040836235596151114377755
1393934936376615308045291317472555947988539307 254418015759923892112693916309862787238216969
1125990769558217515616749612645643659879650512 786015001314292705791397526821819747865384807
1905828037922627482456655582116204284425940139 411686754160262709676648020694231435797930938
1789413923235451734519395520264295124096895009 840988740810411801897942552209735356642667579
1641052773864849864202589142044320120543915742 274742983956986236142427139220518457182480310
1533997715857155190419880215051259255104556735 621746136300537874602168781071123759944258137
2201263361938413475773638284117369635184020694 189653722390139564040571657011657984142647837
1231010252987795639255643148677550984639106020 687368823512653003302305282138914028582963200
2057325540815468895805540831759147592829314431 966818187781141048403600676502186558595888395
1252351673705929298323499480861009012833886882 520109079774377747574050936524043314514922266
1700717501482460197209444149074145738395915719 904419730669836752553601503643201320591126811
1718665812842162302426279301830174168011031564 849022314871161512563416493850250906492119637
1298166471814838147803158334385498466625889643 766219078141644147387775012858377258531010012
1819126946897049693469195830727186489976874702 774907313316533939944029654185556911534103214
1924749467344163934587105360433729145804828126 1004504703209456239549906057000825569050999050
2080288855285128148517728375223391680712385667 160664167963272159714508870516542537183153928
1291605265640728694515529029386165844304530726 737985382757168475370299709625947355416596861
2030681113646551156116472103146383597430521374 942755478112707727102218396222527583321482411
1541200091953837183684592354671538556903033909 223825467582125293608700944202991370325642882
1663275785082841746206759316295156191551901837 474349323599424628834629255862317135510150053
1868826925455994761628752364762441873124299814 251758339897711186599756510302375309814141496
1260816489053037751813892406312452326457741614 927983157139105814338878859523982154431508626
1326102398905752887445935995464630036385246654 703981448829017601075005428741885279347739799
1126988179096979283629512067960063432026759641 6779383806828879235104991039608001012315870
2071865239323244842646182996088670685374778444 321257562170985449147839274224013588852691922
1890472206045447656830308882054962992043895049 125299309087162207241297030665527109737331010
1586901416663345268169722200515714644134535469 16343864020222554900668498991717307123197379
1607785844973330054186731957450218268906921478 417937388540529778565516096202194997643198662
1149181578054961387078143374986452405546044779 601892397846505556823208785833649818377534884
1820065605774417637214674948255943634181679249 194324372549859837545326024039581676417801946
1942454919106843206359939741591713289240753295 920922732856046289858729481821320724787549746
1249745981543025053963591787481326098320919767 606290249441341321713825353693308680794466829
1842020555067060338344107967660684973206771469 1039832644796115091197874122245175615379937267
1305851409842249328183622400438602749464156232 341700122359737862266437294731440363237030218
1318802340543458334622644001947683505128771385 72717934187907538628331884949418898091964071
1801808278608165969697588560255452218532706046 1036224963490657160768208374103044803837141119
1914820095478370615307172628166283445340718781 1105470893725089497041347764097852136322629495
2096993684878392496357706366550337160257695954 2232154977000802805677073645760604827634118
1381952759806139442009592114845038473690383417 314181710010482506087457160651492057582903740
1502927273418494098169016507344784502763491798 284961279962667842101263874984327504136112038
1239284193070314726225109092572550571804654489 213575312259013965745857657158153852662019613
2018434103465323364200727995683029590227857123 653847319330318670805901462928281004531648390
1668776253406120899488221106020367993933640117 308672944385089622951130698798279259378128013
2173970559879741750750029052666307106091082020 162781273923248228992253576918796889749668179
1587352119501551227140806632336616031955342042 84971162089533516105354417445513934374207073
1131647011814171296195937530013080480026637067 890419323544202219671681641274470768904669755
1390946358274044608481592041940068442041806616 146483061826015701865675879047306550531058808
1626064370524319160831255275290691964775128873 290736228263190907539109782170798816575284500
1363385209636267332189763552787554356239044299 995710092790040966723361652056857980706192467
1556860245759414833104004716133820800991719911 110650027618692981828107779097575477057004154
1268728629972840992889028911409432337983650981 37830179904667286390638141699054369947832966
1455333029615169444737540079738464519803967320 543135424143619778327739782769516313888843731
1941788392898727722362345509974706103245238859 345145277881411910013212384645664182256432096
1478440713411588019898993856445778731918275556 797435497930352309492960824448987823879284643
2087523650247265086476317617504660116602783657 77618938477173357923993859558219662375605618
1712498476970628876210246408591555803149163351 170012703612598064984473981504611499652725246
1409187334572592955966402205701869910431040334 416186135139134170352458435173145674995339290
1733463450089462742389485768065519387652953888 135090180041284947229226736531577319500398103
1600587651796509722632869252059204373933188413 340048660216825714576093385795887636424316891
1694350481534404984368427266451874315713690252 119099002997996518185456247353503763704815096
1797734999744355885251589564268580919578807664 281469032001115152570942339573886013912659343
1180120769228641010316406829560985138342293862 75491172789381510686839091487630192189139563
1709294600810266957765411510708323933105423027 340363374279373788566311742387897564982063595
2077618194562395600107150490624251910182645090 13486540112182027807038844364989856568789830
1469332200684081569784709893987249929230696895 281508814763238727354138734415973318553292069
2033821453521930542235110367422202948389237271 347055658475756216344160518237608256807424223
1804139320572432892475101827843905598794904066 424280108062171817405595135892263377900876392
1887248570850273134393276891469173082802782872 700308560370341200813039701173920867079017433
2024834256778832051559035024286518011422717160 6705146436375679513927935932736282360335347
1835824644380927676064420233109719985467483543 399526103168499703952354831920082617574432811
1835040764190338928437586926900777761225689992 671901852181514956720991608789829375829526575
1332925798845387707358595757718942385477504321 489789244336891547624750713814469704380413518
1473802785432060883862237763396344563611880675 530901046838664059972027469733394292025060657
1581606515227673316689576744715236723679022267 1047918893251301990074728606215455319097911330
1402191754447442270608973440628088433246989246 586513157565688755502079949720494000872428827
1490786661470635676361436337554958426285272844 725479402219804830799775796989869543427195216
1785086395319383280625033901192003486312224714 289983562255722419375356450811676520407455205
1304036047551734004170082160126851993778335817 33758332198737375934939222471911663317562812
1911148688446783050607924092489265392307432106 1047077482284642903408545406672914369950478169
1875595185404137738707666019431981041659089815 970973194180561853788887857681792537538228189
2057254162549768151679311619946154270740901741 511850508170090642540041728243472578806522173
1261096947372134034833802954009640854272380902 245410380545901245088436513753064126992657787
2147015246860807132883754327643919453216432758 272947964997423585594846550934608311335478734
1542216366763253492950940424782651445119444698 547853200407702614125221069037801796758778552
2130504838795610446275513641583276811755801694 340742472747247314128132592663302724409240311
1883285755681458184445249908038225968088228538 108156251835268878472167457933166421560857283
1234932795314858194181992221042479168797545206 377322422127371195240752938366705572387196566
2010786920377930407182540603669414296338152045 147531534541253291611843047431778654882702050
1261652940564394698805100858250293889496327867 375350619063428805989962498136656807136162821
1637557898938543648614212734813303369196400004 548376615953603474403186053991686146016850263
2115334243076904711367689808089364917838243176 506587272755875114910589650837941154628043362
1372193660027451658275525191568411352157758367 977533356462416741850982010861108020447757580
1886738392080923136340401950698823252262602847 186117322326236196666784437548193126054228416
1282551953095187942919429122988828647149249803 123850339507082471307829487726259045260857714
1605438231125807308549506276605884366263277831 981258539912068104778849470282218916781415667
1618541785629018443793501751936260498203547728 435249764579963544887340393936347413848201344
2199733265033491146898862771751150796983343624 341588910823109765669512138196595370986819342
2091954049830751182157507207314928687244790002 615631191097662734422552931837997410572922572
1177083723630860406527697447926069746844716327 877098208636436243727391592790119712073218909
2192220407530910465910476928172841200214619207 995348059107795005015775493765790266128480131
1615674407544074192682369069926617664160849807 509187031199514493221090762241543631188837528
2081346304507266539331681603009810431292138309 389887925417849335377155282583631325074852861
1847620110025577272238186086935353279653296545 542530867641539546845166963279113460550717501
1168374460996429255444285973778282628036924946 425092792135815848213193973096011649518498866
1902767099722435128236814013834841902917041492 295174732985348437924377438769254672901707940
1544850871248544396384516125590688414741932494 1017599517111497333011212020487250063845659215
1185821463932688613290677320738516685280399712 740766703784912664145537555094316840194854244
1993237678978605084527827907393182513679858977 429244632433416325512412867077735849277579944
2138984024577488605460044021866130878301079457 295169275709112006627596902905557112017876011
2001602761597050435527536957917637588928778840 741204573378988899017997543203688426181900102
1800755475854497156098592850206175199244650403 34042200475840533864123219137251302327580041
2202876703467715042206633746845245832165421318 1089975256547364412030073704791737558493532337
1540874895932013658729709427046719509242407095 1081503427704875303315188457065891451058868467
1851042186653716539856017564569457560700292242 877050419953666670733456259992597019991256378
1212440447017739603061165980559412004982590311 295178406262357941797310323151970446691221318
1512163574362983156972371551078483348905172092 469116375809462496448753091215734264219405732
1391513964888849082355386988957398212530258106 355635075711383672681043291908290408274460899
1461488786631477439427063137069402006293614404 821892407612638728864571693496205928201096156
1730458409270596765025212107748420163314441951 105944351674040569799845222154719304770363306
1144073988060421606983904220028023308839759639 415377819049858759665640407156811916887892674
1886498708051880610560699238702165644522671125 189279248627181476345898158805621844085004688
1241533184714631425809995587538398328574620440 173860867487203163840126602870615344961835500
2097992145400845726947024853711205518893308684 287878961175671473855160686302221092493421916
2060225612902087780058666862346274473036960254 464638492666465231785895764266670146458849376
1486915277041320300930410459522136609614658020 945378446919029508790996636722497087784788293
1478917710329371304174913250130249504384651601 776398374785690650215304273887711644077298267
2191020481993552012024953976281815078367813243 31535693562527440710590769202813930935932633
1806116953567628798526805011320502628770596493 539419225627139899123945586672225545438165431
1999431242431803077653594818098824569436821481 652132804506174723853638508745972536595986116
2059860174100129570417626347435399108577064563 945408497152611396803264061877192107071580252
2079067657141072910344339623510167050111233545 121350113624867201079509423405056996701001124
1730013945825056488876728248811757586152616659 1096697775792748219481601442906265814392331397
1903396769142272284130050489403866052688428211 958397161587995251113359800416570290935599076
2026663858848678974683829599735552217156547656 793130645183730511481365845691802995350456132
1175575749744329699287517765153075585758077533 1020801395941857900114157858744517554256838678
1111565036988153743427362687929603052087039143 935425527796895073142446516044483021049034404
2173786017451264737279626444047819153212798443 399556763752117967684811258910898153879533513
1754817580899152309028187688813498606976579768 789268229634793163681213010942681606479647554
1922126654361107265011432342762383614031877215 1000742653039665839536118726855991017066781062
1576949361546329006597665927007220749285179827 116457716883639395803373379252483940462078126
1366016158337130412659846329301870260410718427 118950553013276686353473826292096063630478182
1307644610486987893471061591843212382452953111 932282695082858555008941610369460810133124307
2208582255357047340656471608174771357405239803 802537903989918051646103567248480608667976177
2019328312689213876399809209675879548028886923 929361413055420023690217297053503893365150081
1821162682153118932807344560354513016591626547 389362744125752269297827110876914903753047093
1497015910436462665229847250981045403682701169 29831226102624637871634227027297513552615306
1812995587095456539221430392159191620967663675 731980745149377062434160378896649671061705279
1179631271100666228927415587271728223897427075 131340501436626161539701502914063829652523091
1316717147798006531314787508721085765295911075 389540456377356842606791741791693753078788904
1127236766946819432188319922464809437106069620 586160005989909327819089542844318218791528249
1694897517367683647049422642297610841144141497 474184128708503249842120861165814143071815998
1522719526891815330191936299666315601011424539 391476943951697617526037620897238087987073286
1857078381499813456754686932452359963725645997 52328813543725979140529867760595340220005729
1342660529210648388276697519211969533331899108 779073292041471831696374167395225181653006767
1367991488270659000731121826381443750791203397 517686085724338918778435619894291921313877351
1741870764369253024309968240923382694931026050 786816590131752607855481658207312682833444915
1240673933139511676475742954250473156848723281 270332636920418622927143398118323074876728712
1942770838908987655514160074218558305270049891 912901868279940119092287578048722147813420232
1169509511195835633026167565285102073066410052 678296787348820642021153121728200662198437367
2102328695243557427471375170594047081641575306 480093675595010285903755324640092085745107916
1408440335854387017098759488544148992766839843 323454644033489181398978060183702918361259756
1499002281882501923065088330411783220275475283 754725786014714089212143363708528037960886868
1299366083199554716397951428885763380410588044 497448800031134715672551498386160839040928711
1656982111485908153889055877236859520429098039 188768070183124676415115754035134469719279590
1587696226372172176363498711414867213730403416 873259569762376852021961914889321459888525991
1442554801251336954233012401129494106819600718 650002087051096230986776562463035275243454613
2119197557924318499869032060933457874233050620 136863549219282703858338384843042906656276544
1362989761300664633247158582786568892599343510 486367119179258887274482575389351161883111587
2026219731882305033668442581485942946560824228 485904015642602888105393748587012007925299809
1697502574759276733997125613533204271392944508 1010902937971714042367595172232807224769933336
1937048584941877933678680815433116092596825151 31511625484927869932611091992192865244875218
1288576157109342254016472199169792695168492452 884979091208437943357918367402685296450629576
2133485310317152302449645209198477057378580755 372899629412544856131514629027869243131808587
2059593157062757770303416627129023460806833304 832062029073064005116929816600293342657843938
2150629265674125206945944455637136488012564910 1004910306537987677452866761910161706454921865
2121355742052194178735169879029133062820206469 141560365007983159224659153526859156433330649
1674699075523960293343417995459941960556990243 835803356990510317032448284299538684238552394
1545468687342918223264534139828649499035185243 586779523985568299551828272177672021965242879
2124505102935074179240784022976091403171208074 1010810848914538721568116358657158140715935199
2109865222302883702980622173806442523034100952 172349077245248076457977962307367318779399435
1779467794485402744416765425193499262943765517 210279194683245850730385817846478947880298334
1358859177408772710544350200242366475372067371 900586440798820214220900900414749774690527375
1216315898963025688620535883727983414562685013 958337440091791572640906867642498161675833056
2074429043807195429696919664177358362764364194 628229735680936912567280653153925127981091095
1287522442842816893179887813735427969231934918 650042501253324188462095468857946396405327706
1476111596288149523032156875706617301902129513 900767091488012298320804874282332728185490350
1121412426388975655645059521340037369810782392 530522876874748880694714694331021127697307736
1493438867792221174627490496859987864039531861 347038127837641658951817196194224779951529914
1681849802385748896295234123322121031602080056 1084163990199489693664047089972555634955946273
1648768110563505445194652790803789304466988305 203797022403106273835087251147039250945477721
2066000176965166091445040171583642303651080904 1077504138287010076870393277462890604063198997
1995701768934296643427864711361423808597155914 1103523600886131800341888856499912025807176383
1799854479503454523944260916531363252957526917 446476977449662847451604882953937849044091369
1575092605763636720140315985180149253708269947 539004718340762511030542753102797698240061890
1596725320757988399925610138426382356252367924 733997516662189059237757042700354867716208782
1378037344800873964751947131156054474123374290 587558018514694779595969906366747328347559951
2077306298045728831390121664484384353783390807 302657444549793698505542238103735650153245370
1267994849464146590223396160324862645830383602 535499313833277304327276912588529785793151356
1183631329460225658471001169678371290118908137 24657101871758036373764066093489078986927785
2136885302543009564036399381247982556617777421 838492840910856032377919404246105224877982175
1977795460905983131242794599024220216224929697 273479923352028179520625224621383655713003012
1423771085601074295034851057683471243878510444 282291930684545002344304196760860514003183420
1147353018484570471734725694013528336885764655 434264156402648167657637930182272924994374047
1794531367347746342481528220121349144498834449 438756071905492148911757867620688788191421611
1512586847352970239625142474072827144847974477 252330772824355436908359156400968550473546435
1819547925325648253730878522097392282544203513 839412729665307061770613302019028003154318428
1163388592858208522497154047588991486484057846 517149273277081205228882221237733442187840581
1337533108494591254560365546132603007060351128 259800748490538250649984777660642735622015111
1211087379395460564693407447610006077098326793 733459385989896101323475036123468987522515707
1955306760433253345513107461126955761487401896 578404289908585859412528419012138578251768765
2043008402671679047374543107700807352164971484 227491114340900982706099713912768154626087836
1963729654469578262493176134560907024447280206 553882572322967919498569380034190757740230151
2152976129286678426424396561161865797378764018 420645601402851516588825523848436566552457027
1272237883344178990823043596555741760163248234 1058653402790611429496817829551711825509963333
1299795299171464247851835798632977943653948090 1066388853151068356179608257576620063715802308
1522890625328708166039750939538386754939502128 320860918658562310144924046251424416963307174
1899723402455994774583075692453700162400053800 826669065212660831680325154839777488361861800
1895310876173876138683375565656762191531422540 62477297583339351993867323320597105532508480
1256779487028407592005014119442970894178075121 987709138821173111928319511667686435073905727
1252988927877068360618460483112508619859987896 163655146830403072454760403597642005403493814
2187052957232178527228019799794929304700618098 288915253181623793286116132757445849401406803
1257093579667570037311005246488555115224680077 731336399115418365452868344211498180354959601
2143932293908023903916531452007121013970364791 550348163118710529772947737412552972810795782
1969894765246663174851758592372186669730711256 196470739247724010193661733216651090837111027
1372717992947850896667793473885137403527545046 975361303521349697958670799613263803219676610
1706442727577688256165858923641661473355594117 733730010321073832535417541192914247471763900
1476890130241720462359768715349738313439231537 577182579405200562056636403225521516982748087
1525687695940432775057491694894526256759866284 707027758234109777388763463095343448024542866
1162838264575426036914018900865829592042533129 732820721868423493691816181571893062455984164
1573328896143228414131021276670638976985825980 842594654490267941186388959395594995963344950
1415544247729667197559774329297415553913315600 509630329172636669896370761470785679731982864
1912392782854125353578673958710795109949881665 95937355271752943084296281563752331622166084
1967346195525001713534499519538491491862948697 857592489606711858529934155481231058183087311
1850080861603539074737882672405621357961492602 557513392028212982858144883700014990439910577
2185050972483327079640417706261645649634918473 986663310858405458917897000579423868018735688
2084781723002743610992985788547109326485939971 314604816248786455387725928697597567383557812
2138047295507108904841895263426586053226346771 483995764572548242872160679842601061676927752
1698601394338559012715442956941836151161665787 852130963383853490200216091812897186819980709
2038856265833815096775027541918199804809000670 599144300114009773128939486899726979420581228
1818021740095846137625849243659751374242700293 931470812929702564440081939308749383094730773
1450712129953831692746631977770658190617711853 127830672898163312650976150854262313295291373
1541745924263982753276638682404763451848146998 566916809285750472340563754874286601309380282
2137018887389689629086209139722890718002798994 179775107793669127254543316226241213374240456
1846735237556494614864954011976195630986396364 908780713013428923071311362765258665382369421
1719738098634588200030677727849544403184666945 410094515829545699068871042916236776562194311
1920829603614968227426036565142314072263821690 618390235186320736686102706891900332080831496
1667463182945222450421311571279053894531840866 651995191782510959548221538760378896044441445
2045889186009929312783635784925651070280724147 985902581725667197127800786790829777383600698
2045221009505038652946777749519548320776258020 657796640281667844144899972067621811874253563
1935005472099627883534260908642092641090478081 174699214563689404219898049992415744288621123
1641214228389404753448749325779385385531308786 252682483341874299140855632924039278380170688
1169378989445654159869270975174012333687011310 734866305313797658305790768083086164054486121
1414454329741171175108477541831612086186956594 564024165147239760743167952523090334279975244
1909089247862778352315738111364757766962583815 218047669937593972270397963771744875881824343
1371246131986182998487696647181490542894660698 454510661556464787241092149955184040611790605
1293504963473853947025867283187854455068729722 617201795155090213259022163556807101957759114
2107016753932181809036552891342407009032921725 357103832826528217139739431838711608372443980
1720932494407863738073375815114494034275454865 686568674482004952396607226891166890445419302
1357495736820467711784337862754416434236942007 369048946341321717031271408196969851972202523
1876075793784519073342357533717694337092560254 686685251069776072266816678840822743752793635
1135608265388699388980334899922078166062842974 155386155928679232793940067567240209402807559
2025751749346198271448152078765178679085280455 658558125926964855739384191622319176388873091
1551398091974967169211652454866345974685822239 489968373492847424352461715952372910655498403
1217493439422977764450441764137235195346329932 170429245440496163119407633648559889609579816
1914268681684409787398942395180328877938940093 1068651276275611052414786120226943465139908527
2075581397697456326025678191979584466500615357 208055658218605734894843923096379854221414005
1359803769410514556746324289568446063382824031 956482395158158863088739635253689481568219232
1462137475149429332719939458613366850213138457 385053544448802444835081425499290632012206530
1532636326537290063527628702051735738292317598 79575364638669094720121329554296038518097709
1566977757879933413230978483816860616098875294 708046542001905293240070465312596319396181718
1485143505529652051688372330160980553509352235 541138483927319152872208015347472726038459231
1916868506433903895292231962842142708303877118 605616312496356346784927974314585956588294832
1761318984995046817230861220475382362901126518 908183975995243011963823727430897781998412328
1482156327432558332494451716154164308750158036 292376909585488794489511636951281776227997372
1485272599161627461742589007633419479321140192 1073464195694206532821668703109081525183793350
2104471629130548033590066295803894224045688687 676193189666254870605173827226061858444001141
1965732967332411479377354919320510175683527844 22382179463540824430785487963489658448322746
2127096101871441744170696898029958397900440107 287052356467110044523350573861637230728747483
2134488115281529752385478712404744255915033303 534384937167059680240280672271211675820079329
1507812866591731882987406015499834352033703154 422212633885027223055785390924798733961942723
1750484090306583284905287948567119311908265934 1105305718642963714903295757855432013651743779
2008898258906584091881903258365226860592543786 524771440285806283869385809263326291926767101
1387849554100027527416670934912580495720277044 1100110845620560884444842165604680324357056915
1370599584435058421905942455427138630654355376 1024712321537727073250035353811957242142350173
1259152440969035594186113796286379236254914359 85740275951659888630270615636607128182375637
1572750549778432977656532972848256895065648177 314022525599208612339312319412903141523119811
1383075750272173012823788301981996078869620261 864730551798452333764464736632014828599117166
2131938339534612917619107110880695487731318065 695280712264954507384228901078142270524059772
2074415721882845228203939318488893018511052493 536585988077194638763161068361627688298451852
1479547464836670169015586204407625913003938630 157820833658981466102800265048719356774047424
1758918859520188437187877005591505774384047338 489398377894489288203503706242799393027353383
1991595528721061000421980321876410091748122844 235481718672834783801321377172737477422073138
2000132604280111678259529239038286122270883271 401384731990038029806312120411198477248737459
2169328046200503918945782756473550108842076685 206953251702257220442546306294370254118017636
1434137547006345724485451139497304441876885668 700618512503234252228736240065516805637506057
1652106646616784092017205026231017540132478885 117810729072412348605296341712382493533513170
1166943339623106720378701253729294595064318519 130505782191097186147842982585334051278682988
1692886822026485572021035591456769832119335498 50701479038841080639123030822048408937880752
1890656643010524689876815922185273913449569403 185604302736178258074485420103089174180141960
1676254046185546864613493712589449517606389268 62828294307184431032380045106068195737827531
1917525427618999901825632233058334238966873699 578127932612058765234731510110991041328750342
1500537268722902623142720559000812080868840424 1001018681528317312850342133355478791099281226
2055907841559812040080525950650611902758507606 12003643710318887601876639209572865816236298
1580086656455173790187074128982642561796705118 92465222884195885074645194739470570383629223
1406511535916560967440406449531712073489874685 396429857184913126750647417611527367837934508
1670214369227445925032852419913156586727108418 163999932368290667688138794949112702450954240
1511994496585704315070945031513084048644638238 380720794692447317093656783920290726865518622
1240826613386286801217463548352260754634187209 1060991552728147530617474641519114213416938689
1311896868975471059008888300013035727518656317 257796714093646594058809091514987628054754583
1545603678592197582137316909301733551710301810 794404609156150711528497511815965418801749498
1496142821137371104318212717701211315732149545 608533973962898674936176669370632877998274612
2200832741056828122441217630573333187772882660 1075572284321771748331035312281459475955037141
1493172614437927764642152414851527740419010676 117923595907167962547446907687447311321435115
1624796784366429946916728353568351985458542633 632502877878243557479832049767168300778143426
1398975676097325826790912046120202378565143222 604526256358282085798046215742568880632840152
1408208903319687729577881394250585643096526067 1053758571185628975629260345705748250882176724
1361737092965132025364562968288507008708570894 316755765274422601909743934907419494153456585
1184407088447620166728478917677737917006628913 907953392336896986380507329297057813256188760
1152410443032112581727907557652435673684542178 565082958370448823125821846615895085775478761
1195497221689712864376734148403525209658281899 1013013298368140159089267256233102856449015287
1459359078549587000673123520411619338992433636 304922723825753602143670688238424466341851346
2027948952392972030089189861638954479457208160 929948134157978991554567649797517313319564775
1506056707367796227153911056233695346121044239 583156535724743078809049343687862452136788587
1723370861708839558570725671811304344393465550 417829591507251071492914274454319439857836037
1752990250696414683090412749764969313867458406 154415011364809328323175096221703980298660818
1883917224885442886634250812163824545941643765 35565616617182395348652583350099810861874343
2144212722835093715656931405401583183270937191 822630404533176788708302110460929683433897517
1776816754910108545990580267880668453338308545 691434424215228538009123712380138683032889964
1318459442697105812057511572751642034934901150 972432390300581886563671012942991613761975774
1337027744411212424781220634913741998717650247 472877022194213743452189607621214790169446361
1311340894638235537594967372522882164269033410 353825391735269085662418333492125915890901552
1405288815540833931678551374092607588985419363 745916995021249205319204405347178537369054187
1521568562856820518621129351098849324808223000 678040329035476298383132646802404854530001115
1830508256869834318732301489924153372022604790 475631743752643277768366200786123820378470995
1327609699865067341302657624144234320137436337 44094684917161016933285176933825018515530138
2142708360739646343678920356656996905349395155 755962782610679647056341137595234132572243364
1315559326792995680775772599882620710730957322 594537901412075556655241397567606787327330167
1635974580757132356259504949704175121384464252 243261204922684663368772869767041647633957881
1662849313458934334131019452496654821640008290 993631567434985870518666159586116327725371742
1253033081696581139586446441016115038784881503 427256076114097000502571587297181907490958104
2203942932004836219913574147082961544017752847 635638757621950388335512889064506025513217392
1538890762088335739165880899928542593531330538 476420548819731450227843833987835549544177001
2087684619928717725350430655643184770793270498 617110918370751261041755124435340758674803367
1692580028445684639627224620523676533973366311 698575343433003900960072209956899192379890686
1665606598642535964772969775255377792592127289 399784782846251589519357521055111776570025604
1798051555777043724716434363622964202154317738 522600646977446163891684614446296276975517617
2117710977469044329472938657681972701735219040 857932468483081547244954619919745211788306609
1492158566286816772604801654287535596961136345 444764068758859281140664209467587958847822587
1891453784632650751236899642175320764587162051 1085078354912483961024672137860688484193886751
1374027537340066217490628548346041640536501903 223336826244120096443172533134756240455356057
1658462884694964882374306484438357673039529290 1046805344351559311458341102287682982799168037
1317221487318016992377551571264235518076250640 549793843563364446147881912167043748218459246
1548986018707899376464491459692724804578624283 414188326348005091532165143458985802220330617
1866512440037332095368124038076245738960818434 97834851939177135113711160386550518006523988
1407562755460080314117285547483415011389451700 315191257371253653881796880374650294472347945
1705560033707432817803148944540523601734260659 419025527685953376852629478271839363995727309
1336137864390604895797762831592214106540894175 204639181526170847038995881525829556077181105
1661866387642298473430380252655777358352143581 351672296273061218460080236360176417009467091
1559290202920017789383986854553098751657350040 1086715287221733980454588214564688950378987031
1240925491642372234504273577127288981917591307 937027817738067816946501545315023047718693072
2126275521397544672787586590344158168672032781 1027568132968468859039877276347678625738481023
1407538518155147140936812891123545880640673244 840051400583662934768621050059069460960477443
1569214092112227796143668075249433509863515772 91005983787671488707706288614789375702141021
1326234925531732098964372214938770985782587211 622891772883076577669044722577372217158159367
2110452235478935519180761892431067590091386126 1058435715434724161786502497960803683440663776
1303665165822546635516562282773413519517016479 319533588719430588537364265046837297102574905
1121617530901169690893551993231167771842014108 717490951151460082215135805265734631007201833
1146119412924683660775746168562825209534486758 547242678943523412249516652650597849121833392
1357755310892218373471610094214444309971844272 895613479209611722085733558087074319926229759
1654394931609934974700183764454032117929735820 207743595005101309220819401034333367867492768
1428080730583114210172390539764609852095932720 720811810088804609192077817169733947440102273
1872091210812343657770109269438556299141382118 472236012534505682765047483068165081881984402
1438451925540405546658385302370834726992547809 590777285790691220204751176036966686742646942
2141754002295806443253212230954079721401320958 484850365807360864937458666745337799902512767
1231076423578958196662821500330907315467027235 1027935423114676059985438908919215580097477524
1280491871774448039712081368699722439908966924 78612155782160581183600846016637066015220892
1768259767120870240081897403899016356082167051 530167523104230444451064702140972120581183673
1781538084904049611082947800574708399363234986 500391693032658092263210173140370700813848988
1819137230009263019952361617459601757155279655 514692905331455672305418013043326736538127047
1718298040722900262717757780836366048320743642 693446236790025259966552551346748173641652125
2172289406670468302712691708558708808314091100 594591096225978777439067420450390288893014359
1228241140704047579307012952930525018535918705 792638105127079799562274904706554043827816982
2034196588889485549376674591913135296949527587 388448497304068060353283587729446472860872803
2112682187706673328921122014159250752051423064 336330814754521289191142458669348855323536951
1752707894085996288355317846835682083922563633 312048324808802164278764654988351909747508360
1181863797553857826943653161257047662040206907 423390774126010186871128240905976161580101459
1955142124381633679962070208705131643462923026 797788730294855987659288518339478350886984848
1181188352957564713809128771822748699971555348 1067004019076744494977163845643309757719786185
1880488438852480485217740666438185038361597251 254580395982844667171976922773891852975290899
1356742757359819373722393721713895088175149362 794087731819348535112684731887367414624117973
1958845975558891197558403109917890135216008260 559389980473306226077160140329717362117227885
1929262182670961680576846951055905712892284424 825562953693988880314700651290828543664789914
1740114436588613036307740561580727656708355936 595156024680341737705739417700087519750875771
2207176164358244784978295192147808595336299106 909742853665512578323488559546494644770807646
1531854126725509426400940323469989180751161182 630570902724541819942684655023495505900318092
1710034995939973909174627449406875093753849423 550962429897935425553831246608122911912480064
1872290977827177985132511070332136192898269676 51428667592071080134674537988274329311511968
1157083086793523771817814519665193058790043331 958155608207246892049685832843331085329886183
1846832788266321252294591688868866306643421676 439713300676188906617145398537716625000348127
1280721900095172699251520083213795770740957587 979448415689392471099791257923311644746681154
1336793333465817514625185697615422102775588162 1044540237940565825609590098760214361356329973
1343443051065452424933399720813377427151020195 930553681449722149007891489331096709324398006
2106863294068119651382841029080829699793241311 55082855477065021075535885998458608923850306
1993478785094461643687859185406667223408843391 72447175457854925676671383936072737954169352
1703048554838910737275008336883472452466243444 495088711072994369322068749099844860428145945
1612092008629516672774003869264627030442066476 325288754940824271678668933576221125695336266
1163920031246721927444945153002994326760125230 720645339039304464795830398018140632298577464
2162512399775355426621523816756842096690808779 936510737243343859062065959160690226951258004
2020887180895943451043064578225345970342188178 339446915833374061901019787346366460735548634
1944249110787077409280144687919505083165144254 585973337308495484361068496640602413420412408
1178983046560546174197981527933521051548615518 578225199801028341471812498287002170789971239
1439107364893952131462664793048518260293620746 601575246275453902298012986697223858135686120
1237712181096330019484722447596307203556903716 1092188123305111052895756830982661974595148886
1327168446067133067372747591642498029223963709 830382399668306656344180847351941459344106265
1847788362896712719929749024462046808121311748 613543590585934282152315815527140373564679542
1246698321824517249633417535026635362457525239 492815304975572471359433379243784491592849476
1688218649935386164106913960637854904606289652 21833747888532719867557097033828816872387427
1335009004470396515193419646812873132403603815 799884306992093037563930515897968438032322053
1531043858066023629994210348588294880549820609 428387749851766046289162704751042785568121415
1324723386897673541008904550042379515325966646 995399744872354775292079680837693726622725132
2206075932522375819533825818094259409075076593 770716936977177591852199974339567363984576954
1491610082276839864890568920234621813554577696 974609127210075639845999526899558480824555377
1361587963482233171634245139020959883453982960 616711896311592562788659998392430365127482746
2083671136196569577603552828341760142722177042 268554303501221086841749578219475989517922185
1671647692409699227223309126434371536953105520 733917974023247045999599014652242655060432051
1732059306759195422467673458669684962068772708 18169642879205418445514653862602758690187606
2039128232739666131539436586340553612370415884 512165900826519535089846240719792758730021143
1329782659743570968921824792077302798989803475 739262989096456107525770002927088106267493539
1842036860918695760249520825080822595700022806 878303808928830801463891127211093785351394899
2164951735448861316773433486092063331860250132 727454132009440843565909909238613401086657917
1584420228634926522215156543752780791206026528 983112320744341925746970011743455183322899694
1706226622172134584696504103448548506414654583 167149899676549826695024779985783632910632508
1355511358516342340672586125585393880766806569 21865187070010933204722328040357246386720901
1817229518247037553920666720195227872361482909 665858325046296538602817956544768664295917547
1190726320817843093538610216278048421966148510 712641883824049770595648141228968958189774538
1745506675674514273380602257946275424319514801 495890854439938341162280372794017580433358728
1724817670039760451583674749644873825802741745 547400432818947070143665657087253348878733479
1908378625048905164757465534251115923062471896 860245130497451572250873870878099207199457582
1346862732995013021934548194136671314421059502 184904545270985950191994748124497415661140388
1767760296125487815141283258683516875262138051 61222980148832116226101132703520081071378284
1301711695210314805583337167169529992830265095 1013578962181890670329105479039543092407432267
2079367168487901825217574916354625035722698464 853386849002627978097506769927846021557152272
2083893588239632005458563643566492123034325552 369988591930851130018890015042248927177791065
1884188466593088008439795659668643359987392151 363108078649630643431490879510741548855176025
1600055515806223459521169160745889023816734217 203286365320060425790706801198548871026446613
1195143764988411089429699242120143118514630054 419658257924845198655127755446409848058956075
1178497867018243315690854971559261927541722937 120066217094788191867420199615985909518915464
1322843013191789683559355062602505410145606093 1068595234638331745746056041138227862107858013
2084139133809501725198025940429215162301644468 187213213219540012276040291968074764998491789
1689209576342979058597849446925491491794320614 807320500578511347627736232907967402891987462
1546918632257802269549434918125385317092163839 693962791573004116363352584357804463919430773
1271085836993464998366733419917780526481088049 121051335942895874567091383796391624882288523
1855807057603355032105032519912983590037576817 51189642903273829793920221264877674394385400
1930231935656147856391529689922523935419062472 665213867828525623245713364391564960261543761
1166568826322575793908919904861402629587973697 545618853370043147499485164266838174608389327
1213760121598775884944745719070461963851677232 454280571977195188873041085668147202531681270
1237857410880878502626534398738100187611232437 758905893850772636039711624551209615179396786
1401253150624185073358782253598649945446240133 432722012451030975131867185663111330205091250
1240679126480902768344368267258959473893848781 824231856712273665060026905718931673090652702
1436735488323441329966109753017851098472058060 763577666239870982035662567958508838887902581
2139962427232619099757211959044812703050715621 880977350590116644607886741631485692568378349
1975426555364282220829272861313785766343136713 288900509911230585196103094628563537128824496
2087625013615669176209099774890350269325358594 753558988478535934658264393762993425082669273
2161860720300159498834128044412731796642203477 806824919727978628245915970436567200650973331
1728806308209401376546110119938809990749446267 261373629273667410705290744991604478421436109
1166972203221324021534897459616075607461050306 270753560841772757243273985788998548353807887
1868882724132095728728908287220974642651066484 456766127777755734636395653276495384391240279
1366744404783674470271272972062520882280896762 223585864726320017472529222873842959772284696
1440812970789181451256645028170210686040674925 1078415567013761196940022934318889853976394341
1961016152859653282568311730078100038026526743 1049867665157558563190659648314426824041981105
1569088296164355719005712885941407286563521615 246530650425085789309885391460459755411479694
1580905139955119963799272606975549707790295670 137302784540758808166056286767121038837348528
1661158814699603331521454854742484066932409632 230663048557249074546396936079014682448956178
1286597952670674957047982971832669871176053620 212764149050626190549741887217120434215083029
1134218072220126052398564594501880165032588561 687033288722935889191719275036311422265147579
1128902735361860362979313382158468947105272016 971670492674688523409264953583386423107046463
1156594919054454800945791281706760480980934854 750840540652958096415528978235029399605792317
1136456003386611251485287977536824024287980535 646292963949758426048209217685675573577648305
1582076833057395531322803976087045074644406183 171825140164157666097930087769530306284231832
1230245390807987810861691716086634007383755539 34124164380409288130260788790525229297381630
1259082540692754774171849532450638994440999353 448563920639351806931797927844411269132751136
1256820225233271803837385954727633808843956546 823317572401909699872202810640704304887056886
1648064659926151050975072373008638406931575480 95540630096445076973120100685720976503996256
1768519837524692470924963342733259556203654962 923334040392369435864944999312262038989745257
1212060637356658793612079997052314855402572758 278992915133752932843661649654066434353413822
1329521626902214896826747857447363009225976771 105301918747908672785635055997416865790683036
2017035218540596758006798201280750526643046385 1036974045606238794792409901946743558060849323
1381706551856521670984268423627124675347765361 920223091978588151806454262058364248225025509
1257053261706596345027897829372149513589411590 814961845117451894015677645232292491804462019
1211558980002271321699923844590379402530357890 362979140999075604575939576534520297779685306
1691131924868932519934696403831913506567572136 761700998730478961020616757747859046906997217
1691444660432983474939029091756547161147818733 824015102293950345645223420475034470321594873
1850092724242338733263584572182598186724906763 1102102627668990874561248613338319138366858196
2016906887212658519929840369229573073794867558 54048417231924984984131454424835362842961450
1158473895922410997722027443557819377022561186 495115112232350311890139169310291034438059187
1606434297305780400080008995898948701219981607 546077499333887060221440901593637623983216693
1800107876745921762438258379939568474730336594 564456221768163566492907326185188981241107939
1388115608994329843282191922179893571213612640 21967935670185473013721292519265812340486347
1910715997114751245410193908433527494040209762 666839541794904773408771071358734991361491397
1843195847362479144560400845776420406580548751 301529023197857843537923694802259649593869531
2084832584055714036057054600159342454513968641 673382180359946440746397229854598311998890796
1479253196337896789757154188307891834934093886 938770080837722201880931203320251671216643357
1251003053131162730625889425509990089996078759 1080640975525804751527423685259343449139842680
1368118140006209191627026524173599567625757515 283357363580119642215439650193740324952711088
1679873110239574331137056373932748766819753304 936171641929326772478988914448361788483326522
1388037567344117471528530503604300734130574199 776054076503063549153525850879178711159133861
2166488416698619844351959163123804899245072228 31006999399630360824794599932683395666318945
1847177172960225566140326486602927810883980469 124813357529765689299839367986645541272312609
1435214714958756558857278251172660561162211298 846170026327354038532495908067655049458234198
1130628658147567732258794841702830874292000718 737486914278921091838301971769858865609742646
1137712707411857712433849474110966062887358238 542000551656435095434871302136669059344767741
1341681576824737245106621537989745906574844209 269161905734384236218479608704057110960947026
2033713018880073264656252938125205568034527754 271182094415978731193348486028605432479645805
1796206618049615072902774392983706235488844540 190330769089237045447808397618391090708328560
1462208468266066886596819585499600446005360211 897445190381922745338427543050774950987942656
2179618822378272936417343789204868781599102809 531517639720631773878493043030068791246273470
2154405751029186910077554798633508139810609756 191719699813434361793649407330268648574708811
1595078288693383983859215620699435293050356304 919728301062390026891861055618819801177462273
1998979226353745372702315508809490970904113186 165563976591975478311012045942756048151635518
1717011052550123440276406866400340401655881910 711123831405652131418941506301365549526956605
1644799340065595949473077160573081549421065507 682064246700140641618702726379144195399603541
1906910239969220486600486840204109826725509550 106641931879283106914687591114914433752541418
2104018004491342621711099628367186771267368953 431358733353482779075302763033804279062843536
1944119918599417017204656587794442609016209975 40537078217256023836270076265921598281941320
1917119903429533757629144865668888873153039505 355083287687447674124002499135633212088532538
1542984526950225642820142723240814815552014840 966918866420178562592679279733964074747048440
1362472337788962164318686507969075140740609277 1076580757339550409502200388933145290663797446
1418897690634943763676197152626228599658337060 210294003043744373217037438968126868447796087
1471089974841255416311847052675925605942876872 762137069815868345466644882631638567901007469
2051647855304523803662387621660582556107643323 175681263834895944779748015804804924134786751
1332253416116803113237398774580343746053119029 1065072768115598437996716693820816418237893407
2203131638507523738376096221261282505834923318 493103501472974235700099227521419453702519092
2200819560416284794060153087548469424429319659 735437626549555591938371869685308807830015314
1339466511397965865417094612393376457780816541 521549045015591990011262948720328688312143862
1569841753559982526247436524466881122121734258 934018414398254443180224435283855697672170800
1459312083384636128809329789835301220754094347 97350379055650353428749262403628253471809386
1296709364670516213864982383256029602950946390 1090110812342900324027040730762441008072859196
1726272590809385113239865661539148341877446320 526236377024539786940160513639065491290817105
1463691947579676451885752990008261045165889933 1037371605820260567146024813627113705450451212
1628119545419931548217716281525689768917359864 33820922936059760199558787096291944554056241
1963191206856053867759606913721880238114621065 441937584688556432035817470317053308097124492
1502860861757783573823163092794234005612823908 41926017492680833091538011219966442376518664
1712673231721309481290511951373386956241628880 1050982418238701260807615258324672467664212233
1549774190478238555671678779995275305171630148 771713859589857177294213462723006655953678097
1298613471168355125137207315198598308571119964 816383517396378278234260806603236747520545883
1784613627326463664251361533029662932474615173 938243436308943459934416222436131123465680731
1438797686116836103032062344229469826240995594 219401388182616099472578240814367658168265459
1703617079467032343531444669966647506528922644 1100834450975550061760984195281265195695987448
1502623575626783999833872156442068329366578252 1005334517288333298254982737699662501905748273
2088471163762524530293544720779844209814402555 1032291740187496306588271747834851456835663330
1577761061084316338899174451694079132336007386 365559893757985786100182531625707410911443251
1825694440438402750394476813763138873982415780 432745894537223626437221119690190122042360511
2143509046265895622830462126146572075336464186 271287007734042287321852224109763820243479147
1473740776202024665347285960506286294748170298 43336569391543751139156303634599773964747025
1481934221952570377676318209868650995270534063 761031590242199571119555227856857364157609319
1342318386962677481548832397165441883918911796 947037470937127744813393536680550492958116241
1707035992500759021016213148662187492285313780 262849066659461192572346410103882055985081347
1111739675264723791941971644159902944749567288 1073944013312948834096827330176601441764530098
1844228385357419183659941198953570982784475497 391459929525617050041277623307431011936714263
1560291335158297493331448296925627318931516696 652471364718727955079422195901198742794223606
1748910322242247485039662677580179515934450161 354204447924254531540418080717499206547357809
1412048436806118395200988283307466038861890494 208712576455382368166181872426167152305520192
1252293616046463016424074423166561903879277807 267187240513453077086196695460305845106479566
1866378736517093294635468776389747817687823925 409647809530552537267269106167190945251663273
1226886175713852694800405294696243640100005568 251990869424640236482320160626890320384095519
1993034095574008984739567203521931211366495671 862291321998124718725217888296026184970612937
1636578687765288660328150838893822598234992529 823282214899064579608213114480192389316536061
1272132135840611349154038321085661460705468023 360185392091243004152719280842607515734482047
1734261952534538212560448726254924685319236707 576600891088098079741796744098865015099957219
1380283885109087940716417620481035559369967669 848204603780929645300240329163405592651050889
1982283948350161034154042581701032019049696020 749578240429268208215189469762472727309722770
1628883453494427165281349911026566984687904149 351846515049884711282765379845922087184246677
2151127486263285100254656213540615379857061633 471645580742621184320707462402207104772790144
1524573496082268373860564830360928843787898110 371202818398754204651293532852826796064345156
1213473992754796486699171763079347859456636676 468528549089285067918355777034758157469598234
1505179103926185934741799741932670036847849353 1024431450039109728561897505708286553808954599
1697125346481624944820983808181641173253626565 315736135350428359493135060514372762653744433
1162104550891115051068298177885599805755048376 182501951818641926866653940056879495247614654
1224094450241018207194955774156441150484041134 729136042833164088113932404116119567037067506
1682156725764846450471679793382623347150508528 662526021067323787115051897101889981687204759
1180637602425013268194489232913740754555865958 699728994053007402094805515214730421037682001
1689232343310564814744706630187046538015842778 347029143471693112618095372708508150783673983
1473990922391797022226748764159758034889508685 847801102001929927673288349276432500266051866
1540902361942669993386807801816115833747582567 10599126757864690414476374590858457000458353
1864385727420649635743005997983601793249839687 990571706146825365482604470555364999103068770
2137478302095697191794585500705779703514778262 15958347039558858782636891753456808753025532
1773404855212524741387006465602659269306151438 129533470271175437489818367648788823022027422
1940521686758197283295597361824357825045100446 246678140082911883511776073947048621101186595
2111866647999509187076944042617892326944619207 101890212297282389410512673644498074233720694
1722534976684254143915331577645895649199934802 559849901834013720735510568873238169718953073
1619324917606883469917918747926003205921806134 853863044977922490781832845327972892009349730
1374907037359455178675073693487837299801491946 459206214740476338255749846986545378462542054
1485050367381682176552381203109742590365689370 191477244928091763383540183030931177827914187
1413292159073803819392003473656181439699805777 600973664084840062503088408117579317178427434
1350299643436151283377143223354365817176268204 516435989968669847135399472938282234318093813
1469414058006348836781618615125551738039250544 548375190950074625992356839108842066462257995
1574833576831537693448561382889012255295757527 165856097916381559878114912159030513259419044
1558092460344559620513110888539416870401839860 603822788456667101447007850426120866493828003
1707456988460320874716395114416228405879143592 619927002574308320949776431959087325556340823
1809332569487205160197423587047564214072599597 838627608481002109812244865012981938056561330
1487767545778116215782236112356013271829220425 1020843270523634931610653927734472030056932738
1724807568837134138810297823406216121413965608 682558265135503297459437139341724275465228391
1119066230893349827928730981793072019004056632 291535023591772850116298199808864687339990229
2099075254004506782890788187330191295692308277 1025366219712181134010614251103016878752925243
2098491504434928929121913787403892314351675887 815687491026688479186200574651052509933540831
1481638762116731599463770158720804833807860658 628693326095720859364517877604208422849206259
1712349731331486284143649356104931328615776054 559812516867266087959196555708777587060668939
2080325659092736604058481591199232739033753220 1102275131552700389066214835720313480734027424
2144824562002502973613822861903638209378386661 568582565295798481697791090096999239739792749
1335449801341659128669255897168831327664059200 1066061695806577582848382359464630026000172311
1735305254343006543300583088207900155683726497 16725045482821612107469675600620551170063768
2056039723623460887262466113472919074171603156 347822516989826927130276323577041107462004546
1528399462623583888322210850570041819798927604 1087223175317327621470941095191418534337167315
1112678405415475868899387463190451603020606441 1030749288955313078131375963188495995002073645
2176332107701013413644841960580247362500327575 641807713675354101044333734026148107377954426
1442787530736501552273349940720061308842011408 175133447768238147719171117885303382896814818
1688877654214464007823179094802193704555812763 938245972676839537188593904989446319343777050
1756817233443155963094928659756442730739889768 708026581772707662404658266500216753660718628
1916804446339860582062774954529923349029375845 134024813379429733778577280776708472450112322
1706205969229068413537774974329160170812527201 1026058856133985001586734731025213220324524853
1450647827894242188062923561527945703774113709 289367258082059908937833457421907079291860851
1519933191045563455094510752390958023233536457 929173088906870824344609341491317778832686772
1691012550623587316775307299609603696883223685 47188120428669291374292027964962201612842634
1428100045524460048453558423908387515438779275 19681306734809904196460969379500486230544890
1566924868362697256494650843414254987226113263 248371017689925463992112873732905260047347837
1628103214261379836655194727096794157259902637 596782539646338219884848752219529155988421267
1277749485378467988394359496210083231165126543 657955831607057594279729932424385215481887948
1282403146280842255378025534462732965434483902 650523056437194740424301288852189812856903982
1230853680362570437687272136820308770681032352 280858496243535539114404473519688130420918239
2035180568039455506903091865853670107204729579 475785094802355986266154114372411182750686976
2191407651474043889451773269676665068022005950 330310812814206926731265742080258343063336136
1912235746704571021434966576813261698843802683 507980902930589488108501969075178840552068675
1605232504351257861960715537247209386353337133 717633868397512090637483953006058007422231881
2026500079065512763552331496011620121649281440 614859167352416418791780156037739882733749130
1522151980381779694619797579816399793985266192 557580257850324921993728677835890490797665233
1269843420085667347610987531978731354957150408 603654870034480745019139629876009359399272764
1993881924485146516548962583628025326196845130 767665708473757521728446436663435693534312631
1510863625720023136940675120205245624690188027 988880579142694459955868226207371246874652494
2138949987397728736404628580942592081772490932 289655319248854562671193929264693415246893168
1987816392125215003602051327007076774494113658 775407178200932070550380141203178267962162144
1877488683280457690225098921973624505573658604 418926618251405622754345215393980451119472962
1985275273346057437859962364711132126274566022 617033508334648084335250783109086806431804603
2072740521424131087598041635905709418770770680 912145318664910518647841115710648517624250369
1921694392199213515525911341431124043541415064 509220841288524398486111636939928573592879932
1334619041847005453914182643613101232848339210 598572239138473852352825019504959688710580024
2052686961125809138191620366057773485432775714 564911443111447333985370565528583410733993410
1276119082942504095518856223177121071003858716 307674575587412804804797671641545497645613478
1746172620870658382010595221199700077578542862 921745930282807214069257372451671844659106226
1215968595035967075124409875807742198001689967 83563696642520170639260776466556707557591095
1475071554302308305337699677630106923367640857 1063155022448159355999380898626862420418713824
2129360450060476662505274867279450975239318568 533667691319686312772931126356957069614654261
1642213585795734291698418705158534651832938587 331122738451565967704738833567111419475342020
1724496363882569501562231817702687814178018464 314334983241801416012958254428028958609457993
1257780179273515123443910837428934687914718661 447964198305441766194358166964084815272587981
1794801893051190840730266122854245707478843052 20813995087022924676648478008616202997867543
1355425341718160850296257430319420466405126717 873502728776162377121212421516948655330686525
1826804210833985291167165932295683669835395555 981907307131919404995185047673672374579271359
1708684848930650338999923830237082448995448103 416316344240186943750013182831798222119311007
1934639845606579426136962670024251921191185844 1030372934228621058641691231823740427350052440
1155390390074469768768738476685787606591156063 741185297528822355571426814925095490323685710
1831109192331101296882384127943567255478185191 830204597211765008072188641757788367122203354
1866699656645911668592909895133140996950962615 688655215165692136644656527480369740554713967
1205753705796816580244602739294943674375874614 126310912989507020294290868276035222080408964
1393753656672561797201125314806517629230476022 382079996445361536895870093122213234185283507
1874791428995999937069196949948110371811821511 776323867949576080658873045014549401134759147
1499854627587254363113780061636778194548182535 765855340124820471646345733736535489632336779
1177319347040457434402074707296671625052158618 958961527994023135229054649999001689820949608
1587376972408088491515662681401260029239978300 310951842064461965370770556192071478910502735
1879385099466016527372840593080541069893635338 995513511308194179392956450952586661917025740
1258301606508525326161189892182804932248678163 756127486532797265184151965311685053871412341
1938809478945004240304839156012721133624986053 1026030919193445370685496779799661777386283181
1746969695950241611015409099711557062069423237 1061744934759036959447487045044943720088422431
1430398316115217472293724143603160359548664428 994598194856174369781318904006645610006349941
2008955974273634741080539609049914689898733936 174700806833753746900372043191411481064099763
1972965190092591970858471954997909160234167894 875286540233964507720013894397434235695083014
1126161914802795553513961737070910967992083209 1103532938164156750670495155484376059337224205
1690359178934435734828366986551109441883708622 1063515585857270956659907326011331351815785650
1757526434960031943814559124065335604009077046 1052378387610556840066632482820307920877244112
1427741747526944359112470092448363580185150666 873077221723196870317678926255310248969898220
1895657383120631398977354547967045367652876283 856600347143321806173541001447877888714128470
1171540180852218295232371153224185514355263855 837850465968698357254383831794599023795743381
2189227924678924639339305526385377083932210303 599545449244185511917106707311425942601622005
1712591307687697774390130422290666104332242622 532578533182109357839722673904413841477625283
2032011080910286462243913724530054991812011572 469007913729177639035603522587745154542408011
2196867209207479898952670565567367318693473344 829251406165782427725514370153497551171489838
1609288607736925698250560263514379187984239058 119273493738028138847789263705341446933896865
1870875374747047979896242384460938962961040912 25140799808114747148862820168334969644793406
1571616542702721361502621853454274085496058003 742495089989521230041667178976331645189540052
1561962995874644842204815255806102430758786176 280229776330495413326752929979777604018855548
1844313809829144322454050926558513297373056345 967510444719675518068051956800855378786352953
1254595583496307503464068536640389524543901718 113166840117535558511023768617641996987795419
1664823361780010561865834408026252591503412556 271404149299055873513257747652961630581978190
1229942997375015949661661361778780252169666772 704894439820082802197854818365189349565071476
1705868958608242767365838145935424952875605465 447556425385879043514384430905433364490942755
1932871449296403226296808576579256162702589321 1071322572608855090886280038914112504908654393
2031982425923852540931487888965504640923156171 895327380119981336979024204175888985136704270
1643635997074591019517708288893871041869204864 547578013084606330001042729064728631094289615
2152238104278225889033533514281400794546849284 845030103533605024759364210316712401000660655
1577477735827485941520393324496251023188284295 774669902691969710568012979650692444049197366
1594701219538835974085154042790383946762610419 361771404178381483249976967329536333718198700
1919197233184555467817823511580663765836241993 714512528074642314362416509651990533695275163
1770640755329917005210863840668310099734313134 900200492035063167881564098924801023105749864
1816550489145837689173764704878443053192703741 648586346298831182581440805243268709858974340
1379688193992414591293286397335126779667374006 972142633122090091154879142557033461454912498
1208081610512090856008521141503330841872346685 297619058180031335819486592660612064456986460
1494690151169583075794005616256146157664501943 1008542060290930487354755503017302797550258771
1920022040272077838031404749814888567924564992 383839987369840806666890029230896598864230811
1683577642068636606890087493163448797154440309 667277763006273517604643505619427299043524583
1272678043307728211403913765492847930370024938 1047690039793941188928247320603497047217183445
1514268776800100001500407443248134419777362185 89209680806836636016220090274970339286532205
1130837315884357251630700050920516969012635226 489543558869110125760565634919727002076182836
2086888236065066896997522742678736096025234330 82141971673203481323937919534832797230922300
1457201552700840800480618179016697424395012460 130253583331078686287362560820607011601608033
2155602083915939232598313848254702758986111047 141463259134547133686764078937994054446222796
1474290920560257493531516485225121725073462494 539644656038557484000506362901861218443972163
1342682189549642917030314106070243082673467013 742613627714456436792466972016649159570278404
1353424750463892645902636217714828143120524347 539598070930901310467739038242799013546469261
1775756640413701994500348245880755959617680978 148959252633742645054233004712252086394591602
1455476336753676252464479263986188971529962970 23611415232194387514217748805344869802517153
2161037058542550573983937907797260704709409680 762358876463326101238757154153469038915390289
1120893283579029134724356431109460623150753611 682314111354678647625006306529488574046228727
1578100897354724169069625389671578425676568035 1012168890121876514181265731919671726832066894
1689603906979254283256040162260354386289467799 993515770945060234417131849042835340535765162
2016363560856429018581135738464858978338696249 640190589175378448015085142739716792959066543
2080421410790403802948169074062103700071417713 953192072408133726586200906817861465684354898
1141728169192379812514403894730757215421662976 601138020369909898044897554127280732079932361
1183447033590210934073831287699279039531664119 1089048456432173984075595549645185136727374561
1523154622640388647615119672596561154547179961 499353636268696709255234237834730001566806902
1501563963215384431737874042858100855173284992 625530252270557465446469091986834492868955730
1966614201539778187076062737103601483011495783 720514932027941550557037225883572503174462793
1980749300486826065903639301551688396892437535 497388307310699577251264439438117896100599133
1428623573933976418751313480140505116804960053 628199345838254976133588995694989798225349044
1953704414965706990169453671319201240134947385 956397480294832123534043440435534132732448705
1230521345269227695139834643787280536127071684 386321105517821687697111834820133587852237978
1789595931603265730926476744138303584334201323 1002443946729058993284299226853226053956543540
1141471723117339241971620629479315046496533127 438188241983305704031428633712268975238292475
1220704805145520601538436320268717943147003906 949574137664514352619354696673264755847057113
1782207564356082561548587646614533562915430946 509479670201911764651795192872429305246646913
1643389471718283837450871070802144423597789629 106222887970820078607333829232904369861359867
1694973666469498603874477321186627959649819556 315331923138666235628986581927662381260045242
1398643604813317784699495314182345886461482068 430768031835704921623118202996890082272794294
1888665005498382984777075237892076635691421155 186949029194995303704788191449389853036869497
1716744194407012124875638651464825506733729988 90995542978134560534866452624746355814459473
1723694538742405843154679753280723942551286927 461192459192508216324800231916404829111005658
1960761528360867738626499588518180329352784655 793234535515829194147591585790314126468661462
1127024433231524485967802919267161888742188901 284267507110454343055830309330251917613019757
1865052296985174485139876988556880079487893261 1022496366190091860330409967075299540209010611
1631254715854788132705826373545929266465934310 1024489669402831975392898651834595605357466192
1112196744624530961254142120125518889161344169 513973154873175478644724748562581032983695928
1575682435342609749800541961058603065110542732 939200516613304497376699028889268229051675672
1123385603402293765470107992241443470219759944 407797735220679057849263329457260241138000908
1757362053449578344886903910220267281310732330 191356422330389661928488733658081670124493415
1255030376263434465394119634809491689036248447 335033597707448415303588589170384088843407086
2101834748625436744166940942618697486064559372 159688808292379783390069705409329305703538404
2173481627013401717028410651104579355271290087 359832721114862085604720926484831501845576676
1509706747700741653568393370807628701688887410 461975792692128708000800073973750382571272521
1862539386074657330575890326752298757303558070 54217885131506726894303584031121546970073480
1639023707364888058150702920685165932380400644 255052340882302281181479605989237010243609602
1180274018358820839110573955529506117041278312 288801376924044733764784274019778970305917868
1709029243401813874305631841159427609456897787 242081851576878592726467336349039160384100092
1746571515235156566165969457898520728734804935 113122670733400494519870614710852372118791224
1959834188221832457633789321069300838757029305 323041763284150611417458317583093997225313825
1254021826377095172254337874134452776928703480 994549746443904178097399201303076862069441919
2098946420373590830639312002226266937138931425 62485242486781564233541600958321976365154790
1567423019036823565493427693412864566475203779 311701228821099914731250547043586970236553594
1319389252150685696352753833894658923262015815 280703936907821690202939830009260503166584684
1408855601661312374571556941510446098805674959 1104955363713903323853334916443268497798234365
2023622862754189476720394666078840021431880837 974879598835976160944105894371382459421540187
1968898621007077119900709572402614903544013275 636283124543333095313442124260598214227029980
1350194329288064375507344047783310743125765594 374600795335655802166889093644170846097065696
1136492847703153477161272979545189348447064985 209663539688737822991843959398860446294189486
1157472476677929624860354982281905135156604559 377777880546796698100166797250712054790422470
1538617162670355199449144972934507255516471667 60565068667654018257866360241096541899018329
1922881049443234790334686102815129569881281597 755288336588854101716784197241514205205034114
1695035495967840228829469102457829841042984218 88395829077781346029625684528573421488987577
1585506951050004591548940004075143027092536841 337705986297770983424139481032829386350066943
1599191114226606361725048935980411743366487855 543436888096875865274601666382473864753205069
1730930606582278915531974986776496192002038852 8828808418694922044967613650720724766000057
1827003605124414506818041561161715435462621250 113957380996050312978520994279286638757832766
1881495630525905058110561838002771460373858513 869072819724093203781155699237738998748611546
2216021692612599574419444714182743108073404028 180223719737945657083656964430706853361088678
2063042384003289386775969524552720278884122316 1063414603960800404910312684995496259427391681
1379178121058772179885627863627917365425806132 387778318389447279738966606241994571614942860
2090056707459218520928689770785631612880924946 216535795804261398651256909477851449310174854
2100247914915264878265748771612483982232487807 352806227800854381188053107817387455373431831
1380283929599471185439024780799889231426914581 392248890478757211474919375995241515398707254
1812414506551491768488826479030612845130724234 576888384211062838339675680591233656785181423
1655057861535442993642423238337064481121992585 1036513860343516576056209501611675276699359348
1239091694581754373932556266178435310712690035 669298745058781320206649588827984915440064555
1111820552078063760746521699716853636346325218 1087331597565671547662581973148938531971186698
1122510358369727311435371217247913674576816678 249418778786444285142708973751573423771895494
1317543088782857783773464748683151213480800597 855875259312751042088394319662924607508936296
1662179961937678572509393145211374609120160070 356459891008886142366590289216417742187410743
1776532027541414255746688808746694533504211166 423064702456564730366059583643920022713398236
1653430232286587777458679763194529531085715357 337380100376620133192995684554485823163378492
1467978108179076196887399210722084874353651253 80183647944671271495313731585673347500122510
1228915985273675493582173822982235432099196123 403572003280901243207140038494528215339154466
1304743959660516539576704488335546619913080082 730981521251499111104416065943684806048681282
1569786514037633014743285066703068867468784065 931280521903736850449476140369816046759093624
1368275955068253087574805317052525458795280212 148336136049291921113861177906303588509493310
2141144269927600726339636951652094075246964547 669734684455970083380094069270457644313059229
2085965882564822698223165441254708655009383741 573613127420347755418106417707391632819561695
1618334616692531968189250533908607187784652821 159919419724099644420823817881577018011174967
1632862280614002879876761865518159410388601448 86921537074857649074207139480550598851940692
1353104000050253518877241504742919412072335183 153371747081285485613879969975664108389728952
1334151997960044137098515993111435764226152158 553885467187195536565122805774377466401428405
1226385321422019455674088702891155206992920448 263915349669110709684017255464684226705825285
2030080183233310833155876267316114368982578077 271102696733968699838228169144530677989496027
1948485199150574154681101165314375585237425504 694240252388375094548028809086037392108302625
2200520659968681898373815176529382581445438269 265181364641375549058095955892603071375381974
1329995579329766040495448647657701730924043433 581896632286129454067671236637566202347544836
1531495625559059752240392970417683587558382790 975386112761699759123972461437204809193064310
2197722507260990936885873425500955542304575007 865483039906154852965505860065879301255003914
2165456737898268132189271718648277083853797496 418342052358296005916496277068464702903819811
1445029915919653662507236271560001470043605671 1001329578428304851170150210554858732885762947
2090138680268751234775535456034118591466285476 109155452016052390137149528269640729675276814
1434650640396640382616939362775367335346562002 672451920480852923496774858991047534609184873
1626512606082874818710373377916483322037115868 6493485904747344208406841982703364900826706
1633494167881551109365981226571304383726110326 1018923205465647446387611292687562731875088761
1736832291238968060814187269091780414809427998 445822355689903453437513666926601673583295996
1694543102297456697899294148316648742716208836 268654407025977240485311696623660948055416930
1606291838089505234504501776153548519924644008 1091885775630298090245960327373588590787762172
1918050576933086120939979338297577534884897414 507378441376351708370195776712012032228523639
1166956624048865086370447109743439868768584783 296752527390590221624238042708928237074176779
2031683241859580543692950950728342976707987494 972433622298179307363392202778889255428068088
1719368474476140204722669392487629045576995633 907971896983887869645052283868930902282644007
1145202224524403313278329291162058897908925686 1093247717340491886634233486624846972983797915
1218724778757037319782261824839715823208465959 664289855470888473806482799260015973297803768
1308059877585714275668553925437297579437419173 780138196524099336236865556367389401236250486
1432621378569445834565637225041770429873812811 530117077996065985868346585039221900769855973
2144420657064167739679785230666846231095496007 231514183399462664329538903719428712515005250
1523316110040185126547347878487379672815821579 860989801176024917987046847607089856289333980
1808047277045131017542664693673224603284083628 221622292150886274083937905459640219790903751
1779547274748857131765595680798635433303996232 558736509065589995598338018794619535059616573
1341857012194205444039154459912009084401616095 137604583610303022938530300602394604105206446
1816229604630668505720319985518813150463213831 479603928831676200633060452266652523088280895
1484951750155115462538434880128420366079805387 602536042003323456689392583656081333694522216
1738694248135512945632772198213453935346581166 645044587763798941746184730218810347655049974
1935361558082491240655028868370432917750601018 731560648690424426191662718528125837381094630
1254598349236420243787210141149588023087238471 451002926562698994541437871760181142307443164
1760380212801802469384668568093780820371846941 389470453833850862347809424665259460057869840
1957024567896807206903748338462555507579765967 424794043670789491702724297309905318421512242
1482711723369551791704742360779954108816256696 1040507563219860570772648902794653292635420859
2140922253297134309150965037679246747588811271 905104920718175478155407299283989919373608772
2051502652486718239738606302628923599627878071 208533173163952649448391030256491649982245897
1861680147471668782380555671318269767305334283 371134194700471772069994329761619269531245643
2067440262800637883658712021611200114241495070 697191014645315915361393578326450411575688700
1641173806668528604719945747794981706567524490 442339589659588612796756103181604537063982365
1828662382609417342273759688479802124929947049 260744674753105691270232436494214941176551651
1466223406429744928594729968489438428587347669 846960510778499435236809192755646231810820090
2041914099354261208850061817229116376492365251 1022965626577188896955443536992422693398932682
2183048269608461111088205443367298459899057085 221038966235650641832106018963167060754858083
2216133756562388468221138594964462746555481801 725897413783072601170100744591195497011520366
1867008322467296713598409662647230189964099155 591135128998473291621106459000364205617200232
1934389680582589526958593416423364275063449602 758972735877807343636188269448904018236425642
1509030987158941258227305217279919124014616255 326708749435269710508292734448650357516304039
1762434497781993083244027748755681107864574421 16406710054037908921367398808191416211069027
2075620505627962188217133158319251703344075465 195863887904099489430880472445147790218751825
1390797355709669610129909099762076689118681209 612035473379674854414465579976675925161364348
1324146899179090337927405388409006314702657589 348009041545650050504918336157662023102025376
1839327646600217737539413395996668577339141187 828661340058144848102584517316892053429095122
1243275370173701342837671426887635385565037382 173345376943368590417991449927232454942519062
1355392116091646688123486546979588787403712805 1044384537796279806286168032919613277250528303
1888104400313406689405081080298389736870815437 71341077024035849700445382461757267846533056
1444737893730312191037900196664133628294703798 933241399223979954876840049194649426415286208
1936399005923726658308449232271349564847797008 1006036938688491277313070614143671914443572885
1839074120735794074558970906864564683155064832 922504402596534601860358684463578307309381081
1609453799559399768746551861993384400665846091 161790071815259894944730388396890264895153218
1656479500595351489891357926401244264891414174 991740309034485251673332471973276518772966434
1474380112159833341173632758882117854426445291 1046688967715657306050113828486563392393118339
1759157473645608400486253529403529455671907365 521969344101804932538875833166628991988709840
1284591568591623586741635640122639111537492862 695454680208087280263350737920199563249887013
2129426176041242171642411936624547116350218120 570750462273394632341466466899028733143233464
1247889060364624291705009852465022831506910519 486519771536066753536574101385387591523386367
1572142193723437299734807294523727831132326024 904453166748325876542337565484534590785006764
1979034521710902995356590970081363920340319580 433221246550811456001188502837137356731341630
1273734757120276452591131415271957974627129986 574738195510131269974263117107507006101505730
1904473241022779862300373356141086475675473377 1051641826085016804362681168671524339341361233
1528629461226528006983435929871155190749210963 734488499182899203614294774553636217584951187
1352350280195684117567742773328015155790405981 746777630216271162052349284838223845562300320
1988631856841503556436822890635528215379532473 1046554516880451073249743967304443326429860930
1918915569816750228749474789828718894562621888 586386473765814437693746478146740691389506553
1415686464099538628772253867325833440986811347 940804556861795319422499378684036458088335304
2210195746967613875040456887865155239716389255 1029191021449348693368442100560409327313644177
1818267129089324209195155647769433306287467126 612092484461327548564462208295807169453067946
2154731930173864918469366031091455207039580694 220962499238116203312050346237435131056327745
2078046491290009478822274577552643599607255887 489116051671861082992091176340193748953492773
1789377193883071017046057760735443898039409427 179484103976938382537139465217088994849125713
1323721466700292315324097919938916585703444735 607859282962033972000476471329957366133200374
2060777201391888374531414235148313657260136303 725101074007003024969359983615186553081766221
1699300280238465323360837673374029420128026099 1063988279254986460369082328600226212822337210
2103085154284610581944733284153775883540025017 396964399076000426274772567388436997361096964
1356175994338605926810183583130399870477815267 36277750587409905291015798042357767558850904
1961300102613161246101184496862057143252991698 624697096253926913384779856210446702453694475
1542305562758526229129412273260131436724084306 277705582756565543586026319088932630411606297
2075231772621502185260786934927999847346315636 822358395346106713812127844269837884275689689
2151806023965881476588514857542082421106227801 636469207676545191798045451312773806310496131
1621778054846461585126129259571961730155596369 700021730161779923090828545699464171055314768
1832631607469495737198959582044630163377667227 774427244504718510170670870047788612226114465
2146807206514418427906702698348008035493952982 529884950789782281339982381392444031644007625
1218550235246813480514673616512063627687309471 814187514613269985516170351523593591831392140
1614913256993550599931448637372244717707354792 771292002229958046881710369164787146096470816
2115932211887663454669805124714972882299667536 1099147157408499913208213612584178021976429300
1198554351241098989522730809108743521147662815 842410184854221470365884707739561812608639363
2188986182372071919377415212236390953337419766 734962036380951831641086402468434175370040820
2098460525280204579092185359143947287343630300 54838075102639674399920907407779306054632153
1880324515052920739499291464186905090059230453 178682458008108849999911294163892858517671498
1647973202312381259259135181360483681259152849 114677057376384977929367645971000491037464921
1129894960365191940992738365649634209050597321 814405052061244011520390829901711374279940967
1244335133111831320711147234631422127911383104 709518258587731585851928522878668011058752569
1563759838452955240846186565961724664624577102 730032759075849620541680760118706449010435881
2190039725615677284964379941658738617270084039 76544764444114875877236550747324947856646719
1849900218215405653723451836391951734221662973 774950219004756690252819062928439398950412275
2019950757713961875607782197394541376097672346 1056953069583182333087404844561174954371153000
1634469525743459633068497768320437903810263377 577371172636212992907396834140195831991357035
1346455200944729612096181121304690070605959182 459219250999247735875283117668428803432780807
2025187631448154954971921289580556621486718743 168844640586981073485545582587936215201989742
1492675567413021635800453603225751175868155564 1029794394968000038467211479499937016685272817
2105667459156775694254180771383729062763389215 674739916064851438226730206057587243397428923
1767610063403576673134207685760000119503578685 847183121574992342246752862979352732518013428
1327654470618511509243124867900842162727865176 23764883724786811343220797908000589891217621
1108669976801850488777305504321324393795423682 945782408926129828337984966731603068480524832
1407561366632624844812419193364702033493339860 223037986644518659422646020499516579453876605
1207471934377986241955442264534674305731122312 404790861534313698416602998278135036126498903
2200084247952438336567989467799536730288393637 674376233881099125819176912281190226447629294
1125114017151896565575305164828627037278177182 524728664554040146817826661568595407401291136
1722764912360434349940568301732252780181911261 1069511727090017193191236068594201274845472758
1714826277436653030108334736298345310773199100 269145687271654866009320718067624447849993256
1381005810579576161214567266184185826205484764 946273507303955913978176195454645364199519522
2142771785690408347035295814189347789994543839 827764714467019912502830906527791293555272455
1300499650486838700296800056046796563696120280 498760725402563145407500232036979256621230937
1288770866036038870046371860809670116247767818 388457343490328504233171156228889715033694375
1193492195464952284640684392440302473184527168 232195514974138231405303158072918001033067440
1989106232328311246782681361487917122738435512 540663056322003270345750692653707224085895568
2021779432446899951724243399416302706021024185 85044386644707747626041087850975173413767330
1702962998665038028736188577414483377288154933 1105214412716229350483195416907111731540106268
1457973812576347149345844287249033857498404960 449772188714977364898304196844005705172914250
1949718813068402398740393021396318931939080043 281707390465374468469040789327657156633029199
1963387579529895983692787401004426227576147001 293825122450637914252225096799118455424189914
1595285283003195511948478471957509653954005879 986301355832024111795247684384722728031643390
2064794399118306502177918560148285229596435478 43892686955830054957243065314421497394020473
1760345590053232684469564272600287786605325802 647806681624857261125937580258873414189862853
1406672331841503212039243434434655063115543184 1074479544759419601834092999357451199153197064
1509126411124660429141385821960221949577177531 728116407540281543215895897435038429366186144
2069872172446806140711328856655401155985069147 778922269610223347601086278267005815677291141
1818817147551118524603550672792455914449082505 101808221645723682195217278791087524197017811
1301978519736573038659038906780809830275373741 11714750112310270572050560810123692213726675
2016116488824114973753468434935980616269316777 298406492181215727472058589221969694516711271
2186370829101974459036931237272977649107572065 1079854679388313060317488482920914125442388150
2189220666490416658048917392054861875334591189 967716082154473511566923057642547787626136784
1777889786838097103274140180580058091555192875 188442195218811246666984663600745695274310880
1690074537460096184252034382600723505018079472 268127374116712840240223351874223365188682094
1816787099905567152877994041695050028709400426 909317273547550991866103820974327483660440722
2119213695495071681906725353100612561858892524 225376982324201674829049171992384820417157811
1293276187918205868070963082935053247315338382 874396569400183189589220404127742282128450150
2161911477427809067258697061338016509343811129 923924652479910418621732141249282120690051293
1183989609517470739502482410566905742724171071 188580048180947443491159610323607969587704792
2053682564924986862545247487912801147700021007 158148364817327799698915922253707932326668042
1643523071340522128926634703438829506607733815 1033562099144513632018387392866228626188401373
2046917048675496351758291906153060673727460826 977359507843299441212114223332429210769613009
2165486381960044075084260704120515300965628052 337252350619555365216198279900236570089017244
1212551044190580420066872107240512656256963609 350966619118038105183493809315784450523222676
1924095530126801735333731445021089312028597458 606424402435934103039340855956095711174225941
1896587939521876250034184494627835500276860891 851386154717678256678330548176669951761503339
2198230457764709073183610157870780219408179895 156372551888881286377450597797257785485387840
2127857658204651767893815179285946596085012628 91253844001060177920089071129042344025094195
1905923577334146295153046905901407932523301946 567923580964519339419587288775798058925606345
1814658443856506792906947759669553254319091082 82875103730221890342935825380429208302187569
1963513699639624517141491197951241572229577353 375655151077386033370755282314870663375368549
1525719784862100667041486876155431392714728074 1043936180490530318884780676157603285697450656
1206314197002894817193954886788926544198628978 116540236063226650965379368438197116136777950
1994822105650546366533388788693769133972950966 113085717778840438902577098609895037984079669
1989266651550258201167668192230789988192673790 522713157583678908458436603636374570637061294
1195895973530551603047561204265749996409183760 434795079853106590466923528604574711608549567
1694894082392428155081386041932062460287768055 901464589000417751928334514267547858748319067
1633466931433787447769432057834081876794516978 821948950203944311106096296540016185843149187
1171639404009841252781474413405257146911087424 543242292599467077485443341667508178707141309
1198094111262477989839669413848053203701921783 551471219202513621440195873087458692411210758
1852839997925813903027343131476946826202297980 350547049938350026067268087440504690569787029
1421437774122294846983359259362310135760079323 347365233883332048564042096038370383016094321
1633002249287278396537965523578607423853399015 665518447774470275274168006015552759207290560
1788370594443891807098183367409128708715032263 324336530382058762926438891981146082743204951
1128474066347934699787564646206104991718093365 19060407561096065651603005662729974740138558
2021392394126557277017998634581819111717975422 650371472832954996152989988662977586222731427
2078360522753111745659130520177420092712141601 1014886841554181096020947956060803905190380519
1444567465403765692818858982533946451784698411 369405258051193526635690466340513762596120000
1998643940889270901568311651935849880988559920 163456445472753230866110729951824159302049311
1747654749629565391963334796429892052243240616 1071223028922151115691916339478624309341830316
1265726763242865280323691947288251870189084629 459660335942465078555041146707075466327470996
2028169516879541802504520484621529418111523473 232702725855520288448015466594517936460674633
1578477619875480751777839266691944149417658136 106700181398705923837191501338685056175514210
1529814616318634686204441179187092359365287888 214980733315661995061054305718156312099111661
2195721221338140439496775846564427753250751767 944341654413893823535959424630332194207727625
1269777193226541718997862912658513968340540714 845544049849133122746350285330632001864904623
1397137211980380745026786773352375244251387540 884779392027765876090226900910062210917870849
1402296049581050173466676309113818215740146584 690391754441151971968666582545610459070855723
1643545782666996226467165304702264996913231900 143938481387658159955767879039261468390751316
2115475834395858406599658812144498187673692746 601396989455936246145841538070649456710312791
1389554154872600975263878803052372058710503470 269127702071789487479693521079700912726414391
1610753790589644061068732245727024430160884358 240484907254212453890919539204635385794772005
1598197354598791167590712614744567008358241712 39838708907062675652233137138143182539478159
2136724444846327249011956352367053715617970108 812709973976091791461566198889532636677802779
1629091490031935896896716761220739691793305752 748636333716493691255617740127445377160427308
1947406403019396517114562888978501118043696061 980680656479214573641406968047727611945341057
2205122063974683287954070988944529009558478782 1065389730808012256618906646517962521221583509
2192470887123034868235463168820451516755114190 283973086514802875183359516673388497170123539
1366486439222826138948807018117987239583432401 1042992481350696523486625716693417449761586188
1389431018309909859415758187982548561032527087 580160914851648824060362503133274976266369217
1635669374635747455233698400028088846624438890 291970070276568902311295876090407199720695238
1212608983545765577323945576304384758227964644 265364297618182583831268669615468802650786743
1754363870538655352484687020289838881225112823 536095039934448372357899916677910961000610478
1137130241488666256826702499342052056728060278 795440111566455152382274405034621330694531625
1761901267065752614946957288213560117644794738 565639970624150909823603310181311191979581751
1773508908485693011937010387358065159870632313 506299419540848464720237291026618645110476967
2147968112269569543767624005055080537937439774 567953858592644745911192350086042249148887848
1871497476689714516706951717830740659528515449 912213128289602587257352894306186423000984044
1214322869650795944896372947719820205981307312 963692356426640078420961426511709061268505731
1391829740341899100537420552173416733503519446 731002262908789967855694128014734873597716645
1957518808599510864517677614549658404571583624 373053169052685455517096123586599903933548936
1457414204692714076221330249058536476959217418 588546106057534824776951995331979935050439715
1767252286934144822358804274590103873308991621 681080284027780911375297383910533811800680581
1146878106802946181773882078060642312075124168 128012948070212312263464941604947306412115569
1308064777657125078801708958006282312387829206 715592284403538151061532174285713354442358708
1356932373755310874956763326893127029632450514 479597929953466995285967987209552615952914277
1653459933045664407602472761432454850332590730 478227379650195708131659737780183082893792719
1595972634695995975184121697884095157836336062 896404754462056680706986092794581763148014495
2042222365030311295313694910589013379911602086 1022970739639675262150920544671070350154419682
2142530045530935559949666029179493405134774758 906770439211599897010696911098313576199517666
1913369683161475464352513284483981844908835800 353355109090552688908248519066068571855429964
1184961604994693112038401752127839763312490319 526679445294911327856201683809752897969324211
1582647466628146009452258092009812008707976993 220926853787033697127299018921533686851714919
1275418613835317889690963488564131689824376501 480462871571459115959155179825437820078924336
1624426104398830596436055587569787580437379777 722118575314551617632939774910313271290002331
2143838620927704370388273303368593777425394074 90125605862514058922354382396052689504872476
1593364637431424078523853162687849463392573464 114724180737690616294150870166398156659474399
1772690427413499062660574263878497957525172047 193799373822457337139689195684498408379561197
1953903449060030579745001457364448042009484541 826280520957819385734746794067061227923452856
1916093422424150314229350244102903836735530685 222055843102107543479606607506049898880572278
2102733379183338159867324752690799633867972284 738348556848845010658684261764086686364496292
2203203151905040879386257387114788948166276838 412132122010081232573579911751691411832511092
1766616949550761499328148840140887301671092087 46789871258274227084968141319997243984976796
1855112676245722294459305133179708659316854908 1025452662021905674701057114067857648527298968
2096374489760358901024722805352519344840961664 772304426565661760229962167024253978511211860
1149965466412139812303409895110320028952263651 960461048112268952492728210325476046186201424
1593966295626818144127590219142283610288987961 1004980219023227533642070011843789026572536409
1978007074249485546557378086889070207914616189 971519562103897981083252070374791637611167011
2186364832752990422356920665701926218082170929 168117347799304667909715315308206042924464081
2181661246196188186336515315060446690351193925 382570249442891807853840473551089187669347057
1151488650251332280164480705931839882449933136 464681760567764528172359855205803033561861626
1358325994421897622570726536117540806528359241 333477922511631926078073656698366746500617594
1888646545834828602014983026474830068846167100 138476865904763220511140420841392803568961616
2173215289038598391470506408611356216199030374 813204507377971165725598717326267134272914495
1467206419312077970791347960392512145346503733 1085333400968488227990753899385756730873248453
1921690755622323492756564844353212178217158390 170390922845152155500310393627781679698763238
1532563477832349326226546198959606587816962523 889247143055953809125012503254529056563380345
1411234397727604894383110881822378183273118664 407920718505163123964350977880539053692791213
1459423495364050600996177184368337580427377678 816575261509345719191498813918578554537817287
1471488032367725273795961241273986328256229534 935611913712118041791390606803460385867131190
1594957868536528225259831953467587700571787851 498852079560776936433767579353049181671684995
1847529334569053980090619939576009473934404184 840437836698949761569732957768776237342814016
1542056990310023562052482902660915118206594519 582803626500665925432667732156843438679338875
2168603013990491126398579988163600411341436680 828514565613137991115444029419177367805327035
1176481083666099879606503913301030021578474627 314606354751920036208190465655032531423817991
1920014701377305704154044952279989601268466112 291994337662323235076052510320169138074082471
1993169588619669966117337359515483784585666838 539631260679343941589580388803453661092676163
1887875965694700625509754216453445795234240026 34564396330273859482775925023282227686159460
1371923088373982740811233228777352802218551415 378270732691827065691845219646012488965947638
1494919252053980330429383805291532052051772243 936706162673114186932654187623173938460106285
1605831007415640459956501231348622082184819130 1079000845648751417424321976282675357105449512
1992911612407952444967266112783560853818064919 148801572729275254084031218048989272370712494
2211026820230274070782939097708697157700927773 273443606170604194750375945513341772055275724
1830899541985687699283379891813003932407815902 721427785425018831502369035985909816421457215
1852202840331926001958298733722598460707673464 158820905935487202435016166994240806794242768
1872835326440991771604128970545272400775281124 595883722658039382630067706891695513378430217
1933181161404165000165848477614329432681488907 784552852223844316890370233720799158725774387
1244758140945013744376208325187835279696308339 102996098224068877425496252267811572421241411
1412885867972137275846045199023476353624128171 912310589631432917181784261027808166234323956
2031305657067366164903287589024880748891132630 8569911860337147312187135866220945694788439
1331039823622053807713621042142596864091250564 355474931008741974978332294768115417902111838
1863595987001559299856561806742992861897226804 175623166008159893057324287532741299038067129
1143578507360993954235218285390003196792081341 447469595173337851789174016236257998187532152
1816987676166305586065970271959574127297894072 254058268698791844282918063349466270465826699
1621136039117467137318336982794789287750306237 983411664272100961522490830695348387226997358
1256588757610680135381129375019049271338671619 713574116665592617770509225012146699214144302
1616430712647372567443049142976002623080842516 1107922665811522324739772626025922630749953601
1657676777918534760875081625091562273814085268 39800302344622090623974360565625447737243498
1295810660250351871135979096522567336577842353 601653493935950879634277841445236454463053901
2146669536724693791623114140008908737175539159 947335353022636656368532367746260700775269339
1426790365687109317249442355433164097147719014 995509039889290901844353399397200506039187211
1452660401740760721924043300868943095654594555 1006493310157182422538509370815581150785445153
1808689305042929508855951083627369715030819503 817992218312137174375631526911235947484426274
2190854012775866495308245765386525373386917886 348358639723737921091898034116280081479332127
1807337994718238358256817314749720620735577820 511921364761963856785157466180150605315040730
2211505508471118901180839571496818341891933159 316400312451437254834363300161299849486012827
1717735410281005038917725394353635441040138436 461518507539940216528903156213758447829548498
2139897509944359795493206305704339041148124009 340784396852037266187507994795253547869038117
1997265143761163453256110567832105094922087515 991301597630459993808747016281754038444114987
1844782113272374346781091829705381854279866846 924547810538912797771463588519120740321327111
1347724012146287946066276657684933294909160019 957347352650227902615263148649168113093125044
1193908725460557858709620109669208199337417038 316328143389294539663828687994652010323357640
1986147149725910289826642782667742304773650625 899146882215595987434078253157674591440719721
2177697839666045832307954224035941380868806298 266985926557647349857165850337440952499643531
1547548778664931732276316060195090156648884038 159958644376181463510973161345447527697131434
2190555384624007785929735684759624512468811905 690574117478623483419461528472281907338935912
2154077008606196087658940255832322570941627965 38662361743722225229755550806722740735043968
1926474930868808657292021179312645582073070653 592656881237272252038522302666993813051269333
2172585092908373144831092082388056350269987268 288976948659473032476573093914507224548970371
1575422028852211177156527508464633139819258856 814253894127585094592369606536970050668093673
1436734029311083149692919450153141662300518138 42629402506118704291172173907309868095050072
1217780853211385655292155540662546350257480090 546107801286884267163684067647000081261797721
2024448797235340900787505822897334172861685910 439784019479336652059405073156080636284816007
1252991673944521811979980338367716116162078610 751158933568494511378309445914689907080910673
1375971073958749737791065983380275950267242997 725219250834816517278390354210815887230450821
1941679252069960659921694250571247258308869505 595290002170235606628706170684552622336189962
1237543216429987594220182121719210929278968366 586910518672249395406300783813991542609502549
1629540524122941806826299132188078583664416166 656708353792979025225763627742375839102064146
2067590431247164842347121301650660847362848726 418192936413049011224806808173746291557529517
1215730574061237529358973030938550184020637688 218116788797535750324624830275428091553526781
1793112686382044617216118274982760367918331071 837324579755499063178458525296130540383482983
1214429580032333532918144470937860189965645983 76374492270729741028015460588742044336796881
2144344712979199811643778139680655362493341899 581506620810561918802293868079845760681393498
1631410939697233464513216405609196419429339466 994457559905534382756675131640987794306625559
1698961323604150336877800193264731837453344944 840249239567309500318778210723067836050047960
1596615464617233424817092619089723608961050992 669963799895759035478873919387097275189801426
2181474512253399956129156423720301495608788713 495746290740070761231297902339729084423677420
1944825639075867865149691670902648871019684402 638976952620959558542771952355919229743933852
2198712844656102566394202401151968970219773485 490082767441419122672285849357841496037812227
1548747788248816880192689479656486606362087189 433887163493894753043465064860807041779018999
1328368844507187979375795499099839856237363804 303646829419078790008701951224316829261879574
1973450924784763167441282264056774669265181975 225750710754938199710192951152228738388190666
1430649889777396245170906966489600530995211548 86003633691862314754999099618451753105969203
2015245760401220696614261364736918863666416219 238946047154855093474590342829240024333064101
1732865402895853900743194743415448501267448328 5275278173005338054737591947681555052916884
1422295437863736966001407622958175216339510772 245164962324058965263457039060563080181459488
1733509744653107750425741745649540520870144501 143552736134161571021023744499316271672521192
1385026171369837061251811221057303307606211410 442147970650622761069164236191277727050434159
1849243275870464222913774891043805596993374546 632988054472577511653191782035809799798290213
1901394718023271510187238126225809986953079910 165458414449699145497015265166712993509680933
2005354601846498726368749968323438812973171716 740858679146869347730122624590025865890556714
1194137305224616219459352749839154598768344570 445766329373351804536451280481248533994942818
2185059509779344638791416449237636285059754446 635542987150228604844238010864781038519167400
1731757243791065257106947581165879685799805739 1020257217530640315014462975285634250943500162
1812910765743222740021504470512238684952665068 672177320977684418999593020972746378010031434
1802345897423709861949856242474964165754602613 666958446757170809539606280915352720772540193
1163902539952583565165903880949188689734729115 1002759442895368962331365025380694526438998961
1285780161996229135874183142433931129833943086 591135655630977929938825150449851234565807541
1525480201388898895706410066199212803081915899 737395476178263743490600379469010577403143989
1645440861559762283516450546423366007826342332 148133960711076247754372949315349808848231818
1725863223575292019875181388607944649808945295 234251113031018541790074087977007002603732913
1607360569852801999564004258762293308537906811 447714952191775937356707506727633447898275593
2046453915902558881124208342143941533098910369 86724208969818175935109188827854684802405761
2113115438608612545189225855166915665973963135 728349878994589649842781193094463408463982796
1754103846988408180212731000061055414121742916 945738777718626771549057075697659060614163274
1289606456005513425442540572054342019490123924 478845336569096021612995106875016635169335214
1520149916452085143607765020244501498512430516 704306788882938879433365086777975288694592413
1533457963126053900954869512345539436072848524 319979738107022711936516890127420868839107671
1849609509950565866513335067378497259739531413 131593640013001060186523654681367576261798297
2129796253135320603168921092924627185383305211 57496486233939583117230882911208999219060431
2054593804170125808100849525488586848475210067 891842025715869590055158879894295631230144086
1619595554670930696943631909624999343474607983 382793509548393971830731981867977944998108881
2185539569949911164784104544464177766001675353 311084013885122363892159730017649429181103425
1472129587863467770151325467242006542295604074 296414170131130708206534308210225211124144195
1333569716445713727403862925838097237436318734 879934684213917923301796551648040395431761986
1865829576762812297858831659162795670758048632 1010743516684622481769473277320396001343852072
1859173823899728844665352185719860179553690437 661403810485331573057719051576347654337097746
1951883935516666396041456679233973068106566757 684210515502386400784146767258184130119220240
1777177336811967015612852917405637677414815444 999218436645053216475219055005639377406133298
1550419422206732476602730352824875479999160440 49805443708724456519410383396434264518295483
1672233301824562969033359127138903660000330775 841501075880385092569944670164003510540421705
1898207082086708482562068398487187375769971047 66752568035940256598900717452658527605543600
2170329246261198053392366471092576002914291029 1022774406220304948593736755674531188825958690
1923638246635143215022665345019089431962351012 258333569819835850333882230312861300092751858
1654253271820757134341046323439775438311518339 731748599272171758468022928466092234346356878
1333697813838239007443509936000813495621042495 221188146780841551306637150574521204129364957
1819109351389010496112181014247086234546982969 19229201626467363912122610944415015470146664
1428274145399212096622566642148451105061305958 438684395797616157324491743251024966018971138
1775697409400436263312328187396035253494621079 801327858372053938788541050088529310331013955
1536056452652390791124145458074475296287352861 721728578609124305186083888831131502873973410
1730955464510190345026507790030998064993555869 891099375804733707045608950509450922115697349
1608842347408017621833637842220456026753514183 494439028424885975536327337724202088724226727
1257262737948957980987248887533001019261365469 34847957761800033020324166893917197584663015
2093690519091038373917984076789705196025293860 654775697033232692096249193820365354619204209
1431219758653012850007768295423899402141203097 154937791381051020121400620429987729077506131
1755831210082465903844423057419776953568199433 317966500439579162620084841284912883823574261
1905686287113482200571698174408962326886110982 870341073905112489079209993593531829670113732
1828685355606539227378037799698759559224442457 1003247753997032158807177618770831382885152217
1984538840415079034215597820688795101741032859 56803895170127344855500170787085360428850866
1552601308176489472465298688718531540341687906 202288502708160506959235770145968724233602295
1624726928892765048877934049017261848462814824 859947945380026411808357327977903164945549704
1854976059311141865498689202964913014096071674 65025552393272917573316000477199022351774183
1832428229235821758272113039858274839736404038 62698555398455275342107064971930579146684426
1334063102098596698354744075250222600961879330 837862925603697706237594023197514427949666100
2028632624174287695330474069449956158861618692 903023107821410894088093164505031279298261964
1437104063929932795772328129240208002705256185 442091797788599536375763144449004200294325573
1732993596780033510535813640455880758325152417 188316276848145349065471213643751844510523425
1945097808105016103292579359379508277819076747 845032434087141909042221792054397937131813351
2016644352815083886704852388955008266898169029 600004728539659976903646636392639384329125377
1157316061567388059873532949465460145960289568 575135634307932122298233358371542888452999684
1700096115332585871791592555912992232725114892 351656093084401294026347509312633764477525952
1816526117580688197697057598605686823233760209 36977649653696623201791915641097678669281085
1946220981931289409862925250284832981890997038 1101236145922962209558905570564655021135360131
2012796732917657230602129892145112786106160002 621854412304294372343574681544577071885676653
1484003473081002914821651921758818358154654018 84141841855766146009454701510128174758296101
1919618826023688255417437315844525035941962797 371702267600858550558064920064180313329803233
1575383975518528463423373601132909174380817551 405812742848132113617353932325974959327195626
1406133263912577755440794925040134543432866827 789258867228370222743104819081261073013829667
1605336339138786420758127868871124483844308150 258962676813819562479555059638006475625394505
1158222292736708571087268093212253072101504737 432305611894264645307224039662242255270768702
2145127024825718573371585282448243277883130305 47143585919107537495352290948365020162413052
1846851996241194359731746223109602934167857228 97244732467937993546181337131165937859632315
1995221831250838179928018373550434322767586004 510255419381163882400817092291093094178564283
1719833745490892750599907331369952266389394417 506165900822297772460660130240883547902716063
2019270122952296406505557327235603020357706176 571967033094160182903485301535243219217884824
1714175938996284185638352606355527492458430289 288251260271942155032613425728247152188655786
1860120009977901365288431783959595014348841526 780937483082767231159614742917382909954740147
1982641657929309649173077039393037229395896184 777599368187205190903980407857032361664873558
1896043965503697482303514459384777081343411321 1106299540788520717389259499627928745071025300
1751843818983236479841859155125341894709067115 748435111488894454430197924839634704034947163
1721161034514936880400977022375931790159565548 574159426550634883038879911321370415033376924
2194574508031628685328247666008815338090161494 582442140723949400218459873794926711240025005
1881260917745922120690567465020990800558224007 725673543685396446868369691164601496165705964
1347121667940914724976207985418865987062523311 201902317889663709587863613508663365780272708
1644742675196030930058635501565130050793845595 941568953700275225396989942753358084544522107
2179370041196544582535017658863796232604499477 1056038501252289486133841763299122553103667502
2020017122058293321581576770274482501347587734 302055718473709791084989265941313406335385068
1657549909636631670767874645404964743052767611 909003214512058461349545267348594303574993076
1838369817648541125515743693261539933704081356 590899177654732372394476656933010967384713919
1127835718676652119277618026243055105869251792 807358251918548738117327441262148906128763593
1813629895642215467376391842489216780884438864 437863712207875540425418857306135151270838426
2141817407484027564215579881451165595279941496 303218327563738200479527524909839047746440847
1560758203714488249747626561895461432823719880 186137871236455505766967345612032080550510850
1555843634020347706779991898788324083688213595 181962192574708795680018143719991500951398415
2176602819609846509985600437571293826863770516 993074269375525098196923020611381412601262713
1454382690122106478114401878911799721007809688 351799712695459615967876431029185447077110458
1177497988903234248598688287052986638518829204 134241410265018346346580621797409614872328839
1389566081953747104033970543042377407593892626 177020623474397287813443103341704417264576144
1749882956127671991500852139576425275334290934 85159449866955334113449311806225405675176194
1959449348851015810582702353107592459018697553 165754211345152320097221058263240270228679053
2174175343455673087119527471022145942738983939 695419140346865800497802443619223928536046864
2180482998652009719187271398771689086973734715 38383865271732184988418816459816652945017101
1354313183714844097262049361660964983942937209 339266831066730547046188954725303698780746764
1586126601868211755293690055861823370704004084 174308334373926032019765134671515764759894857
2197569072295343109240279905123671050102485916 190109625278244716316049739564739242659022052
1661863014208321733951266189899876314961781661 488920521960007839910225605043240511698058721
1286292593949982172360212085486490619031124036 780616036081655630580424637617337566320280973
1370203354129660371319302815462567546061631714 950755169775671445086577323798832517793808680
1801420499626699877218167485618504131588439044 64448399050522098815450138557321946652684025
1639762505287638840298828611930138514110562755 420622633214662150987862387367627702291503811
1985489170683166380784871326827143590761575363 675163086706053962716065894128171473801687977
1204816651818941981217095025125601365195894170 914236540926116594395779843077888193363024958
1431768460521904592792582170881837832278917052 187915189691703113883985630027853156538188101
1482346520275289497462736169583403911578446977 852372863015675479959089941955242751738865660
1630285980552675611726150653174709257921971982 334648113663359712101786837033603223179730385
2088707130475139738241190881832208455233262883 468148883556505328444668656939635390120940254
2209110961709762000936807401740076915878388175 451263403711993995674776727827647181056253823
1394295554853058499584351200673964585847260971 119973247933766901960906551161270184743619975
1627964625352532854453834771383194432287122609 223054985534437509310326263314000664769997464
2049691777223560074232431877636750255410020216 854780384011858500982961213661159621879400853
1931811851849818750521158463875799297702340943 724498946964949262368927929713522260227667861
1328408738154243367600292804648544247383184614 573946108374094984191246499391823263576330758
2092614509164888625531396883409909254724824172 993320290639210499460591718574658417333258800
1564051188965747643393876080179059418776825294 859282673334386015439042745359804920200667890
1487789926919570402375116513454681081466648145 293216163817892014518770947554962923230268521
1588879733493977654818853484706417434118753454 168039516502755682990345230186113259851627402
1753564712597974893489776979221849217800979851 218906496811466035019980223839605347983278346
1512681274368765686575887283871193838610529253 581717439430452026631705655976001651529486732
1184053152907725774541625627359915238277142962 221971852838918319292241974051524744183957404
1204916994070222491135283703810573231926160587 95911740512764120255757866509408320511561653
2068475464118966266618962217409322940864392403 254387872642767069586243953012107050081141907
1553922009326109291155943641953831966779205948 314004724877255117727244700919774036382837321
1175039504833783465530968725321986907244798275 349285373157499994753433073117859751933334736
2066353903980735954634892882969785949638015436 1061597702300394317299491015431829073409684600
1716618891025186378548900022517361807816055352 830509319864883548452154474904091113998116652
1151731439816516775346464970591235174409396627 541247598551768306758249346138444295196829874
1354297805238604354351133217847453153732749904 620010263584939938139449764224784513191520144
1738652765512505807357332484450657370189865915 1019255936343217012988563909552592129989585510
1851238547545481264655193419706387880880966388 232330235489259771618317817715435503470264910
1735856727848698939029325163523623167956848915 736429214219915625273459935397836770989907299
1567647257509358632052641201697200084774485392 533160411009873762940776562572653250880410167
1617210091662237983149472221433375437660652888 251384567183744594733081939118348050428746092
1761483834849020727097791883198528798895027906 678735708694852613580336854405726216535684075
1387711550599859489736504642140470312494723781 119432335709937817027892777772568544380792356
2120926502489125480998367219653910384502082127 466324773652938294898973437967301264422079761
2019308536423150899676147917684396326487881161 589323871924506584452998944065044391578418758
2175695307361169303548000288189548443048957750 838582549811629975889989061606961564792387777
1180879409922780288060145438774785958183860438 30915764694051830073251587504700787948562386
1207592023292057246022965994734259457478979540 579630533890860858034345000179659732469786254
2163659201407382224811204436436615319003161307 334119464207967903704967491487477774870419200
1485784060463137936769749410252967093781529855 721302905619766111187951560211556714862505782
1145805374111554947593294303894726754993041387 579923290109271881312890501613646845878245357
1444880324204711198208834131734537614101447497 385156270657170785781415119150974850871407734
2037171998296401559115695269081534603322874219 188559591596686951829733207927980796840173072
2200465543107257614676814737903117719953351897 116130964426649302380841740102019294911744228
1589361937667506022481448337089392716920050942 565111857008739269696779339379415274644993103
1962709722632798927535465566157985007967719013 705662566516033002127006832684377367363520418
1616800943255431416002561938669686804927956211 200459146405964897615484238734972569957855494
1393973839307139320213752730660088145732542429 923772853667440551477724962876951152113401534
1786762523622364616314004194104532081398301004 650118304724943693890741895109098116528403433
1760833521666949203187844883810934993155278878 893289323480359582974874940757534635802648112
1229849319525985741126414461686321577858523928 434821498659916437387506380454720337080186618
1411336837079452836049920387791966846069129515 312618308852585635249644531644484386666447242
1926535181876189756586551941090595700383064885 521515863769703644093205637163999331504907807
1122434543033345334138613508484454957572625731 691178711148434382499098775448552987915413172
1878984146113811613957685807546928184611274914 1040817813162241042107041748148957722374830883
2023512172488613114222125263845795086543958295 145598231960918884719665213333109196100921962
1948361988677057160972467338241314677903330450 948327800588552357948049723538847795484531223
1789974949365566075628102035932605518339211811 1056247249868876225361131814964581683319261843
1600780296467060262638855998763036194711211415 399093766081919640882197493584040744282964188
1266009317628911269315958042585038169844532047 1021997242207239419255186218997121717952052631
1334871023193456926476799453245055654137844571 261936389177708978416068066604337091703409908
1754942760070229673766287378324752044557250153 712655840382640880413240700026799053324299666
1860048578604978369839989733049519321034459458 360555941233268680411071435302787869216559257
1524609513449058643902365952512745817252696520 987926016100289894392131136548255746139046058
1973967870665077807022272128426628120267484716 1036740231744952404138911382987625897427552838
1991635330085861078243074433126302327307889547 345428181892264091033932339504496238163903927
1364640902544999444720255215234138971427504021 320170692904349499300374651292537406527119505
1867883942370595384380568718965526648647283187 556199245040718345312983575957497010256591205
1734648903376684849459619076242054069840426140 47679201870245522520134436998499673754264117
1222874917826340902623221465593854919132785897 790249046583804749788903037900539867704127951
2198700976575506044953932708281321893997718975 329386019816568819119227310280084641043427148
1192597682905391363552847409860770492958524830 993162700361758975146424396338695222749944776
1570320294821002073215520645530242972630933160 490132782624479122721801754031684794501802561
1698123410934569269841783288843894040711081569 482502650219299060462197537890372545876853895
1475941675223069119289584539599044740386717909 529438057249768625944820417143365450075469491
1379485414156972998311730557866610970446804401 526728119478779401726383495538142414279922701
1891204388726528603907784274575809054391704889 178226120373138541023242166933853293293784670
1768387412941373642168971986481069556658290588 682125180201490717942945227328557381973775934
1950500507327891684439739378812561493574280859 836350514760922962160737389444521045990879383
2010113033192491338885810019314923896998415105 404034824695954419480076893729553011065300330
1684131307562973752790591847127516770753087443 1092918868653930989048461017006809266202799675
1321891066214920261997430634628782680153764802 833660762407291809786943885886637802676532992
1608287432748484882307846043937410624858313939 665989583965085290971255516185288573688229383
2156330390328177275715128796594366616282612814 828921028863188042469252939338015869258335423
1630170131393939216989245736316568377225356164 99478944918345012466683502455039270941678938
2187734786752359201978351181381582248072032864 932837044864424035919270552379538434191713530
1971435201723910131056632388603065663672052238 445364156984451273193883859247789825604510832
1492694863601523870729616551863718744559509276 807799816588523676679064489625887404290627747
1263025209252140829574546725538214292793368733 454918346039144765479776846015126923990925278
1930724312537814656168600313684570764214511985 18650446625558050714895542973201025554138368
2080598329560314658885035602932300071801182450 85937140698024193541362645049711357080653211
1971793387358946010817838958167619695972944445 623705188524983426793112914561111022082701786
1495815404896089532379835290458245370780474255 791163505467487987678007547503821354164117722
1302726177055834190943305314600869523938293098 299857494151317042245884970445819560632633731
1678817804199656285354956711695050394077018117 510101324670927234109912099046261649672857761
1772510668485905626945819983564459977309657979 668672820759134375987947261236874263216834562
1266137508136109038553085272004129065307253809 274623530180972445225196348454053450860344646
1223581127006266452136311646422288698773443755 265773454644384881222834524782100585454226135
1143294661839214741539418534138857426100458008 48081504714490963411160299989652430286550571
2006507034056942518909063048600262813254760216 155392806312258059580214698774854491155718428
1968891100410851245481696898283381715040755156 560721433031126513565570939606989163284009715
1724580999828691634610637061320010622045534659 1081866370951557388438309658387766406214631816
1713771059685141736135305344182660564274651762 957841482063256814715095144275258611738783431
2026239693412172393497058803146115970058400468 148077233085931190575603763508475917978339861
1443950316388595500257904127488708862720448110 997926087677905302209004803476038284621545566
2171712772873879508861629545736593277869315577 758937343630619185427982702593421612898973886
1669490775160931758167989307415676760997505288 1026965899175915042841718027206267677431877552
1521157743838156193329643545753100656911299655 925077943150917400837281015422654536784324724
2045981189352264385587300511531867562031219003 238962280612637554018918520509858763422063088
1762672492567192320163968919165879393458555473 952418705782156038081870167952319420828070148
1731238836542758989550329776236180920185175343 298813577453246251551825979780593492691693002
1578553682498416441866091812784599565685768732 83767067407151592893218449405548615889209221
2083757179090645688714033206689248045125856348 995916802336978349661251020308942419453653577
1274241002026036762903697095346774026819949832 319655163245778359084515602932697988616413595
1485142633279424420110234667889206640961406254 455932826198863827781285128224762212486316332
1633108406517491882507710485720848445502957520 515430153491948526600393758645389889729233743
1951609580151517400099676352424525121044479389 1061703744660441819302883773985820014571832207
2005997550282541778234735143078725393833447073 176891273208687180741848387044461196531794010
1750536156184288672870350286685042780021075186 104334688485754534918884961071901052710352482
2090398899429948426413548211644535653891372424 935207053602511363520011995618472008936523827
1886316490924177957522868768732636546256566185 201055609335191432699206766978597431375812608
1457352956620189220508616450766329630898820182 54313806941947128862129736868339087098284540
1187125842735424902012317746416314444043698948 951727162267673276871792675310661895610690757
1168095977153148715945296938211351744565680481 117483435543524644919919830286075397783032282
1114594794908454713414379297680348632110657965 555774511003796413684507267790378279881458212
2171773228337792419934860512180592048959701394 925909489293131952846738600331154167889456628
2107682622481698976440303544861085385496705798 596326107129553258795048260201214244532573610
1564561521980213869946834903458048524425776217 913383972996622456038838220069230873357493955
1958129381035711950891156773081573031794172983 520757844175497076927563811362450467692820147
1325753660795076626817255876899511158575526469 218582745189301491113433291347569757493775169
1279710971874893416736994380033738126657510810 1065173852089190518415799855908871603227069306
1983575095799583144141159054309953544580311928 1086108308721410908885729451379906472902772028
1280730707968119582499665353497371605002421187 690587854247208262270628763983407477973385781
1528470367577609658675883980824673499595283719 119824431199442649752815434394613715044177771
1239423620732135609912395630823841992683261779 950608312580348812322870340995098807800621023
1194817980848827229040863588231784642080024594 552402663492150691606748607297967361962085561
1382878641058996807731732390566134184335250549 105639595161861832631553486862160595693632595
1497930676878911641877184971597964537259000460 1105735507068479623405365375470413305960666340
1920182820821147290517714784092341937008547338 194943020481065931645049260085605871757165967
2002313783863709997540866197595333599268997651 1068220699848223438133678288220249390235566985
1776319186534890558880230160846162911753802045 613121067223984288450863438991288629233499307
2079587560154565212740017411094339390213418545 196242844683831454026112214701689961623216611
1353901680374950825924854212649053448962859682 871560474881323189683296161873192263922364040
1235048727290017819655447714749946474824641650 708759760819595511819176879931669876755931540
1694054968613333428857462089206861351217823832 1076793903003993140700545112809348638130565791
1704265261053524378555113568172439031781694283 667357258007904206537539352434248529551142827
1789758215007244829832701007874883285557862805 872486141946677219826744302044603213596573174
2205748768119126149661318093263994756925647871 662501738820804540925780648532280357983640371
1661813481262057709596642762221072991621222620 1030237283785028125739710235095180417250629972
1655996256119404956888616834097319820836593304 1091958786923744326874409264841607866312491821
1995656187287840685617228982039356955603254959 650926601104049582792214570807777574159559092
1994633423772618096384439252634724788011397517 339129736480752405799853165633135749690463490
2029760570285967384853031600075181874351111733 282764005320372655607641868446110901198944187
2037653507815559515701917836419121951740017433 596039367430215440017780159462997554978810163
2127347537823452088949430377027417529060763330 197931341962439905427048925990479550989823279
1832666386360953309772593301681068021507040848 984103250697922901440321226378287568867448291
1431985070076236491779396269670577039318380397 1058537387942433811253343204888348866311436390
1793585339794102222511702248494028349021882276 507025810518194949824098885645500016794815037
1291624628523950281848853037329763567031043478 292863551193518415208915368260034294041349565
1665237635903940225257543056968449202883329745 314431784358120067311464618488036107519850377
2015689504204901032691013267369085321728547663 883270116063674113269560707896775665261165827
2041522576787724298400188016436766027791191281 621864607595490276685118926054360543908569755
1971795005073744196027198715407564675069540271 255608325379278537219636601537544122818835321
1503323032010565024448349727892170627389893933 302004849175572919147063697076989466779452338
1470469825527681614716938745608192038983662298 19538808826372460185303705634375726918225744
1744981724747407173357288685607353869960268877 792021724133203799079742039116047195344052679
1711848095023743728322056619384263506813579936 296305012038629582583207164339101572642846953
2127000041273894561147471305952191343714444888 815170582643791194392895309573202498075106733
1558188330613980029315002647795633302378550669 929917304392079500341795958923616043108994978
1729631874797966424083231430509073040332524663 876178050195133112975319931198021350910839443
1454420499955478069826031027794523719673162154 913740022460363027615101082566295441773206189
1995069256672383569327682313642166503426371614 417264812285496889807842435270932631086687550
2004363637397456937944288723945347987224677982 742090832393320404143369856569133526260027133
1680473963704367300077763515015315719982429724 1054570438860011753429554608341638471021545223
2069057991096674136354286358995705095345952595 93213675093164515668949977846748260935019088
1416302951844273735024692659595545168115530810 546600353970972907879978214071259533352706276
1679239078432908007323232588792248493235115689 223231091119747530016132224864456227287797489
1635330184351039023769387225629876673793336967 1014932680828930085414857850299200129565528868
1477011851751402934134946195831612524824800187 652173465777215721540767618359974986111256365
1339168501382646612663957973656771607309245429 737144566278169566570444464196545866395882843
1864268353500826371415458703572670064588637593 721126658388745013140324546510079323300574956
1854842853048901926957862021250194250226848791 169807537936273997139173694403921271622049538
1908581401901011458309334475514654380215057906 259067801272742787403207813145312534380305893
2152849433026438739452297528611308981763665600 1037118582544879826145531208879745934236028532
1828720176926425789819807502690972423293013433 1107956473071979888882825715633517460159755000
1962443551832195627513583143767743910500423784 282254333197694812714587823143972619710529336
1672483005795452992440885243619819753078465579 482560038380821340200046405913489823391108037
1417548435819165711087379663081119362038485589 760864857284365933667247895871114344500279599
1594630540026209617831157655003585256121462043 1016362250944218526372640661131722957473281470
1171062137051979217378799703272024776696827802 189566659554370829004482463056811933531819330
1245930671584016626905331814341752678084486956 774576338661455397224386737045944916724870827
1636130348388245749309929145735203048145858925 426385854187561262429091850154609047549561191
2017717451919312252008077728494744262526251291 155218906323221024773607985595535121146081702
1738505421446488386499006048020917931020512787 605681034155514543131831682059735870320519188
1870678255150089329087648831953068976186948689 250915478247520076544283530108965956635645148
1715313222858043572204528936297133870725773002 501772877697054146977799363919296186119874848
1580876419404923567840394058008706924975752714 770427289803589594198298739997784318249321211
1624637738720738196859989440396241546197374037 86443761129827744072461361074220276188978421
1225892014174733068189090788424017499525418598 997923740871974474457632389271104234003208977
1523243942943029079030361267491755655048281252 137748440809401357503168577474624909716248979
2125563220654596017981720209621779827911589151 685484563943927316334084511422301629932081948
1270646585038173256175554531335395198918746150 750944261780050981031497946894675824442446281
1466970131687439547715713345424771937128255313 717996656603943095368272532105437486357964316
1640811797335413581352098959574927524449406948 1079713922325895283337743359723833080396067694
1623779203890258611753987063938573248477591852 161125191941002742412431926169269855541761634
1327829182660964428758333307334299218547447832 848434397832894897367555723992007177813985130
1773174376351293563989748945595438012857049919 363237889699883052845514660840805540796719809
1509879001605886884112643763198210785594300573 245249089479441123114098476040996292693211746
1417724614648097048249802056187993339519902473 246726832137688778882666692527289289140369093
1934039699236576794325972067021153333202720898 753177133098590918898504990328763885579346050
1268351877709767063096134815632653402885456977 1028858659635791201999887278648372130315012463
1667415790019420782941730103134573454789564840 1064466028358227271789531205480102586902129997
1898876012527416279918902815195295602277484484 1007241768947633039610747583413571265690361906
1577728754844101763952221290304234783009620100 792441781383923823529744035524986725727849644
1799056598658839892916034489829542435219274065 701388897578658853408644064308688565704237397
1165607095180751764777122529756318198136206559 463156062736628340395023633227661320958561669
2086180994375251378158070653264032100157784940 342705211084672155222912826534910299202975924
2142231371938614034820501378239279613197003891 330846197004420963072763423566838007019944061
1775752676320978158615723635547390145851152002 426919730260462406146802255572623902544783806
1418724496778397256503767040447200713641388807 160253658040222520327367539623784530754187381
1342359668689972719334290871679429956580368550 677863405329500617470191916484349589557691817
1884160359160810612061431388550815927670084257 21197992179293591396813299672735679411640947
2010868852872263644056432458020999328909937269 758459042568333762917815726125499970521349764
1502406803864541809312655479107648066413444738 133908182689851925839971602425066688612333980
1257923869692437312664945380342553650669400683 760884886717324777529962817444274303397508898
1725782848314740143593495317704492691287849439 810756525969791971765499017165650989153884858
1416774677962525193949669829576762476733970817 211682588508722234425424092769437968130291657
1356388181951428360818136204617477173590965150 204531533985875697587310358515963646986431620
1355131851690105384889687984547119963968766334 712806947185277140634819301209334788784851190
2028699736513757170997993172262581082088367219 94472977967826062468935339898327975010048452
1912933076379150770285475683324513821900904658 491766922710690699248800370068054295032187776
1373862362725431589302216675411937527269841977 797182364914579707964586149005166941480036572
2155531205119214143057093335683163798890075387 1049980321995727282103958640356732153331886397
2191891214842059693125614299809178005346005611 396776976629247959575596074471050382180794874
1789709023076053302138872387990724235894133278 587774799497655395104133072145977308283004860
2071038676306942541528480115642296433073122428 1084430011165438688095363454963712365313264585
1203898779987263456680783389758457881362290429 885198156029277800395747039652404292579463935
1681909580332869813286772055380228345492949457 190842233597604775367192979503603769486293166
2207390886814022875366098125835770600437211659 277976928764538456687158732368431950709319314
1627492730407553249153442789000970325345546602 331320293999789782001910308729723698373581209
1369659372340357450658187463707404674915534716 270595096359415253188826156477859395523652611
1402337819191459537578291704709926737131574100 384360471121337326418809791157009463447926446
2172679154339844969126937875883288805515170199 708337970761049439457693749657720518076220178
1562701220058630507984143636017832123697979752 326175523919202602140718975690904531794551163
1223594394764323768367572543349944913888904536 35160906009257048981071533916931104915777483
1448404801624922021384409213179538488485575559 27698784627583744627985161647428800478299732
1824163089995423734800695608647989701608576503 506528217565205715851475063534162587869123357
1540642956569413503630060599875838562705070228 103576633549343800852978677277404273547528262
1192572069716394994475051583937015557801787223 55528381321013559749777806701602068094352161
1376615463879548711609344271658967926749997568 983572383872017049268553157880610776670096306
1585578651438564449186482173130807361804865124 822938693531930493188584037292325663835931836
1370615690621057644978193998779343943689523302 1207379429176340207594796019562083212431938
1745712390653316579073541330497327528897958458 1091949686979557134303572310348452040602454968
1541450768425537211440740446710930071604861552 1033108659284141799451417116845674168404765144
1331095139497565304668304421733829544499078341 883087277858575430868465862709744561116428799
1975253004878755440777785711755048482059008161 1023123469502225213410429248910234994426419213
1619203088077338452193437223687388106464657480 552207373694135046936015292226021512507015076
1161455100428007280495955313767772030700384094 386367484367765158657374512802609547417137503
1203316720651225589087960565052003767797097043 194187099504806173706064071359999766945160860
2190613560430659149598072908451733501164822755 34385699992048238827609820975603903451373831
1309128928154924529519256383252838245295274925 36292734209477318672966737299549794888094248
1736635378459133688719274076358270987529309292 510122077573223932399325585250812816310098695
1510906351100474318824465203565602092796874021 734555717137971496627248349725181944905512565
1980835103067637888197694687355848634624198686 224314298244720513554723273351591059173382436
2088017723514576759969520740702471488130567183 540163903614796844056053229739883805398033646
1180881718827335460090113581287794666149360973 35182921303032645489993487141002508897710688
2105611468159655416325302580338740038668587265 341796629718974798790249236779770147215157777
1584492557540638117783370558099667282618061768 11490662871031877581898589002123462319825471
1933498316284647782275150726293159272310030094 1032471606022602383513367082721565624807670063
1505100137533454050782283154520350711151615087 830125141008725797820916581751012209353141179
1759757011770661182293405100804283998050472644 873811101757614370133102525876878868255315054
1877151686256663943481335135377245093806596505 355662385365993717297498850039074684967117118
1835398460974362209736033519244638559302817935 1082644153905708275419120248933301260991849875
1745489734411525721582259147062243327503525362 1020556427432966572016907986922480217664581608
2211909512579890580708667664945224569251879204 1003902500924654684383043027596541455582834399
1121763444916557971350707134476252981086735651 746257849766245727050706014102955946456782765
1913520893375313976270424732712598611308469312 794838292975565348075577073494925593510116471
1118645795006290416017216312986679463123409819 49382494533185094365246979754306759070942970
1112788241004853569402919899735944876865768065 763860787101121797044684111406881095993338522
2168234446041243387148774561895312368171450710 1076274951584854246378796942514627374927189835
1485552523539889981707800825674719394564450100 402463682749693561757942353791720911825630561
2212857599929331335851888249129331057604823783 263047504185095486146581287483820527557484593
1492003791991785438567430584382380650230191102 559062551899717262387772822801215749715616088
1472355950856535066768697887592293006680136316 593512334712285400667195866649002495802951299
2007881025094071269184586676259932264506316837 546904911743059420918191672148397580537976182
1655053126621094574764288569141381417793744185 1073479448158215331534924666754996405064082787
2141944357355295205657043814907235249754345027 208670609807642716564809079539059717203244280
1123679795794436607060556732657467227882330275 227007099045292715078179878671656916213585954
1517729744392450623926235960689724517596607280 24242591383887021238564081857558856124616975
2041294809368983874966736483429775391594600995 150542980338141701503088111804203917410062563
1524677445688105273668535326566622509070119390 878780201034680097657074054570391877465723912
1802091550411040024785161096012695934632572241 81406890533460805050132382549700359769414362
1460808132410915585921837945570027263927951814 250114780307500094542608635310854894266008642
1398892770022737301937069885479022493542462945 909771576830481294152911408820687085460203632
2092602063269338399488548428851873668619431849 928037672824067924945929417590708218985108736
1832671385807771472005466686140118431396018499 383834198700477214065755823511107559074564604
1951824872866134504170086457772451153123422588 117114636397330850867260529526915720507539447
2129597277112658337925003980051306980209917173 646710487957338195951024836408053655449986344
1954892160746194514851053011443968590236757568 623180888687949020615535365399092518537512003
1902666729200925013784097092870631889819658687 160976967244121004697115190331401467571981979
1638826091890222846157633511768074906590902266 568623851036748816884956928587829069666571055
1398473526865614875243764537742907679618466440 545707219630371797095567220728541948958045406
2159689728105501719197146251787384734745950157 807563188824185700285791124831923374916813319
1878900697672561415111056679850707416272290644 125710838462445265242555219052360347151745309
1225299080108543389772159322999081335359828584 41641583576015836130034700333685539462023131
1964390191018956646970029842035016945387549738 327834822493628443712828701104967270358050364
1718441569793852008222490601790583916588948858 541547833776007209812940049664609445913676125
1517661162647086538852145915626130327472076630 755039083711680089516471852373436365605953795
1424812910342660561651678021317500543905437260 1029526772573167735706091590135824100805275353
1738265723322190065148806965161141895422490874 504688512720780218158635230166035934306367046
1712429950783761287101397341044417983031812354 739160467110143875082453399618044220997368414
1611044945661220706045936511427480426232144338 605132993896856319034113932534705657377133077
1777203283126960356931471289418622057903391638 216761393646993784391805448797375379575566551
2193686275710522342796984212781256944340559407 487986159229226713503915637222006626002395969
1557007259629931313206924538313927477896657043 112235548676010142492302721780507596489349913
1756750893109095326435750638547978232190176390 745090396362262396294188476815975086666947690
1940330650356499422148616214474460463771193000 343033194292233889710297198811953939531537434
1277233214216571803717816173648238097667322786 518750081413055809904954937817658279613570746
1551219488115253054339266041309112989417006735 646181564507045984367260407456078712806424555
1655031829712035446168519732474503836878208587 370949346994779364872601968677560371644422336
1718563344837642578225582366370882652158690782 204222090381072966315517427694009641357240301
1727778203595052000877780237125429339827654297 512323748245858215896155616313235798060678413
1895557153773287490607334011942330712259829022 640708928114146989605800560753647334918035944
1941371854528597205684985602975095694622885905 508454832194037298053294535745879316258845297
1515615891127775721374613797913777235932782347 531946597455835880436683215772752408932678119
1252874493942248217855208010079824228279776005 52567205979381522669495148865002362000750484
1789104953831031818105995511727994027250626501 426240137148250762480466644190569825555147104
1424325441718565943567563611556623775889527604 724712552618064424338358626051350133727300879
1559509752297396921956080067940601030513893572 1004617656900833259321402788904411592846472610
1838049055724722900122560559718672906404094698 552582429561592057944323925745338834205215755
1727150036890830740789449220772941071265475516 132876554178271600371949576855978509718065238
1968063133092908524971931351688906685203902121 633773295058501164526687436647067601368492236
2097445715073719295405502732949144184711582830 537656949825453706244798904725258946858857319
2179613595534391224900280531042555373772251682 177391541082819496610472014527322864298494879
1342020573309724927149063475602370497156810576 286343291332406784234519493331840479952476788
1813424824162505825636747741471609362444905963 1078709821439232783605978550652752587801846459
1235551469738761886095658226084491508483809766 864757097443724148790935993919541639469412184
1830292946648096770643407802497124529018672710 1084006293328707395820225964290055529935261640
1770123728290735727045124319093268957988949869 1096716792439528181452651993533252512967665743
1501844046175435851551873749392371622165260621 267636981979060553573938089403811748612316926
1124033901675056396668162876370722968708118759 925863056694381120552650739632801842117454370
1567896459292214588084136180911985886476014713 942435501388944318621929880960426996604340287
1895981807562080204127492379885575619278959251 316594320563017998260084802275300908114709239
2075322739891987731985424162985834909949034673 215465192512725076163144386121454062189912478
1523080748480245609925081893809208973287591923 351317051423687331598417248692540588664465476
1188126249626240876157078352766750707350650598 940850909857710970352008400795148892346225015
1245409537632615564032124615810941814264511573 76832454911267207611811647408717565271104861
1724666012552881752085021655454540119138012557 281365054257586303497221034524600288045283089
1391551082483260563201630669987030865822661379 862742471961360680203579683334055453107186755
1818093232896916747256498235694250786485292340 383918273700973970329314343326086799067751574
1355997483886866837025351443103818582968675988 967830447352068345448308448723731064640884295
1528732714435145879266392769384142137383448464 284981982873114202147166586180498030736770532
1244502398219126491317284740235299383424191438 439407719126043839442292797111517811208984671
1128438770517400829374456955073076218481413528 471804769871065015030144390895416533923167199
1855449446700329915904251210496668584322718305 544990033710468644956355526963852908044270890
1999170450174610729763121797391783272145363824 563826493352869012858328922782914649170084903
2145451296464485576982575014892440898113859265 100829309121797856359786021407058935301437097
1768972867780439942831376017705600297674432326 110967815993644993809671177851608187439319675
2207952572685358455141698025542217988584470756 1086775618934820201554711133153809176178676758
1579506548490645418137609032855413033912463975 164845794603826808248965198056766340318034388
1565308556234417892955180017865544306428547935 324463600655298160924865454785574322276389103
1921989347300004271255468522634472258624931761 404966114143021362956793858388792217707721144
1409376885402903061282649888774334251852396898 956594560484967108249202923928461202629550628
1200491886601205761361479008329841246937013887 852759400489124912640997312748830909747572116
1598749634411227531069091312707962192661114891 170421061367955766370808734104561079003828772
2067867798068087748685761882762485430532445577 886509165493971739926829180489593067860993487
2002551282722990807717253976034120775619039087 788515522302112571970993667048033153701796795
1784338591443885291582585002440841193784501669 333490979657982636824477221448159468287577760
1916752752536579148155695415118564660284262736 717546862015431285669794690798878655684863777
2085739567014378218216566170050715896158536666 503630897638614311711482394601408270334397237
1159751065406897355744933433214828418626966626 341979068321143276933850170933610222133651423
2040155471974049689583033765037317707468770686 298473564035780955712874819701438203861004270
1559029660690091781195303513923902399797103172 368774706308665211640610383022945392960265979
1437678328959282543536093830461203157059412901 437938957881884579785661762200623978306351138
2150669483863817261628125710697278121725124100 883185219357416103467352916412079690671522235
2143177161976652573206208261037841005774888309 228751136454526933524918766557812630553344165
1596858923000468378568383843743966744153864909 661721758259518513807112042083170082328415483
1144764606196705228958152249967995000815568909 489144552970278016365755447222888986314180378
1739932256691520811457605424131480632671771359 262125040114775162779443739290289306201278934
2185390001011361265635735739015759104922974534 646212026084441281006669034545512101809907077
2016975669707248667739707656933836701342663645 719060767927803410449348294281680172769288558
2005232901172692963568580369471442370038859006 776563327256141873033393815393620475215943622
1731050722202410865621730296825242232832460339 88138392606821145399435030612619464176345411
1240682843039086021145346138114533276486295960 1022982594671626835929074071187349275219585067
1395358183413589978530678404163529837285474932 995111595200056666273802562040388973041913930
1834235507830621188086750641759366892662287088 543308741392602704127050966750829672372287481
1629657591003703372881747751290768104982148376 1029156316240656800394806730427567128356286165
1866222505150351565638602781216976570010051393 995013978067694245079821722257219844772645818
1406168411970336237695804863017668555604901875 918148697109125590817317227593538784489456955
2129943804448401918411817970168819375956551224 80496930579363466504972966341359307432687532
1784845421679054396923115813935319642810016098 821270034059447007391910668448819577247281206
1204096976476128361659545723087886330203353818 174949099898730966853337388193106532015808871
1295247280877181975664317833365332345115953626 62772940456647291987581843550920617084595729
1475079821627410228573222761531869940903599861 529951225302637534759700812745823809914328680
2053090254341116441143747132165188745181761313 731004686004741128457037730624146592635588421
1531991182984784221645714829353261391738158330 379397885856030596301294018674090579125077690
1273481564088714361821033666934119583272356972 31892885954090972894896973693279048822687882
1899041147003244364379514826134643708870871628 474183559017563388768962870271914254904754650
1502629334181459182956975541964448057979293633 489112852228407807834026704078937044597005820
1217039813120461162323876567371201093994843764 85248601683829245546172995898837320358347951
2030974480861040020804214923709788648037743784 458901534185370674059580130353822123757845727
1854694321281031452425289523312984228392967027 152724113365609545110472371078459510125608409
1354843316239728988762494711901387461208627990 773694196314899137692994153029335390513380152
2143719083554168188723601799566400976059804159 503457616170715618642658100695633817373558417
2203845656710562256351048471634404617201603083 41177673748843796516952192045959648044573460
1488632547045628013290541581694805963071219648 327256544509569376088585971091894251337723347
1484470189470947534900661591604350728101015688 625689320563282932361165517775059534697097596
1780718211479960904007055754830648333417401692 869554984464834549728230456844454457962613660
1838910537762251728224509838538242412843500807 197886366396506062923760981183316210568527121
1936147491560961516088253883471142129676472271 1006797135021218314146654103671147255231071140
1239132268177155972576243175798625556429808828 624569472810045926302375627205455994883738351
1530560908969779732417812542415097078482918321 576580986420606890846596384487349745004788383
2177064277111744463664953714880440815672863466 49740025645876101411680105507524861936345465
1649072551702825048995776798453743909958319827 69351750822646700000534102814930834908725886
1460334735624153769759576811804798829042235108 902603589670121251576067243607214990392828951
1614011297923701857798056099029115448277220973 241810746542894918978354212936047558414445384
2161653413683219285108378182179902223705272129 119595832142852112984838043961312984749415703
1731010868621283819219348537671908968458962354 855591562140246267379598789771595516939913843
1117429148444633946268067522486294286718867647 296924391280346252934571035549919996120958823
1271993731414079547817611195381439500775058752 882475823741449116185274641994100046424126491
1225420286819255800861595685149932006012724473 1106964729487253269066935960227416142920176399
1793996097183538547947466490631140474415437109 513847038850666481447312801793737421308505353
1128774200560042120032368788471871095013889569 397525460963823415282667417453395636999083585
1153989310508518690848720519956089982759061992 231918907662154754146868032720294170270973390
1515747260075465248802675172097576034473348662 17003970845267495320934693510296363731396779
1845879347351965351436257332550441346748027105 1093281664462250259710568225388209479085527171
1784297249726110820694077957606519386964833480 826220513780773901546880289564652474985136176
1414085746556431752750631393394770484906525553 128753061879332575423489913477021194020788065
2129605347599607972173660045990936346285497011 450267710209385197930233890015404197405969858
1622532457434247812686435686429457705152433011 128247307775529432008997592721592087069296442
1222394673992886944080482091113196641718986033 579402890437100740666846406654550487113154846
1352894489324951182374004090936423019957011415 812637650479098230039348903102698026043203506
1373277742571340222192555886460153310400134270 38730444666993263423293010966704700580935598
2076079724515614563384303409679008012653670809 35808779593471447815707050798084601424602670
1614226956708996734857418380420431909834253924 164995631742623149200332929160287253578271401
2201967454662491693977386074241549519409786217 388162941602194127002132258872771553482552354
2069541554607675113799594616826220596378515208 70809554107678694353204914997210567244740643
1762346653753111734926079051167606569851523001 247986779596236472057247647281306536415733239
2215935456327475339983121909819748852369203881 110334564984780887238495116558499932981602714
1580018241903317450141592135098012319460032268 362701806099303167100580027588431580558231089
1839007925926635181117041987977523497451811164 65782822921894149541846957920206357793390490
1862390224970756156751812090948506515116964102 416098918157391003278305786094719537208391179
1526850315297901868020464331810346260100913436 709974887935619710824351139828192952804315008
1807158753758678760106384041325463786746223154 1089807068398246454166540664241681185562661806
2060598205581381404569820728493631712954949028 640572413584374806299740584356827447847184890
1547948539119607027775203663063605169018094104 477317415152163386208899726116303944892434233
2197423667679999207108038859009901164363700327 71391355087790500940487663427166761740818474
1497649778227060851641197687574609479179320031 300509372347605001567117308301559134441039688
1419357990165928197582011598793377299699936452 59950310176014105486647662936708789636044058
2154145051651213050105370700650782214368402509 245675952663400864900889587882823196724407833
2181950198547655921230716252736446860000821683 451332661704172084796918689061804971856246373
1684371848498834895670042801914615395217320381 828235811309106902223527877903309673537042474
2029161971074065682406529293327418785650829053 100005601940644051775042609149970640611935777
2000702058081803189850921472362465459101741672 551398438687827176671866982428785709317771529
1535257814812774583440234237055040458848232557 501875412647667635647538846360855557979221807
1384804677906699608600909305689056134850741465 204229401174856425941025939271618682017018530
1536919712729493037846471440159482970057242504 347801175577670976089246004309530022340087377
2207605292934510500321556353951549071307377278 282587659831644212990664940987271706486251184
1582044277899909215011290955188990647186315844 954074792015763139787332075739668144625467716
1316296039212485040804325575932837971195085864 75122313078102003084458785009833018752584003
1684950515068046803303400164102613934902210845 626298490798534911661307040822061194617491783
2123548526986508196411843676507508370269486750 493927954015970732341330084083272421735653055
1803131362030634377050180863409255869312239873 661263657659917595958552674100743092215571711
1628553041082979652700622751574102624995189367 663736727983305053508768266977727136702514200
1730970983168383452809012909541741640272256774 219786205098846021860716312783388499329352980
1675467160511897937115872915820995642101277984 704187281516172814242585648193792951370816473
1192533698126127097250981778578852943443296474 447598558455255474478742782753456472346068857
1941391981117972051556938690196828822752258975 772929584652425254536612653421114360298050386
1723119488445885458048725446690275695463126552 526113949553841728480120659615990896446581698
1804388508532036320549571616523787916586572140 1078461783384399381493559570722027107095961208
2078959898590607109052046225645769562776027764 190592373690292329972342262657461156280612969
1249376577812549472514939300717658438775284405 880633319483386122033342182503930094776935823
1952198836058838499013336168856810610110702064 366819250407857485165469209257436797561664736
1705960241983509015162777583813438499323388398 197644670486093713220292038755787263785838996
2116652839549147318089882739972381742628487874 698233799378701397387806375416230600747814024
1860987752454732613652195205699977551439814354 1039620407403789223842839989020318937460888880
1863214802050636093560621334053032900609149353 654516792290568791057271304892535169106841999
1631096870107216738078084236719320392214386153 629701553009797632394744096368215076648818966
1883712105444225017799696546513160496689100559 355374499919949484982267197151211899284953244
2174806540243316663345786919160392037849970626 762661298773587351615567239451288773040549875
1542468369054372788911570494072305257004383786 554476973439401007779907775522219202162754642
1930885990822251822241134929214380575379437375 245725155470559145970420778656200299329027118
1752318417009964390313766383673455383719269736 55680752002728009094312567594633445468996991
1610930752883977841306041327813238790623487027 42112671703363356243187401550485861446071967
1708845514328349817053934736179656357357726455 553636130771574050530555026882687430476464153
1615328580634576836779873889331065763668943209 679463316966697488235312026715009677745931508
1524781974635438417470952200425110589044287560 217476035235902210242357415960889885238705128
2211180745659366065828789183437438120575064412 1050168276652451994253818352706644049814811952
1315285277982024542481685200853223824482163342 909878417817680455315857788573289374645320853
1983564618159715060426051253619395880503881439 195520130036642811544180174391322981522678215
2070532765641516276460207938500224796596896287 650024836596522270818661820759958109033079507
2203494511786195126426137795142492065121927386 893326269405495381185691110306580249502971186
1688198533250118213307260597044253496982893004 1005571937584325407874989820504352995389490734
1357303114410202552704867304114618983443657167 240179590460978338142300846427267042072220258
2172375403266658794378642426101519609251592227 930144361849123032043873165362515584401049950
1528939445085997124580193431672597568764465204 27915493079876613234243190367525743401434307
1307620952023931007899916736299375446393371437 82682388300286656151045519078646908028445234
1835494156711449122948087803345878607703609374 555691155942494957028567120791993126879300578
2102846398312616342441141885829925097944044837 924931755397592018462497171756818645756779486
1133187320443737971678448997410752540550669269 238115698930283986323741447978210387431335062
1233199233812816412926683967839449233764870470 990821315077413461580666934418911121087593177
1986411796079804642178147288460551794903748810 413774171639367594426346249039485698807110659
1751305242483998399692172690563110145317772342 271825146469352004294397134539773468015859439
1293798176089999875851836966288350507670148815 443877667780553324092717550119575086029532630
1567767527759187427103580270684780350668882956 283062563403257201015758545918558022859530345
1371114273496503424293375630430245040799650144 571634766879327530941038340591613043060050058
1506275785075113909823970467317153412101221165 964773332936586397170467131699348958635962868
1660815044490502768457206223111670678133430219 641177920095615531967513225508934019565116353
2038890813968643580064327656644394564324225795 983862054488458703496336109346591665618801505
1624516152649718581226690197707613802431589034 845550124242773134613574194360587637638206041
1835760380574141874510282998897160008242364183 673182637259869420374659353237468762811539536
1802356896207054366487206027911859289562681670 713220677273110527297665596305640952334803180
1441039466296587414364972985046608605449406911 478957250391602876878357447449767881333228472
1607695889807620701430869292110629835608479988 730330025836407929456111414672313469364975357
1691165842624478945108815765023977087125479040 883767698135773941744695931810053386706511058
1626450798500754491190003319625708843393845057 1056911748467924076919146722305099148499363641
2062977781081261497333810573839329964671966118 48550705807793294651790254934713150779537688
1796266940671689078893540628165407795934799563 1050329133721539273646678321987487804764489799
2070686189495744308004210377245289019404137363 375704646225369721003393301337328431851660929
1759929644705113175791983425421929251717610611 1064118825198350412912076165362908613916650325
1478341775679762047559271638444043365578976854 136663671759512474392584150947451254380486739
1517563798214051481433894524562049117495109054 972161038692376998257254471607634445229157860
1160514950390934420257335642132008315793498457 884595693419649405093555061880857966858518589
1410319909609346437217660318439781749671063952 161006437601400305494520544924406910806154689
1694308477755961963506621797674185038119620593 135462555567366436514912539324184416429045323
1114498076449594518790825339779113238662205656 348087123014761676662948008448890211317474208
1595471035158689280817957722570876396728019654 1000425664791816813810672318752480076574716226
2137134496665085320074299111887577880271975122 1038016722833146783852723968098452293467491932
1604773109451661190796862297709056759240673729 976518831836447054503141364202827898349644952
1702660555723662189735593297213050788895189849 446162131184065428203056617434344994047004403
1648482586157464916348584569699236414500044019 257159705910572525090003685946812717190094832
1450785248160295988710431852137180454320307683 23614420763101178586800991335814681334275657
1492781202408741970703482781542261918391744687 322807503956901022598843976276432345859598590
2154321918104332539798185420491651474208844422 79683537730360572804593573637187330596220151
1292733557010407873159287543197317715602936610 371371159190986774324662829160330324103178103
1864464692696730408745008048281493924731726362 657803112257617051614297208545401860661845211
2149312883852820875438791431221791573076730222 1100768118303037609999939859723470025680893664
1116677701455903758858327352264850040990657053 604755551555738532609695660980186818455685530
1545826463127753734124540537522786091132958492 139237791301759361564905754252953305650735163
1168671548140439668428199501235935620070659067 659377555344398235737815553577673765836674256
2041540220305691205505768343368622106312301111 394772191857328169740426562691744891081774724
1306773758937594111963630660375705317209016824 869958884902540910497298141227226334825875072
1215722130680083762101197847787005184903838964 226892982800162903703250630653885462195937266
1241550039572218848554660836225308963664750885 1081213728830536902667373637819377157326217095
1311031389518753635014502914635526624073552778 371465556606968258001259895757881595512725544
1170124261603361055983408846431556668876411482 60240789315408721070502548955790065782831774
1603633009283646269506978811339795389771525219 988978151313694420128522817372108081566622993
1852149123754918503616609431440865496781932918 479313566356696122823601748707749036487079445
1909461719460809989448168961555463468186201506 650806292920886145950311783059225441512134074
1779959388510718133572466377222209505839024978 816896741618691410112543253308142507614738548
2085655379493112404476056793100029657929075884 439303816325216967865871354296533343180898657
1188300333349473041744695245715034161504653017 1063026784941190625344329001526317139250100409
1606294131672952374280583412651098663430217311 361025652429849619988962509751547577594251853
2048540769579776283776579159559560482395720017 745907303796371164565696202877804915090183602
1818914672450050173434751837914556332681155642 898794378883788524793657098901178504343388057
2154491490221455810219057302488389759595405641 71993622981114598123994598509799102959781460
1585998937854043065774558415451757243281061195 716750365708029338638172556757553151057042385
2092163207579331258734432031777089665826381060 523172622398549464835254878176627311071211469
1352642545854959082175464155524792753976030165 925727575134761007087120525516544830731532378
1857054730233043984672035713999661480528217862 112472938752968601851090854753815898832858579
1761470686214704460667161073879234638748104456 37966368252076222012435618451284949495337797
1752227131845378711627636987403635308134999429 1009019754911923138393483550990238372747082647
1281953297502246936310523443878601363694331933 235012753421534046053273303705164289645504960
1690616463814162682304588503601888446855712248 1081397957547449671566130292624290833459672798
1684677055246468170398556810940085618863322010 275282057765157782607038209109628304971055621
1824302314070077647575779140054385559487776571 669601780333998735904040063709890250229007073
1683199160363332642852315911926639568148270543 205579271873130194281283758252153525791364578
1512862414195044211549253176004398662065053072 823595797230816803987881696251864780963390339
2131310251871085075117192487594336249207726236 361224778405841127536037200922381676681742329
2120661940517383056945453264089163126336590392 282058261452044519986608238601372260354792283
1834085684185313570527579701616116709334803087 158118892681225149829380376892591554521750658
1137995825625963322944814296161213412752123093 49060176760235702054613842707215624695024519
1246337170147683280873556012018399217623307955 708773014798284624822141862410548028301097081
1521984494670600792995169651595620855062283488 328128118483982815020101933417579640851062906
1816403730274700736713193217404446276955712550 32082347643644192520149674632127166556608977
1723724097960820858307144571680081249197322273 967209420755873180064075604072512466059045778
1860457597317492908071188783282346743692598164 209994892493582082981851486786479808229362956
1218701398624232333941936528348721116960016504 487575743536161369784805054287794900563419603
1324427730938821430933211155089480211898935628 159560397715216540098052148284704849957306230
2164383798435629796120109261842636141004509101 355998630384322725803833900277599788141493127
1522274197870752147371920545080246220883594149 759167560786063434089618570532702626591348053
1353300044504473445302689934866063357811360259 970353032684008121698550172060997167283536016
1741214672875130653269366944474658410751040656 1093043924663884022871915577259718207397163231
1743428819051403137778169506241797365294536113 632835975300439833206091303673390376383684928
1466991510184910964228488339656577330648977482 278640033052307520116888454765807524897205580
1335644778446523155631736697416336525348644857 677428426767910543112528310861095000461146965
1502387503574285402237468625329276115277657266 640389780124377055017844943030273139491482856
1582879048610504517473529521716633172558520272 260143764787620292014108510734611744825863669
2059267956938274410710749434076795313871742052 678135286506874876568292189947260245787776541
2085736353842946831562740881526315092211879278 928774989546645267495603834455175996472918334
1143289919656971453642038287454809652195079357 326566476609817249962964981860571008007001063
1676831970657802952404205502087150446092699928 676908981106830136036105850955620659878148059
2033750678599129360120898831247843287962196340 810356191605695017292224658533250203633063145
1527710854510363304702977373797977725912763535 677467925364239687337336114980277663210206740
1194359305171755578371183820699356784459691909 858420681526594389489548133530807542619885824
1677147768912807939278948240605509657011235305 412867033422490190076240237223926451173250021
1289129188942330145850007696010543355920663488 940162361292516733214675171537981851187758555
1936865086347166313588770326120494510640216010 969993934839300555894412174848434369899086941
1872931204234620051310201882827814701652107316 590166874158334234749945013622385964398102799
1382875945029343112892625608336180017191893028 1079487579841750301311287833931385116092774538
1696104038647407248862462516237124841978251219 956876239282605641789891764885051729796291967
1825272080698463859084660421501680358237529961 1083018231731537584457055162251288657211261170
1288375903355130388142639294650937073902820136 555478156166146690000727276241625121034094344
1754686118568877324153820290869525475422481274 260780032739319903827312588895149916977423029
2185260875299675570397940552813810806076789727 791725269620299347394668997095988594872324494
1825347458843520345785301546058724126543098233 484595702456482299603896247060024231537465968
1528417159232103699993872802773008384473281914 358250351593805660862644162524898896708658021
1852458236195214958481826825697025079163722940 965045991901018116157176557210639380923703934
